,timestamp,site,building_type,split,weak_signal_regime,high_interpolation_regime,pv_regime,endpoint_age_seconds,horizon_steps,horizon_minutes,model,seed,origin,target_timestamp,actual,actual_raw_unscreened,target_measured,target_interpolated,target_endpoint_age_seconds,pred,lower,median,upper,raw_point,raw_lower,raw_median,raw_upper,preclip_pred,preclip_lower,preclip_median,preclip_upper,point_clip,interval_clip,qhat
0,2016-12-24 00:00:00+00:00,industrial1,industrial,test,1,0,low,58.0,1,15,IA-GTPF,11,0,2016-12-24 00:15:00+00:00,27.625,27.625,True,False,58.0,29.460883136497387,0.7322457730257829,27.3391970703711,46.62567797475356,29.460883136497387,0.7322457730257829,27.3391970703711,46.62567797475356,29.460883136497387,0.7322457730257829,27.3391970703711,46.62567797475356,False,False,0.0
1,2016-12-24 00:15:00+00:00,industrial1,industrial,test,0,0,low,58.0,1,15,IA-GTPF,11,0,2016-12-24 00:30:00+00:00,19.625,19.625,True,False,58.0,26.613115243139028,0.6220534076673172,24.38183846387998,39.93617816494387,26.613115243139028,0.6220534076673172,24.38183846387998,39.93617816494387,26.613115243139028,0.6220534076673172,24.38183846387998,39.93617816494387,False,False,0.0
2,2016-12-24 00:30:00+00:00,industrial1,industrial,test,0,0,low,58.0,1,15,IA-GTPF,11,0,2016-12-24 00:45:00+00:00,16.375,16.375,True,False,58.0,22.756242188625343,0.7322457730257829,23.72630232965037,30.34966091872529,22.756242188625343,0.7322457730257829,23.72630232965037,30.34966091872529,22.756242188625343,0.7322457730257829,23.72630232965037,30.34966091872529,False,False,0.0
3,2016-12-24 00:45:00+00:00,industrial1,industrial,test,1,0,low,58.0,1,15,IA-GTPF,11,0,2016-12-24 01:00:00+00:00,25.5,25.5,True,False,58.0,20.471499825360116,0.7322457730257829,20.07542124000316,28.6091865622955,20.471499825360116,0.7322457730257829,20.07542124000316,28.6091865622955,20.471499825360116,0.7322457730257829,20.07542124000316,28.6091865622955,False,False,0.0
4,2016-12-24 01:00:00+00:00,industrial1,industrial,test,0,0,low,58.0,1,15,IA-GTPF,11,0,2016-12-24 01:15:00+00:00,23.5,23.5,True,False,58.0,22.96561316932991,0.9517603499351197,23.0690011062966,35.49004600645215,22.96561316932991,0.9517603499351197,23.0690011062966,35.49004600645215,22.96561316932991,0.9517603499351197,23.0690011062966,35.49004600645215,False,False,0.0
5,2016-12-24 01:15:00+00:00,industrial1,industrial,test,1,0,low,58.0,1,15,IA-GTPF,11,0,2016-12-24 01:30:00+00:00,17.625,17.625,True,False,58.0,22.64699018076024,0.798614936930823,22.453906384523535,35.61997694546408,22.64699018076024,0.798614936930823,22.453906384523535,35.61997694546408,22.64699018076024,0.798614936930823,22.453906384523535,35.61997694546408,False,False,0.0
6,2016-12-24 01:30:00+00:00,industrial1,industrial,test,0,0,low,58.0,1,15,IA-GTPF,11,0,2016-12-24 01:45:00+00:00,16.25,16.25,True,False,58.0,19.007361409080463,0.798614936930823,17.277446855744287,27.576826800744296,19.007361409080463,0.798614936930823,17.277446855744287,27.576826800744296,19.007361409080463,0.798614936930823,17.277446855744287,27.576826800744296,False,False,0.0
7,2016-12-24 01:45:00+00:00,industrial1,industrial,test,1,0,low,58.0,1,15,IA-GTPF,11,0,2016-12-24 02:00:00+00:00,19.625,19.625,True,False,58.0,18.467008084833967,0.798614936930823,17.083610737790934,30.33845325535462,18.467008084833967,0.798614936930823,17.083610737790934,30.33845325535462,18.467008084833967,0.798614936930823,17.083610737790934,30.33845325535462,False,False,0.0
8,2016-12-24 02:00:00+00:00,industrial1,industrial,test,1,0,low,58.0,1,15,IA-GTPF,11,0,2016-12-24 02:15:00+00:00,16.625,16.625,True,False,58.0,19.84491992708114,0.7494545095226697,19.399422883916642,32.65618807211423,19.84491992708114,0.7494545095226697,19.399422883916642,32.65618807211423,19.84491992708114,0.7494545095226697,19.399422883916642,32.65618807211423,False,False,0.0
9,2016-12-24 02:15:00+00:00,industrial1,industrial,test,1,0,low,58.0,1,15,IA-GTPF,11,0,2016-12-24 02:30:00+00:00,15.125,15.125,True,False,58.0,18.177893648645753,0.798614936930823,17.20509427270618,27.036799339349745,18.177893648645753,0.798614936930823,17.20509427270618,27.036799339349745,18.177893648645753,0.798614936930823,17.20509427270618,27.036799339349745,False,False,0.0
10,2016-12-24 02:30:00+00:00,industrial1,industrial,test,1,0,low,58.0,1,15,IA-GTPF,11,0,2016-12-24 02:45:00+00:00,16.0,16.0,True,False,58.0,17.238844731659796,0.798614936930823,17.390656760543436,24.446044546823114,17.238844731659796,0.798614936930823,17.390656760543436,24.446044546823114,17.238844731659796,0.798614936930823,17.390656760543436,24.446044546823114,False,False,0.0
11,2016-12-24 02:45:00+00:00,industrial1,industrial,test,1,0,low,58.0,1,15,IA-GTPF,11,0,2016-12-24 03:00:00+00:00,18.125,18.125,True,False,58.0,17.047476943690384,0.798614936930823,17.21475144749826,24.580892694618537,17.047476943690384,0.798614936930823,17.21475144749826,24.580892694618537,17.047476943690384,0.798614936930823,17.21475144749826,24.580892694618537,False,False,0.0
12,2016-12-24 03:00:00+00:00,industrial1,industrial,test,1,0,low,58.0,1,15,IA-GTPF,11,0,2016-12-24 03:15:00+00:00,19.125,19.125,True,False,58.0,17.25188218328561,0.798614936930823,16.937373808820052,24.594101632966787,17.25188218328561,0.798614936930823,16.937373808820052,24.594101632966787,17.25188218328561,0.798614936930823,16.937373808820052,24.594101632966787,False,False,0.0
13,2016-12-24 03:15:00+00:00,industrial1,industrial,test,1,0,low,58.0,1,15,IA-GTPF,11,0,2016-12-24 03:30:00+00:00,20.0,20.0,True,False,58.0,17.583071450473863,0.798614936930823,16.954899005068864,24.499177389547402,17.583071450473863,0.798614936930823,16.954899005068864,24.499177389547402,17.583071450473863,0.798614936930823,16.954899005068864,24.499177389547402,False,False,0.0
14,2016-12-24 03:30:00+00:00,industrial1,industrial,test,1,0,low,58.0,1,15,IA-GTPF,11,0,2016-12-24 03:45:00+00:00,14.375,14.375,True,False,58.0,18.972274191835545,0.798614936930823,19.074459929587174,27.678172323824175,18.972274191835545,0.798614936930823,19.074459929587174,27.678172323824175,18.972274191835545,0.798614936930823,19.074459929587174,27.678172323824175,False,False,0.0
15,2016-12-24 03:45:00+00:00,industrial1,industrial,test,0,0,low,58.0,1,15,IA-GTPF,11,0,2016-12-24 04:00:00+00:00,21.625,21.625,True,False,58.0,16.77358167000238,0.798614936930823,16.997337264702594,27.03190412139069,16.77358167000238,0.798614936930823,16.997337264702594,27.03190412139069,16.77358167000238,0.798614936930823,16.997337264702594,27.03190412139069,False,False,0.0
16,2016-12-24 04:00:00+00:00,industrial1,industrial,test,0,0,low,58.0,1,15,IA-GTPF,11,0,2016-12-24 04:15:00+00:00,15.25,15.25,True,False,58.0,18.977269149307702,0.9517603499351197,19.093931344762147,29.592420883341152,18.977269149307702,0.9517603499351197,19.093931344762147,29.592420883341152,18.977269149307702,0.9517603499351197,19.093931344762147,29.592420883341152,False,False,0.0
17,2016-12-24 04:15:00+00:00,industrial1,industrial,test,0,0,low,58.0,1,15,IA-GTPF,11,0,2016-12-24 04:30:00+00:00,16.125,16.125,True,False,58.0,17.32958845914479,0.798614936930823,16.95544082180046,26.80100550626219,17.32958845914479,0.798614936930823,16.95544082180046,26.80100550626219,17.32958845914479,0.798614936930823,16.95544082180046,26.80100550626219,False,False,0.0
18,2016-12-24 04:30:00+00:00,industrial1,industrial,test,1,0,low,58.0,1,15,IA-GTPF,11,0,2016-12-24 04:45:00+00:00,15.375,15.375,True,False,58.0,17.397971950952137,0.798614936930823,16.89743037666902,26.766767581188205,17.397971950952137,0.798614936930823,16.89743037666902,26.766767581188205,17.397971950952137,0.798614936930823,16.89743037666902,26.766767581188205,False,False,0.0
19,2016-12-24 04:45:00+00:00,industrial1,industrial,test,1,0,low,58.0,1,15,IA-GTPF,11,0,2016-12-24 05:00:00+00:00,16.25,16.25,True,False,58.0,17.563374058699004,0.798614936930823,17.337985653534254,26.672603530563602,17.563374058699004,0.798614936930823,17.337985653534254,26.672603530563602,17.563374058699004,0.798614936930823,17.337985653534254,26.672603530563602,False,False,0.0
20,2016-12-24 05:00:00+00:00,industrial1,industrial,test,1,0,low,58.0,1,15,IA-GTPF,11,0,2016-12-24 05:15:00+00:00,15.875,15.875,True,False,58.0,17.125030564299717,0.798614936930823,16.473704283881403,23.613157281137056,17.125030564299717,0.798614936930823,16.473704283881403,23.613157281137056,17.125030564299717,0.798614936930823,16.473704283881403,23.613157281137056,False,False,0.0
21,2016-12-24 05:15:00+00:00,industrial1,industrial,test,1,0,low,58.0,1,15,IA-GTPF,11,0,2016-12-24 05:30:00+00:00,18.875,18.875,True,False,58.0,17.256051922983378,0.798614936930823,16.54602115069767,23.664040057403124,17.256051922983378,0.798614936930823,16.54602115069767,23.664040057403124,17.256051922983378,0.798614936930823,16.54602115069767,23.664040057403124,False,False,0.0
22,2016-12-24 05:30:00+00:00,industrial1,industrial,test,1,0,low,58.0,1,15,IA-GTPF,11,0,2016-12-24 05:45:00+00:00,21.5,21.5,True,False,58.0,18.353653397955487,0.7494545095226697,17.148065823841293,24.937774033419274,18.353653397955487,0.7494545095226697,17.148065823841293,24.937774033419274,18.353653397955487,0.7494545095226697,17.148065823841293,24.937774033419274,False,False,0.0
23,2016-12-24 05:45:00+00:00,industrial1,industrial,test,1,0,low,58.0,1,15,IA-GTPF,11,0,2016-12-24 06:00:00+00:00,27.875,27.875,True,False,58.0,20.403133237186132,0.7494545095226697,19.52878769334413,31.85405632347147,20.403133237186132,0.7494545095226697,19.52878769334413,31.85405632347147,20.403133237186132,0.7494545095226697,19.52878769334413,31.85405632347147,False,False,0.0
24,2016-12-24 06:00:00+00:00,industrial1,industrial,test,0,0,low,58.0,1,15,IA-GTPF,11,0,2016-12-24 06:15:00+00:00,32.875,32.875,True,False,58.0,23.385551219675516,0.7853734840614577,22.243790247821025,40.144397355546424,23.385551219675516,0.7853734840614577,22.243790247821025,40.144397355546424,23.385551219675516,0.7853734840614577,22.243790247821025,40.144397355546424,False,False,0.0
25,2016-12-24 06:15:00+00:00,industrial1,industrial,test,0,0,low,58.0,1,15,IA-GTPF,11,0,2016-12-24 06:30:00+00:00,36.375,36.375,True,False,58.0,24.533860489952538,0.7853734840614577,23.432483723722083,38.82677050422618,24.533860489952538,0.7853734840614577,23.432483723722083,38.82677050422618,24.533860489952538,0.7853734840614577,23.432483723722083,38.82677050422618,False,False,0.0
26,2016-12-24 06:30:00+00:00,industrial1,industrial,test,1,0,low,58.0,1,15,IA-GTPF,11,0,2016-12-24 06:45:00+00:00,20.25,20.25,True,False,58.0,27.684563854015575,0.7995417574572714,25.48077316660181,45.72951066062421,27.684563854015575,0.7995417574572714,25.48077316660181,45.72951066062421,27.684563854015575,0.7995417574572714,25.48077316660181,45.72951066062421,False,False,0.0
27,2016-12-24 06:45:00+00:00,industrial1,industrial,test,0,0,low,58.0,1,15,IA-GTPF,11,0,2016-12-24 07:00:00+00:00,26.875,26.875,True,False,58.0,22.29316765082367,0.714653704392695,21.68686855359036,30.384060058250245,22.29316765082367,0.714653704392695,21.68686855359036,30.384060058250245,22.29316765082367,0.714653704392695,21.68686855359036,30.384060058250245,False,False,0.0
28,2016-12-24 07:00:00+00:00,industrial1,industrial,test,0,0,low,58.0,1,15,IA-GTPF,11,0,2016-12-24 07:15:00+00:00,22.25,22.25,True,False,58.0,25.556348236904455,0.7853734840614577,23.898622945965695,39.26807947609504,25.556348236904455,0.7853734840614577,23.898622945965695,39.26807947609504,25.556348236904455,0.7853734840614577,23.898622945965695,39.26807947609504,False,False,0.0
29,2016-12-24 07:15:00+00:00,industrial1,industrial,test,0,0,low,58.0,1,15,IA-GTPF,11,0,2016-12-24 07:30:00+00:00,18.5,18.5,True,False,58.0,23.6973317740585,0.7995417574572714,23.344136591091868,31.246080216146584,23.6973317740585,0.7995417574572714,23.344136591091868,31.246080216146584,23.6973317740585,0.7995417574572714,23.344136591091868,31.246080216146584,False,False,0.0
30,2016-12-24 07:30:00+00:00,industrial1,industrial,test,1,0,low,58.0,1,15,IA-GTPF,11,0,2016-12-24 07:45:00+00:00,18.75,18.75,True,False,58.0,20.947076293430573,0.7995417574572714,19.51145492007156,28.963527312697703,20.947076293430573,0.7995417574572714,19.51145492007156,28.963527312697703,20.947076293430573,0.7995417574572714,19.51145492007156,28.963527312697703,False,False,0.0
31,2016-12-24 07:45:00+00:00,industrial1,industrial,test,1,0,low,58.0,1,15,IA-GTPF,11,0,2016-12-24 08:00:00+00:00,16.75,16.75,True,False,58.0,21.161736215366467,0.7995417574572714,19.17418541935198,28.59195331529141,21.161736215366467,0.7995417574572714,19.17418541935198,28.59195331529141,21.161736215366467,0.7995417574572714,19.17418541935198,28.59195331529141,False,False,0.0
32,2016-12-24 08:00:00+00:00,industrial1,industrial,test,1,0,medium,58.0,1,15,IA-GTPF,11,0,2016-12-24 08:15:00+00:00,17.875,17.875,True,False,58.0,20.39712894323827,0.7995417574572714,18.758118917470263,30.68308084747842,20.39712894323827,0.7995417574572714,18.758118917470263,30.68308084747842,20.39712894323827,0.7995417574572714,18.758118917470263,30.68308084747842,False,False,0.0
33,2016-12-24 08:15:00+00:00,industrial1,industrial,test,1,0,medium,58.0,1,15,IA-GTPF,11,0,2016-12-24 08:30:00+00:00,18.75,18.75,True,False,58.0,19.95944982660326,0.7995417574572714,18.28435892214616,29.710892419936304,19.95944982660326,0.7995417574572714,18.28435892214616,29.710892419936304,19.95944982660326,0.7995417574572714,18.28435892214616,29.710892419936304,False,False,0.0
34,2016-12-24 08:30:00+00:00,industrial1,industrial,test,1,0,medium,58.0,1,15,IA-GTPF,11,0,2016-12-24 08:45:00+00:00,19.625,19.625,True,False,58.0,19.9059425669053,0.7995417574572714,18.182593616084645,29.237641735735135,19.9059425669053,0.7995417574572714,18.182593616084645,29.237641735735135,19.9059425669053,0.7995417574572714,18.182593616084645,29.237641735735135,False,False,0.0
35,2016-12-24 08:45:00+00:00,industrial1,industrial,test,1,0,medium,58.0,1,15,IA-GTPF,11,0,2016-12-24 09:00:00+00:00,21.75,21.75,True,False,58.0,21.395778567809113,0.7995417574572714,20.538239644844488,29.36117623862918,21.395778567809113,0.7995417574572714,20.538239644844488,29.36117623862918,21.395778567809113,0.7995417574572714,20.538239644844488,29.36117623862918,False,False,0.0
36,2016-12-24 09:00:00+00:00,industrial1,industrial,test,1,0,medium,58.0,1,15,IA-GTPF,11,0,2016-12-24 09:15:00+00:00,20.375,20.375,True,False,58.0,21.726805439512788,0.7995417574572714,20.66052101943793,30.880349382569225,21.726805439512788,0.7995417574572714,20.66052101943793,30.880349382569225,21.726805439512788,0.7995417574572714,20.66052101943793,30.880349382569225,False,False,0.0
37,2016-12-24 09:15:00+00:00,industrial1,industrial,test,1,0,medium,58.0,1,15,IA-GTPF,11,0,2016-12-24 09:30:00+00:00,21.125,21.125,True,False,58.0,21.845249704009532,0.7995417574572714,20.492962935301207,30.42647551979906,21.845249704009532,0.7995417574572714,20.492962935301207,30.42647551979906,21.845249704009532,0.7995417574572714,20.492962935301207,30.42647551979906,False,False,0.0
38,2016-12-24 09:30:00+00:00,industrial1,industrial,test,1,0,medium,58.0,1,15,IA-GTPF,11,0,2016-12-24 09:45:00+00:00,24.375,24.375,True,False,58.0,22.9440156714638,0.7995417574572714,22.34273710052714,29.166269620464597,22.9440156714638,0.7995417574572714,22.34273710052714,29.166269620464597,22.9440156714638,0.7995417574572714,22.34273710052714,29.166269620464597,False,False,0.0
39,2016-12-24 09:45:00+00:00,industrial1,industrial,test,1,0,medium,58.0,1,15,IA-GTPF,11,0,2016-12-24 10:00:00+00:00,21.375,21.375,True,False,58.0,25.717375782542163,0.7995417574572714,23.844865772169772,38.98432491202602,25.717375782542163,0.7995417574572714,23.844865772169772,38.98432491202602,25.717375782542163,0.7995417574572714,23.844865772169772,38.98432491202602,False,False,0.0
40,2016-12-24 10:00:00+00:00,industrial1,industrial,test,1,0,medium,58.0,1,15,IA-GTPF,11,0,2016-12-24 10:15:00+00:00,17.98002219755827,17.98002219755827,True,False,57.0,24.164758446395282,0.7995417574572714,22.417354369068164,30.019476699077803,24.164758446395282,0.7995417574572714,22.417354369068164,30.019476699077803,24.164758446395282,0.7995417574572714,22.417354369068164,30.019476699077803,False,False,0.0
41,2016-12-24 10:15:00+00:00,industrial1,industrial,test,1,0,medium,57.0,1,15,IA-GTPF,11,0,2016-12-24 10:30:00+00:00,14.5,14.5,True,False,57.0,21.883233280371638,0.7995417574572714,19.779218055292436,29.503414481569976,21.883233280371638,0.7995417574572714,19.779218055292436,29.503414481569976,21.883233280371638,0.7995417574572714,19.779218055292436,29.503414481569976,False,False,0.0
42,2016-12-24 10:30:00+00:00,industrial1,industrial,test,1,0,medium,57.0,1,15,IA-GTPF,11,0,2016-12-24 10:45:00+00:00,14.125,14.125,True,False,57.0,18.70621641302174,0.7995417574572714,18.710119792496027,28.60717549302619,18.70621641302174,0.7995417574572714,18.710119792496027,28.60717549302619,18.70621641302174,0.7995417574572714,18.710119792496027,28.60717549302619,False,False,0.0
43,2016-12-24 10:45:00+00:00,industrial1,industrial,test,1,0,medium,57.0,1,15,IA-GTPF,11,0,2016-12-24 11:00:00+00:00,12.25,12.25,True,False,57.0,18.290395457743262,0.7995417574572714,18.93267133052621,27.670763209454986,18.290395457743262,0.7995417574572714,18.93267133052621,27.670763209454986,18.290395457743262,0.7995417574572714,18.93267133052621,27.670763209454986,False,False,0.0
44,2016-12-24 11:00:00+00:00,industrial1,industrial,test,1,0,medium,57.0,1,15,IA-GTPF,11,0,2016-12-24 11:15:00+00:00,14.25,14.25,True,False,57.0,17.547311733094485,0.7995417574572714,17.512063106663863,25.1366790668738,17.547311733094485,0.7995417574572714,17.512063106663863,25.1366790668738,17.547311733094485,0.7995417574572714,17.512063106663863,25.1366790668738,False,False,0.0
45,2016-12-24 11:15:00+00:00,industrial1,industrial,test,1,0,medium,57.0,1,15,IA-GTPF,11,0,2016-12-24 11:30:00+00:00,11.75,11.75,True,False,57.0,16.57622027144138,0.7995417574572714,14.776920820505676,26.66433175372048,16.57622027144138,0.7995417574572714,14.776920820505676,26.66433175372048,16.57622027144138,0.7995417574572714,14.776920820505676,26.66433175372048,False,False,0.0
46,2016-12-24 11:30:00+00:00,industrial1,industrial,test,1,0,medium,57.0,1,15,IA-GTPF,11,0,2016-12-24 11:45:00+00:00,12.25,12.25,True,False,57.0,16.063861692077207,0.7995417574572714,13.71312664225381,22.523796451220413,16.063861692077207,0.7995417574572714,13.71312664225381,22.523796451220413,16.063861692077207,0.7995417574572714,13.71312664225381,22.523796451220413,False,False,0.0
47,2016-12-24 11:45:00+00:00,industrial1,industrial,test,1,0,medium,57.0,1,15,IA-GTPF,11,0,2016-12-24 12:00:00+00:00,14.5,14.5,True,False,57.0,15.797365291148488,0.7995417574572714,13.808611112694448,20.883570515221862,15.797365291148488,0.7995417574572714,13.808611112694448,20.883570515221862,15.797365291148488,0.7995417574572714,13.808611112694448,20.883570515221862,False,False,0.0
48,2016-12-24 12:00:00+00:00,industrial1,industrial,test,1,0,medium,57.0,1,15,IA-GTPF,11,0,2016-12-24 12:15:00+00:00,11.0,11.0,True,False,57.0,16.83574230061947,0.7995417574572714,15.006187138290237,25.570005136540754,16.83574230061947,0.7995417574572714,15.006187138290237,25.570005136540754,16.83574230061947,0.7995417574572714,15.006187138290237,25.570005136540754,False,False,0.0
49,2016-12-24 12:15:00+00:00,industrial1,industrial,test,1,0,medium,57.0,1,15,IA-GTPF,11,0,2016-12-24 12:30:00+00:00,7.0,7.0,True,False,57.0,14.45325400765582,0.7995417574572714,11.493307538263736,21.649348034367765,14.45325400765582,0.7995417574572714,11.493307538263736,21.649348034367765,14.45325400765582,0.7995417574572714,11.493307538263736,21.649348034367765,False,False,0.0
50,2016-12-24 12:30:00+00:00,industrial1,industrial,test,0,0,medium,57.0,1,15,IA-GTPF,11,0,2016-12-24 12:45:00+00:00,8.625,8.625,True,False,57.0,11.423557832580919,0.7995417574572714,12.364264248619227,17.798122572586824,11.423557832580919,0.7995417574572714,12.364264248619227,17.798122572586824,11.423557832580919,0.7995417574572714,12.364264248619227,17.798122572586824,False,False,0.0
51,2016-12-24 12:45:00+00:00,industrial1,industrial,test,1,0,medium,57.0,1,15,IA-GTPF,11,0,2016-12-24 13:00:00+00:00,16.375,16.375,True,False,57.0,11.860081082868446,0.7995417574572714,11.040268755303842,19.214737187398526,11.860081082868446,0.7995417574572714,11.040268755303842,19.214737187398526,11.860081082868446,0.7995417574572714,11.040268755303842,19.214737187398526,False,False,0.0
52,2016-12-24 13:00:00+00:00,industrial1,industrial,test,0,0,medium,57.0,1,15,IA-GTPF,11,0,2016-12-24 13:15:00+00:00,12.0,12.0,True,False,57.0,14.321178103745213,0.6512325278390321,12.382833616400523,27.236391207906614,14.321178103745213,0.6512325278390321,12.382833616400523,27.236391207906614,14.321178103745213,0.6512325278390321,12.382833616400523,27.236391207906614,False,False,0.0
53,2016-12-24 13:15:00+00:00,industrial1,industrial,test,0,0,medium,57.0,1,15,IA-GTPF,11,0,2016-12-24 13:30:00+00:00,6.5,6.5,True,False,57.0,12.346564045154773,0.7995417574572714,10.242899298213668,19.58737213059569,12.346564045154773,0.7995417574572714,10.242899298213668,19.58737213059569,12.346564045154773,0.7995417574572714,10.242899298213668,19.58737213059569,False,False,0.0
54,2016-12-24 13:30:00+00:00,industrial1,industrial,test,0,0,medium,57.0,1,15,IA-GTPF,11,0,2016-12-24 13:45:00+00:00,6.375,6.375,True,False,57.0,10.549611871712992,0.7995417574572714,10.241675805708626,17.982756065107104,10.549611871712992,0.7995417574572714,10.241675805708626,17.982756065107104,10.549611871712992,0.7995417574572714,10.241675805708626,17.982756065107104,False,False,0.0
55,2016-12-24 13:45:00+00:00,industrial1,industrial,test,1,0,medium,57.0,1,15,IA-GTPF,11,0,2016-12-24 14:00:00+00:00,6.125,6.125,True,False,57.0,10.492459171218893,0.7995417574572714,10.371293154353996,19.23278920469488,10.492459171218893,0.7995417574572714,10.371293154353996,19.23278920469488,10.492459171218893,0.7995417574572714,10.371293154353996,19.23278920469488,False,False,0.0
56,2016-12-24 14:00:00+00:00,industrial1,industrial,test,1,0,medium,57.0,1,15,IA-GTPF,11,0,2016-12-24 14:15:00+00:00,5.5,5.5,True,False,57.0,9.856633098899966,0.7995417574572714,9.745467433556227,21.74906801035208,9.856633098899966,0.7995417574572714,9.745467433556227,21.74906801035208,9.856633098899966,0.7995417574572714,9.745467433556227,21.74906801035208,False,False,0.0
57,2016-12-24 14:15:00+00:00,industrial1,industrial,test,1,0,medium,57.0,1,15,IA-GTPF,11,0,2016-12-24 14:30:00+00:00,7.375,7.375,True,False,57.0,8.911553823697673,0.7995417574572714,8.947369459896118,17.760167950255997,8.911553823697673,0.7995417574572714,8.947369459896118,17.760167950255997,8.911553823697673,0.7995417574572714,8.947369459896118,17.760167950255997,False,False,0.0
58,2016-12-24 14:30:00+00:00,industrial1,industrial,test,1,0,medium,57.0,1,15,IA-GTPF,11,0,2016-12-24 14:45:00+00:00,6.75,6.75,True,False,57.0,9.644721013578096,0.7995417574572714,9.046378424350499,18.160452523100982,9.644721013578096,0.7995417574572714,9.046378424350499,18.160452523100982,9.644721013578096,0.7995417574572714,9.046378424350499,18.160452523100982,False,False,0.0
59,2016-12-24 14:45:00+00:00,industrial1,industrial,test,1,0,low,57.0,1,15,IA-GTPF,11,0,2016-12-24 15:00:00+00:00,8.125,8.125,True,False,57.0,8.875054705006546,0.7995417574572714,8.913952500064156,18.205191506307266,8.875054705006546,0.7995417574572714,8.913952500064156,18.205191506307266,8.875054705006546,0.7995417574572714,8.913952500064156,18.205191506307266,False,False,0.0
60,2016-12-24 15:00:00+00:00,industrial1,industrial,test,1,0,low,57.0,1,15,IA-GTPF,11,0,2016-12-24 15:15:00+00:00,10.5,10.5,True,False,57.0,9.527090412714086,0.7995417574572714,9.153839074887511,18.298558697703378,9.527090412714086,0.7995417574572714,9.153839074887511,18.298558697703378,9.527090412714086,0.7995417574572714,9.153839074887511,18.298558697703378,False,False,0.0
61,2016-12-24 15:15:00+00:00,industrial1,industrial,test,1,0,low,57.0,1,15,IA-GTPF,11,0,2016-12-24 15:30:00+00:00,8.75,8.75,True,False,57.0,10.653454572063215,0.7995417574572714,9.197041835657483,18.50989738075981,10.653454572063215,0.7995417574572714,9.197041835657483,18.50989738075981,10.653454572063215,0.7995417574572714,9.197041835657483,18.50989738075981,False,False,0.0
62,2016-12-24 15:30:00+00:00,industrial1,industrial,test,1,0,low,57.0,1,15,IA-GTPF,11,0,2016-12-24 15:45:00+00:00,6.375,6.375,True,False,57.0,10.019859928546364,0.7995417574572714,9.010219229723809,18.123214031599822,10.019859928546364,0.7995417574572714,9.010219229723809,18.123214031599822,10.019859928546364,0.7995417574572714,9.010219229723809,18.123214031599822,False,False,0.0
63,2016-12-24 15:45:00+00:00,industrial1,industrial,test,1,0,low,57.0,1,15,IA-GTPF,11,0,2016-12-24 16:00:00+00:00,8.0,8.0,True,False,57.0,8.980399199187927,0.7995417574572714,8.999667799684499,17.928182904328683,8.980399199187927,0.7995417574572714,8.999667799684499,17.928182904328683,8.980399199187927,0.7995417574572714,8.999667799684499,17.928182904328683,False,False,0.0
64,2016-12-24 16:00:00+00:00,industrial1,industrial,test,1,0,low,57.0,1,15,IA-GTPF,11,0,2016-12-24 16:15:00+00:00,6.375,6.375,True,False,57.0,9.590131640865776,0.7995417574572714,9.151126955982068,17.75915235485611,9.590131640865776,0.7995417574572714,9.151126955982068,17.75915235485611,9.590131640865776,0.7995417574572714,9.151126955982068,17.75915235485611,False,False,0.0
65,2016-12-24 16:15:00+00:00,industrial1,industrial,test,1,0,low,57.0,1,15,IA-GTPF,11,0,2016-12-24 16:30:00+00:00,5.5,5.5,True,False,57.0,8.832749171007597,0.7995417574572714,9.005293781158208,17.642673348474446,8.832749171007597,0.7995417574572714,9.005293781158208,17.642673348474446,8.832749171007597,0.7995417574572714,9.005293781158208,17.642673348474446,False,False,0.0
66,2016-12-24 16:30:00+00:00,industrial1,industrial,test,1,0,low,57.0,1,15,IA-GTPF,11,0,2016-12-24 16:45:00+00:00,5.875,5.875,True,False,57.0,8.774279447607888,0.7995417574572714,9.08848506969559,16.967411782433587,8.774279447607888,0.7995417574572714,9.08848506969559,16.967411782433587,8.774279447607888,0.7995417574572714,9.08848506969559,16.967411782433587,False,False,0.0
67,2016-12-24 16:45:00+00:00,industrial1,industrial,test,1,0,low,57.0,1,15,IA-GTPF,11,0,2016-12-24 17:00:00+00:00,6.25,6.25,True,False,57.0,8.831943680234282,0.7995417574572714,9.063254914751708,16.90831715793449,8.831943680234282,0.7995417574572714,9.063254914751708,16.90831715793449,8.831943680234282,0.7995417574572714,9.063254914751708,16.90831715793449,False,False,0.0
68,2016-12-24 17:00:00+00:00,industrial1,industrial,test,1,0,low,57.0,1,15,IA-GTPF,11,0,2016-12-24 17:15:00+00:00,8.75,8.75,True,False,57.0,8.708509276994327,0.7995417574572714,8.98838033581871,15.897568947596296,8.708509276994327,0.7995417574572714,8.98838033581871,15.897568947596296,8.708509276994327,0.7995417574572714,8.98838033581871,15.897568947596296,False,False,0.0
69,2016-12-24 17:15:00+00:00,industrial1,industrial,test,1,0,low,57.0,1,15,IA-GTPF,11,0,2016-12-24 17:30:00+00:00,7.875,7.875,True,False,57.0,9.929358036969333,0.7995417574572714,9.160440528996247,16.068341148057804,9.929358036969333,0.7995417574572714,9.160440528996247,16.068341148057804,9.929358036969333,0.7995417574572714,9.160440528996247,16.068341148057804,False,False,0.0
70,2016-12-24 17:30:00+00:00,industrial1,industrial,test,1,0,low,57.0,1,15,IA-GTPF,11,0,2016-12-24 17:45:00+00:00,12.625,12.625,True,False,57.0,9.710541707118445,0.7995417574572714,9.148378212640466,16.91750408916905,9.710541707118445,0.7995417574572714,9.148378212640466,16.91750408916905,9.710541707118445,0.7995417574572714,9.148378212640466,16.91750408916905,False,False,0.0
71,2016-12-24 17:45:00+00:00,industrial1,industrial,test,0,0,low,57.0,1,15,IA-GTPF,11,0,2016-12-24 18:00:00+00:00,19.0,19.0,True,False,57.0,11.023539168367,0.6745942685488319,9.169191600189869,18.92649777033871,11.023539168367,0.6745942685488319,9.169191600189869,18.92649777033871,11.023539168367,0.6745942685488319,9.169191600189869,18.92649777033871,False,False,0.0
72,2016-12-24 18:00:00+00:00,industrial1,industrial,test,0,0,low,57.0,1,15,IA-GTPF,11,0,2016-12-24 18:15:00+00:00,13.75,13.75,True,False,57.0,12.404830885089817,0.6745942685488319,10.092230781994022,24.660737361974725,12.404830885089817,0.6745942685488319,10.092230781994022,24.660737361974725,12.404830885089817,0.6745942685488319,10.092230781994022,24.660737361974725,False,False,0.0
73,2016-12-24 18:15:00+00:00,industrial1,industrial,test,0,0,low,57.0,1,15,IA-GTPF,11,0,2016-12-24 18:30:00+00:00,5.75,5.75,True,False,57.0,12.07351361017641,0.7995417574572714,10.077310091640715,22.22907926505465,12.07351361017641,0.7995417574572714,10.077310091640715,22.22907926505465,12.07351361017641,0.7995417574572714,10.077310091640715,22.22907926505465,False,False,0.0
74,2016-12-24 18:30:00+00:00,industrial1,industrial,test,0,0,low,57.0,1,15,IA-GTPF,11,0,2016-12-24 18:45:00+00:00,6.625,6.625,True,False,57.0,9.799878504477812,0.7995417574572714,9.7099568508575,19.310417658561885,9.799878504477812,0.7995417574572714,9.7099568508575,19.310417658561885,9.799878504477812,0.7995417574572714,9.7099568508575,19.310417658561885,False,False,0.0
75,2016-12-24 18:45:00+00:00,industrial1,industrial,test,1,0,low,57.0,1,15,IA-GTPF,11,0,2016-12-24 19:00:00+00:00,14.875,14.875,True,False,57.0,9.763775835427989,0.7995417574572714,9.82742942744075,18.183894421375207,9.763775835427989,0.7995417574572714,9.82742942744075,18.183894421375207,9.763775835427989,0.7995417574572714,9.82742942744075,18.183894421375207,False,False,0.0
76,2016-12-24 19:00:00+00:00,industrial1,industrial,test,0,0,low,57.0,1,15,IA-GTPF,11,0,2016-12-24 19:15:00+00:00,12.125,12.125,True,False,57.0,11.288123017051436,0.6745942685488319,9.535089890040412,25.245147780374047,11.288123017051436,0.6745942685488319,9.535089890040412,25.245147780374047,11.288123017051436,0.6745942685488319,9.535089890040412,25.245147780374047,False,False,0.0
77,2016-12-24 19:15:00+00:00,industrial1,industrial,test,1,0,low,57.0,1,15,IA-GTPF,11,0,2016-12-24 19:30:00+00:00,6.5,6.5,True,False,57.0,10.894662065788864,0.7995417574572714,9.241979505325384,20.341723566463276,10.894662065788864,0.7995417574572714,9.241979505325384,20.341723566463276,10.894662065788864,0.7995417574572714,9.241979505325384,20.341723566463276,False,False,0.0
78,2016-12-24 19:30:00+00:00,industrial1,industrial,test,0,0,low,57.0,1,15,IA-GTPF,11,0,2016-12-24 19:45:00+00:00,7.875,7.875,True,False,57.0,9.076809690262355,0.7995417574572714,9.050319415950478,16.716628406316968,9.076809690262355,0.7995417574572714,9.050319415950478,16.716628406316968,9.076809690262355,0.7995417574572714,9.050319415950478,16.716628406316968,False,False,0.0
79,2016-12-24 19:45:00+00:00,industrial1,industrial,test,1,0,low,57.0,1,15,IA-GTPF,11,0,2016-12-24 20:00:00+00:00,6.0,6.0,True,False,57.0,9.621562573700691,0.7995417574572714,9.264591152172065,16.584382541254616,9.621562573700691,0.7995417574572714,9.264591152172065,16.584382541254616,9.621562573700691,0.7995417574572714,9.264591152172065,16.584382541254616,False,False,0.0
80,2016-12-24 20:00:00+00:00,industrial1,industrial,test,1,0,low,57.0,1,15,IA-GTPF,11,0,2016-12-24 20:15:00+00:00,6.375,6.375,True,False,57.0,8.92347257151164,0.7995417574572714,9.242795017434041,18.520838942704962,8.92347257151164,0.7995417574572714,9.242795017434041,18.520838942704962,8.92347257151164,0.7995417574572714,9.242795017434041,18.520838942704962,False,False,0.0
81,2016-12-24 20:15:00+00:00,industrial1,industrial,test,1,0,low,57.0,1,15,IA-GTPF,11,0,2016-12-24 20:30:00+00:00,6.5,6.5,True,False,57.0,8.618413652058837,0.7995417574572714,8.926993999426744,14.773699264618038,8.618413652058837,0.7995417574572714,8.926993999426744,14.773699264618038,8.618413652058837,0.7995417574572714,8.926993999426744,14.773699264618038,False,False,0.0
82,2016-12-24 20:30:00+00:00,industrial1,industrial,test,1,0,low,57.0,1,15,IA-GTPF,11,0,2016-12-24 20:45:00+00:00,6.75,6.75,True,False,57.0,8.702390336913208,0.7995417574572714,8.975725776429021,14.86669868952027,8.702390336913208,0.7995417574572714,8.975725776429021,14.86669868952027,8.702390336913208,0.7995417574572714,8.975725776429021,14.86669868952027,False,False,0.0
83,2016-12-24 20:45:00+00:00,industrial1,industrial,test,1,0,low,57.0,1,15,IA-GTPF,11,0,2016-12-24 21:00:00+00:00,8.625,8.625,True,False,57.0,8.673393759603496,0.7995417574572714,8.904466314690694,14.889506264758118,8.673393759603496,0.7995417574572714,8.904466314690694,14.889506264758118,8.673393759603496,0.7995417574572714,8.904466314690694,14.889506264758118,False,False,0.0
84,2016-12-24 21:00:00+00:00,industrial1,industrial,test,1,0,low,57.0,1,15,IA-GTPF,11,0,2016-12-24 21:15:00+00:00,9.75,9.75,True,False,57.0,9.51260159081567,0.7995417574572714,8.983115444088494,15.04759484384996,9.51260159081567,0.7995417574572714,8.983115444088494,15.04759484384996,9.51260159081567,0.7995417574572714,8.983115444088494,15.04759484384996,False,False,0.0
85,2016-12-24 21:15:00+00:00,industrial1,industrial,test,1,0,low,57.0,1,15,IA-GTPF,11,0,2016-12-24 21:30:00+00:00,10.25,10.25,True,False,57.0,10.12057591681231,0.7995417574572714,9.130679003396814,16.00094400589434,10.12057591681231,0.7995417574572714,9.130679003396814,16.00094400589434,10.12057591681231,0.7995417574572714,9.130679003396814,16.00094400589434,False,False,0.0
86,2016-12-24 21:30:00+00:00,industrial1,industrial,test,1,0,low,57.0,1,15,IA-GTPF,11,0,2016-12-24 21:45:00+00:00,5.125,5.125,True,False,57.0,10.361393668853086,0.7995417574572714,9.103340274249133,15.900468552263243,10.361393668853086,0.7995417574572714,9.103340274249133,15.900468552263243,10.361393668853086,0.7995417574572714,9.103340274249133,15.900468552263243,False,False,0.0
87,2016-12-24 21:45:00+00:00,industrial1,industrial,test,0,0,low,57.0,1,15,IA-GTPF,11,0,2016-12-24 22:00:00+00:00,6.0,6.0,True,False,57.0,8.590298278772162,0.7995417574572714,9.037363161024526,16.844758699127873,8.590298278772162,0.7995417574572714,9.037363161024526,16.844758699127873,8.590298278772162,0.7995417574572714,9.037363161024526,16.844758699127873,False,False,0.0
88,2016-12-24 22:00:00+00:00,industrial1,industrial,test,1,0,low,57.0,1,15,IA-GTPF,11,0,2016-12-24 22:15:00+00:00,5.875,5.875,True,False,57.0,8.9696375308944,0.7995417574572714,9.258652339334333,17.139098962602258,8.9696375308944,0.7995417574572714,9.258652339334333,17.139098962602258,8.9696375308944,0.7995417574572714,9.258652339334333,17.139098962602258,False,False,0.0
89,2016-12-24 22:15:00+00:00,industrial1,industrial,test,1,0,low,57.0,1,15,IA-GTPF,11,0,2016-12-24 22:30:00+00:00,5.625,5.625,True,False,57.0,8.63696785318835,0.7995417574572714,9.141232692563916,17.07511948561017,8.63696785318835,0.7995417574572714,9.141232692563916,17.07511948561017,8.63696785318835,0.7995417574572714,9.141232692563916,17.07511948561017,False,False,0.0
90,2016-12-24 22:30:00+00:00,industrial1,industrial,test,1,0,low,57.0,1,15,IA-GTPF,11,0,2016-12-24 22:45:00+00:00,6.875,6.875,True,False,57.0,8.407201205086828,0.7995417574572714,8.993563110125038,16.051920656390735,8.407201205086828,0.7995417574572714,8.993563110125038,16.051920656390735,8.407201205086828,0.7995417574572714,8.993563110125038,16.051920656390735,False,False,0.0
91,2016-12-24 22:45:00+00:00,industrial1,industrial,test,1,0,low,57.0,1,15,IA-GTPF,11,0,2016-12-24 23:00:00+00:00,9.625,9.625,True,False,57.0,8.527501931740678,0.7995417574572714,8.944814731038253,16.124034910799413,8.527501931740678,0.7995417574572714,8.944814731038253,16.124034910799413,8.527501931740678,0.7995417574572714,8.944814731038253,16.124034910799413,False,False,0.0
92,2016-12-24 23:00:00+00:00,industrial1,industrial,test,1,0,low,57.0,1,15,IA-GTPF,11,0,2016-12-24 23:15:00+00:00,8.125,8.125,True,False,57.0,9.731831393753188,0.7494545095226697,9.053021697653723,15.908477566908022,9.731831393753188,0.7494545095226697,9.053021697653723,15.908477566908022,9.731831393753188,0.7494545095226697,9.053021697653723,15.908477566908022,False,False,0.0
93,2016-12-24 23:15:00+00:00,industrial1,industrial,test,1,0,low,57.0,1,15,IA-GTPF,11,0,2016-12-24 23:30:00+00:00,8.75,8.75,True,False,57.0,9.204123528663997,0.798614936930823,9.110050146518594,16.091511619929854,9.204123528663997,0.798614936930823,9.110050146518594,16.091511619929854,9.204123528663997,0.798614936930823,9.110050146518594,16.091511619929854,False,False,0.0
94,2016-12-24 23:30:00+00:00,industrial1,industrial,test,1,0,low,57.0,1,15,IA-GTPF,11,0,2016-12-24 23:45:00+00:00,8.125,8.125,True,False,57.0,9.500429220287176,0.798614936930823,9.058979364291904,16.801129554862705,9.500429220287176,0.798614936930823,9.058979364291904,16.801129554862705,9.500429220287176,0.798614936930823,9.058979364291904,16.801129554862705,False,False,0.0
95,2016-12-24 23:45:00+00:00,industrial1,industrial,test,1,0,low,57.0,1,15,IA-GTPF,11,0,2016-12-25 00:00:00+00:00,21.5,21.5,True,False,57.0,9.046371171755851,0.798614936930823,8.389297112453413,16.544036428007026,9.046371171755851,0.798614936930823,8.389297112453413,16.544036428007026,9.046371171755851,0.798614936930823,8.389297112453413,16.544036428007026,False,False,0.0
96,2016-12-25 00:00:00+00:00,industrial1,industrial,test,0,0,low,57.0,1,15,IA-GTPF,11,0,2016-12-25 00:15:00+00:00,11.625,11.625,True,False,57.0,14.26997307254517,0.62450702061423,12.940336050483062,29.830581569123893,14.26997307254517,0.62450702061423,12.940336050483062,29.830581569123893,14.26997307254517,0.62450702061423,12.940336050483062,29.830581569123893,False,False,0.0
97,2016-12-25 00:15:00+00:00,industrial1,industrial,test,0,0,low,57.0,1,15,IA-GTPF,11,0,2016-12-25 00:30:00+00:00,7.5,7.5,True,False,57.0,11.140928518857182,0.6220534076673172,9.575860916627883,19.588267896022387,11.140928518857182,0.6220534076673172,9.575860916627883,19.588267896022387,11.140928518857182,0.6220534076673172,9.575860916627883,19.588267896022387,False,False,0.0
98,2016-12-25 00:30:00+00:00,industrial1,industrial,test,0,0,low,57.0,1,15,IA-GTPF,11,0,2016-12-25 00:45:00+00:00,5.5,5.5,True,False,57.0,10.426864522533775,0.798614936930823,9.682109327937958,18.23024331547743,10.426864522533775,0.798614936930823,9.682109327937958,18.23024331547743,10.426864522533775,0.798614936930823,9.682109327937958,18.23024331547743,False,False,0.0
99,2016-12-25 00:45:00+00:00,industrial1,industrial,test,1,0,low,57.0,1,15,IA-GTPF,11,0,2016-12-25 01:00:00+00:00,15.125,15.125,True,False,57.0,9.417819465775171,0.798614936930823,9.553921963630396,18.670080583767664,9.417819465775171,0.798614936930823,9.553921963630396,18.670080583767664,9.417819465775171,0.798614936930823,9.553921963630396,18.670080583767664,False,False,0.0
100,2016-12-25 01:00:00+00:00,industrial1,industrial,test,0,0,low,57.0,1,15,IA-GTPF,11,0,2016-12-25 01:15:00+00:00,10.5,10.5,True,False,57.0,10.854283546572068,0.62450702061423,9.543506721007923,23.581121099426706,10.854283546572068,0.62450702061423,9.543506721007923,23.581121099426706,10.854283546572068,0.62450702061423,9.543506721007923,23.581121099426706,False,False,0.0
101,2016-12-25 01:15:00+00:00,industrial1,industrial,test,0,0,low,57.0,1,15,IA-GTPF,11,0,2016-12-25 01:30:00+00:00,5.875,5.875,True,False,57.0,10.222266356318245,0.798614936930823,8.812177911206867,17.58715580479159,10.222266356318245,0.798614936930823,8.812177911206867,17.58715580479159,10.222266356318245,0.798614936930823,8.812177911206867,17.58715580479159,False,False,0.0
102,2016-12-25 01:30:00+00:00,industrial1,industrial,test,0,0,low,57.0,1,15,IA-GTPF,11,0,2016-12-25 01:45:00+00:00,5.5,5.5,True,False,57.0,8.677105789087301,0.798614936930823,8.812177911206867,16.936577485351744,8.677105789087301,0.798614936930823,8.812177911206867,16.936577485351744,8.677105789087301,0.798614936930823,8.812177911206867,16.936577485351744,False,False,0.0
103,2016-12-25 01:45:00+00:00,industrial1,industrial,test,1,0,low,57.0,1,15,IA-GTPF,11,0,2016-12-25 02:00:00+00:00,8.375,8.375,True,False,57.0,8.584758332651107,0.798614936930823,8.61834179325352,17.264398299653834,8.584758332651107,0.798614936930823,8.61834179325352,17.264398299653834,8.584758332651107,0.798614936930823,8.61834179325352,17.264398299653834,False,False,0.0
104,2016-12-25 02:00:00+00:00,industrial1,industrial,test,1,0,low,57.0,1,15,IA-GTPF,11,0,2016-12-25 02:15:00+00:00,6.25,6.25,True,False,57.0,9.128531157840374,0.7494545095226697,8.431201929055444,17.650932930878803,9.128531157840374,0.7494545095226697,8.431201929055444,17.650932930878803,9.128531157840374,0.7494545095226697,8.431201929055444,17.650932930878803,False,False,0.0
105,2016-12-25 02:15:00+00:00,industrial1,industrial,test,1,0,low,57.0,1,15,IA-GTPF,11,0,2016-12-25 02:30:00+00:00,5.75,5.75,True,False,57.0,8.338447843200177,0.798614936930823,9.104572619832519,15.06981051430253,8.338447843200177,0.798614936930823,9.104572619832519,15.06981051430253,8.338447843200177,0.798614936930823,9.104572619832519,15.06981051430253,False,False,0.0
106,2016-12-25 02:30:00+00:00,industrial1,industrial,test,1,0,low,57.0,1,15,IA-GTPF,11,0,2016-12-25 02:45:00+00:00,6.125,6.125,True,False,57.0,8.660616273027896,0.798614936930823,9.104572619832519,15.205058560525996,8.660616273027896,0.798614936930823,9.104572619832519,15.205058560525996,8.660616273027896,0.798614936930823,9.104572619832519,15.205058560525996,False,False,0.0
107,2016-12-25 02:45:00+00:00,industrial1,industrial,test,1,0,low,57.0,1,15,IA-GTPF,11,0,2016-12-25 03:00:00+00:00,10.125,10.125,True,False,57.0,8.602934594012767,0.798614936930823,8.47199418432813,15.102939359577883,8.602934594012767,0.798614936930823,8.47199418432813,15.102939359577883,8.602934594012767,0.798614936930823,8.47199418432813,15.102939359577883,False,False,0.0
108,2016-12-25 03:00:00+00:00,industrial1,industrial,test,0,0,low,57.0,1,15,IA-GTPF,11,0,2016-12-25 03:15:00+00:00,9.625,9.625,True,False,57.0,10.34632215826603,0.7494545095226697,9.047374415095756,15.308080431762479,10.34632215826603,0.7494545095226697,9.047374415095756,15.308080431762479,10.34632215826603,0.7494545095226697,9.047374415095756,15.308080431762479,False,False,0.0
109,2016-12-25 03:15:00+00:00,industrial1,industrial,test,1,0,low,57.0,1,15,IA-GTPF,11,0,2016-12-25 03:30:00+00:00,9.0,9.0,True,False,57.0,9.550657470645247,0.798614936930823,8.488203449565306,17.23339680254871,9.550657470645247,0.798614936930823,8.488203449565306,17.23339680254871,9.550657470645247,0.798614936930823,8.488203449565306,17.23339680254871,False,False,0.0
110,2016-12-25 03:30:00+00:00,industrial1,industrial,test,1,0,low,57.0,1,15,IA-GTPF,11,0,2016-12-25 03:45:00+00:00,5.875,5.875,True,False,57.0,9.347316468935668,0.798614936930823,8.47997288573936,15.008668457678075,9.347316468935668,0.798614936930823,8.47997288573936,15.008668457678075,9.347316468935668,0.798614936930823,8.47997288573936,15.008668457678075,False,False,0.0
111,2016-12-25 03:45:00+00:00,industrial1,industrial,test,1,0,low,57.0,1,15,IA-GTPF,11,0,2016-12-25 04:00:00+00:00,7.625,7.625,True,False,57.0,8.539484237007319,0.798614936930823,8.47997288573936,15.400759142918787,8.539484237007319,0.798614936930823,8.47997288573936,15.400759142918787,8.539484237007319,0.798614936930823,8.47997288573936,15.400759142918787,False,False,0.0
112,2016-12-25 04:00:00+00:00,industrial1,industrial,test,1,0,low,57.0,1,15,IA-GTPF,11,0,2016-12-25 04:15:00+00:00,6.0,6.0,True,False,57.0,9.038616870507516,0.798614936930823,8.472104864282642,15.536069889386692,9.038616870507516,0.798614936930823,8.472104864282642,15.536069889386692,9.038616870507516,0.798614936930823,8.472104864282642,15.536069889386692,False,False,0.0
113,2016-12-25 04:15:00+00:00,industrial1,industrial,test,1,0,low,57.0,1,15,IA-GTPF,11,0,2016-12-25 04:30:00+00:00,6.125,6.125,True,False,57.0,8.23776860692249,0.798614936930823,8.47997288573936,15.44973095657125,8.23776860692249,0.798614936930823,8.47997288573936,15.44973095657125,8.23776860692249,0.798614936930823,8.47997288573936,15.44973095657125,False,False,0.0
114,2016-12-25 04:30:00+00:00,industrial1,industrial,test,1,0,low,57.0,1,15,IA-GTPF,11,0,2016-12-25 04:45:00+00:00,6.75,6.75,True,False,57.0,8.401902248979791,0.798614936930823,8.960130030890431,15.447403389357934,8.401902248979791,0.798614936930823,8.960130030890431,15.447403389357934,8.401902248979791,0.798614936930823,8.960130030890431,15.447403389357934,False,False,0.0
115,2016-12-25 04:45:00+00:00,industrial1,industrial,test,1,0,low,57.0,1,15,IA-GTPF,11,0,2016-12-25 05:00:00+00:00,7.125,7.125,True,False,57.0,8.474627164076828,0.798614936930823,8.929034130091475,15.482040229328863,8.474627164076828,0.798614936930823,8.929034130091475,15.482040229328863,8.474627164076828,0.798614936930823,8.929034130091475,15.482040229328863,False,False,0.0
116,2016-12-25 05:00:00+00:00,industrial1,industrial,test,1,0,low,57.0,1,15,IA-GTPF,11,0,2016-12-25 05:15:00+00:00,7.625,7.625,True,False,57.0,8.96989633793587,0.798614936930823,8.911398253888153,15.848100079753923,8.96989633793587,0.798614936930823,8.911398253888153,15.848100079753923,8.96989633793587,0.798614936930823,8.911398253888153,15.848100079753923,False,False,0.0
117,2016-12-25 05:15:00+00:00,industrial1,industrial,test,1,0,low,57.0,1,15,IA-GTPF,11,0,2016-12-25 05:30:00+00:00,8.125,8.125,True,False,57.0,9.258379811227785,0.798614936930823,8.901695400943794,16.075731940020844,9.258379811227785,0.798614936930823,8.901695400943794,16.075731940020844,9.258379811227785,0.798614936930823,8.901695400943794,16.075731940020844,False,False,0.0
118,2016-12-25 05:30:00+00:00,industrial1,industrial,test,1,0,low,57.0,1,15,IA-GTPF,11,0,2016-12-25 05:45:00+00:00,13.125,13.125,True,False,57.0,9.366339061485274,0.798614936930823,8.901695400943794,16.24238950930767,9.366339061485274,0.798614936930823,8.901695400943794,16.24238950930767,9.366339061485274,0.798614936930823,8.901695400943794,16.24238950930767,False,False,0.0
119,2016-12-25 05:45:00+00:00,industrial1,industrial,test,0,0,low,57.0,1,15,IA-GTPF,11,0,2016-12-25 06:00:00+00:00,16.25,16.25,True,False,57.0,10.597638773226985,0.62450702061423,9.130746789781583,17.708493119225608,10.597638773226985,0.62450702061423,9.130746789781583,17.708493119225608,10.597638773226985,0.62450702061423,9.130746789781583,17.708493119225608,False,False,0.0
120,2016-12-25 06:00:00+00:00,industrial1,industrial,test,1,0,low,57.0,1,15,IA-GTPF,11,0,2016-12-25 06:15:00+00:00,14.625,14.625,True,False,57.0,11.940907317937397,0.7995417574572714,10.869099007515675,25.986214992827186,11.940907317937397,0.7995417574572714,10.869099007515675,25.986214992827186,11.940907317937397,0.7995417574572714,10.869099007515675,25.986214992827186,False,False,0.0
121,2016-12-25 06:15:00+00:00,industrial1,industrial,test,1,0,low,57.0,1,15,IA-GTPF,11,0,2016-12-25 06:30:00+00:00,6.125,6.125,True,False,57.0,12.108815390044324,0.7995417574572714,10.843430019522792,25.652953712072886,12.108815390044324,0.7995417574572714,10.843430019522792,25.652953712072886,12.108815390044324,0.7995417574572714,10.843430019522792,25.652953712072886,False,False,0.0
122,2016-12-25 06:30:00+00:00,industrial1,industrial,test,0,0,low,57.0,1,15,IA-GTPF,11,0,2016-12-25 06:45:00+00:00,6.0,6.0,True,False,57.0,9.3188350879372,0.7995417574572714,9.501911144503095,19.881335870612297,9.3188350879372,0.7995417574572714,9.501911144503095,19.881335870612297,9.3188350879372,0.7995417574572714,9.501911144503095,19.881335870612297,False,False,0.0
123,2016-12-25 06:45:00+00:00,industrial1,industrial,test,1,0,low,57.0,1,15,IA-GTPF,11,0,2016-12-25 07:00:00+00:00,16.75,16.75,True,False,57.0,9.43684013720973,0.7995417574572714,9.800161553597523,19.346396790374556,9.43684013720973,0.7995417574572714,9.800161553597523,19.346396790374556,9.43684013720973,0.7995417574572714,9.800161553597523,19.346396790374556,False,False,0.0
124,2016-12-25 07:00:00+00:00,industrial1,industrial,test,0,0,low,57.0,1,15,IA-GTPF,11,0,2016-12-25 07:15:00+00:00,10.75,10.75,True,False,57.0,13.146631578918829,0.6745942685488319,12.112611728304305,26.33628641897167,13.146631578918829,0.6745942685488319,12.112611728304305,26.33628641897167,13.146631578918829,0.6745942685488319,12.112611728304305,26.33628641897167,False,False,0.0
125,2016-12-25 07:15:00+00:00,industrial1,industrial,test,0,0,low,57.0,1,15,IA-GTPF,11,0,2016-12-25 07:30:00+00:00,7.0,7.0,True,False,57.0,11.256427109985141,0.7995417574572714,9.873271776114048,21.788656634643935,11.256427109985141,0.7995417574572714,9.873271776114048,21.788656634643935,11.256427109985141,0.7995417574572714,9.873271776114048,21.788656634643935,False,False,0.0
126,2016-12-25 07:30:00+00:00,industrial1,industrial,test,1,0,low,57.0,1,15,IA-GTPF,11,0,2016-12-25 07:45:00+00:00,7.375,7.375,True,False,57.0,9.6935221122638,0.7995417574572714,10.52808459891569,19.579150219583422,9.6935221122638,0.7995417574572714,10.52808459891569,19.579150219583422,9.6935221122638,0.7995417574572714,10.52808459891569,19.579150219583422,False,False,0.0
127,2016-12-25 07:45:00+00:00,industrial1,industrial,test,1,0,low,57.0,1,15,IA-GTPF,11,0,2016-12-25 08:00:00+00:00,4.875,4.875,True,False,57.0,10.060698882994538,0.7995417574572714,10.828021251315317,20.536820012359442,10.060698882994538,0.7995417574572714,10.828021251315317,20.536820012359442,10.060698882994538,0.7995417574572714,10.828021251315317,20.536820012359442,False,False,0.0
128,2016-12-25 08:00:00+00:00,industrial1,industrial,test,1,0,medium,57.0,1,15,IA-GTPF,11,0,2016-12-25 08:15:00+00:00,5.625,5.625,True,False,57.0,9.210755876181336,0.7995417574572714,10.399732523452512,20.786324644820997,9.210755876181336,0.7995417574572714,10.399732523452512,20.786324644820997,9.210755876181336,0.7995417574572714,10.399732523452512,20.786324644820997,False,False,0.0
129,2016-12-25 08:15:00+00:00,industrial1,industrial,test,1,0,medium,57.0,1,15,IA-GTPF,11,0,2016-12-25 08:30:00+00:00,5.5,5.5,True,False,57.0,8.658010218794788,0.7995417574572714,9.225647064755307,19.028174988952326,8.658010218794788,0.7995417574572714,9.225647064755307,19.028174988952326,8.658010218794788,0.7995417574572714,9.225647064755307,19.028174988952326,False,False,0.0
130,2016-12-25 08:30:00+00:00,industrial1,industrial,test,1,0,medium,57.0,1,15,IA-GTPF,11,0,2016-12-25 08:45:00+00:00,6.0,6.0,True,False,57.0,8.718104334139365,0.7995417574572714,9.128328869524434,18.893713641639124,8.718104334139365,0.7995417574572714,9.128328869524434,18.893713641639124,8.718104334139365,0.7995417574572714,9.128328869524434,18.893713641639124,False,False,0.0
131,2016-12-25 08:45:00+00:00,industrial1,industrial,test,1,0,medium,57.0,1,15,IA-GTPF,11,0,2016-12-25 09:00:00+00:00,9.5,9.5,True,False,57.0,8.547575505153716,0.7995417574572714,9.01311267107449,18.64449262505196,8.547575505153716,0.7995417574572714,9.01311267107449,18.64449262505196,8.547575505153716,0.7995417574572714,9.01311267107449,18.64449262505196,False,False,0.0
132,2016-12-25 09:00:00+00:00,industrial1,industrial,test,1,0,medium,57.0,1,15,IA-GTPF,11,0,2016-12-25 09:15:00+00:00,8.125,8.125,True,False,57.0,10.275511490289507,0.7995417574572714,9.291420096627244,18.803926465402707,10.275511490289507,0.7995417574572714,9.291420096627244,18.803926465402707,10.275511490289507,0.7995417574572714,9.291420096627244,18.803926465402707,False,False,0.0
133,2016-12-25 09:15:00+00:00,industrial1,industrial,test,1,0,medium,57.0,1,15,IA-GTPF,11,0,2016-12-25 09:30:00+00:00,9.375,9.375,True,False,57.0,9.361406823164096,0.7995417574572714,8.677983515011919,18.574803635557437,9.361406823164096,0.7995417574572714,8.677983515011919,18.574803635557437,9.361406823164096,0.7995417574572714,8.677983515011919,18.574803635557437,False,False,0.0
134,2016-12-25 09:30:00+00:00,industrial1,industrial,test,1,0,medium,57.0,1,15,IA-GTPF,11,0,2016-12-25 09:45:00+00:00,5.625,5.625,True,False,57.0,10.032329152509222,0.7995417574572714,8.738708653958442,18.863246899603908,10.032329152509222,0.7995417574572714,8.738708653958442,18.863246899603908,10.032329152509222,0.7995417574572714,8.738708653958442,18.863246899603908,False,False,0.0
135,2016-12-25 09:45:00+00:00,industrial1,industrial,test,1,0,medium,57.0,1,15,IA-GTPF,11,0,2016-12-25 10:00:00+00:00,8.125,8.125,True,False,57.0,8.746248881826007,0.7995417574572714,8.677423328537648,18.085320139884505,8.746248881826007,0.7995417574572714,8.677423328537648,18.085320139884505,8.746248881826007,0.7995417574572714,8.677423328537648,18.085320139884505,False,False,0.0
136,2016-12-25 10:00:00+00:00,industrial1,industrial,test,1,0,medium,57.0,1,15,IA-GTPF,11,0,2016-12-25 10:15:00+00:00,6.375,6.375,True,False,57.0,9.589985048702356,0.7995417574572714,8.720986012882292,18.300870358424127,9.589985048702356,0.7995417574572714,8.720986012882292,18.300870358424127,9.589985048702356,0.7995417574572714,8.720986012882292,18.300870358424127,False,False,0.0
137,2016-12-25 10:15:00+00:00,industrial1,industrial,test,1,0,medium,57.0,1,15,IA-GTPF,11,0,2016-12-25 10:30:00+00:00,5.625,5.625,True,False,57.0,8.692420061535163,0.7995417574572714,8.688241737969385,17.993556304945862,8.692420061535163,0.7995417574572714,8.688241737969385,17.993556304945862,8.692420061535163,0.7995417574572714,8.688241737969385,17.993556304945862,False,False,0.0
138,2016-12-25 10:30:00+00:00,industrial1,industrial,test,1,0,medium,57.0,1,15,IA-GTPF,11,0,2016-12-25 10:45:00+00:00,7.25,7.25,True,False,57.0,8.510963214080851,0.7995417574572714,8.68570376444421,18.247370796970497,8.510963214080851,0.7995417574572714,8.68570376444421,18.247370796970497,8.510963214080851,0.7995417574572714,8.68570376444421,18.247370796970497,False,False,0.0
139,2016-12-25 10:45:00+00:00,industrial1,industrial,test,1,0,medium,57.0,1,15,IA-GTPF,11,0,2016-12-25 11:00:00+00:00,6.75,6.75,True,False,57.0,9.263186699383215,0.7995417574572714,8.639993397301291,17.38811152286617,9.263186699383215,0.7995417574572714,8.639993397301291,17.38811152286617,9.263186699383215,0.7995417574572714,8.639993397301291,17.38811152286617,False,False,0.0
140,2016-12-25 11:00:00+00:00,industrial1,industrial,test,1,0,high,57.0,1,15,IA-GTPF,11,0,2016-12-25 11:15:00+00:00,9.375,9.375,True,False,57.0,8.514147165623339,0.7995417574572714,8.571689680987674,18.667101010634273,8.514147165623339,0.7995417574572714,8.571689680987674,18.667101010634273,8.514147165623339,0.7995417574572714,8.571689680987674,18.667101010634273,False,False,0.0
141,2016-12-25 11:15:00+00:00,industrial1,industrial,test,1,0,high,57.0,1,15,IA-GTPF,11,0,2016-12-25 11:30:00+00:00,7.375,7.375,True,False,57.0,10.667640594739394,0.7995417574572714,8.76362235791944,17.801232443113364,10.667640594739394,0.7995417574572714,8.76362235791944,17.801232443113364,10.667640594739394,0.7995417574572714,8.76362235791944,17.801232443113364,False,False,0.0
142,2016-12-25 11:30:00+00:00,industrial1,industrial,test,1,0,high,57.0,1,15,IA-GTPF,11,0,2016-12-25 11:45:00+00:00,7.75,7.75,True,False,57.0,9.435746063176106,0.7995417574572714,8.504198349764875,17.68469179215927,9.435746063176106,0.7995417574572714,8.504198349764875,17.68469179215927,9.435746063176106,0.7995417574572714,8.504198349764875,17.68469179215927,False,False,0.0
143,2016-12-25 11:45:00+00:00,industrial1,industrial,test,1,0,medium,57.0,1,15,IA-GTPF,11,0,2016-12-25 12:00:00+00:00,17.75,17.75,True,False,57.0,9.499078053254843,0.7995417574572714,8.886219418104398,18.780232531176818,9.499078053254843,0.7995417574572714,8.886219418104398,18.780232531176818,9.499078053254843,0.7995417574572714,8.886219418104398,18.780232531176818,False,False,0.0
144,2016-12-25 12:00:00+00:00,industrial1,industrial,test,0,0,medium,57.0,1,15,IA-GTPF,11,0,2016-12-25 12:15:00+00:00,10.375,10.375,True,False,57.0,14.866377318808372,1.8510296072867747,13.633086019948461,25.524334439006683,14.866377318808372,1.8510296072867747,13.633086019948461,25.524334439006683,14.866377318808372,1.8510296072867747,13.633086019948461,25.524334439006683,False,False,0.0
145,2016-12-25 12:15:00+00:00,industrial1,industrial,test,0,0,high,57.0,1,15,IA-GTPF,11,0,2016-12-25 12:30:00+00:00,6.875,6.875,True,False,57.0,12.155265107927978,0.7995417574572714,10.03924723284823,19.08134660643662,12.155265107927978,0.7995417574572714,10.03924723284823,19.08134660643662,12.155265107927978,0.7995417574572714,10.03924723284823,19.08134660643662,False,False,0.0
146,2016-12-25 12:30:00+00:00,industrial1,industrial,test,1,0,medium,57.0,1,15,IA-GTPF,11,0,2016-12-25 12:45:00+00:00,6.0,6.0,True,False,57.0,9.776405230818334,0.7995417574572714,9.997790480715128,18.055392382282637,9.776405230818334,0.7995417574572714,9.997790480715128,18.055392382282637,9.776405230818334,0.7995417574572714,9.997790480715128,18.055392382282637,False,False,0.0
147,2016-12-25 12:45:00+00:00,industrial1,industrial,test,1,0,medium,57.0,1,15,IA-GTPF,11,0,2016-12-25 13:00:00+00:00,15.375,15.375,True,False,57.0,9.648457229358018,0.7995417574572714,9.999539851734099,20.57263563880398,9.648457229358018,0.7995417574572714,9.999539851734099,20.57263563880398,9.648457229358018,0.7995417574572714,9.999539851734099,20.57263563880398,False,False,0.0
148,2016-12-25 13:00:00+00:00,industrial1,industrial,test,0,0,high,57.0,1,15,IA-GTPF,11,0,2016-12-25 13:15:00+00:00,9.625,9.625,True,False,57.0,14.535494298498225,1.8510296072867747,13.551030065961093,27.015116263990237,14.535494298498225,1.8510296072867747,13.551030065961093,27.015116263990237,14.535494298498225,1.8510296072867747,13.551030065961093,27.015116263990237,False,False,0.0
149,2016-12-25 13:15:00+00:00,industrial1,industrial,test,0,0,medium,57.0,1,15,IA-GTPF,11,0,2016-12-25 13:30:00+00:00,4.75,4.75,True,False,57.0,11.195742101507115,0.7995417574572714,9.850992607308452,19.001165793099165,11.195742101507115,0.7995417574572714,9.850992607308452,19.001165793099165,11.195742101507115,0.7995417574572714,9.850992607308452,19.001165793099165,False,False,0.0
150,2016-12-25 13:30:00+00:00,industrial1,industrial,test,0,0,medium,57.0,1,15,IA-GTPF,11,0,2016-12-25 13:45:00+00:00,5.25,5.25,True,False,57.0,8.902516317622045,0.7995417574572714,6.697472572316784,9.46730615624478,8.902516317622045,0.7995417574572714,6.697472572316784,9.46730615624478,8.902516317622045,0.7995417574572714,6.697472572316784,9.46730615624478,False,False,0.0
151,2016-12-25 13:45:00+00:00,industrial1,industrial,test,1,0,medium,57.0,1,15,IA-GTPF,11,0,2016-12-25 14:00:00+00:00,7.5,7.5,True,False,57.0,9.140818246588076,0.7995417574572714,9.550184273351007,18.732105567243952,9.140818246588076,0.7995417574572714,9.550184273351007,18.732105567243952,9.140818246588076,0.7995417574572714,9.550184273351007,18.732105567243952,False,False,0.0
152,2016-12-25 14:00:00+00:00,industrial1,industrial,test,1,0,medium,57.0,1,15,IA-GTPF,11,0,2016-12-25 14:15:00+00:00,5.625,5.625,True,False,57.0,9.54068314034455,0.7995417574572714,9.156202634654765,19.40399370792559,9.54068314034455,0.7995417574572714,9.156202634654765,19.40399370792559,9.54068314034455,0.7995417574572714,9.156202634654765,19.40399370792559,False,False,0.0
153,2016-12-25 14:15:00+00:00,industrial1,industrial,test,1,0,medium,57.0,1,15,IA-GTPF,11,0,2016-12-25 14:30:00+00:00,4.625,4.625,True,False,57.0,8.351964921833034,0.7995417574572714,8.608494779300411,16.761002318700733,8.351964921833034,0.7995417574572714,8.608494779300411,16.761002318700733,8.351964921833034,0.7995417574572714,8.608494779300411,16.761002318700733,False,False,0.0
154,2016-12-25 14:30:00+00:00,industrial1,industrial,test,1,0,medium,57.0,1,15,IA-GTPF,11,0,2016-12-25 14:45:00+00:00,6.75,6.75,True,False,57.0,7.748315678586848,0.7995417574572714,4.651986686503114,8.223168884718698,7.748315678586848,0.7995417574572714,4.651986686503114,8.223168884718698,7.748315678586848,0.7995417574572714,4.651986686503114,8.223168884718698,False,False,0.0
155,2016-12-25 14:45:00+00:00,industrial1,industrial,test,1,0,medium,57.0,1,15,IA-GTPF,11,0,2016-12-25 15:00:00+00:00,9.375,9.375,True,False,57.0,8.463542817341983,0.7995417574572714,8.829787988786116,16.93637733877445,8.463542817341983,0.7995417574572714,8.829787988786116,16.93637733877445,8.463542817341983,0.7995417574572714,8.829787988786116,16.93637733877445,False,False,0.0
156,2016-12-25 15:00:00+00:00,industrial1,industrial,test,1,0,medium,57.0,1,15,IA-GTPF,11,0,2016-12-25 15:15:00+00:00,8.5,8.5,True,False,57.0,9.660526641541887,0.7995417574572714,9.121062852863512,16.999021793510764,9.660526641541887,0.7995417574572714,9.121062852863512,16.999021793510764,9.660526641541887,0.7995417574572714,9.121062852863512,16.999021793510764,False,False,0.0
157,2016-12-25 15:15:00+00:00,industrial1,industrial,test,1,0,medium,57.0,1,15,IA-GTPF,11,0,2016-12-25 15:30:00+00:00,8.625,8.625,True,False,57.0,9.32441682631352,0.7995417574572714,8.724936542198952,17.024860916097907,9.32441682631352,0.7995417574572714,8.724936542198952,17.024860916097907,9.32441682631352,0.7995417574572714,8.724936542198952,17.024860916097907,False,False,0.0
158,2016-12-25 15:30:00+00:00,industrial1,industrial,test,1,0,low,57.0,1,15,IA-GTPF,11,0,2016-12-25 15:45:00+00:00,8.0,8.0,True,False,57.0,8.813100059704809,0.7995417574572714,8.443736601119197,17.08183555189431,8.813100059704809,0.7995417574572714,8.443736601119197,17.08183555189431,8.813100059704809,0.7995417574572714,8.443736601119197,17.08183555189431,False,False,0.0
159,2016-12-25 15:45:00+00:00,industrial1,industrial,test,1,0,low,57.0,1,15,IA-GTPF,11,0,2016-12-25 16:00:00+00:00,9.25,9.25,True,False,57.0,8.653342109681375,0.7995417574572714,8.33733973520792,17.028770135721476,8.653342109681375,0.7995417574572714,8.33733973520792,17.028770135721476,8.653342109681375,0.7995417574572714,8.33733973520792,17.028770135721476,False,False,0.0
160,2016-12-25 16:00:00+00:00,industrial1,industrial,test,1,0,low,57.0,1,15,IA-GTPF,11,0,2016-12-25 16:15:00+00:00,6.875,6.875,True,False,57.0,9.158152603381707,0.7995417574572714,8.547065539101654,16.54190479241978,9.158152603381707,0.7995417574572714,8.547065539101654,16.54190479241978,9.158152603381707,0.7995417574572714,8.547065539101654,16.54190479241978,False,False,0.0
161,2016-12-25 16:15:00+00:00,industrial1,industrial,test,1,0,low,57.0,1,15,IA-GTPF,11,0,2016-12-25 16:30:00+00:00,5.5,5.5,True,False,57.0,8.240611595087346,0.7995417574572714,8.508174875543338,16.53924330397812,8.240611595087346,0.7995417574572714,8.508174875543338,16.53924330397812,8.240611595087346,0.7995417574572714,8.508174875543338,16.53924330397812,False,False,0.0
162,2016-12-25 16:30:00+00:00,industrial1,industrial,test,1,0,low,57.0,1,15,IA-GTPF,11,0,2016-12-25 16:45:00+00:00,7.5,7.5,True,False,57.0,7.875469775420228,0.7995417574572714,8.404058562151462,16.69971964581333,7.875469775420228,0.7995417574572714,8.404058562151462,16.69971964581333,7.875469775420228,0.7995417574572714,8.404058562151462,16.69971964581333,False,False,0.0
163,2016-12-25 16:45:00+00:00,industrial1,industrial,test,1,0,low,57.0,1,15,IA-GTPF,11,0,2016-12-25 17:00:00+00:00,6.875,6.875,True,False,57.0,9.002219015913727,0.7995417574572714,8.749775821900187,16.67801578103898,9.002219015913727,0.7995417574572714,8.749775821900187,16.67801578103898,9.002219015913727,0.7995417574572714,8.749775821900187,16.67801578103898,False,False,0.0
164,2016-12-25 17:00:00+00:00,industrial1,industrial,test,1,0,low,57.0,1,15,IA-GTPF,11,0,2016-12-25 17:15:00+00:00,7.625,7.625,True,False,57.0,8.16701333328842,0.7995417574572714,9.044385326682987,16.277256709562476,8.16701333328842,0.7995417574572714,9.044385326682987,16.277256709562476,8.16701333328842,0.7995417574572714,9.044385326682987,16.277256709562476,False,False,0.0
165,2016-12-25 17:15:00+00:00,industrial1,industrial,test,1,0,low,57.0,1,15,IA-GTPF,11,0,2016-12-25 17:30:00+00:00,9.75,9.75,True,False,57.0,8.871757472836194,0.7995417574572714,8.423910143834883,16.13723272704715,8.871757472836194,0.7995417574572714,8.423910143834883,16.13723272704715,8.871757472836194,0.7995417574572714,8.423910143834883,16.13723272704715,False,False,0.0
166,2016-12-25 17:30:00+00:00,industrial1,industrial,test,1,0,low,57.0,1,15,IA-GTPF,11,0,2016-12-25 17:45:00+00:00,9.75,9.75,True,False,57.0,9.628925588318202,0.7995417574572714,8.536423310645583,16.288650731913286,9.628925588318202,0.7995417574572714,8.536423310645583,16.288650731913286,9.628925588318202,0.7995417574572714,8.536423310645583,16.288650731913286,False,False,0.0
167,2016-12-25 17:45:00+00:00,industrial1,industrial,test,0,0,low,57.0,1,15,IA-GTPF,11,0,2016-12-25 18:00:00+00:00,17.625,17.625,True,False,57.0,9.64513048699875,0.7995417574572714,8.383142660636292,17.284897977196838,9.64513048699875,0.7995417574572714,8.383142660636292,17.284897977196838,9.64513048699875,0.7995417574572714,8.383142660636292,17.284897977196838,False,False,0.0
168,2016-12-25 18:00:00+00:00,industrial1,industrial,test,0,0,low,57.0,1,15,IA-GTPF,11,0,2016-12-25 18:15:00+00:00,13.125,13.125,True,False,57.0,12.052754750598465,1.8510296072867747,10.087632371812585,24.360976493975656,12.052754750598465,1.8510296072867747,10.087632371812585,24.360976493975656,12.052754750598465,1.8510296072867747,10.087632371812585,24.360976493975656,False,False,0.0
169,2016-12-25 18:15:00+00:00,industrial1,industrial,test,0,0,low,57.0,1,15,IA-GTPF,11,0,2016-12-25 18:30:00+00:00,6.375,6.375,True,False,57.0,10.562208810240836,0.7995417574572714,8.509773659160228,16.96030699738231,10.562208810240836,0.7995417574572714,8.509773659160228,16.96030699738231,10.562208810240836,0.7995417574572714,8.509773659160228,16.96030699738231,False,False,0.0
170,2016-12-25 18:30:00+00:00,industrial1,industrial,test,0,0,low,57.0,1,15,IA-GTPF,11,0,2016-12-25 18:45:00+00:00,6.625,6.625,True,False,57.0,8.470454437912666,0.7995417574572714,8.388903392340406,16.500580688128135,8.470454437912666,0.7995417574572714,8.388903392340406,16.500580688128135,8.470454437912666,0.7995417574572714,8.388903392340406,16.500580688128135,False,False,0.0
171,2016-12-25 18:45:00+00:00,industrial1,industrial,test,1,0,low,57.0,1,15,IA-GTPF,11,0,2016-12-25 19:00:00+00:00,14.875,14.875,True,False,57.0,8.553345657968604,0.7995417574572714,8.606814633324491,17.602131742316335,8.553345657968604,0.7995417574572714,8.606814633324491,17.602131742316335,8.553345657968604,0.7995417574572714,8.606814633324491,17.602131742316335,False,False,0.0
172,2016-12-25 19:00:00+00:00,industrial1,industrial,test,0,0,low,57.0,1,15,IA-GTPF,11,0,2016-12-25 19:15:00+00:00,10.75,10.75,True,False,57.0,11.792620245660308,1.8510296072867747,10.086925494685197,23.918527331758295,11.792620245660308,1.8510296072867747,10.086925494685197,23.918527331758295,11.792620245660308,1.8510296072867747,10.086925494685197,23.918527331758295,False,False,0.0
173,2016-12-25 19:15:00+00:00,industrial1,industrial,test,0,0,low,57.0,1,15,IA-GTPF,11,0,2016-12-25 19:30:00+00:00,7.75,7.75,True,False,57.0,10.40260206815272,0.7995417574572714,8.388196515213016,16.84855049118631,10.40260206815272,0.7995417574572714,8.388196515213016,16.84855049118631,10.40260206815272,0.7995417574572714,8.388196515213016,16.84855049118631,False,False,0.0
174,2016-12-25 19:30:00+00:00,industrial1,industrial,test,1,0,low,57.0,1,15,IA-GTPF,11,0,2016-12-25 19:45:00+00:00,6.75,6.75,True,False,57.0,8.970150458742342,0.7995417574572714,8.497438446208692,16.13115140776581,8.970150458742342,0.7995417574572714,8.497438446208692,16.13115140776581,8.970150458742342,0.7995417574572714,8.497438446208692,16.13115140776581,False,False,0.0
175,2016-12-25 19:45:00+00:00,industrial1,industrial,test,1,0,low,57.0,1,15,IA-GTPF,11,0,2016-12-25 20:00:00+00:00,5.5,5.5,True,False,57.0,8.174443404453577,0.7995417574572714,8.497438446208692,16.300901238468764,8.174443404453577,0.7995417574572714,8.497438446208692,16.300901238468764,8.174443404453577,0.7995417574572714,8.497438446208692,16.300901238468764,False,False,0.0
176,2016-12-25 20:00:00+00:00,industrial1,industrial,test,1,0,low,57.0,1,15,IA-GTPF,11,0,2016-12-25 20:15:00+00:00,6.125,6.125,True,False,57.0,8.250827468992972,0.7995417574572714,8.494337410308088,17.121268983613632,8.250827468992972,0.7995417574572714,8.494337410308088,17.121268983613632,8.250827468992972,0.7995417574572714,8.494337410308088,17.121268983613632,False,False,0.0
177,2016-12-25 20:15:00+00:00,industrial1,industrial,test,1,0,low,57.0,1,15,IA-GTPF,11,0,2016-12-25 20:30:00+00:00,6.375,6.375,True,False,57.0,8.052877547763996,0.7995417574572714,8.375187443010532,14.410372622138032,8.052877547763996,0.7995417574572714,8.375187443010532,14.410372622138032,8.052877547763996,0.7995417574572714,8.375187443010532,14.410372622138032,False,False,0.0
178,2016-12-25 20:30:00+00:00,industrial1,industrial,test,1,0,low,57.0,1,15,IA-GTPF,11,0,2016-12-25 20:45:00+00:00,8.125,8.125,True,False,57.0,7.938792725782368,0.7995417574572714,8.279866580597535,14.385366542963206,7.938792725782368,0.7995417574572714,8.279866580597535,14.385366542963206,7.938792725782368,0.7995417574572714,8.279866580597535,14.385366542963206,False,False,0.0
179,2016-12-25 20:45:00+00:00,industrial1,industrial,test,1,0,low,57.0,1,15,IA-GTPF,11,0,2016-12-25 21:00:00+00:00,9.375,9.375,True,False,57.0,8.881019321961318,0.7995417574572714,8.42697265280245,14.566355745342017,8.881019321961318,0.7995417574572714,8.42697265280245,14.566355745342017,8.881019321961318,0.7995417574572714,8.42697265280245,14.566355745342017,False,False,0.0
180,2016-12-25 21:00:00+00:00,industrial1,industrial,test,1,0,low,57.0,1,15,IA-GTPF,11,0,2016-12-25 21:15:00+00:00,10.75,10.75,True,False,57.0,9.358265006406375,0.7995417574572714,8.506079269303655,14.585679204556877,9.358265006406375,0.7995417574572714,8.506079269303655,14.585679204556877,9.358265006406375,0.7995417574572714,8.506079269303655,14.585679204556877,False,False,0.0
181,2016-12-25 21:15:00+00:00,industrial1,industrial,test,1,0,low,57.0,1,15,IA-GTPF,11,0,2016-12-25 21:30:00+00:00,9.25,9.25,True,False,57.0,10.036749450110197,0.7995417574572714,8.506079269303655,14.471431501922629,10.036749450110197,0.7995417574572714,8.506079269303655,14.471431501922629,10.036749450110197,0.7995417574572714,8.506079269303655,14.471431501922629,False,False,0.0
182,2016-12-25 21:30:00+00:00,industrial1,industrial,test,1,0,low,57.0,1,15,IA-GTPF,11,0,2016-12-25 21:45:00+00:00,5.75,5.75,True,False,57.0,9.214097308909702,0.7995417574572714,8.305629065269578,14.505102115852202,9.214097308909702,0.7995417574572714,8.305629065269578,14.505102115852202,9.214097308909702,0.7995417574572714,8.305629065269578,14.505102115852202,False,False,0.0
183,2016-12-25 21:45:00+00:00,industrial1,industrial,test,1,0,low,57.0,1,15,IA-GTPF,11,0,2016-12-25 22:00:00+00:00,5.75,5.75,True,False,57.0,8.047373844081308,0.7995417574572714,8.37432060672188,14.353433404081331,8.047373844081308,0.7995417574572714,8.37432060672188,14.353433404081331,8.047373844081308,0.7995417574572714,8.37432060672188,14.353433404081331,False,False,0.0
184,2016-12-25 22:00:00+00:00,industrial1,industrial,test,0,0,low,57.0,1,15,IA-GTPF,11,0,2016-12-25 22:15:00+00:00,6.125,6.125,True,False,57.0,8.36748089347266,0.7995417574572714,8.631493349424161,17.389254023214118,8.36748089347266,0.7995417574572714,8.631493349424161,17.389254023214118,8.36748089347266,0.7995417574572714,8.631493349424161,17.389254023214118,False,False,0.0
185,2016-12-25 22:15:00+00:00,industrial1,industrial,test,1,0,low,57.0,1,15,IA-GTPF,11,0,2016-12-25 22:30:00+00:00,6.5,6.5,True,False,57.0,8.320183336128501,0.7995417574572714,8.486993680312729,15.340710141773851,8.320183336128501,0.7995417574572714,8.486993680312729,15.340710141773851,8.320183336128501,0.7995417574572714,8.486993680312729,15.340710141773851,False,False,0.0
186,2016-12-25 22:30:00+00:00,industrial1,industrial,test,1,0,low,57.0,1,15,IA-GTPF,11,0,2016-12-25 22:45:00+00:00,7.25,7.25,True,False,57.0,7.9273145364628474,0.7995417574572714,8.301798015779593,15.357425085319933,7.9273145364628474,0.7995417574572714,8.301798015779593,15.357425085319933,7.9273145364628474,0.7995417574572714,8.301798015779593,15.357425085319933,False,False,0.0
187,2016-12-25 22:45:00+00:00,industrial1,industrial,test,1,0,low,57.0,1,15,IA-GTPF,11,0,2016-12-25 23:00:00+00:00,5.5,5.5,True,False,57.0,8.549207689742078,0.7995417574572714,8.319433891982914,15.355406868407437,8.549207689742078,0.7995417574572714,8.319433891982914,15.355406868407437,8.549207689742078,0.7995417574572714,8.319433891982914,15.355406868407437,False,False,0.0
188,2016-12-25 23:00:00+00:00,industrial1,industrial,test,1,0,low,57.0,1,15,IA-GTPF,11,0,2016-12-25 23:15:00+00:00,9.125,9.125,True,False,57.0,8.543618859206727,0.798614936930823,8.995629713587565,14.91797197362165,8.543618859206727,0.798614936930823,8.995629713587565,14.91797197362165,8.543618859206727,0.798614936930823,8.995629713587565,14.91797197362165,False,False,0.0
189,2016-12-25 23:15:00+00:00,industrial1,industrial,test,1,0,low,57.0,1,15,IA-GTPF,11,0,2016-12-25 23:30:00+00:00,8.375,8.375,True,False,57.0,9.883206372400213,0.7494545095226697,8.429886789121943,14.782404172499096,9.883206372400213,0.7494545095226697,8.429886789121943,14.782404172499096,9.883206372400213,0.7494545095226697,8.429886789121943,14.782404172499096,False,False,0.0
190,2016-12-25 23:30:00+00:00,industrial1,industrial,test,1,0,low,57.0,1,15,IA-GTPF,11,0,2016-12-25 23:45:00+00:00,11.0,11.0,True,False,57.0,9.214583761106777,0.798614936930823,8.366826076129174,14.920258263653576,9.214583761106777,0.798614936930823,8.366826076129174,14.920258263653576,9.214583761106777,0.798614936930823,8.366826076129174,14.920258263653576,False,False,0.0
191,2016-12-25 23:45:00+00:00,industrial1,industrial,test,1,0,low,57.0,1,15,IA-GTPF,11,0,2016-12-26 00:00:00+00:00,15.875,15.875,True,False,57.0,10.412357921999394,0.7494545095226697,8.438925386265078,18.028285480009895,10.412357921999394,0.7494545095226697,8.438925386265078,18.028285480009895,10.412357921999394,0.7494545095226697,8.438925386265078,18.028285480009895,False,False,0.0
192,2016-12-26 00:00:00+00:00,industrial1,industrial,test,0,0,low,57.0,1,15,IA-GTPF,11,0,2016-12-26 00:15:00+00:00,23.125,23.125,True,False,57.0,11.644687593214604,1.8009423593521727,10.097588256176266,23.328928374114536,11.644687593214604,1.8009423593521727,10.097588256176266,23.328928374114536,11.644687593214604,1.8009423593521727,10.097588256176266,23.328928374114536,False,False,0.0
193,2016-12-26 00:15:00+00:00,industrial1,industrial,test,0,0,low,57.0,1,15,IA-GTPF,11,0,2016-12-26 00:30:00+00:00,7.875,7.875,True,False,57.0,16.192873401081023,1.8009423593521727,13.154084251754297,28.269672335398774,16.192873401081023,1.8009423593521727,13.154084251754297,28.269672335398774,16.192873401081023,1.8009423593521727,13.154084251754297,28.269672335398774,False,False,0.0
194,2016-12-26 00:30:00+00:00,industrial1,industrial,test,0,0,low,57.0,1,15,IA-GTPF,11,0,2016-12-26 00:45:00+00:00,7.5,7.5,True,False,57.0,10.817616214203738,0.8895645370117543,8.858041323712348,18.851934367145958,10.817616214203738,0.8895645370117543,8.858041323712348,18.851934367145958,10.817616214203738,0.8895645370117543,8.858041323712348,18.851934367145958,False,False,0.0
195,2016-12-26 00:45:00+00:00,industrial1,industrial,test,1,0,low,57.0,1,15,IA-GTPF,11,0,2016-12-26 01:00:00+00:00,15.25,15.25,True,False,57.0,10.933846774759724,0.798614936930823,9.436652528016978,18.732411215997082,10.933846774759724,0.798614936930823,9.436652528016978,18.732411215997082,10.933846774759724,0.798614936930823,9.436652528016978,18.732411215997082,False,False,0.0
196,2016-12-26 01:00:00+00:00,industrial1,industrial,test,0,0,low,57.0,1,15,IA-GTPF,11,0,2016-12-26 01:15:00+00:00,11.0,11.0,True,False,57.0,13.181380400625525,1.8009423593521727,11.034523327235986,24.726132312164378,13.181380400625525,1.8009423593521727,11.034523327235986,24.726132312164378,13.181380400625525,1.8009423593521727,11.034523327235986,24.726132312164378,False,False,0.0
197,2016-12-26 01:15:00+00:00,industrial1,industrial,test,0,0,low,57.0,1,15,IA-GTPF,11,0,2016-12-26 01:30:00+00:00,6.0,6.0,True,False,57.0,10.512331341192692,0.798614936930823,8.693553574910604,17.130822320821686,10.512331341192692,0.798614936930823,8.693553574910604,17.130822320821686,10.512331341192692,0.798614936930823,8.693553574910604,17.130822320821686,False,False,0.0
198,2016-12-26 01:30:00+00:00,industrial1,industrial,test,0,0,low,57.0,1,15,IA-GTPF,11,0,2016-12-26 01:45:00+00:00,6.25,6.25,True,False,57.0,8.902015233061183,0.798614936930823,8.693553574910604,16.2115335882959,8.902015233061183,0.798614936930823,8.693553574910604,16.2115335882959,8.902015233061183,0.798614936930823,8.693553574910604,16.2115335882959,False,False,0.0
199,2016-12-26 01:45:00+00:00,industrial1,industrial,test,1,0,low,57.0,1,15,IA-GTPF,11,0,2016-12-26 02:00:00+00:00,7.375,7.375,True,False,57.0,8.745377341405401,0.798614936930823,8.592791368439562,16.246035364286055,8.745377341405401,0.798614936930823,8.592791368439562,16.246035364286055,8.745377341405401,0.798614936930823,8.592791368439562,16.246035364286055,False,False,0.0
200,2016-12-26 02:00:00+00:00,industrial1,industrial,test,1,0,low,57.0,1,15,IA-GTPF,11,0,2016-12-26 02:15:00+00:00,6.875,6.875,True,False,57.0,8.94960347334691,0.798614936930823,8.500133483235967,16.91130900518402,8.94960347334691,0.798614936930823,8.500133483235967,16.91130900518402,8.94960347334691,0.798614936930823,8.500133483235967,16.91130900518402,False,False,0.0
201,2016-12-26 02:15:00+00:00,industrial1,industrial,test,1,0,low,57.0,1,15,IA-GTPF,11,0,2016-12-26 02:30:00+00:00,6.25,6.25,True,False,57.0,8.35279914687693,0.798614936930823,8.36633355777051,14.197829031785188,8.35279914687693,0.798614936930823,8.36633355777051,14.197829031785188,8.35279914687693,0.798614936930823,8.36633355777051,14.197829031785188,False,False,0.0
202,2016-12-26 02:30:00+00:00,industrial1,industrial,test,1,0,low,57.0,1,15,IA-GTPF,11,0,2016-12-26 02:45:00+00:00,8.125,8.125,True,False,57.0,8.501106581374167,0.798614936930823,8.36633355777051,14.193542326758893,8.501106581374167,0.798614936930823,8.36633355777051,14.193542326758893,8.501106581374167,0.798614936930823,8.36633355777051,14.193542326758893,False,False,0.0
203,2016-12-26 02:45:00+00:00,industrial1,industrial,test,1,0,low,57.0,1,15,IA-GTPF,11,0,2016-12-26 03:00:00+00:00,9.25,9.25,True,False,57.0,9.289399781751646,0.798614936930823,8.289155130273064,14.173623729514635,9.289399781751646,0.798614936930823,8.289155130273064,14.173623729514635,9.289399781751646,0.798614936930823,8.289155130273064,14.173623729514635,False,False,0.0
204,2016-12-26 03:00:00+00:00,industrial1,industrial,test,1,0,low,57.0,1,15,IA-GTPF,11,0,2016-12-26 03:15:00+00:00,8.375,8.375,True,False,57.0,9.724925324720623,0.798614936930823,8.49187599105501,14.371918480194335,9.724925324720623,0.798614936930823,8.49187599105501,14.371918480194335,9.724925324720623,0.798614936930823,8.49187599105501,14.371918480194335,False,False,0.0
205,2016-12-26 03:15:00+00:00,industrial1,industrial,test,1,0,low,57.0,1,15,IA-GTPF,11,0,2016-12-26 03:30:00+00:00,10.0,10.0,True,False,57.0,9.281135678321835,0.798614936930823,8.361348549443099,14.335834466870503,9.281135678321835,0.798614936930823,8.361348549443099,14.335834466870503,9.281135678321835,0.798614936930823,8.361348549443099,14.335834466870503,False,False,0.0
206,2016-12-26 03:30:00+00:00,industrial1,industrial,test,1,0,low,57.0,1,15,IA-GTPF,11,0,2016-12-26 03:45:00+00:00,6.125,6.125,True,False,57.0,9.844307438872995,0.798614936930823,8.3328605811535,14.173623729514635,9.844307438872995,0.798614936930823,8.3328605811535,14.173623729514635,9.844307438872995,0.798614936930823,8.3328605811535,14.173623729514635,False,False,0.0
207,2016-12-26 03:45:00+00:00,industrial1,industrial,test,0,0,low,57.0,1,15,IA-GTPF,11,0,2016-12-26 04:00:00+00:00,6.25,6.25,True,False,57.0,8.479354732446632,0.798614936930823,8.36280710097674,14.261752986961207,8.479354732446632,0.798614936930823,8.36280710097674,14.261752986961207,8.479354732446632,0.798614936930823,8.36280710097674,14.261752986961207,False,False,0.0
208,2016-12-26 04:00:00+00:00,industrial1,industrial,test,1,0,low,57.0,1,15,IA-GTPF,11,0,2016-12-26 04:15:00+00:00,5.125,5.125,True,False,57.0,8.611375612227071,0.798614936930823,8.402101625034147,14.20261963252725,8.611375612227071,0.798614936930823,8.402101625034147,14.20261963252725,8.611375612227071,0.798614936930823,8.402101625034147,14.20261963252725,False,False,0.0
209,2016-12-26 04:15:00+00:00,industrial1,industrial,test,1,0,low,57.0,1,15,IA-GTPF,11,0,2016-12-26 04:30:00+00:00,7.0,7.0,True,False,57.0,8.26980909808815,0.798614936930823,8.369579113269046,16.57333519011998,8.26980909808815,0.798614936930823,8.369579113269046,16.57333519011998,8.26980909808815,0.798614936930823,8.369579113269046,16.57333519011998,False,False,0.0
210,2016-12-26 04:30:00+00:00,industrial1,industrial,test,1,0,low,57.0,1,15,IA-GTPF,11,0,2016-12-26 04:45:00+00:00,7.125,7.125,True,False,57.0,8.291636962768232,0.798614936930823,8.289155130273064,14.506566107044392,8.291636962768232,0.798614936930823,8.289155130273064,14.506566107044392,8.291636962768232,0.798614936930823,8.289155130273064,14.506566107044392,False,False,0.0
211,2016-12-26 04:45:00+00:00,industrial1,industrial,test,1,0,low,57.0,1,15,IA-GTPF,11,0,2016-12-26 05:00:00+00:00,6.75,6.75,True,False,57.0,8.690906385857948,0.798614936930823,8.381481678201267,14.437268055231153,8.690906385857948,0.798614936930823,8.381481678201267,14.437268055231153,8.690906385857948,0.798614936930823,8.381481678201267,14.437268055231153,False,False,0.0
212,2016-12-26 05:00:00+00:00,industrial1,industrial,test,1,0,low,57.0,1,15,IA-GTPF,11,0,2016-12-26 05:15:00+00:00,9.375,9.375,True,False,57.0,8.206096931859543,0.798614936930823,8.408951087360528,14.954623413199743,8.206096931859543,0.798614936930823,8.408951087360528,14.954623413199743,8.206096931859543,0.798614936930823,8.408951087360528,14.954623413199743,False,False,0.0
213,2016-12-26 05:15:00+00:00,industrial1,industrial,test,1,0,low,57.0,1,15,IA-GTPF,11,0,2016-12-26 05:30:00+00:00,7.25,7.25,True,False,57.0,9.478404279524412,0.7494545095226697,8.425190367398047,15.020383771305163,9.478404279524412,0.7494545095226697,8.425190367398047,15.020383771305163,9.478404279524412,0.7494545095226697,8.425190367398047,15.020383771305163,False,False,0.0
214,2016-12-26 05:30:00+00:00,industrial1,industrial,test,1,0,low,57.0,1,15,IA-GTPF,11,0,2016-12-26 05:45:00+00:00,11.5,11.5,True,False,57.0,9.10934863292224,0.798614936930823,8.361348549443099,15.676692674877854,9.10934863292224,0.798614936930823,8.361348549443099,15.676692674877854,9.10934863292224,0.798614936930823,8.361348549443099,15.676692674877854,False,False,0.0
215,2016-12-26 05:45:00+00:00,industrial1,industrial,test,0,0,low,57.0,1,15,IA-GTPF,11,0,2016-12-26 06:00:00+00:00,16.5,16.5,True,False,57.0,10.573490232658921,0.7494545095226697,8.55624948079135,17.970135484720696,10.573490232658921,0.7494545095226697,8.55624948079135,17.970135484720696,10.573490232658921,0.7494545095226697,8.55624948079135,17.970135484720696,False,False,0.0
216,2016-12-26 06:00:00+00:00,industrial1,industrial,test,0,0,low,57.0,1,15,IA-GTPF,11,0,2016-12-26 06:15:00+00:00,23.25,23.25,True,False,57.0,12.827849022778947,1.8510296072867747,11.513382251164018,26.66018700721659,12.827849022778947,1.8510296072867747,11.513382251164018,26.66018700721659,12.827849022778947,1.8510296072867747,11.513382251164018,26.66018700721659,False,False,0.0
217,2016-12-26 06:15:00+00:00,industrial1,industrial,test,0,0,low,57.0,1,15,IA-GTPF,11,0,2016-12-26 06:30:00+00:00,6.25,6.25,True,False,57.0,16.951866873477936,1.8510296072867747,14.569878246742054,29.643518348738606,16.951866873477936,1.8510296072867747,14.569878246742054,29.643518348738606,16.951866873477936,1.8510296072867747,14.569878246742054,29.643518348738606,False,False,0.0
218,2016-12-26 06:30:00+00:00,industrial1,industrial,test,0,0,low,57.0,1,15,IA-GTPF,11,0,2016-12-26 06:45:00+00:00,6.75,6.75,True,False,57.0,9.29606522518645,0.970171744833977,7.144815371925249,19.87136635395282,9.29606522518645,0.970171744833977,7.144815371925249,19.87136635395282,9.29606522518645,0.970171744833977,7.144815371925249,19.87136635395282,False,False,0.0
219,2016-12-26 06:45:00+00:00,industrial1,industrial,test,1,0,low,57.0,1,15,IA-GTPF,11,0,2016-12-26 07:00:00+00:00,16.125,16.125,True,False,57.0,10.573733223886336,0.7995417574572714,10.550536511450375,20.19471229927005,10.573733223886336,0.7995417574572714,10.550536511450375,20.19471229927005,10.573733223886336,0.7995417574572714,10.550536511450375,20.19471229927005,False,False,0.0
220,2016-12-26 07:00:00+00:00,industrial1,industrial,test,0,0,low,57.0,1,15,IA-GTPF,11,0,2016-12-26 07:15:00+00:00,11.125,11.125,True,False,57.0,14.842642130463396,1.8510296072867747,13.48902537384864,27.53709394724907,14.842642130463396,1.8510296072867747,13.48902537384864,27.53709394724907,14.842642130463396,1.8510296072867747,13.48902537384864,27.53709394724907,False,False,0.0
221,2016-12-26 07:15:00+00:00,industrial1,industrial,test,0,0,low,57.0,1,15,IA-GTPF,11,0,2016-12-26 07:30:00+00:00,10.125,10.125,True,False,57.0,11.031680317490679,0.7995417574572714,8.919665350871076,20.201143239498904,11.031680317490679,0.7995417574572714,8.919665350871076,20.201143239498904,11.031680317490679,0.7995417574572714,8.919665350871076,20.201143239498904,False,False,0.0
222,2016-12-26 07:30:00+00:00,industrial1,industrial,test,1,0,low,57.0,1,15,IA-GTPF,11,0,2016-12-26 07:45:00+00:00,19.125,19.125,True,False,57.0,10.817916144348827,0.7995417574572714,9.142102724606737,18.018136853801234,10.817916144348827,0.7995417574572714,9.142102724606737,18.018136853801234,10.817916144348827,0.7995417574572714,9.142102724606737,18.018136853801234,False,False,0.0
223,2016-12-26 07:45:00+00:00,industrial1,industrial,test,0,0,medium,57.0,1,15,IA-GTPF,11,0,2016-12-26 08:00:00+00:00,21.0,21.0,True,False,57.0,15.898454347925695,1.8510296072867747,12.92658427784141,27.114471564791113,15.898454347925695,1.8510296072867747,12.92658427784141,27.114471564791113,15.898454347925695,1.8510296072867747,12.92658427784141,27.114471564791113,False,False,0.0
224,2016-12-26 08:00:00+00:00,industrial1,industrial,test,1,0,medium,57.0,1,15,IA-GTPF,11,0,2016-12-26 08:15:00+00:00,20.875,20.875,True,False,57.0,18.148764053449252,0.7995417574572714,15.79110916555094,30.19763995070298,18.148764053449252,0.7995417574572714,15.79110916555094,30.19763995070298,18.148764053449252,0.7995417574572714,15.79110916555094,30.19763995070298,False,False,0.0
225,2016-12-26 08:15:00+00:00,industrial1,industrial,test,1,0,medium,57.0,1,15,IA-GTPF,11,0,2016-12-26 08:30:00+00:00,15.25,15.25,True,False,57.0,18.84090067394006,0.7995417574572714,16.629988093636914,29.035494242365747,18.84090067394006,0.7995417574572714,16.629988093636914,29.035494242365747,18.84090067394006,0.7995417574572714,16.629988093636914,29.035494242365747,False,False,0.0
226,2016-12-26 08:30:00+00:00,industrial1,industrial,test,0,0,medium,57.0,1,15,IA-GTPF,11,0,2016-12-26 08:45:00+00:00,20.75,20.75,True,False,57.0,18.36916053251322,0.7995417574572714,17.421198126632333,26.318463893527067,18.36916053251322,0.7995417574572714,17.421198126632333,26.318463893527067,18.36916053251322,0.7995417574572714,17.421198126632333,26.318463893527067,False,False,0.0
227,2016-12-26 08:45:00+00:00,industrial1,industrial,test,0,0,medium,57.0,1,15,IA-GTPF,11,0,2016-12-26 09:00:00+00:00,23.875,23.875,True,False,57.0,22.919267720967273,1.8510296072867747,21.692942743508205,30.356087598702953,22.919267720967273,1.8510296072867747,21.692942743508205,30.356087598702953,22.919267720967273,1.8510296072867747,21.692942743508205,30.356087598702953,False,False,0.0
228,2016-12-26 09:00:00+00:00,industrial1,industrial,test,1,0,medium,57.0,1,15,IA-GTPF,11,0,2016-12-26 09:15:00+00:00,24.0,24.0,True,False,57.0,23.809795166951506,0.7995417574572714,21.755608978599614,39.2912955091092,23.809795166951506,0.7995417574572714,21.755608978599614,39.2912955091092,23.809795166951506,0.7995417574572714,21.755608978599614,39.2912955091092,False,False,0.0
229,2016-12-26 09:15:00+00:00,industrial1,industrial,test,1,0,medium,57.0,1,15,IA-GTPF,11,0,2016-12-26 09:30:00+00:00,24.125,24.125,True,False,57.0,24.690947936660706,0.7995417574572714,23.6565238828451,40.09283155056377,24.690947936660706,0.7995417574572714,23.6565238828451,40.09283155056377,24.690947936660706,0.7995417574572714,23.6565238828451,40.09283155056377,False,False,0.0
230,2016-12-26 09:30:00+00:00,industrial1,industrial,test,1,0,medium,57.0,1,15,IA-GTPF,11,0,2016-12-26 09:45:00+00:00,23.625,23.625,True,False,57.0,24.93390797156948,0.7995417574572714,23.72888147588972,38.05414517892459,24.93390797156948,0.7995417574572714,23.72888147588972,38.05414517892459,24.93390797156948,0.7995417574572714,23.72888147588972,38.05414517892459,False,False,0.0
231,2016-12-26 09:45:00+00:00,industrial1,industrial,test,1,0,medium,57.0,1,15,IA-GTPF,11,0,2016-12-26 10:00:00+00:00,25.0,25.0,True,False,57.0,27.14195961177095,0.7995417574572714,27.21536294837908,40.42937920223911,27.14195961177095,0.7995417574572714,27.21536294837908,40.42937920223911,27.14195961177095,0.7995417574572714,27.21536294837908,40.42937920223911,False,False,0.0
232,2016-12-26 10:00:00+00:00,industrial1,industrial,test,1,0,medium,57.0,1,15,IA-GTPF,11,0,2016-12-26 10:15:00+00:00,29.0,29.0,True,False,57.0,27.10547613055621,0.7995417574572714,27.501780741068472,40.54689625765879,27.10547613055621,0.7995417574572714,27.501780741068472,40.54689625765879,27.10547613055621,0.7995417574572714,27.501780741068472,40.54689625765879,False,False,0.0
233,2016-12-26 10:15:00+00:00,industrial1,industrial,test,0,0,high,57.0,1,15,IA-GTPF,11,0,2016-12-26 10:30:00+00:00,30.5,30.5,True,False,57.0,27.983121608784398,0.7995417574572714,28.95396874430457,44.40810326513618,27.983121608784398,0.7995417574572714,28.95396874430457,44.40810326513618,27.983121608784398,0.7995417574572714,28.95396874430457,44.40810326513618,False,False,0.0
234,2016-12-26 10:30:00+00:00,industrial1,industrial,test,1,0,medium,57.0,1,15,IA-GTPF,11,0,2016-12-26 10:45:00+00:00,23.0,23.0,True,False,57.0,29.305785546387277,0.7995417574572714,31.13870901950037,40.960922236609036,29.305785546387277,0.7995417574572714,31.13870901950037,40.960922236609036,29.305785546387277,0.7995417574572714,31.13870901950037,40.960922236609036,False,False,0.0
235,2016-12-26 10:45:00+00:00,industrial1,industrial,test,0,0,high,57.0,1,15,IA-GTPF,11,0,2016-12-26 11:00:00+00:00,22.875,22.875,True,False,57.0,26.006260637668305,0.7995417574572714,27.304746930144333,34.32830763561468,26.006260637668305,0.7995417574572714,27.304746930144333,34.32830763561468,26.006260637668305,0.7995417574572714,27.304746930144333,34.32830763561468,False,False,0.0
236,2016-12-26 11:00:00+00:00,industrial1,industrial,test,1,0,high,57.0,1,15,IA-GTPF,11,0,2016-12-26 11:15:00+00:00,45.5,45.5,True,False,57.0,26.607652073099768,0.7995417574572714,27.699749346222738,34.614076256199276,26.607652073099768,0.7995417574572714,27.699749346222738,34.614076256199276,26.607652073099768,0.7995417574572714,27.699749346222738,34.614076256199276,False,False,0.0
237,2016-12-26 11:15:00+00:00,industrial1,industrial,test,0,0,high,57.0,1,15,IA-GTPF,11,0,2016-12-26 11:30:00+00:00,42.75,42.75,True,False,57.0,41.58457130622899,2.07797501993726,43.39517179683588,54.50069753766484,41.58457130622899,2.07797501993726,43.39517179683588,54.50069753766484,41.58457130622899,2.07797501993726,43.39517179683588,54.50069753766484,False,False,0.0
238,2016-12-26 11:30:00+00:00,industrial1,industrial,test,1,0,high,57.0,1,15,IA-GTPF,11,0,2016-12-26 11:45:00+00:00,34.375,34.375,True,False,57.0,37.825661969272865,0.7842006990271528,36.51061011681389,50.0273469793772,37.825661969272865,0.7842006990271528,36.51061011681389,50.0273469793772,37.825661969272865,0.7842006990271528,36.51061011681389,50.0273469793772,False,False,0.0
239,2016-12-26 11:45:00+00:00,industrial1,industrial,test,0,0,high,57.0,1,15,IA-GTPF,11,0,2016-12-26 12:00:00+00:00,40.25,40.25,True,False,57.0,33.87472495784056,0.7995417574572714,33.185544870472924,45.947911581388304,33.87472495784056,0.7995417574572714,33.185544870472924,45.947911581388304,33.87472495784056,0.7995417574572714,33.185544870472924,45.947911581388304,False,False,0.0
240,2016-12-26 12:00:00+00:00,industrial1,industrial,test,0,0,high,57.0,1,15,IA-GTPF,11,0,2016-12-26 12:15:00+00:00,35.625,35.625,True,False,57.0,42.74629144371456,0.6859669389598719,40.69729739371738,57.47318763694615,42.74629144371456,0.6859669389598719,40.69729739371738,57.47318763694615,42.74629144371456,0.6859669389598719,40.69729739371738,57.47318763694615,False,False,0.0
241,2016-12-26 12:15:00+00:00,industrial1,industrial,test,0,0,high,57.0,1,15,IA-GTPF,11,0,2016-12-26 12:30:00+00:00,25.875,25.875,True,False,57.0,38.002728055678695,0.7995417574572714,36.91249004040769,48.1334762005378,38.002728055678695,0.7995417574572714,36.91249004040769,48.1334762005378,38.002728055678695,0.7995417574572714,36.91249004040769,48.1334762005378,False,False,0.0
242,2016-12-26 12:30:00+00:00,industrial1,industrial,test,0,0,high,57.0,1,15,IA-GTPF,11,0,2016-12-26 12:45:00+00:00,22.75,22.75,True,False,57.0,31.337454590893884,0.7995417574572714,31.36315362266112,50.953506216791794,31.337454590893884,0.7995417574572714,31.36315362266112,50.953506216791794,31.337454590893884,0.7995417574572714,31.36315362266112,50.953506216791794,False,False,0.0
243,2016-12-26 12:45:00+00:00,industrial1,industrial,test,1,0,medium,57.0,1,15,IA-GTPF,11,0,2016-12-26 13:00:00+00:00,41.0,41.0,True,False,57.0,27.45355363006997,0.7995417574572714,26.713581182119405,31.558835932680996,27.45355363006997,0.7995417574572714,26.713581182119405,31.558835932680996,27.45355363006997,0.7995417574572714,26.713581182119405,31.558835932680996,False,False,0.0
244,2016-12-26 13:00:00+00:00,industrial1,industrial,test,0,0,medium,57.0,1,15,IA-GTPF,11,0,2016-12-26 13:15:00+00:00,42.125,42.125,True,False,57.0,36.70724907389677,2.070278331964362,37.514592392737676,51.91213207864689,36.70724907389677,2.070278331964362,37.514592392737676,51.91213207864689,36.70724907389677,2.070278331964362,37.514592392737676,51.91213207864689,False,False,0.0
245,2016-12-26 13:15:00+00:00,industrial1,industrial,test,1,0,medium,57.0,1,15,IA-GTPF,11,0,2016-12-26 13:30:00+00:00,48.125,48.125,True,False,57.0,36.50528356222726,0.7995417574572714,34.1144086266126,51.33708099142688,36.50528356222726,0.7995417574572714,34.1144086266126,51.33708099142688,36.50528356222726,0.7995417574572714,34.1144086266126,51.33708099142688,False,False,0.0
246,2016-12-26 13:30:00+00:00,industrial1,industrial,test,0,0,medium,57.0,1,15,IA-GTPF,11,0,2016-12-26 13:45:00+00:00,42.0,42.0,True,False,57.0,39.57414643885496,0.5853266488693107,35.25860027233018,57.9853161212127,39.57414643885496,0.5853266488693107,35.25860027233018,57.9853161212127,39.57414643885496,0.5853266488693107,35.25860027233018,57.9853161212127,False,False,0.0
247,2016-12-26 13:45:00+00:00,industrial1,industrial,test,0,0,medium,57.0,1,15,IA-GTPF,11,0,2016-12-26 14:00:00+00:00,33.375,33.375,True,False,57.0,41.93022952449361,0.7995417574572714,42.79772867558045,61.685056373969935,41.93022952449361,0.7995417574572714,42.79772867558045,61.685056373969935,41.93022952449361,0.7995417574572714,42.79772867558045,61.685056373969935,False,False,0.0
248,2016-12-26 14:00:00+00:00,industrial1,industrial,test,0,0,medium,57.0,1,15,IA-GTPF,11,0,2016-12-26 14:15:00+00:00,31.5,31.5,True,False,57.0,37.133159649761296,0.7995417574572714,37.34253374497959,51.94024448981563,37.133159649761296,0.7995417574572714,37.34253374497959,51.94024448981563,37.133159649761296,0.7995417574572714,37.34253374497959,51.94024448981563,False,False,0.0
249,2016-12-26 14:15:00+00:00,industrial1,industrial,test,1,0,medium,57.0,1,15,IA-GTPF,11,0,2016-12-26 14:30:00+00:00,29.25,29.25,True,False,57.0,35.240039417558975,0.7995417574572714,34.25938499210117,52.363227834137255,35.240039417558975,0.7995417574572714,34.25938499210117,52.363227834137255,35.240039417558975,0.7995417574572714,34.25938499210117,52.363227834137255,False,False,0.0
250,2016-12-26 14:30:00+00:00,industrial1,industrial,test,1,0,medium,57.0,1,15,IA-GTPF,11,0,2016-12-26 14:45:00+00:00,24.125,24.125,True,False,57.0,33.5110973921345,0.7995417574572714,32.49925655017343,45.76032781784795,33.5110973921345,0.7995417574572714,32.49925655017343,45.76032781784795,33.5110973921345,0.7995417574572714,32.49925655017343,45.76032781784795,False,False,0.0
251,2016-12-26 14:45:00+00:00,industrial1,industrial,test,0,0,medium,57.0,1,15,IA-GTPF,11,0,2016-12-26 15:00:00+00:00,32.0,32.0,True,False,57.0,30.112424153993302,0.7995417574572714,30.386262411593034,39.993164738432775,30.112424153993302,0.7995417574572714,30.386262411593034,39.993164738432775,30.112424153993302,0.7995417574572714,30.386262411593034,39.993164738432775,False,False,0.0
252,2016-12-26 15:00:00+00:00,industrial1,industrial,test,0,0,medium,57.0,1,15,IA-GTPF,11,0,2016-12-26 15:15:00+00:00,28.25,28.25,True,False,57.0,32.05234228082914,0.6006677072994293,31.78325694124446,46.03230815372744,32.05234228082914,0.6006677072994293,31.78325694124446,46.03230815372744,32.05234228082914,0.6006677072994293,31.78325694124446,46.03230815372744,False,False,0.0
253,2016-12-26 15:15:00+00:00,industrial1,industrial,test,1,0,medium,57.0,1,15,IA-GTPF,11,0,2016-12-26 15:30:00+00:00,27.0,27.0,True,False,57.0,29.929866444984132,0.7995417574572714,29.013822400220327,45.72825611511225,29.929866444984132,0.7995417574572714,29.013822400220327,45.72825611511225,29.929866444984132,0.7995417574572714,29.013822400220327,45.72825611511225,False,False,0.0
254,2016-12-26 15:30:00+00:00,industrial1,industrial,test,1,0,low,57.0,1,15,IA-GTPF,11,0,2016-12-26 15:45:00+00:00,20.625,20.625,True,False,57.0,29.57799040936199,0.7995417574572714,28.92757626966832,46.21922697121654,29.57799040936199,0.7995417574572714,28.92757626966832,46.21922697121654,29.57799040936199,0.7995417574572714,28.92757626966832,46.21922697121654,False,False,0.0
255,2016-12-26 15:45:00+00:00,industrial1,industrial,test,0,0,low,57.0,1,15,IA-GTPF,11,0,2016-12-26 16:00:00+00:00,21.0,21.0,True,False,57.0,24.08478699170141,0.7995417574572714,23.637662439114713,35.60078268020351,24.08478699170141,0.7995417574572714,23.637662439114713,35.60078268020351,24.08478699170141,0.7995417574572714,23.637662439114713,35.60078268020351,False,False,0.0
256,2016-12-26 16:00:00+00:00,industrial1,industrial,test,1,0,low,57.0,1,15,IA-GTPF,11,0,2016-12-26 16:15:00+00:00,37.625,37.625,True,False,57.0,24.61338369474953,0.7995417574572714,24.405871894769238,35.02664699422829,24.61338369474953,0.7995417574572714,24.405871894769238,35.02664699422829,24.61338369474953,0.7995417574572714,24.405871894769238,35.02664699422829,False,False,0.0
257,2016-12-26 16:15:00+00:00,industrial1,industrial,test,0,0,low,57.0,1,15,IA-GTPF,11,0,2016-12-26 16:30:00+00:00,19.375,19.375,True,False,57.0,29.42251634525914,0.6006677072994293,28.242655853311323,49.54502663148527,29.42251634525914,0.6006677072994293,28.242655853311323,49.54502663148527,29.42251634525914,0.6006677072994293,28.242655853311323,49.54502663148527,False,False,0.0
258,2016-12-26 16:30:00+00:00,industrial1,industrial,test,0,0,low,57.0,1,15,IA-GTPF,11,0,2016-12-26 16:45:00+00:00,21.25,21.25,True,False,57.0,22.412488491773424,0.8885980504271687,21.35477428601884,29.462881000499166,22.412488491773424,0.8885980504271687,21.35477428601884,29.462881000499166,22.412488491773424,0.8885980504271687,21.35477428601884,29.462881000499166,False,False,0.0
259,2016-12-26 16:45:00+00:00,industrial1,industrial,test,1,0,low,57.0,1,15,IA-GTPF,11,0,2016-12-26 17:00:00+00:00,24.875,24.875,True,False,57.0,24.245436336307453,0.7995417574572714,24.548695761983808,30.63824757554294,24.245436336307453,0.7995417574572714,24.548695761983808,30.63824757554294,24.245436336307453,0.7995417574572714,24.548695761983808,30.63824757554294,False,False,0.0
260,2016-12-26 17:00:00+00:00,industrial1,industrial,test,1,0,low,57.0,1,15,IA-GTPF,11,0,2016-12-26 17:15:00+00:00,22.5,22.5,True,False,57.0,26.12660847541069,0.7995417574572714,24.68514290495308,39.90523560552869,26.12660847541069,0.7995417574572714,24.68514290495308,39.90523560552869,26.12660847541069,0.7995417574572714,24.68514290495308,39.90523560552869,False,False,0.0
261,2016-12-26 17:15:00+00:00,industrial1,industrial,test,1,0,low,57.0,1,15,IA-GTPF,11,0,2016-12-26 17:30:00+00:00,34.375,34.375,True,False,57.0,24.054001399272853,0.7995417574572714,23.734657809155333,31.626078947087255,24.054001399272853,0.7995417574572714,23.734657809155333,31.626078947087255,24.054001399272853,0.7995417574572714,23.734657809155333,31.626078947087255,False,False,0.0
262,2016-12-26 17:30:00+00:00,industrial1,industrial,test,0,0,low,57.0,1,15,IA-GTPF,11,0,2016-12-26 17:45:00+00:00,37.875,37.875,True,False,57.0,28.214906038155554,0.621477147419415,26.685418151680942,39.45007408753526,28.214906038155554,0.621477147419415,26.685418151680942,39.45007408753526,28.214906038155554,0.621477147419415,26.685418151680942,39.45007408753526,False,False,0.0
263,2016-12-26 17:45:00+00:00,industrial1,industrial,test,1,0,low,57.0,1,15,IA-GTPF,11,0,2016-12-26 18:00:00+00:00,34.0,34.0,True,False,57.0,29.101931803903156,0.7995417574572714,26.519113797319605,45.82568398061194,29.101931803903156,0.7995417574572714,26.519113797319605,45.82568398061194,29.101931803903156,0.7995417574572714,26.519113797319605,45.82568398061194,False,False,0.0
264,2016-12-26 18:00:00+00:00,industrial1,industrial,test,0,0,low,57.0,1,15,IA-GTPF,11,0,2016-12-26 18:15:00+00:00,36.5,36.5,True,False,57.0,28.499010495511616,0.7995417574572714,26.29068102762242,37.93705320633021,28.499010495511616,0.7995417574572714,26.29068102762242,37.93705320633021,28.499010495511616,0.7995417574572714,26.29068102762242,37.93705320633021,False,False,0.0
265,2016-12-26 18:15:00+00:00,industrial1,industrial,test,1,0,low,57.0,1,15,IA-GTPF,11,0,2016-12-26 18:30:00+00:00,23.25,23.25,True,False,57.0,35.61339722888441,0.7995417574572714,33.58388533955617,53.0450217883364,35.61339722888441,0.7995417574572714,33.58388533955617,53.0450217883364,35.61339722888441,0.7995417574572714,33.58388533955617,53.0450217883364,False,False,0.0
266,2016-12-26 18:30:00+00:00,industrial1,industrial,test,0,0,low,57.0,1,15,IA-GTPF,11,0,2016-12-26 18:45:00+00:00,19.875,19.875,True,False,57.0,26.03440382460327,0.7172441869324648,26.311761272976863,32.374474014484896,26.03440382460327,0.7172441869324648,26.311761272976863,32.374474014484896,26.03440382460327,0.7172441869324648,26.311761272976863,32.374474014484896,False,False,0.0
267,2016-12-26 18:45:00+00:00,industrial1,industrial,test,1,0,low,57.0,1,15,IA-GTPF,11,0,2016-12-26 19:00:00+00:00,29.375,29.375,True,False,57.0,23.30225232432567,0.7995417574572714,23.859763364063063,30.40292626218553,23.30225232432567,0.7995417574572714,23.859763364063063,30.40292626218553,23.30225232432567,0.7995417574572714,23.859763364063063,30.40292626218553,False,False,0.0
268,2016-12-26 19:00:00+00:00,industrial1,industrial,test,0,0,low,57.0,1,15,IA-GTPF,11,0,2016-12-26 19:15:00+00:00,37.75,37.75,True,False,57.0,26.241768704622423,0.621477147419415,24.587041020565078,37.2045763571739,26.241768704622423,0.621477147419415,24.587041020565078,37.2045763571739,26.241768704622423,0.621477147419415,24.587041020565078,37.2045763571739,False,False,0.0
269,2016-12-26 19:15:00+00:00,industrial1,industrial,test,0,0,low,57.0,1,15,IA-GTPF,11,0,2016-12-26 19:30:00+00:00,19.125,19.125,True,False,57.0,28.35510791626865,0.6236666413808118,26.879187588719684,44.270438957089624,28.35510791626865,0.6236666413808118,26.879187588719684,44.270438957089624,28.35510791626865,0.6236666413808118,26.879187588719684,44.270438957089624,False,False,0.0
270,2016-12-26 19:30:00+00:00,industrial1,industrial,test,0,0,low,57.0,1,15,IA-GTPF,11,0,2016-12-26 19:45:00+00:00,18.5,18.5,True,False,57.0,19.104127028383505,0.8907875443885657,15.670898255471405,30.843745894603824,19.104127028383505,0.8907875443885657,15.670898255471405,30.843745894603824,19.104127028383505,0.8907875443885657,15.670898255471405,30.843745894603824,False,False,0.0
271,2016-12-26 19:45:00+00:00,industrial1,industrial,test,1,0,low,57.0,1,15,IA-GTPF,11,0,2016-12-26 20:00:00+00:00,20.0,20.0,True,False,57.0,20.85071956392212,0.8017312514186684,19.26733178528341,30.69475624709102,20.85071956392212,0.8017312514186684,19.26733178528341,30.69475624709102,20.85071956392212,0.8017312514186684,19.26733178528341,30.69475624709102,False,False,0.0
272,2016-12-26 20:00:00+00:00,industrial1,industrial,test,1,0,low,57.0,1,15,IA-GTPF,11,0,2016-12-26 20:15:00+00:00,20.875,20.875,True,False,57.0,21.27995797025314,0.8017312514186684,20.982994098676368,32.613978387031125,21.27995797025314,0.8017312514186684,20.982994098676368,32.613978387031125,21.27995797025314,0.8017312514186684,20.982994098676368,32.613978387031125,False,False,0.0
273,2016-12-26 20:15:00+00:00,industrial1,industrial,test,1,0,low,57.0,1,15,IA-GTPF,11,0,2016-12-26 20:30:00+00:00,23.875,23.875,True,False,57.0,21.54231314866711,0.7995417574572714,21.52965975765925,31.73480195976528,21.54231314866711,0.7995417574572714,21.52965975765925,31.73480195976528,21.54231314866711,0.7995417574572714,21.52965975765925,31.73480195976528,False,False,0.0
274,2016-12-26 20:30:00+00:00,industrial1,industrial,test,1,0,low,57.0,1,15,IA-GTPF,11,0,2016-12-26 20:45:00+00:00,19.25,19.25,True,False,57.0,21.754666816199457,0.7995417574572714,22.214326190514484,35.907801052428624,21.754666816199457,0.7995417574572714,22.214326190514484,35.907801052428624,21.754666816199457,0.7995417574572714,22.214326190514484,35.907801052428624,False,False,0.0
275,2016-12-26 20:45:00+00:00,industrial1,industrial,test,0,0,low,57.0,1,15,IA-GTPF,11,0,2016-12-26 21:00:00+00:00,20.0,20.0,True,False,57.0,20.182282559174727,0.7995417574572714,18.62317153026489,25.046188133065456,20.182282559174727,0.7995417574572714,18.62317153026489,25.046188133065456,20.182282559174727,0.7995417574572714,18.62317153026489,25.046188133065456,False,False,0.0
276,2016-12-26 21:00:00+00:00,industrial1,industrial,test,1,0,low,57.0,1,15,IA-GTPF,11,0,2016-12-26 21:15:00+00:00,21.625,21.625,True,False,57.0,21.274126677657243,0.7995417574572714,21.02738444633647,29.371507611813392,21.274126677657243,0.7995417574572714,21.02738444633647,29.371507611813392,21.274126677657243,0.7995417574572714,21.02738444633647,29.371507611813392,False,False,0.0
277,2016-12-26 21:15:00+00:00,industrial1,industrial,test,1,0,low,57.0,1,15,IA-GTPF,11,0,2016-12-26 21:30:00+00:00,19.75,19.75,True,False,57.0,21.36750610370421,0.7995417574572714,21.009859250087658,31.262146862247945,21.36750610370421,0.7995417574572714,21.009859250087658,31.262146862247945,21.36750610370421,0.7995417574572714,21.009859250087658,31.262146862247945,False,False,0.0
278,2016-12-26 21:30:00+00:00,industrial1,industrial,test,1,0,low,57.0,1,15,IA-GTPF,11,0,2016-12-26 21:45:00+00:00,22.5,22.5,True,False,57.0,21.624364821931923,0.7995417574572714,21.00016698248547,27.569273012482427,21.624364821931923,0.7995417574572714,21.00016698248547,27.569273012482427,21.624364821931923,0.7995417574572714,21.00016698248547,27.569273012482427,False,False,0.0
279,2016-12-26 21:45:00+00:00,industrial1,industrial,test,1,0,low,57.0,1,15,IA-GTPF,11,0,2016-12-26 22:00:00+00:00,15.75,15.75,True,False,57.0,22.382568080234634,0.7995417574572714,22.90618302306944,28.298861541172794,22.382568080234634,0.7995417574572714,22.90618302306944,28.298861541172794,22.382568080234634,0.7995417574572714,22.90618302306944,28.298861541172794,False,False,0.0
280,2016-12-26 22:00:00+00:00,industrial1,industrial,test,0,0,low,57.0,1,15,IA-GTPF,11,0,2016-12-26 22:15:00+00:00,15.625,15.625,True,False,57.0,18.29048860080692,0.7995417574572714,16.990121217072957,27.83002011766139,18.29048860080692,0.7995417574572714,16.990121217072957,27.83002011766139,18.29048860080692,0.7995417574572714,16.990121217072957,27.83002011766139,False,False,0.0
281,2016-12-26 22:15:00+00:00,industrial1,industrial,test,1,0,low,57.0,1,15,IA-GTPF,11,0,2016-12-26 22:30:00+00:00,17.625,17.625,True,False,57.0,17.944032365620927,0.7995417574572714,17.108808650533874,27.0517472164931,17.944032365620927,0.7995417574572714,17.108808650533874,27.0517472164931,17.944032365620927,0.7995417574572714,17.108808650533874,27.0517472164931,False,False,0.0
282,2016-12-26 22:30:00+00:00,industrial1,industrial,test,1,0,low,57.0,1,15,IA-GTPF,11,0,2016-12-26 22:45:00+00:00,14.875,14.875,True,False,57.0,17.709284754053897,0.7995417574572714,17.089711619971858,26.886645717086015,17.709284754053897,0.7995417574572714,17.089711619971858,26.886645717086015,17.709284754053897,0.7995417574572714,17.089711619971858,26.886645717086015,False,False,0.0
283,2016-12-26 22:45:00+00:00,industrial1,industrial,test,1,0,low,57.0,1,15,IA-GTPF,11,0,2016-12-26 23:00:00+00:00,19.125,19.125,True,False,57.0,16.055109738181443,0.7995417574572714,15.839356641203961,23.53031604418624,16.055109738181443,0.7995417574572714,15.839356641203961,23.53031604418624,16.055109738181443,0.7995417574572714,15.839356641203961,23.53031604418624,False,False,0.0
284,2016-12-26 23:00:00+00:00,industrial1,industrial,test,0,0,low,57.0,1,15,IA-GTPF,11,0,2016-12-26 23:15:00+00:00,16.625,16.625,True,False,57.0,17.47415874940088,0.8843583556169559,16.828562291663104,24.522758721084408,17.47415874940088,0.8843583556169559,16.828562291663104,24.522758721084408,17.47415874940088,0.8843583556169559,16.828562291663104,24.522758721084408,False,False,0.0
285,2016-12-26 23:15:00+00:00,industrial1,industrial,test,1,0,low,57.0,1,15,IA-GTPF,11,0,2016-12-26 23:30:00+00:00,19.125,19.125,True,False,57.0,17.55810314789253,0.798614936930823,17.018966584915947,25.423437809562454,17.55810314789253,0.798614936930823,17.018966584915947,25.423437809562454,17.55810314789253,0.798614936930823,17.018966584915947,25.423437809562454,False,False,0.0
286,2016-12-26 23:30:00+00:00,industrial1,industrial,test,1,0,low,57.0,1,15,IA-GTPF,11,0,2016-12-26 23:45:00+00:00,20.875,20.875,True,False,57.0,17.604873656334185,0.7494545095226697,16.711124290764797,24.47635936073445,17.604873656334185,0.7494545095226697,16.711124290764797,24.47635936073445,17.604873656334185,0.7494545095226697,16.711124290764797,24.47635936073445,False,False,0.0
287,2016-12-26 23:45:00+00:00,industrial1,industrial,test,1,0,low,57.0,1,15,IA-GTPF,11,0,2016-12-27 00:00:00+00:00,30.0,30.0,True,False,57.0,19.396093539124067,0.798614936930823,19.064658190548002,28.98313276164495,19.396093539124067,0.798614936930823,19.064658190548002,28.98313276164495,19.396093539124067,0.798614936930823,19.064658190548002,28.98313276164495,False,False,0.0
288,2016-12-27 00:00:00+00:00,industrial1,industrial,test,0,0,low,57.0,1,15,IA-GTPF,11,0,2016-12-27 00:15:00+00:00,44.375,44.375,True,False,57.0,21.37685671493821,0.735286236126856,20.283571131861656,38.63338947185269,21.37685671493821,0.735286236126856,20.283571131861656,38.63338947185269,21.37685671493821,0.735286236126856,20.283571131861656,38.63338947185269,False,False,0.0
289,2016-12-27 00:15:00+00:00,industrial1,industrial,test,0,0,low,57.0,1,15,IA-GTPF,11,0,2016-12-27 00:30:00+00:00,30.875,30.875,True,False,57.0,31.17552254400714,0.5560488410546945,28.47181904489072,46.23832489851929,31.17552254400714,0.5560488410546945,28.47181904489072,46.23832489851929,31.17552254400714,0.5560488410546945,28.47181904489072,46.23832489851929,False,False,0.0
290,2016-12-27 00:30:00+00:00,industrial1,industrial,test,0,0,low,57.0,1,15,IA-GTPF,11,0,2016-12-27 00:45:00+00:00,16.75,16.75,True,False,57.0,26.415628113698883,0.47413142972957334,23.448093496132223,38.49211859899096,26.415628113698883,0.47413142972957334,23.448093496132223,38.49211859899096,26.415628113698883,0.47413142972957334,23.448093496132223,38.49211859899096,False,False,0.0
291,2016-12-27 00:45:00+00:00,industrial1,industrial,test,0,0,low,57.0,1,15,IA-GTPF,11,0,2016-12-27 01:00:00+00:00,24.25,24.25,True,False,57.0,18.675252241405698,0.424419413658833,16.376269141815428,30.219420458149248,18.675252241405698,0.424419413658833,16.376269141815428,30.219420458149248,18.675252241405698,0.424419413658833,16.376269141815428,30.219420458149248,False,False,0.0
292,2016-12-27 01:00:00+00:00,industrial1,industrial,test,0,0,low,57.0,1,15,IA-GTPF,11,0,2016-12-27 01:15:00+00:00,20.625,20.625,True,False,57.0,22.013680821717617,0.5560488410546945,20.640248104912136,34.6105620435111,22.013680821717617,0.5560488410546945,20.640248104912136,34.6105620435111,22.013680821717617,0.5560488410546945,20.640248104912136,34.6105620435111,False,False,0.0
293,2016-12-27 01:15:00+00:00,industrial1,industrial,test,1,0,low,57.0,1,15,IA-GTPF,11,0,2016-12-27 01:30:00+00:00,15.25,15.25,True,False,57.0,20.20904220277096,0.798614936930823,19.857991126034218,29.488200375206624,20.20904220277096,0.798614936930823,19.857991126034218,29.488200375206624,20.20904220277096,0.798614936930823,19.857991126034218,29.488200375206624,False,False,0.0
294,2016-12-27 01:30:00+00:00,industrial1,industrial,test,0,0,low,57.0,1,15,IA-GTPF,11,0,2016-12-27 01:45:00+00:00,16.5,16.5,True,False,57.0,17.86715773130152,0.798614936930823,17.258741782330745,26.95013482651161,17.86715773130152,0.798614936930823,17.258741782330745,26.95013482651161,17.86715773130152,0.798614936930823,17.258741782330745,26.95013482651161,False,False,0.0
295,2016-12-27 01:45:00+00:00,industrial1,industrial,test,1,0,low,57.0,1,15,IA-GTPF,11,0,2016-12-27 02:00:00+00:00,14.5,14.5,True,False,57.0,17.72611257325694,0.798614936930823,17.098223873916353,26.670023629246465,17.72611257325694,0.798614936930823,17.098223873916353,26.670023629246465,17.72611257325694,0.798614936930823,17.098223873916353,26.670023629246465,False,False,0.0
296,2016-12-27 02:00:00+00:00,industrial1,industrial,test,1,0,low,57.0,1,15,IA-GTPF,11,0,2016-12-27 02:15:00+00:00,15.125,15.125,True,False,57.0,16.935207160693412,0.798614936930823,16.885954200907886,29.817128205913633,16.935207160693412,0.798614936930823,16.885954200907886,29.817128205913633,16.935207160693412,0.798614936930823,16.885954200907886,29.817128205913633,False,False,0.0
297,2016-12-27 02:15:00+00:00,industrial1,industrial,test,1,0,low,57.0,1,15,IA-GTPF,11,0,2016-12-27 02:30:00+00:00,14.625,14.625,True,False,57.0,15.633987663324215,0.798614936930823,15.658280440274128,26.394575634197338,15.633987663324215,0.798614936930823,15.658280440274128,26.394575634197338,15.633987663324215,0.798614936930823,15.658280440274128,26.394575634197338,False,False,0.0
298,2016-12-27 02:30:00+00:00,industrial1,industrial,test,1,0,low,57.0,1,15,IA-GTPF,11,0,2016-12-27 02:45:00+00:00,17.25,17.25,True,False,57.0,15.460230379583557,0.798614936930823,15.7616391224032,26.02640340026256,15.460230379583557,0.798614936930823,15.7616391224032,26.02640340026256,15.460230379583557,0.798614936930823,15.7616391224032,26.02640340026256,False,False,0.0
299,2016-12-27 02:45:00+00:00,industrial1,industrial,test,1,0,low,57.0,1,15,IA-GTPF,11,0,2016-12-27 03:00:00+00:00,22.5,22.5,True,False,57.0,15.843514517771418,0.7494545095226697,15.7767904811503,22.466214092937406,15.843514517771418,0.7494545095226697,15.7767904811503,22.466214092937406,15.843514517771418,0.7494545095226697,15.7767904811503,22.466214092937406,False,False,0.0
300,2016-12-27 03:00:00+00:00,industrial1,industrial,test,0,0,low,57.0,1,15,IA-GTPF,11,0,2016-12-27 03:15:00+00:00,19.625,19.625,True,False,57.0,18.897250501794137,0.5713898994848131,18.715806824835404,28.283360151573312,18.897250501794137,0.5713898994848131,18.715806824835404,28.283360151573312,18.897250501794137,0.5713898994848131,18.715806824835404,28.283360151573312,False,False,0.0
301,2016-12-27 03:15:00+00:00,industrial1,industrial,test,1,0,low,57.0,1,15,IA-GTPF,11,0,2016-12-27 03:30:00+00:00,19.125,19.125,True,False,57.0,18.567331123807133,0.798614936930823,18.882194483208412,29.227615640130786,18.567331123807133,0.798614936930823,18.882194483208412,29.227615640130786,18.567331123807133,0.798614936930823,18.882194483208412,29.227615640130786,False,False,0.0
302,2016-12-27 03:30:00+00:00,industrial1,industrial,test,1,0,low,57.0,1,15,IA-GTPF,11,0,2016-12-27 03:45:00+00:00,14.0,14.0,True,False,57.0,18.012984147629737,0.798614936930823,16.834848057806475,26.59375722827867,18.012984147629737,0.798614936930823,16.834848057806475,26.59375722827867,18.012984147629737,0.798614936930823,16.834848057806475,26.59375722827867,False,False,0.0
303,2016-12-27 03:45:00+00:00,industrial1,industrial,test,0,0,low,57.0,1,15,IA-GTPF,11,0,2016-12-27 04:00:00+00:00,13.75,13.75,True,False,57.0,16.084074566906054,0.798614936930823,16.235385887453653,20.537760869756116,16.084074566906054,0.798614936930823,16.235385887453653,20.537760869756116,16.084074566906054,0.798614936930823,16.235385887453653,20.537760869756116,False,False,0.0
304,2016-12-27 04:00:00+00:00,industrial1,industrial,test,1,0,low,57.0,1,15,IA-GTPF,11,0,2016-12-27 04:15:00+00:00,14.875,14.875,True,False,57.0,15.692665162024582,0.798614936930823,16.22792756096546,20.221844945734627,15.692665162024582,0.798614936930823,16.22792756096546,20.221844945734627,15.692665162024582,0.798614936930823,16.22792756096546,20.221844945734627,False,False,0.0
305,2016-12-27 04:15:00+00:00,industrial1,industrial,test,1,0,low,57.0,1,15,IA-GTPF,11,0,2016-12-27 04:30:00+00:00,16.375,16.375,True,False,57.0,15.973200362782812,0.798614936930823,16.97475829197313,26.403450991905242,15.973200362782812,0.798614936930823,16.97475829197313,26.403450991905242,15.973200362782812,0.798614936930823,16.97475829197313,26.403450991905242,False,False,0.0
306,2016-12-27 04:30:00+00:00,industrial1,industrial,test,1,0,low,57.0,1,15,IA-GTPF,11,0,2016-12-27 04:45:00+00:00,13.875,13.875,True,False,57.0,16.204893408627854,0.798614936930823,15.843476104807264,23.24887897989293,16.204893408627854,0.798614936930823,15.843476104807264,23.24887897989293,16.204893408627854,0.798614936930823,15.843476104807264,23.24887897989293,False,False,0.0
307,2016-12-27 04:45:00+00:00,industrial1,industrial,test,1,0,low,57.0,1,15,IA-GTPF,11,0,2016-12-27 05:00:00+00:00,13.625,13.625,True,False,57.0,16.06679038836483,0.798614936930823,15.295307656209713,17.707499322744916,16.06679038836483,0.798614936930823,15.295307656209713,17.707499322744916,16.06679038836483,0.798614936930823,15.295307656209713,17.707499322744916,False,False,0.0
308,2016-12-27 05:00:00+00:00,industrial1,industrial,test,1,0,low,57.0,1,15,IA-GTPF,11,0,2016-12-27 05:15:00+00:00,15.375,15.375,True,False,57.0,15.993113617909431,0.798614936930823,15.294219734919295,17.757489543806603,15.993113617909431,0.798614936930823,15.294219734919295,17.757489543806603,15.993113617909431,0.798614936930823,15.294219734919295,17.757489543806603,False,False,0.0
309,2016-12-27 05:15:00+00:00,industrial1,industrial,test,1,0,low,57.0,1,15,IA-GTPF,11,0,2016-12-27 05:30:00+00:00,18.375,18.375,True,False,57.0,16.5186990812148,0.798614936930823,16.4505506426516,23.614707604781273,16.5186990812148,0.798614936930823,16.4505506426516,23.614707604781273,16.5186990812148,0.798614936930823,16.4505506426516,23.614707604781273,False,False,0.0
310,2016-12-27 05:30:00+00:00,industrial1,industrial,test,1,0,low,57.0,1,15,IA-GTPF,11,0,2016-12-27 05:45:00+00:00,23.5,23.5,True,False,57.0,17.241831899359894,0.7494545095226697,16.836875633343915,26.636465664422914,17.241831899359894,0.7494545095226697,16.836875633343915,26.636465664422914,17.241831899359894,0.7494545095226697,16.836875633343915,26.636465664422914,False,False,0.0
311,2016-12-27 05:45:00+00:00,industrial1,industrial,test,0,0,low,57.0,1,15,IA-GTPF,11,0,2016-12-27 06:00:00+00:00,43.0,43.0,True,False,57.0,21.332858151513452,0.9517603499351197,20.432726548211345,36.63615145696659,21.332858151513452,0.9517603499351197,20.432726548211345,36.63615145696659,21.332858151513452,0.9517603499351197,20.432726548211345,36.63615145696659,False,False,0.0
312,2016-12-27 06:00:00+00:00,industrial1,industrial,test,0,0,low,57.0,1,15,IA-GTPF,11,0,2016-12-27 06:15:00+00:00,35.125,35.125,True,False,57.0,28.542058688505506,0.4532451356889871,28.10342467067092,48.47187155479414,28.542058688505506,0.4532451356889871,28.10342467067092,48.47187155479414,28.542058688505506,0.4532451356889871,28.10342467067092,48.47187155479414,False,False,0.0
313,2016-12-27 06:15:00+00:00,industrial1,industrial,test,0,0,low,57.0,1,15,IA-GTPF,11,0,2016-12-27 06:30:00+00:00,21.875,21.875,True,False,57.0,26.382490325869,0.7842006990271528,23.779668408023735,37.771035408216946,26.382490325869,0.7842006990271528,23.779668408023735,37.771035408216946,26.382490325869,0.7842006990271528,23.779668408023735,37.771035408216946,False,False,0.0
314,2016-12-27 06:30:00+00:00,industrial1,industrial,test,0,0,low,57.0,1,15,IA-GTPF,11,0,2016-12-27 06:45:00+00:00,25.75,25.75,True,False,57.0,22.455081128864908,0.541427414161062,21.665165736230374,31.84583376934132,22.455081128864908,0.541427414161062,21.665165736230374,31.84583376934132,22.455081128864908,0.541427414161062,21.665165736230374,31.84583376934132,False,False,0.0
315,2016-12-27 06:45:00+00:00,industrial1,industrial,test,0,0,low,57.0,1,15,IA-GTPF,11,0,2016-12-27 07:00:00+00:00,31.375,31.375,True,False,57.0,25.972297198944887,0.7995417574572714,24.94431743614069,37.22324672647791,25.972297198944887,0.7995417574572714,24.94431743614069,37.22324672647791,25.972297198944887,0.7995417574572714,24.94431743614069,37.22324672647791,False,False,0.0
316,2016-12-27 07:00:00+00:00,industrial1,industrial,test,0,0,low,57.0,1,15,IA-GTPF,11,0,2016-12-27 07:15:00+00:00,25.75,25.75,True,False,57.0,27.902788564709965,0.621477147419415,27.252519879759134,38.65696920705641,27.902788564709965,0.621477147419415,27.252519879759134,38.65696920705641,27.902788564709965,0.621477147419415,27.252519879759134,38.65696920705641,False,False,0.0
317,2016-12-27 07:15:00+00:00,industrial1,industrial,test,0,0,low,57.0,1,15,IA-GTPF,11,0,2016-12-27 07:30:00+00:00,22.25,22.25,True,False,57.0,25.596757115683808,0.7995417574572714,24.64970271403017,37.070724932452514,25.596757115683808,0.7995417574572714,24.64970271403017,37.070724932452514,25.596757115683808,0.7995417574572714,24.64970271403017,37.070724932452514,False,False,0.0
318,2016-12-27 07:30:00+00:00,industrial1,industrial,test,1,0,low,57.0,1,15,IA-GTPF,11,0,2016-12-27 07:45:00+00:00,25.875,25.875,True,False,57.0,23.693918429053806,0.7995417574572714,22.954859882993144,32.0920542495485,23.693918429053806,0.7995417574572714,22.954859882993144,32.0920542495485,23.693918429053806,0.7995417574572714,22.954859882993144,32.0920542495485,False,False,0.0
319,2016-12-27 07:45:00+00:00,industrial1,industrial,test,1,0,medium,57.0,1,15,IA-GTPF,11,0,2016-12-27 08:00:00+00:00,27.375,27.375,True,False,57.0,26.095258924331915,0.7995417574572714,24.724280835753344,37.50668853619929,26.095258924331915,0.7995417574572714,24.724280835753344,37.50668853619929,26.095258924331915,0.7995417574572714,24.724280835753344,37.50668853619929,False,False,0.0
320,2016-12-27 08:00:00+00:00,industrial1,industrial,test,1,0,medium,57.0,1,15,IA-GTPF,11,0,2016-12-27 08:15:00+00:00,26.625,26.625,True,False,57.0,26.833293369454825,0.7995417574572714,24.11299046493025,46.20708495794763,26.833293369454825,0.7995417574572714,24.11299046493025,46.20708495794763,26.833293369454825,0.7995417574572714,24.11299046493025,46.20708495794763,False,False,0.0
321,2016-12-27 08:15:00+00:00,industrial1,industrial,test,1,0,medium,57.0,1,15,IA-GTPF,11,0,2016-12-27 08:30:00+00:00,24.0,24.0,True,False,57.0,27.56151530595717,0.7995417574572714,25.94317378053454,44.35928363223364,27.56151530595717,0.7995417574572714,25.94317378053454,44.35928363223364,27.56151530595717,0.7995417574572714,25.94317378053454,44.35928363223364,False,False,0.0
322,2016-12-27 08:30:00+00:00,industrial1,industrial,test,1,0,medium,57.0,1,15,IA-GTPF,11,0,2016-12-27 08:45:00+00:00,23.875,23.875,True,False,57.0,28.888719317143675,0.7995417574572714,29.277478646889797,41.86435704423785,28.888719317143675,0.7995417574572714,29.277478646889797,41.86435704423785,28.888719317143675,0.7995417574572714,29.277478646889797,41.86435704423785,False,False,0.0
323,2016-12-27 08:45:00+00:00,industrial1,industrial,test,1,0,medium,57.0,1,15,IA-GTPF,11,0,2016-12-27 09:00:00+00:00,26.75,26.75,True,False,57.0,28.857866749991373,0.7995417574572714,29.31533239275827,42.25763385171362,28.857866749991373,0.7995417574572714,29.31533239275827,42.25763385171362,28.857866749991373,0.7995417574572714,29.31533239275827,42.25763385171362,False,False,0.0
324,2016-12-27 09:00:00+00:00,industrial1,industrial,test,1,0,medium,57.0,1,15,IA-GTPF,11,0,2016-12-27 09:15:00+00:00,26.5,26.5,True,False,57.0,29.66355018765131,0.7995417574572714,29.494394456682578,48.13841150814552,29.66355018765131,0.7995417574572714,29.494394456682578,48.13841150814552,29.66355018765131,0.7995417574572714,29.494394456682578,48.13841150814552,False,False,0.0
325,2016-12-27 09:15:00+00:00,industrial1,industrial,test,1,0,medium,57.0,1,15,IA-GTPF,11,0,2016-12-27 09:30:00+00:00,30.25,30.25,True,False,57.0,29.55929081748645,0.7995417574572714,29.47409685503738,42.63827353656304,29.55929081748645,0.7995417574572714,29.47409685503738,42.63827353656304,29.55929081748645,0.7995417574572714,29.47409685503738,42.63827353656304,False,False,0.0
326,2016-12-27 09:30:00+00:00,industrial1,industrial,test,1,0,medium,57.0,1,15,IA-GTPF,11,0,2016-12-27 09:45:00+00:00,23.75,23.75,True,False,57.0,31.806199652068216,0.7995417574572714,31.426448304243447,43.11167692820055,31.806199652068216,0.7995417574572714,31.426448304243447,43.11167692820055,31.806199652068216,0.7995417574572714,31.426448304243447,43.11167692820055,False,False,0.0
327,2016-12-27 09:45:00+00:00,industrial1,industrial,test,0,0,medium,57.0,1,15,IA-GTPF,11,0,2016-12-27 10:00:00+00:00,31.875,31.875,True,False,57.0,29.803962825783458,0.7995417574572714,31.054103478156513,41.01235452602586,29.803962825783458,0.7995417574572714,31.054103478156513,41.01235452602586,29.803962825783458,0.7995417574572714,31.054103478156513,41.01235452602586,False,False,0.0
328,2016-12-27 10:00:00+00:00,industrial1,industrial,test,0,0,medium,57.0,1,15,IA-GTPF,11,0,2016-12-27 10:15:00+00:00,55.5,55.5,True,False,57.0,33.07912053982527,0.5159833028569771,33.60438392371613,44.54176703839607,33.07912053982527,0.5159833028569771,33.60438392371613,44.54176703839607,33.07912053982527,0.5159833028569771,33.60438392371613,44.54176703839607,False,False,0.0
329,2016-12-27 10:15:00+00:00,industrial1,industrial,test,0,0,high,57.0,1,15,IA-GTPF,11,0,2016-12-27 10:30:00+00:00,55.875,55.875,True,False,57.0,43.732103175092135,1.9132622356228313,43.282734110862705,58.27360618365942,43.732103175092135,1.9132622356228313,43.282734110862705,58.27360618365942,43.732103175092135,1.9132622356228313,43.282734110862705,58.27360618365942,False,False,0.0
330,2016-12-27 10:30:00+00:00,industrial1,industrial,test,1,0,high,57.0,1,15,IA-GTPF,11,0,2016-12-27 10:45:00+00:00,42.125,42.125,True,False,57.0,43.02750568383142,0.6513750073018891,40.94295688210912,52.92308687283918,43.02750568383142,0.6513750073018891,40.94295688210912,52.92308687283918,43.02750568383142,0.6513750073018891,40.94295688210912,52.92308687283918,False,False,0.0
331,2016-12-27 10:45:00+00:00,industrial1,industrial,test,0,0,high,57.0,1,15,IA-GTPF,11,0,2016-12-27 11:00:00+00:00,35.625,35.625,True,False,57.0,42.72177011996553,0.542167546828603,41.001356048237405,55.44645137709349,42.72177011996553,0.542167546828603,41.001356048237405,55.44645137709349,42.72177011996553,0.542167546828603,41.001356048237405,55.44645137709349,False,False,0.0
332,2016-12-27 11:00:00+00:00,industrial1,industrial,test,0,0,high,57.0,1,15,IA-GTPF,11,0,2016-12-27 11:15:00+00:00,36.875,36.875,True,False,57.0,42.04425117384652,0.7995417574572714,40.47826863848572,49.7441369017971,42.04425117384652,0.7995417574572714,40.47826863848572,49.7441369017971,42.04425117384652,0.7995417574572714,40.47826863848572,49.7441369017971,False,False,0.0
333,2016-12-27 11:15:00+00:00,industrial1,industrial,test,1,0,high,57.0,1,15,IA-GTPF,11,0,2016-12-27 11:30:00+00:00,39.75,39.75,True,False,57.0,42.135411724030256,0.7995417574572714,39.74007909391159,57.2943507333261,42.135411724030256,0.7995417574572714,39.74007909391159,57.2943507333261,42.135411724030256,0.7995417574572714,39.74007909391159,57.2943507333261,False,False,0.0
334,2016-12-27 11:30:00+00:00,industrial1,industrial,test,1,0,high,57.0,1,15,IA-GTPF,11,0,2016-12-27 11:45:00+00:00,42.125,42.125,True,False,57.0,41.62200051777066,0.7995417574572714,39.31406122393604,60.29220125153887,41.62200051777066,0.7995417574572714,39.31406122393604,60.29220125153887,41.62200051777066,0.7995417574572714,39.31406122393604,60.29220125153887,False,False,0.0
335,2016-12-27 11:45:00+00:00,industrial1,industrial,test,1,0,high,57.0,1,15,IA-GTPF,11,0,2016-12-27 12:00:00+00:00,43.5,43.5,True,False,57.0,43.26659251634846,0.7995417574572714,41.0570512936413,57.48817843027998,43.26659251634846,0.7995417574572714,41.0570512936413,57.48817843027998,43.26659251634846,0.7995417574572714,41.0570512936413,57.48817843027998,False,False,0.0
336,2016-12-27 12:00:00+00:00,industrial1,industrial,test,1,0,high,57.0,1,15,IA-GTPF,11,0,2016-12-27 12:15:00+00:00,33.125,33.125,True,False,57.0,44.313350675231334,0.7995417574572714,42.74934528411849,62.52588298289137,44.313350675231334,0.7995417574572714,42.74934528411849,62.52588298289137,44.313350675231334,0.7995417574572714,42.74934528411849,62.52588298289137,False,False,0.0
337,2016-12-27 12:15:00+00:00,industrial1,industrial,test,0,0,high,57.0,1,15,IA-GTPF,11,0,2016-12-27 12:30:00+00:00,26.875,26.875,True,False,57.0,37.691743153042,0.5575086052587217,36.62911377801975,53.611932629370614,37.691743153042,0.5575086052587217,36.62911377801975,53.611932629370614,37.691743153042,0.5575086052587217,36.62911377801975,53.611932629370614,False,False,0.0
338,2016-12-27 12:30:00+00:00,industrial1,industrial,test,0,0,high,57.0,1,15,IA-GTPF,11,0,2016-12-27 12:45:00+00:00,23.625,23.625,True,False,57.0,33.378726319178256,0.7995417574572714,32.029933468849514,53.934020402122385,33.378726319178256,0.7995417574572714,32.029933468849514,53.934020402122385,33.378726319178256,0.7995417574572714,32.029933468849514,53.934020402122385,False,False,0.0
339,2016-12-27 12:45:00+00:00,industrial1,industrial,test,1,0,high,57.0,1,15,IA-GTPF,11,0,2016-12-27 13:00:00+00:00,38.75,38.75,True,False,57.0,32.87512571182573,0.7995417574572714,32.33264500132493,45.212268158329586,32.87512571182573,0.7995417574572714,32.33264500132493,45.212268158329586,32.87512571182573,0.7995417574572714,32.33264500132493,45.212268158329586,False,False,0.0
340,2016-12-27 13:00:00+00:00,industrial1,industrial,test,0,0,high,57.0,1,15,IA-GTPF,11,0,2016-12-27 13:15:00+00:00,38.125,38.125,True,False,57.0,36.25214200252792,0.9543740687939157,35.34375086843347,58.26703771766506,36.25214200252792,0.9543740687939157,35.34375086843347,58.26703771766506,36.25214200252792,0.9543740687939157,35.34375086843347,58.26703771766506,False,False,0.0
341,2016-12-27 13:15:00+00:00,industrial1,industrial,test,1,0,high,57.0,1,15,IA-GTPF,11,0,2016-12-27 13:30:00+00:00,36.5,36.5,True,False,57.0,35.67034045178347,0.7995417574572714,34.149920767538454,54.700116378898954,35.67034045178347,0.7995417574572714,34.149920767538454,54.700116378898954,35.67034045178347,0.7995417574572714,34.149920767538454,54.700116378898954,False,False,0.0
342,2016-12-27 13:30:00+00:00,industrial1,industrial,test,1,0,high,57.0,1,15,IA-GTPF,11,0,2016-12-27 13:45:00+00:00,31.25,31.25,True,False,57.0,35.710841972012965,0.7995417574572714,33.20373546896484,54.87559415693108,35.710841972012965,0.7995417574572714,33.20373546896484,54.87559415693108,35.710841972012965,0.7995417574572714,33.20373546896484,54.87559415693108,False,False,0.0
343,2016-12-27 13:45:00+00:00,industrial1,industrial,test,0,0,high,57.0,1,15,IA-GTPF,11,0,2016-12-27 14:00:00+00:00,33.5,33.5,True,False,57.0,34.78606749956524,0.7995417574572714,33.97570842865478,49.87968734242428,34.78606749956524,0.7995417574572714,33.97570842865478,49.87968734242428,34.78606749956524,0.7995417574572714,33.97570842865478,49.87968734242428,False,False,0.0
344,2016-12-27 14:00:00+00:00,industrial1,industrial,test,1,0,high,57.0,1,15,IA-GTPF,11,0,2016-12-27 14:15:00+00:00,30.125,30.125,True,False,57.0,35.765345630396006,0.7995417574572714,35.87702588715005,49.87258746474135,35.765345630396006,0.7995417574572714,35.87702588715005,49.87258746474135,35.765345630396006,0.7995417574572714,35.87702588715005,49.87258746474135,False,False,0.0
345,2016-12-27 14:15:00+00:00,industrial1,industrial,test,1,0,medium,57.0,1,15,IA-GTPF,11,0,2016-12-27 14:30:00+00:00,29.5,29.5,True,False,57.0,33.87744167592153,0.7995417574572714,33.2073860873932,50.0596087051834,33.87744167592153,0.7995417574572714,33.2073860873932,50.0596087051834,33.87744167592153,0.7995417574572714,33.2073860873932,50.0596087051834,False,False,0.0
346,2016-12-27 14:30:00+00:00,industrial1,industrial,test,1,0,medium,57.0,1,15,IA-GTPF,11,0,2016-12-27 14:45:00+00:00,35.625,35.625,True,False,57.0,32.71331941549951,0.7995417574572714,31.728377310759367,46.145361730966805,32.71331941549951,0.7995417574572714,31.728377310759367,46.145361730966805,32.71331941549951,0.7995417574572714,31.728377310759367,46.145361730966805,False,False,0.0
347,2016-12-27 14:45:00+00:00,industrial1,industrial,test,0,0,medium,57.0,1,15,IA-GTPF,11,0,2016-12-27 15:00:00+00:00,28.625,28.625,True,False,57.0,34.83988214775744,0.7412023032316722,34.758233583246565,46.41779615734239,34.83988214775744,0.7412023032316722,34.758233583246565,46.41779615734239,34.83988214775744,0.7412023032316722,34.758233583246565,46.41779615734239,False,False,0.0
348,2016-12-27 15:00:00+00:00,industrial1,industrial,test,0,0,medium,57.0,1,15,IA-GTPF,11,0,2016-12-27 15:15:00+00:00,32.0,32.0,True,False,57.0,31.787008826950405,0.7995417574572714,31.098483780565537,49.79347229011559,31.787008826950405,0.7995417574572714,31.098483780565537,49.79347229011559,31.787008826950405,0.7995417574572714,31.098483780565537,49.79347229011559,False,False,0.0
349,2016-12-27 15:15:00+00:00,industrial1,industrial,test,1,0,medium,57.0,1,15,IA-GTPF,11,0,2016-12-27 15:30:00+00:00,25.25,25.25,True,False,57.0,34.234428082918846,0.7995417574572714,32.80904561986717,50.75700245528142,34.234428082918846,0.7995417574572714,32.80904561986717,50.75700245528142,34.234428082918846,0.7995417574572714,32.80904561986717,50.75700245528142,False,False,0.0
350,2016-12-27 15:30:00+00:00,industrial1,industrial,test,0,0,medium,57.0,1,15,IA-GTPF,11,0,2016-12-27 15:45:00+00:00,24.375,24.375,True,False,57.0,29.464119170003094,0.7995417574572714,28.705340978611538,49.044303716632015,29.464119170003094,0.7995417574572714,28.705340978611538,49.044303716632015,29.464119170003094,0.7995417574572714,28.705340978611538,49.044303716632015,False,False,0.0
351,2016-12-27 15:45:00+00:00,industrial1,industrial,test,1,0,low,57.0,1,15,IA-GTPF,11,0,2016-12-27 16:00:00+00:00,24.75,24.75,True,False,57.0,29.58283601166626,0.7995417574572714,29.620649095295374,44.92998277622153,29.58283601166626,0.7995417574572714,29.620649095295374,44.92998277622153,29.58283601166626,0.7995417574572714,29.620649095295374,44.92998277622153,False,False,0.0
352,2016-12-27 16:00:00+00:00,industrial1,industrial,test,1,0,low,57.0,1,15,IA-GTPF,11,0,2016-12-27 16:15:00+00:00,27.875,27.875,True,False,57.0,29.26515749995213,0.7995417574572714,29.1097594404748,45.06139858757854,29.26515749995213,0.7995417574572714,29.1097594404748,45.06139858757854,29.26515749995213,0.7995417574572714,29.1097594404748,45.06139858757854,False,False,0.0
353,2016-12-27 16:15:00+00:00,industrial1,industrial,test,1,0,low,57.0,1,15,IA-GTPF,11,0,2016-12-27 16:30:00+00:00,24.5,24.5,True,False,57.0,28.88566460038138,0.7995417574572714,28.51658976163089,44.650553979372965,28.88566460038138,0.7995417574572714,28.51658976163089,44.650553979372965,28.88566460038138,0.7995417574572714,28.51658976163089,44.650553979372965,False,False,0.0
354,2016-12-27 16:30:00+00:00,industrial1,industrial,test,1,0,low,57.0,1,15,IA-GTPF,11,0,2016-12-27 16:45:00+00:00,23.0,23.0,True,False,57.0,28.196715913533808,0.7995417574572714,28.315373950895506,39.94866378941027,28.196715913533808,0.7995417574572714,28.315373950895506,39.94866378941027,28.196715913533808,0.7995417574572714,28.315373950895506,39.94866378941027,False,False,0.0
355,2016-12-27 16:45:00+00:00,industrial1,industrial,test,1,0,low,57.0,1,15,IA-GTPF,11,0,2016-12-27 17:00:00+00:00,24.25,24.25,True,False,57.0,27.323660172569987,0.7995417574572714,27.428155401184373,35.65041424320646,27.323660172569987,0.7995417574572714,27.428155401184373,35.65041424320646,27.323660172569987,0.7995417574572714,27.428155401184373,35.65041424320646,False,False,0.0
356,2016-12-27 17:00:00+00:00,industrial1,industrial,test,1,0,low,57.0,1,15,IA-GTPF,11,0,2016-12-27 17:15:00+00:00,27.625,27.625,True,False,57.0,27.46739335080582,0.7995417574572714,27.96035859485542,40.07518565292299,27.46739335080582,0.7995417574572714,27.96035859485542,40.07518565292299,27.46739335080582,0.7995417574572714,27.96035859485542,40.07518565292299,False,False,0.0
357,2016-12-27 17:15:00+00:00,industrial1,industrial,test,1,0,low,57.0,1,15,IA-GTPF,11,0,2016-12-27 17:30:00+00:00,24.0,24.0,True,False,57.0,28.386090946099085,0.7995417574572714,27.92450199124987,43.20231022844125,28.386090946099085,0.7995417574572714,27.92450199124987,43.20231022844125,28.386090946099085,0.7995417574572714,27.92450199124987,43.20231022844125,False,False,0.0
358,2016-12-27 17:30:00+00:00,industrial1,industrial,test,1,0,low,57.0,1,15,IA-GTPF,11,0,2016-12-27 17:45:00+00:00,26.625,26.625,True,False,57.0,27.572429293454782,0.7995417574572714,27.92193878177368,38.438710150271795,27.572429293454782,0.7995417574572714,27.92193878177368,38.438710150271795,27.572429293454782,0.7995417574572714,27.92193878177368,38.438710150271795,False,False,0.0
359,2016-12-27 17:45:00+00:00,industrial1,industrial,test,1,0,low,57.0,1,15,IA-GTPF,11,0,2016-12-27 18:00:00+00:00,37.5,37.5,True,False,57.0,27.553364037041828,0.7995417574572714,27.781115765362948,38.303214064643264,27.553364037041828,0.7995417574572714,27.781115765362948,38.303214064643264,27.553364037041828,0.7995417574572714,27.781115765362948,38.303214064643264,False,False,0.0
360,2016-12-27 18:00:00+00:00,industrial1,industrial,test,0,0,low,57.0,1,15,IA-GTPF,11,0,2016-12-27 18:15:00+00:00,47.5,47.5,True,False,57.0,30.563164646651536,0.7853734840614577,30.377136648899107,48.21051209057159,30.563164646651536,0.7853734840614577,30.377136648899107,48.21051209057159,30.563164646651536,0.7853734840614577,30.377136648899107,48.21051209057159,False,False,0.0
361,2016-12-27 18:15:00+00:00,industrial1,industrial,test,0,0,low,57.0,1,15,IA-GTPF,11,0,2016-12-27 18:30:00+00:00,24.0,24.0,True,False,57.0,37.332873406578805,0.7700324256313391,35.50689960232672,52.21464825813307,37.332873406578805,0.7700324256313391,35.50689960232672,52.21464825813307,37.332873406578805,0.7700324256313391,35.50689960232672,52.21464825813307,False,False,0.0
362,2016-12-27 18:30:00+00:00,industrial1,industrial,test,0,0,low,57.0,1,15,IA-GTPF,11,0,2016-12-27 18:45:00+00:00,22.625,22.625,True,False,57.0,26.832764889993935,0.3249132263918425,24.27228795132314,37.67628664571441,26.832764889993935,0.3249132263918425,24.27228795132314,37.67628664571441,26.832764889993935,0.3249132263918425,24.27228795132314,37.67628664571441,False,False,0.0
363,2016-12-27 18:45:00+00:00,industrial1,industrial,test,1,0,low,57.0,1,15,IA-GTPF,11,0,2016-12-27 19:00:00+00:00,30.25,30.25,True,False,57.0,25.03267265666514,0.7842006990271528,23.636583917632564,32.409687844709424,25.03267265666514,0.7842006990271528,23.636583917632564,32.409687844709424,25.03267265666514,0.7842006990271528,23.636583917632564,32.409687844709424,False,False,0.0
364,2016-12-27 19:00:00+00:00,industrial1,industrial,test,0,0,low,57.0,1,15,IA-GTPF,11,0,2016-12-27 19:15:00+00:00,25.0,25.0,True,False,57.0,27.77219613093225,0.7700324256313391,24.985893153819557,38.213488548896805,27.77219613093225,0.7700324256313391,24.985893153819557,38.213488548896805,27.77219613093225,0.7700324256313391,24.985893153819557,38.213488548896805,False,False,0.0
365,2016-12-27 19:15:00+00:00,industrial1,industrial,test,0,0,low,57.0,1,15,IA-GTPF,11,0,2016-12-27 19:30:00+00:00,17.5,17.5,True,False,57.0,26.15044754226081,0.7995417574572714,25.001750017333116,37.95235573559815,26.15044754226081,0.7995417574572714,25.001750017333116,37.95235573559815,26.15044754226081,0.7995417574572714,25.001750017333116,37.95235573559815,False,False,0.0
366,2016-12-27 19:30:00+00:00,industrial1,industrial,test,0,0,low,57.0,1,15,IA-GTPF,11,0,2016-12-27 19:45:00+00:00,16.5,16.5,True,False,57.0,20.552239743981968,0.8017312514186684,19.081248378581655,28.176522757343534,20.552239743981968,0.8017312514186684,19.081248378581655,28.176522757343534,20.552239743981968,0.8017312514186684,19.081248378581655,28.176522757343534,False,False,0.0
367,2016-12-27 19:45:00+00:00,industrial1,industrial,test,1,0,low,57.0,1,15,IA-GTPF,11,0,2016-12-27 20:00:00+00:00,16.375,16.375,True,False,57.0,20.480202992379745,0.8017312514186684,19.273837409752847,27.191067583076,20.480202992379745,0.8017312514186684,19.273837409752847,27.191067583076,20.480202992379745,0.8017312514186684,19.273837409752847,27.191067583076,False,False,0.0
368,2016-12-27 20:00:00+00:00,industrial1,industrial,test,1,0,low,57.0,1,15,IA-GTPF,11,0,2016-12-27 20:15:00+00:00,15.375,15.375,True,False,57.0,20.120281693283612,0.8017312514186684,19.396849201886074,31.01742824863681,20.120281693283612,0.8017312514186684,19.396849201886074,31.01742824863681,20.120281693283612,0.8017312514186684,19.396849201886074,31.01742824863681,False,False,0.0
369,2016-12-27 20:15:00+00:00,industrial1,industrial,test,1,0,low,57.0,1,15,IA-GTPF,11,0,2016-12-27 20:30:00+00:00,16.25,16.25,True,False,57.0,17.798056887584018,0.8017312514186684,18.513604236510794,27.12983324541487,17.798056887584018,0.8017312514186684,18.513604236510794,27.12983324541487,17.798056887584018,0.8017312514186684,18.513604236510794,27.12983324541487,False,False,0.0
370,2016-12-27 20:30:00+00:00,industrial1,industrial,test,1,0,low,57.0,1,15,IA-GTPF,11,0,2016-12-27 20:45:00+00:00,14.75,14.75,True,False,57.0,17.478712641999934,0.8017312514186684,18.41970733917752,23.83570458647836,17.478712641999934,0.8017312514186684,18.41970733917752,23.83570458647836,17.478712641999934,0.8017312514186684,18.41970733917752,23.83570458647836,False,False,0.0
371,2016-12-27 20:45:00+00:00,industrial1,industrial,test,1,0,low,57.0,1,15,IA-GTPF,11,0,2016-12-27 21:00:00+00:00,16.625,16.625,True,False,57.0,16.81502818546754,0.8017312514186684,18.276828745592667,23.69499868491362,16.81502818546754,0.8017312514186684,18.276828745592667,23.69499868491362,16.81502818546754,0.8017312514186684,18.276828745592667,23.69499868491362,False,False,0.0
372,2016-12-27 21:00:00+00:00,industrial1,industrial,test,1,0,low,57.0,1,15,IA-GTPF,11,0,2016-12-27 21:15:00+00:00,18.25,18.25,True,False,57.0,16.735227323015504,0.8017312514186684,17.629071282911905,27.42677958242241,16.735227323015504,0.8017312514186684,17.629071282911905,27.42677958242241,16.735227323015504,0.8017312514186684,17.629071282911905,27.42677958242241,False,False,0.0
373,2016-12-27 21:15:00+00:00,industrial1,industrial,test,1,0,low,57.0,1,15,IA-GTPF,11,0,2016-12-27 21:30:00+00:00,16.375,16.375,True,False,57.0,17.11888414529931,0.8017312514186684,16.765188402039524,25.443472524628465,17.11888414529931,0.8017312514186684,16.765188402039524,25.443472524628465,17.11888414529931,0.8017312514186684,16.765188402039524,25.443472524628465,False,False,0.0
374,2016-12-27 21:30:00+00:00,industrial1,industrial,test,1,0,low,57.0,1,15,IA-GTPF,11,0,2016-12-27 21:45:00+00:00,14.625,14.625,True,False,57.0,17.083337383757847,0.8017312514186684,16.763594638700447,25.208674138596788,17.083337383757847,0.8017312514186684,16.763594638700447,25.208674138596788,17.083337383757847,0.8017312514186684,16.763594638700447,25.208674138596788,False,False,0.0
375,2016-12-27 21:45:00+00:00,industrial1,industrial,test,1,0,low,57.0,1,15,IA-GTPF,11,0,2016-12-27 22:00:00+00:00,15.5,15.5,True,False,57.0,16.816630460786357,0.8017312514186684,16.811895739448836,24.709217971224145,16.816630460786357,0.8017312514186684,16.811895739448836,24.709217971224145,16.816630460786357,0.8017312514186684,16.811895739448836,24.709217971224145,False,False,0.0
376,2016-12-27 22:00:00+00:00,industrial1,industrial,test,1,0,low,57.0,1,15,IA-GTPF,11,0,2016-12-27 22:15:00+00:00,17.125,17.125,True,False,57.0,16.573787332320435,0.7995417574572714,17.038926833968727,25.022021206311127,16.573787332320435,0.7995417574572714,17.038926833968727,25.022021206311127,16.573787332320435,0.7995417574572714,17.038926833968727,25.022021206311127,False,False,0.0
377,2016-12-27 22:15:00+00:00,industrial1,industrial,test,1,0,low,57.0,1,15,IA-GTPF,11,0,2016-12-27 22:30:00+00:00,20.125,20.125,True,False,57.0,16.06358654480984,0.7995417574572714,15.710912041483542,23.961823658528466,16.06358654480984,0.7995417574572714,15.710912041483542,23.961823658528466,16.06358654480984,0.7995417574572714,15.710912041483542,23.961823658528466,False,False,0.0
378,2016-12-27 22:30:00+00:00,industrial1,industrial,test,1,0,low,57.0,1,15,IA-GTPF,11,0,2016-12-27 22:45:00+00:00,17.0,17.0,True,False,57.0,18.582963180917613,0.7995417574572714,19.347331655581606,30.021063205203014,18.582963180917613,0.7995417574572714,19.347331655581606,30.021063205203014,18.582963180917613,0.7995417574572714,19.347331655581606,30.021063205203014,False,False,0.0
379,2016-12-27 22:45:00+00:00,industrial1,industrial,test,1,0,low,57.0,1,15,IA-GTPF,11,0,2016-12-27 23:00:00+00:00,15.25,15.25,True,False,57.0,18.040229810595587,0.7995417574572714,17.21287791441853,26.10399755764967,18.040229810595587,0.7995417574572714,17.21287791441853,26.10399755764967,18.040229810595587,0.7995417574572714,17.21287791441853,26.10399755764967,False,False,0.0
380,2016-12-27 23:00:00+00:00,industrial1,industrial,test,1,0,low,57.0,1,15,IA-GTPF,11,0,2016-12-27 23:15:00+00:00,15.25,15.25,True,False,57.0,18.732698547959053,0.798614936930823,17.219841229893028,25.175479302879513,18.732698547959053,0.798614936930823,17.219841229893028,25.175479302879513,18.732698547959053,0.798614936930823,17.219841229893028,25.175479302879513,False,False,0.0
381,2016-12-27 23:15:00+00:00,industrial1,industrial,test,0,0,low,57.0,1,15,IA-GTPF,11,0,2016-12-27 23:30:00+00:00,17.375,17.375,True,False,57.0,18.32957510211156,0.798614936930823,17.29545240232477,27.802308187328325,18.32957510211156,0.798614936930823,17.29545240232477,27.802308187328325,18.32957510211156,0.798614936930823,17.29545240232477,27.802308187328325,False,False,0.0
382,2016-12-27 23:30:00+00:00,industrial1,industrial,test,1,0,low,57.0,1,15,IA-GTPF,11,0,2016-12-27 23:45:00+00:00,20.0,20.0,True,False,57.0,17.45106770607674,0.798614936930823,16.587589147394404,24.538930996278495,17.45106770607674,0.798614936930823,16.587589147394404,24.538930996278495,17.45106770607674,0.798614936930823,16.587589147394404,24.538930996278495,False,False,0.0
383,2016-12-27 23:45:00+00:00,industrial1,industrial,test,1,0,low,57.0,1,15,IA-GTPF,11,0,2016-12-28 00:00:00+00:00,28.5,28.5,True,False,57.0,19.598645909286112,0.7494545095226697,19.01994997923999,31.59870904062092,19.598645909286112,0.7494545095226697,19.01994997923999,31.59870904062092,19.598645909286112,0.7494545095226697,19.01994997923999,31.59870904062092,False,False,0.0
384,2016-12-28 00:00:00+00:00,industrial1,industrial,test,0,0,low,57.0,1,15,IA-GTPF,11,0,2016-12-28 00:15:00+00:00,35.125,35.125,True,False,57.0,21.877976412645925,0.735286236126856,20.328641202003375,40.491285922060065,21.877976412645925,0.735286236126856,20.328641202003375,40.491285922060065,21.877976412645925,0.735286236126856,20.328641202003375,40.491285922060065,False,False,0.0
385,2016-12-28 00:15:00+00:00,industrial1,industrial,test,0,0,low,57.0,1,15,IA-GTPF,11,0,2016-12-28 00:30:00+00:00,15.75,15.75,True,False,57.0,23.286638022020995,0.735286236126856,22.8286431760126,38.691852820806574,23.286638022020995,0.735286236126856,22.8286431760126,38.691852820806574,23.286638022020995,0.735286236126856,22.8286431760126,38.691852820806574,False,False,0.0
386,2016-12-28 00:30:00+00:00,industrial1,industrial,test,0,0,low,57.0,1,15,IA-GTPF,11,0,2016-12-28 00:45:00+00:00,15.875,15.875,True,False,57.0,16.685998107610622,0.24963961017727476,13.840528327599948,27.545371008724025,16.685998107610622,0.24963961017727476,13.840528327599948,27.545371008724025,16.685998107610622,0.24963961017727476,13.840528327599948,27.545371008724025,False,False,0.0
387,2016-12-28 00:45:00+00:00,industrial1,industrial,test,1,0,low,57.0,1,15,IA-GTPF,11,0,2016-12-28 01:00:00+00:00,25.125,25.125,True,False,57.0,18.096381729305936,0.7322457730257829,17.50362806860526,27.35266022943211,18.096381729305936,0.7322457730257829,17.50362806860526,27.35266022943211,18.096381729305936,0.7322457730257829,17.50362806860526,27.35266022943211,False,False,0.0
388,2016-12-28 01:00:00+00:00,industrial1,industrial,test,0,0,low,57.0,1,15,IA-GTPF,11,0,2016-12-28 01:15:00+00:00,20.25,20.25,True,False,57.0,20.93690403313082,0.9517603499351197,21.03595961379256,35.66601982637231,20.93690403313082,0.9517603499351197,21.03595961379256,35.66601982637231,20.93690403313082,0.9517603499351197,21.03595961379256,35.66601982637231,False,False,0.0
389,2016-12-28 01:15:00+00:00,industrial1,industrial,test,0,0,low,57.0,1,15,IA-GTPF,11,0,2016-12-28 01:30:00+00:00,16.0,16.0,True,False,57.0,20.208085967107372,0.798614936930823,20.083928794837654,30.152728341993402,20.208085967107372,0.798614936930823,20.083928794837654,30.152728341993402,20.208085967107372,0.798614936930823,20.083928794837654,30.152728341993402,False,False,0.0
390,2016-12-28 01:30:00+00:00,industrial1,industrial,test,0,0,low,57.0,1,15,IA-GTPF,11,0,2016-12-28 01:45:00+00:00,14.25,14.25,True,False,57.0,17.942060789877992,0.798614936930823,17.278337885585003,27.5318873517658,17.942060789877992,0.798614936930823,17.278337885585003,27.5318873517658,17.942060789877992,0.798614936930823,17.278337885585003,27.5318873517658,False,False,0.0
391,2016-12-28 01:45:00+00:00,industrial1,industrial,test,1,0,low,57.0,1,15,IA-GTPF,11,0,2016-12-28 02:00:00+00:00,15.25,15.25,True,False,57.0,17.132167550221435,0.798614936930823,16.892786628276806,26.57489783270126,17.132167550221435,0.798614936930823,16.892786628276806,26.57489783270126,17.132167550221435,0.798614936930823,16.892786628276806,26.57489783270126,False,False,0.0
392,2016-12-28 02:00:00+00:00,industrial1,industrial,test,1,0,low,57.0,1,15,IA-GTPF,11,0,2016-12-28 02:15:00+00:00,14.25,14.25,True,False,57.0,16.71933581114983,0.798614936930823,17.15952874962198,28.401002453952703,16.71933581114983,0.798614936930823,17.15952874962198,28.401002453952703,16.71933581114983,0.798614936930823,17.15952874962198,28.401002453952703,False,False,0.0
393,2016-12-28 02:15:00+00:00,industrial1,industrial,test,1,0,low,57.0,1,15,IA-GTPF,11,0,2016-12-28 02:30:00+00:00,16.625,16.625,True,False,57.0,15.580654180663377,0.798614936930823,16.5707134230432,26.22993629686159,15.580654180663377,0.798614936930823,16.5707134230432,26.22993629686159,15.580654180663377,0.798614936930823,16.5707134230432,26.22993629686159,False,False,0.0
394,2016-12-28 02:30:00+00:00,industrial1,industrial,test,1,0,low,57.0,1,15,IA-GTPF,11,0,2016-12-28 02:45:00+00:00,17.0,17.0,True,False,57.0,15.587289769447487,0.7494545095226697,16.34066225822466,23.296014272873425,15.587289769447487,0.7494545095226697,16.34066225822466,23.296014272873425,15.587289769447487,0.7494545095226697,16.34066225822466,23.296014272873425,False,False,0.0
395,2016-12-28 02:45:00+00:00,industrial1,industrial,test,1,0,low,57.0,1,15,IA-GTPF,11,0,2016-12-28 03:00:00+00:00,18.0,18.0,True,False,57.0,15.600225625140459,0.798614936930823,15.825840228603942,23.525033726505296,15.600225625140459,0.798614936930823,15.825840228603942,23.525033726505296,15.600225625140459,0.798614936930823,15.825840228603942,23.525033726505296,False,False,0.0
396,2016-12-28 03:00:00+00:00,industrial1,industrial,test,1,0,low,57.0,1,15,IA-GTPF,11,0,2016-12-28 03:15:00+00:00,16.875,16.875,True,False,57.0,16.898620527859382,0.798614936930823,16.764074895554735,25.300630093888223,16.898620527859382,0.798614936930823,16.764074895554735,25.300630093888223,16.898620527859382,0.798614936930823,16.764074895554735,25.300630093888223,False,False,0.0
397,2016-12-28 03:15:00+00:00,industrial1,industrial,test,1,0,low,57.0,1,15,IA-GTPF,11,0,2016-12-28 03:30:00+00:00,23.75,23.75,True,False,57.0,17.277501819834722,0.798614936930823,16.830514581017525,25.04730490184317,17.277501819834722,0.798614936930823,16.830514581017525,25.04730490184317,17.277501819834722,0.798614936930823,16.830514581017525,25.04730490184317,False,False,0.0
398,2016-12-28 03:30:00+00:00,industrial1,industrial,test,0,0,low,57.0,1,15,IA-GTPF,11,0,2016-12-28 03:45:00+00:00,19.125,19.125,True,False,57.0,20.87288179336993,0.735286236126856,20.27809360517558,35.15760837016321,20.87288179336993,0.735286236126856,20.27809360517558,35.15760837016321,20.87288179336993,0.735286236126856,20.27809360517558,35.15760837016321,False,False,0.0
399,2016-12-28 03:45:00+00:00,industrial1,industrial,test,0,0,low,57.0,1,15,IA-GTPF,11,0,2016-12-28 04:00:00+00:00,16.0,16.0,True,False,57.0,18.512988376155555,0.798614936930823,16.91245585756888,27.23072769830067,18.512988376155555,0.798614936930823,16.91245585756888,27.23072769830067,18.512988376155555,0.798614936930823,16.91245585756888,27.23072769830067,False,False,0.0
400,2016-12-28 04:00:00+00:00,industrial1,industrial,test,1,0,low,57.0,1,15,IA-GTPF,11,0,2016-12-28 04:15:00+00:00,15.875,15.875,True,False,57.0,17.781925676334627,0.798614936930823,17.07902424094558,27.49119092120364,17.781925676334627,0.798614936930823,17.07902424094558,27.49119092120364,17.781925676334627,0.798614936930823,17.07902424094558,27.49119092120364,False,False,0.0
401,2016-12-28 04:15:00+00:00,industrial1,industrial,test,1,0,low,57.0,1,15,IA-GTPF,11,0,2016-12-28 04:30:00+00:00,17.125,17.125,True,False,57.0,18.424484921559298,0.798614936930823,17.104514042362858,26.952349965585135,18.424484921559298,0.798614936930823,17.104514042362858,26.952349965585135,18.424484921559298,0.798614936930823,17.104514042362858,26.952349965585135,False,False,0.0
402,2016-12-28 04:30:00+00:00,industrial1,industrial,test,1,0,low,57.0,1,15,IA-GTPF,11,0,2016-12-28 04:45:00+00:00,14.375,14.375,True,False,57.0,18.40561463614279,0.798614936930823,17.216997378021823,25.247678312409782,18.40561463614279,0.798614936930823,17.216997378021823,25.247678312409782,18.40561463614279,0.798614936930823,17.216997378021823,25.247678312409782,False,False,0.0
403,2016-12-28 04:45:00+00:00,industrial1,industrial,test,1,0,low,57.0,1,15,IA-GTPF,11,0,2016-12-28 05:00:00+00:00,15.625,15.625,True,False,57.0,16.755433398040285,0.798614936930823,16.396602785799132,23.464246503515447,16.755433398040285,0.798614936930823,16.396602785799132,23.464246503515447,16.755433398040285,0.798614936930823,16.396602785799132,23.464246503515447,False,False,0.0
404,2016-12-28 05:00:00+00:00,industrial1,industrial,test,1,0,low,57.0,1,15,IA-GTPF,11,0,2016-12-28 05:15:00+00:00,15.625,15.625,True,False,57.0,17.121342179627636,0.798614936930823,16.466772614672124,24.16570855425717,17.121342179627636,0.798614936930823,16.466772614672124,24.16570855425717,17.121342179627636,0.798614936930823,16.466772614672124,24.16570855425717,False,False,0.0
405,2016-12-28 05:15:00+00:00,industrial1,industrial,test,0,0,low,57.0,1,15,IA-GTPF,11,0,2016-12-28 05:30:00+00:00,16.125,16.125,True,False,57.0,17.14678211054692,0.798614936930823,16.41342425948923,24.33822402392087,17.14678211054692,0.798614936930823,16.41342425948923,24.33822402392087,17.14678211054692,0.798614936930823,16.41342425948923,24.33822402392087,False,False,0.0
406,2016-12-28 05:30:00+00:00,industrial1,industrial,test,1,0,low,57.0,1,15,IA-GTPF,11,0,2016-12-28 05:45:00+00:00,21.375,21.375,True,False,57.0,16.80325851625569,0.798614936930823,16.2555414452196,24.198076974928316,16.80325851625569,0.798614936930823,16.2555414452196,24.198076974928316,16.80325851625569,0.798614936930823,16.2555414452196,24.198076974928316,False,False,0.0
407,2016-12-28 05:45:00+00:00,industrial1,industrial,test,0,0,low,57.0,1,15,IA-GTPF,11,0,2016-12-28 06:00:00+00:00,35.625,35.625,True,False,57.0,20.696695750952017,0.735286236126856,19.505119307270636,33.75317904562083,20.696695750952017,0.735286236126856,19.505119307270636,33.75317904562083,20.696695750952017,0.735286236126856,19.505119307270636,33.75317904562083,False,False,0.0
408,2016-12-28 06:00:00+00:00,industrial1,industrial,test,0,0,low,57.0,1,15,IA-GTPF,11,0,2016-12-28 06:15:00+00:00,38.875,38.875,True,False,57.0,24.27464020762464,0.7853734840614577,24.908840558998893,42.21345277913314,24.27464020762464,0.7853734840614577,24.908840558998893,42.21345277913314,24.27464020762464,0.7853734840614577,24.908840558998893,42.21345277913314,False,False,0.0
409,2016-12-28 06:15:00+00:00,industrial1,industrial,test,1,0,low,57.0,1,15,IA-GTPF,11,0,2016-12-28 06:30:00+00:00,25.875,25.875,True,False,57.0,25.689947225913272,0.7842006990271528,23.976633442663367,45.54824946167681,25.689947225913272,0.7842006990271528,23.976633442663367,45.54824946167681,25.689947225913272,0.7842006990271528,23.976633442663367,45.54824946167681,False,False,0.0
410,2016-12-28 06:30:00+00:00,industrial1,industrial,test,0,0,low,57.0,1,15,IA-GTPF,11,0,2016-12-28 06:45:00+00:00,22.5,22.5,True,False,57.0,24.755345000641455,0.6229802281937658,22.975367400402888,36.26728861692489,24.755345000641455,0.6229802281937658,22.975367400402888,36.26728861692489,24.755345000641455,0.6229802281937658,22.975367400402888,36.26728861692489,False,False,0.0
411,2016-12-28 06:45:00+00:00,industrial1,industrial,test,1,0,low,57.0,1,15,IA-GTPF,11,0,2016-12-28 07:00:00+00:00,31.5,31.5,True,False,57.0,24.31520018338368,0.7995417574572714,23.196417469079606,33.014437044217395,24.31520018338368,0.7995417574572714,23.196417469079606,33.014437044217395,24.31520018338368,0.7995417574572714,23.196417469079606,33.014437044217395,False,False,0.0
412,2016-12-28 07:00:00+00:00,industrial1,industrial,test,0,0,low,57.0,1,15,IA-GTPF,11,0,2016-12-28 07:15:00+00:00,29.125,29.125,True,False,57.0,28.580655269847142,0.7853734840614577,27.359923395345568,39.420993585404986,28.580655269847142,0.7853734840614577,27.359923395345568,39.420993585404986,28.580655269847142,0.7853734840614577,27.359923395345568,39.420993585404986,False,False,0.0
413,2016-12-28 07:15:00+00:00,industrial1,industrial,test,1,0,low,57.0,1,15,IA-GTPF,11,0,2016-12-28 07:30:00+00:00,24.375,24.375,True,False,57.0,26.345124448246978,0.7995417574572714,24.906394714059445,39.64586764400815,26.345124448246978,0.7995417574572714,24.906394714059445,39.64586764400815,26.345124448246978,0.7995417574572714,24.906394714059445,39.64586764400815,False,False,0.0
414,2016-12-28 07:30:00+00:00,industrial1,industrial,test,0,0,low,57.0,1,15,IA-GTPF,11,0,2016-12-28 07:45:00+00:00,23.875,23.875,True,False,57.0,25.344919344759436,0.7995417574572714,23.96122235389786,38.11118534385862,25.344919344759436,0.7995417574572714,23.96122235389786,38.11118534385862,25.344919344759436,0.7995417574572714,23.96122235389786,38.11118534385862,False,False,0.0
415,2016-12-28 07:45:00+00:00,industrial1,industrial,test,1,0,medium,57.0,1,15,IA-GTPF,11,0,2016-12-28 08:00:00+00:00,25.5,25.5,True,False,57.0,27.70662689615892,0.7995417574572714,27.96873977140266,40.38121507526602,27.70662689615892,0.7995417574572714,27.96873977140266,40.38121507526602,27.70662689615892,0.7995417574572714,27.96873977140266,40.38121507526602,False,False,0.0
416,2016-12-28 08:00:00+00:00,industrial1,industrial,test,1,0,medium,57.0,1,15,IA-GTPF,11,0,2016-12-28 08:15:00+00:00,24.5,24.5,True,False,57.0,28.890280367691297,0.7995417574572714,28.97742457404378,46.8391019865208,28.890280367691297,0.7995417574572714,28.97742457404378,46.8391019865208,28.890280367691297,0.7995417574572714,28.97742457404378,46.8391019865208,False,False,0.0
417,2016-12-28 08:15:00+00:00,industrial1,industrial,test,1,0,medium,57.0,1,15,IA-GTPF,11,0,2016-12-28 08:30:00+00:00,24.875,24.875,True,False,57.0,28.505780695560045,0.7995417574572714,29.265144770064406,44.71716132909451,28.505780695560045,0.7995417574572714,29.265144770064406,44.71716132909451,28.505780695560045,0.7995417574572714,29.265144770064406,44.71716132909451,False,False,0.0
418,2016-12-28 08:30:00+00:00,industrial1,industrial,test,1,0,medium,57.0,1,15,IA-GTPF,11,0,2016-12-28 08:45:00+00:00,23.375,23.375,True,False,57.0,28.58023973153856,0.7995417574572714,29.147847382571562,41.382965108998825,28.58023973153856,0.7995417574572714,29.147847382571562,41.382965108998825,28.58023973153856,0.7995417574572714,29.147847382571562,41.382965108998825,False,False,0.0
419,2016-12-28 08:45:00+00:00,industrial1,industrial,test,1,0,medium,57.0,1,15,IA-GTPF,11,0,2016-12-28 09:00:00+00:00,27.375,27.375,True,False,57.0,27.637547182970252,0.7995417574572714,27.88129447858397,32.34719014208508,27.637547182970252,0.7995417574572714,27.88129447858397,32.34719014208508,27.637547182970252,0.7995417574572714,27.88129447858397,32.34719014208508,False,False,0.0
420,2016-12-28 09:00:00+00:00,industrial1,industrial,test,0,0,medium,57.0,1,15,IA-GTPF,11,0,2016-12-28 09:15:00+00:00,26.625,26.625,True,False,57.0,29.37226920738751,0.7995417574572714,29.391219922899733,47.036038760402,29.37226920738751,0.7995417574572714,29.391219922899733,47.036038760402,29.37226920738751,0.7995417574572714,29.391219922899733,47.036038760402,False,False,0.0
421,2016-12-28 09:15:00+00:00,industrial1,industrial,test,1,0,medium,57.0,1,15,IA-GTPF,11,0,2016-12-28 09:30:00+00:00,27.125,27.125,True,False,57.0,29.85929649029134,0.7995417574572714,29.51671119064755,43.64186331699979,29.85929649029134,0.7995417574572714,29.51671119064755,43.64186331699979,29.85929649029134,0.7995417574572714,29.51671119064755,43.64186331699979,False,False,0.0
422,2016-12-28 09:30:00+00:00,industrial1,industrial,test,1,0,medium,57.0,1,15,IA-GTPF,11,0,2016-12-28 09:45:00+00:00,29.25,29.25,True,False,57.0,29.991147708402405,0.7995417574572714,29.532144591341375,44.13773336083305,29.991147708402405,0.7995417574572714,29.532144591341375,44.13773336083305,29.991147708402405,0.7995417574572714,29.532144591341375,44.13773336083305,False,False,0.0
423,2016-12-28 09:45:00+00:00,industrial1,industrial,test,1,0,medium,57.0,1,15,IA-GTPF,11,0,2016-12-28 10:00:00+00:00,30.0,30.0,True,False,57.0,31.57941376269709,0.7995417574572714,29.481536611556983,47.08650055657665,31.57941376269709,0.7995417574572714,29.481536611556983,47.08650055657665,31.57941376269709,0.7995417574572714,29.481536611556983,47.08650055657665,False,False,0.0
424,2016-12-28 10:00:00+00:00,industrial1,industrial,test,1,0,medium,57.0,1,15,IA-GTPF,11,0,2016-12-28 10:15:00+00:00,37.875,37.875,True,False,57.0,33.08110819843687,0.7995417574572714,29.99663270224141,45.56722141615339,33.08110819843687,0.7995417574572714,29.99663270224141,45.56722141615339,33.08110819843687,0.7995417574572714,29.99663270224141,45.56722141615339,False,False,0.0
425,2016-12-28 10:15:00+00:00,industrial1,industrial,test,0,0,medium,57.0,1,15,IA-GTPF,11,0,2016-12-28 10:30:00+00:00,44.25,44.25,True,False,57.0,37.31429000314628,0.7259510474079225,34.86489201099575,55.19325721828803,37.31429000314628,0.7259510474079225,34.86489201099575,55.19325721828803,37.31429000314628,0.7259510474079225,34.86489201099575,55.19325721828803,False,False,0.0
426,2016-12-28 10:30:00+00:00,industrial1,industrial,test,0,0,medium,57.0,1,15,IA-GTPF,11,0,2016-12-28 10:45:00+00:00,40.625,40.625,True,False,57.0,41.338485756905385,0.7259510474079225,39.11181374313049,53.94840810857187,41.338485756905385,0.7259510474079225,39.11181374313049,53.94840810857187,41.338485756905385,0.7259510474079225,39.11181374313049,53.94840810857187,False,False,0.0
427,2016-12-28 10:45:00+00:00,industrial1,industrial,test,1,0,medium,57.0,1,15,IA-GTPF,11,0,2016-12-28 11:00:00+00:00,34.125,34.125,True,False,57.0,39.164402764439686,0.7995417574572714,36.43772554940034,53.10959591322368,39.164402764439686,0.7995417574572714,36.43772554940034,53.10959591322368,39.164402764439686,0.7995417574572714,36.43772554940034,53.10959591322368,False,False,0.0
428,2016-12-28 11:00:00+00:00,industrial1,industrial,test,0,0,high,57.0,1,15,IA-GTPF,11,0,2016-12-28 11:15:00+00:00,32.125,32.125,True,False,57.0,38.1815347229113,0.7995417574572714,36.55296025037208,51.7956714663971,38.1815347229113,0.7995417574572714,36.55296025037208,51.7956714663971,38.1815347229113,0.7995417574572714,36.55296025037208,51.7956714663971,False,False,0.0
429,2016-12-28 11:15:00+00:00,industrial1,industrial,test,1,0,high,57.0,1,15,IA-GTPF,11,0,2016-12-28 11:30:00+00:00,36.875,36.875,True,False,57.0,36.15113667875174,0.7995417574572714,35.09983575125175,49.47470596672815,36.15113667875174,0.7995417574572714,35.09983575125175,49.47470596672815,36.15113667875174,0.7995417574572714,35.09983575125175,49.47470596672815,False,False,0.0
430,2016-12-28 11:30:00+00:00,industrial1,industrial,test,0,0,high,57.0,1,15,IA-GTPF,11,0,2016-12-28 11:45:00+00:00,41.875,41.875,True,False,57.0,38.510298032655506,1.0414428073170205,36.73958323836351,57.02357790513772,38.510298032655506,1.0414428073170205,36.73958323836351,57.02357790513772,38.510298032655506,1.0414428073170205,36.73958323836351,57.02357790513772,False,False,0.0
431,2016-12-28 11:45:00+00:00,industrial1,industrial,test,0,0,high,57.0,1,15,IA-GTPF,11,0,2016-12-28 12:00:00+00:00,39.375,39.375,True,False,57.0,42.00139504846418,1.0414428073170205,40.43928330005253,57.29772242993514,42.00139504846418,1.0414428073170205,40.43928330005253,57.29772242993514,42.00139504846418,1.0414428073170205,40.43928330005253,57.29772242993514,False,False,0.0
432,2016-12-28 12:00:00+00:00,industrial1,industrial,test,1,0,high,57.0,1,15,IA-GTPF,11,0,2016-12-28 12:15:00+00:00,32.375,32.375,True,False,57.0,40.553613744606054,0.7995417574572714,36.850430237086194,57.56973425622298,40.553613744606054,0.7995417574572714,36.850430237086194,57.56973425622298,40.553613744606054,0.7995417574572714,36.850430237086194,57.56973425622298,False,False,0.0
433,2016-12-28 12:15:00+00:00,industrial1,industrial,test,0,0,high,57.0,1,15,IA-GTPF,11,0,2016-12-28 12:30:00+00:00,30.625,30.625,True,False,57.0,35.24313519362667,0.7995417574572714,34.49705108034268,52.248049417619804,35.24313519362667,0.7995417574572714,34.49705108034268,52.248049417619804,35.24313519362667,0.7995417574572714,34.49705108034268,52.248049417619804,False,False,0.0
434,2016-12-28 12:30:00+00:00,industrial1,industrial,test,1,0,high,57.0,1,15,IA-GTPF,11,0,2016-12-28 12:45:00+00:00,28.125,28.125,True,False,57.0,35.48648492718417,0.7995417574572714,35.08136032183845,52.60977417856375,35.48648492718417,0.7995417574572714,35.08136032183845,52.60977417856375,35.48648492718417,0.7995417574572714,35.08136032183845,52.60977417856375,False,False,0.0
435,2016-12-28 12:45:00+00:00,industrial1,industrial,test,1,0,high,57.0,1,15,IA-GTPF,11,0,2016-12-28 13:00:00+00:00,39.375,39.375,True,False,57.0,33.662700300091,0.7995417574572714,33.4297205456666,50.72557787443549,33.662700300091,0.7995417574572714,33.4297205456666,50.72557787443549,33.662700300091,0.7995417574572714,33.4297205456666,50.72557787443549,False,False,0.0
436,2016-12-28 13:00:00+00:00,industrial1,industrial,test,0,0,high,57.0,1,15,IA-GTPF,11,0,2016-12-28 13:15:00+00:00,45.0,45.0,True,False,57.0,38.42804077110577,0.5987216239069606,38.46749238129562,58.02622644415996,38.42804077110577,0.5987216239069606,38.46749238129562,58.02622644415996,38.42804077110577,0.5987216239069606,38.46749238129562,58.02622644415996,False,False,0.0
437,2016-12-28 13:15:00+00:00,industrial1,industrial,test,0,0,high,57.0,1,15,IA-GTPF,11,0,2016-12-28 13:30:00+00:00,40.0,40.0,True,False,57.0,42.59003744555565,0.7448679834830501,40.732652404997886,57.513813608844345,42.59003744555565,0.7448679834830501,40.732652404997886,57.513813608844345,42.59003744555565,0.7448679834830501,40.732652404997886,57.513813608844345,False,False,0.0
438,2016-12-28 13:30:00+00:00,industrial1,industrial,test,0,0,high,57.0,1,15,IA-GTPF,11,0,2016-12-28 13:45:00+00:00,35.625,35.625,True,False,57.0,38.865003499593136,0.7995417574572714,36.26397827276398,59.55246623651658,38.865003499593136,0.7995417574572714,36.26397827276398,59.55246623651658,38.865003499593136,0.7995417574572714,36.26397827276398,59.55246623651658,False,False,0.0
439,2016-12-28 13:45:00+00:00,industrial1,industrial,test,0,0,high,57.0,1,15,IA-GTPF,11,0,2016-12-28 14:00:00+00:00,36.25,36.25,True,False,57.0,38.48670855389738,0.7995417574572714,36.04332024322129,52.49860621474021,38.48670855389738,0.7995417574572714,36.04332024322129,52.49860621474021,38.48670855389738,0.7995417574572714,36.04332024322129,52.49860621474021,False,False,0.0
440,2016-12-28 14:00:00+00:00,industrial1,industrial,test,1,0,high,57.0,1,15,IA-GTPF,11,0,2016-12-28 14:15:00+00:00,34.0,34.0,True,False,57.0,38.608307512765926,0.7995417574572714,37.4314744974688,52.626766931335844,38.608307512765926,0.7995417574572714,37.4314744974688,52.626766931335844,38.608307512765926,0.7995417574572714,37.4314744974688,52.626766931335844,False,False,0.0
441,2016-12-28 14:15:00+00:00,industrial1,industrial,test,1,0,medium,57.0,1,15,IA-GTPF,11,0,2016-12-28 14:30:00+00:00,37.125,37.125,True,False,57.0,36.468090656618834,0.7995417574572714,36.97211935182355,49.54411169314209,36.468090656618834,0.7995417574572714,36.97211935182355,49.54411169314209,36.468090656618834,0.7995417574572714,36.97211935182355,49.54411169314209,False,False,0.0
442,2016-12-28 14:30:00+00:00,industrial1,industrial,test,1,0,medium,57.0,1,15,IA-GTPF,11,0,2016-12-28 14:45:00+00:00,35.75,35.75,True,False,57.0,36.926217647240996,0.7995417574572714,35.597988082693824,57.03888883442231,36.926217647240996,0.7995417574572714,35.597988082693824,57.03888883442231,36.926217647240996,0.7995417574572714,35.597988082693824,57.03888883442231,False,False,0.0
443,2016-12-28 14:45:00+00:00,industrial1,industrial,test,1,0,medium,57.0,1,15,IA-GTPF,11,0,2016-12-28 15:00:00+00:00,36.375,36.375,True,False,57.0,36.38547788663678,0.7995417574572714,35.38418930208134,45.57896465958767,36.38547788663678,0.7995417574572714,35.38418930208134,45.57896465958767,36.38547788663678,0.7995417574572714,35.38418930208134,45.57896465958767,False,False,0.0
444,2016-12-28 15:00:00+00:00,industrial1,industrial,test,1,0,medium,57.0,1,15,IA-GTPF,11,0,2016-12-28 15:15:00+00:00,40.5,40.5,True,False,57.0,36.1838900669912,0.7995417574572714,34.63181633587267,57.136117197351844,36.1838900669912,0.7995417574572714,34.63181633587267,57.136117197351844,36.1838900669912,0.7995417574572714,34.63181633587267,57.136117197351844,False,False,0.0
445,2016-12-28 15:15:00+00:00,industrial1,industrial,test,0,0,medium,57.0,1,15,IA-GTPF,11,0,2016-12-28 15:30:00+00:00,43.25,43.25,True,False,57.0,38.25683717074453,0.7995417574572714,36.8770402467493,56.63717189638149,38.25683717074453,0.7995417574572714,36.8770402467493,56.63717189638149,38.25683717074453,0.7995417574572714,36.8770402467493,56.63717189638149,False,False,0.0
446,2016-12-28 15:30:00+00:00,industrial1,industrial,test,1,0,medium,57.0,1,15,IA-GTPF,11,0,2016-12-28 15:45:00+00:00,31.5,31.5,True,False,57.0,40.49325025307846,0.7995417574572714,38.488022192045385,59.02075792147445,40.49325025307846,0.7995417574572714,38.488022192045385,59.02075792147445,40.49325025307846,0.7995417574572714,38.488022192045385,59.02075792147445,False,False,0.0
447,2016-12-28 15:45:00+00:00,industrial1,industrial,test,0,0,low,57.0,1,15,IA-GTPF,11,0,2016-12-28 16:00:00+00:00,33.0,33.0,True,False,57.0,33.88793939530525,0.6229802281937658,32.22695375722351,52.267512845907,33.88793939530525,0.6229802281937658,32.22695375722351,52.267512845907,33.88793939530525,0.6229802281937658,32.22695375722351,52.267512845907,False,False,0.0
448,2016-12-28 16:00:00+00:00,industrial1,industrial,test,1,0,low,57.0,1,15,IA-GTPF,11,0,2016-12-28 16:15:00+00:00,25.375,25.375,True,False,57.0,34.49329838107793,0.7995417574572714,33.18928129687449,51.5907621542472,34.49329838107793,0.7995417574572714,33.18928129687449,51.5907621542472,34.49329838107793,0.7995417574572714,33.18928129687449,51.5907621542472,False,False,0.0
449,2016-12-28 16:15:00+00:00,industrial1,industrial,test,0,0,low,57.0,1,15,IA-GTPF,11,0,2016-12-28 16:30:00+00:00,27.375,27.375,True,False,57.0,29.884605274870168,0.7995417574572714,29.348170655177853,47.300550438565146,29.884605274870168,0.7995417574572714,29.348170655177853,47.300550438565146,29.884605274870168,0.7995417574572714,29.348170655177853,47.300550438565146,False,False,0.0
450,2016-12-28 16:30:00+00:00,industrial1,industrial,test,1,0,low,57.0,1,15,IA-GTPF,11,0,2016-12-28 16:45:00+00:00,27.125,27.125,True,False,57.0,30.14208959066074,0.7995417574572714,29.77003592520875,49.593285600839536,30.14208959066074,0.7995417574572714,29.77003592520875,49.593285600839536,30.14208959066074,0.7995417574572714,29.77003592520875,49.593285600839536,False,False,0.0
451,2016-12-28 16:45:00+00:00,industrial1,industrial,test,1,0,low,57.0,1,15,IA-GTPF,11,0,2016-12-28 17:00:00+00:00,26.125,26.125,True,False,57.0,29.42963327510725,0.7995417574572714,29.031028939859173,49.38933206410056,29.42963327510725,0.7995417574572714,29.031028939859173,49.38933206410056,29.42963327510725,0.7995417574572714,29.031028939859173,49.38933206410056,False,False,0.0
452,2016-12-28 17:00:00+00:00,industrial1,industrial,test,1,0,low,57.0,1,15,IA-GTPF,11,0,2016-12-28 17:15:00+00:00,29.625,29.625,True,False,57.0,28.806752515107167,0.7995417574572714,28.379167496896397,44.75124897474822,28.806752515107167,0.7995417574572714,28.379167496896397,44.75124897474822,28.806752515107167,0.7995417574572714,28.379167496896397,44.75124897474822,False,False,0.0
453,2016-12-28 17:15:00+00:00,industrial1,industrial,test,1,0,low,57.0,1,15,IA-GTPF,11,0,2016-12-28 17:30:00+00:00,27.0,27.0,True,False,57.0,29.35499360050828,0.7995417574572714,28.14836198974415,46.88614003785846,29.35499360050828,0.7995417574572714,28.14836198974415,46.88614003785846,29.35499360050828,0.7995417574572714,28.14836198974415,46.88614003785846,False,False,0.0
454,2016-12-28 17:30:00+00:00,industrial1,industrial,test,1,0,low,57.0,1,15,IA-GTPF,11,0,2016-12-28 17:45:00+00:00,30.0,30.0,True,False,57.0,28.06080492581953,0.7995417574572714,27.862666653044872,47.05689884618132,28.06080492581953,0.7995417574572714,27.862666653044872,47.05689884618132,28.06080492581953,0.7995417574572714,27.862666653044872,47.05689884618132,False,False,0.0
455,2016-12-28 17:45:00+00:00,industrial1,industrial,test,1,0,low,57.0,1,15,IA-GTPF,11,0,2016-12-28 18:00:00+00:00,39.33129855715872,39.33129855715872,True,False,56.0,29.384087657816213,0.7995417574572714,27.876352675690597,47.57922376431532,29.384087657816213,0.7995417574572714,27.876352675690597,47.57922376431532,29.384087657816213,0.7995417574572714,27.876352675690597,47.57922376431532,False,False,0.0
456,2016-12-28 18:00:00+00:00,industrial1,industrial,test,0,0,low,56.0,1,15,IA-GTPF,11,0,2016-12-28 18:15:00+00:00,46.625,46.625,True,False,56.0,33.297449875662,0.7853734840614577,32.37161034662783,56.675691503743096,33.297449875662,0.7853734840614577,32.37161034662783,56.675691503743096,33.297449875662,0.7853734840614577,32.37161034662783,56.675691503743096,False,False,0.0
457,2016-12-28 18:15:00+00:00,industrial1,industrial,test,0,0,low,56.0,1,15,IA-GTPF,11,0,2016-12-28 18:30:00+00:00,31.5,31.5,True,False,56.0,38.15865489320279,0.7853734840614577,35.336678172919584,51.63706071252233,38.15865489320279,0.7853734840614577,35.336678172919584,51.63706071252233,38.15865489320279,0.7853734840614577,35.336678172919584,51.63706071252233,False,False,0.0
458,2016-12-28 18:30:00+00:00,industrial1,industrial,test,0,0,low,56.0,1,15,IA-GTPF,11,0,2016-12-28 18:45:00+00:00,23.25,23.25,True,False,56.0,32.18897774075552,0.5203285743501986,30.37427557489131,47.83421559903589,32.18897774075552,0.5203285743501986,30.37427557489131,47.83421559903589,32.18897774075552,0.5203285743501986,30.37427557489131,47.83421559903589,False,False,0.0
459,2016-12-28 18:45:00+00:00,industrial1,industrial,test,0,0,low,56.0,1,15,IA-GTPF,11,0,2016-12-28 19:00:00+00:00,32.0,32.0,True,False,56.0,28.01556636407605,0.7995417574572714,26.907516695736263,36.62675992801922,28.01556636407605,0.7995417574572714,26.907516695736263,36.62675992801922,28.01556636407605,0.7995417574572714,26.907516695736263,36.62675992801922,False,False,0.0
460,2016-12-28 19:00:00+00:00,industrial1,industrial,test,0,0,low,56.0,1,15,IA-GTPF,11,0,2016-12-28 19:15:00+00:00,28.75,28.75,True,False,56.0,31.077901807841645,0.7853734840614577,30.461149322354313,40.594374325600135,31.077901807841645,0.7853734840614577,30.461149322354313,40.594374325600135,31.077901807841645,0.7853734840614577,30.461149322354313,40.594374325600135,False,False,0.0
461,2016-12-28 19:15:00+00:00,industrial1,industrial,test,1,0,low,56.0,1,15,IA-GTPF,11,0,2016-12-28 19:30:00+00:00,20.125,20.125,True,False,56.0,28.68420214247001,0.8017312514186684,28.667600331255997,42.11970007223626,28.68420214247001,0.8017312514186684,28.667600331255997,42.11970007223626,28.68420214247001,0.8017312514186684,28.667600331255997,42.11970007223626,False,False,0.0
462,2016-12-28 19:30:00+00:00,industrial1,industrial,test,0,0,low,56.0,1,15,IA-GTPF,11,0,2016-12-28 19:45:00+00:00,19.5,19.5,True,False,56.0,22.949301588798964,0.8017312514186684,22.90842152345941,32.46345953079448,22.949301588798964,0.8017312514186684,22.90842152345941,32.46345953079448,22.949301588798964,0.8017312514186684,22.90842152345941,32.46345953079448,False,False,0.0
463,2016-12-28 19:45:00+00:00,industrial1,industrial,test,1,0,low,56.0,1,15,IA-GTPF,11,0,2016-12-28 20:00:00+00:00,19.625,19.625,True,False,56.0,22.996287270775248,0.8017312514186684,23.03432188092369,33.60087542504541,22.996287270775248,0.8017312514186684,23.03432188092369,33.60087542504541,22.996287270775248,0.8017312514186684,23.03432188092369,33.60087542504541,False,False,0.0
464,2016-12-28 20:00:00+00:00,industrial1,industrial,test,1,0,low,56.0,1,15,IA-GTPF,11,0,2016-12-28 20:15:00+00:00,16.875,16.875,True,False,56.0,22.954836874398037,0.8017312514186684,23.18654357832119,34.10146708302982,22.954836874398037,0.8017312514186684,23.18654357832119,34.10146708302982,22.954836874398037,0.8017312514186684,23.18654357832119,34.10146708302982,False,False,0.0
465,2016-12-28 20:15:00+00:00,industrial1,industrial,test,1,0,low,56.0,1,15,IA-GTPF,11,0,2016-12-28 20:30:00+00:00,17.5,17.5,True,False,56.0,20.65630221537117,0.8017312514186684,19.2415548060892,29.19418990454756,20.65630221537117,0.8017312514186684,19.2415548060892,29.19418990454756,20.65630221537117,0.8017312514186684,19.2415548060892,29.19418990454756,False,False,0.0
466,2016-12-28 20:30:00+00:00,industrial1,industrial,test,1,0,low,56.0,1,15,IA-GTPF,11,0,2016-12-28 20:45:00+00:00,16.25,16.25,True,False,56.0,19.832450190148197,0.8017312514186684,18.90090206036498,28.701170590261516,19.832450190148197,0.8017312514186684,18.90090206036498,28.701170590261516,19.832450190148197,0.8017312514186684,18.90090206036498,28.701170590261516,False,False,0.0
467,2016-12-28 20:45:00+00:00,industrial1,industrial,test,1,0,low,56.0,1,15,IA-GTPF,11,0,2016-12-28 21:00:00+00:00,18.25,18.25,True,False,56.0,19.066485857738826,0.8017312514186684,18.881783100777092,25.171355690810312,19.066485857738826,0.8017312514186684,18.881783100777092,25.171355690810312,19.066485857738826,0.8017312514186684,18.881783100777092,25.171355690810312,False,False,0.0
468,2016-12-28 21:00:00+00:00,industrial1,industrial,test,1,0,low,56.0,1,15,IA-GTPF,11,0,2016-12-28 21:15:00+00:00,19.125,19.125,True,False,56.0,19.372325559649138,0.8017312514186684,18.74274011369708,28.559417216448566,19.372325559649138,0.8017312514186684,18.74274011369708,28.559417216448566,19.372325559649138,0.8017312514186684,18.74274011369708,28.559417216448566,False,False,0.0
469,2016-12-28 21:15:00+00:00,industrial1,industrial,test,1,0,low,56.0,1,15,IA-GTPF,11,0,2016-12-28 21:30:00+00:00,21.5,21.5,True,False,56.0,19.594135791727947,0.8017312514186684,19.08731801143585,26.253035720307608,19.594135791727947,0.8017312514186684,19.08731801143585,26.253035720307608,19.594135791727947,0.8017312514186684,19.08731801143585,26.253035720307608,False,False,0.0
470,2016-12-28 21:30:00+00:00,industrial1,industrial,test,1,0,low,56.0,1,15,IA-GTPF,11,0,2016-12-28 21:45:00+00:00,19.625,19.625,True,False,56.0,21.19277941416722,0.8017312514186684,21.27190118647845,30.3263442788152,21.19277941416722,0.8017312514186684,21.27190118647845,30.3263442788152,21.19277941416722,0.8017312514186684,21.27190118647845,30.3263442788152,False,False,0.0
471,2016-12-28 21:45:00+00:00,industrial1,industrial,test,1,0,low,56.0,1,15,IA-GTPF,11,0,2016-12-28 22:00:00+00:00,17.25,17.25,True,False,56.0,21.220995673516008,0.8017312514186684,20.998392212448213,28.365026985846857,21.220995673516008,0.8017312514186684,20.998392212448213,28.365026985846857,21.220995673516008,0.8017312514186684,20.998392212448213,28.365026985846857,False,False,0.0
472,2016-12-28 22:00:00+00:00,industrial1,industrial,test,1,0,low,56.0,1,15,IA-GTPF,11,0,2016-12-28 22:15:00+00:00,17.625,17.625,True,False,56.0,19.577812130295147,0.7995417574572714,16.953292451381564,25.412234874948822,19.577812130295147,0.7995417574572714,16.953292451381564,25.412234874948822,19.577812130295147,0.7995417574572714,16.953292451381564,25.412234874948822,False,False,0.0
473,2016-12-28 22:15:00+00:00,industrial1,industrial,test,1,0,low,56.0,1,15,IA-GTPF,11,0,2016-12-28 22:30:00+00:00,15.375,15.375,True,False,56.0,18.987277841957635,0.7995417574572714,16.954508555373707,25.20749027773646,18.987277841957635,0.7995417574572714,16.954508555373707,25.20749027773646,18.987277841957635,0.7995417574572714,16.954508555373707,25.20749027773646,False,False,0.0
474,2016-12-28 22:30:00+00:00,industrial1,industrial,test,1,0,low,56.0,1,15,IA-GTPF,11,0,2016-12-28 22:45:00+00:00,14.875,14.875,True,False,56.0,17.566587921161556,0.7995417574572714,16.953025471989136,24.86645794266013,17.566587921161556,0.7995417574572714,16.953025471989136,24.86645794266013,17.566587921161556,0.7995417574572714,16.953025471989136,24.86645794266013,False,False,0.0
475,2016-12-28 22:45:00+00:00,industrial1,industrial,test,1,0,low,56.0,1,15,IA-GTPF,11,0,2016-12-28 23:00:00+00:00,17.125,17.125,True,False,56.0,16.544336316943166,0.7995417574572714,16.46395637529712,23.884974082237516,16.544336316943166,0.7995417574572714,16.46395637529712,23.884974082237516,16.544336316943166,0.7995417574572714,16.46395637529712,23.884974082237516,False,False,0.0
476,2016-12-28 23:00:00+00:00,industrial1,industrial,test,1,0,low,56.0,1,15,IA-GTPF,11,0,2016-12-28 23:15:00+00:00,17.625,17.625,True,False,56.0,16.82461193911282,0.8843583556169559,16.540990483061627,24.37540668770679,16.82461193911282,0.8843583556169559,16.540990483061627,24.37540668770679,16.82461193911282,0.8843583556169559,16.540990483061627,24.37540668770679,False,False,0.0
477,2016-12-28 23:15:00+00:00,industrial1,industrial,test,1,0,low,56.0,1,15,IA-GTPF,11,0,2016-12-28 23:30:00+00:00,19.0,19.0,True,False,56.0,16.909955107482183,0.798614936930823,16.44543353147663,24.308408771889617,16.909955107482183,0.798614936930823,16.44543353147663,24.308408771889617,16.909955107482183,0.798614936930823,16.44543353147663,24.308408771889617,False,False,0.0
478,2016-12-28 23:30:00+00:00,industrial1,industrial,test,1,0,low,56.0,1,15,IA-GTPF,11,0,2016-12-28 23:45:00+00:00,21.25,21.25,True,False,56.0,17.509798832477212,0.798614936930823,16.76877131727863,25.662680706176925,17.509798832477212,0.798614936930823,16.76877131727863,25.662680706176925,17.509798832477212,0.798614936930823,16.76877131727863,25.662680706176925,False,False,0.0
479,2016-12-28 23:45:00+00:00,industrial1,industrial,test,1,0,low,56.0,1,15,IA-GTPF,11,0,2016-12-29 00:00:00+00:00,33.125,33.125,True,False,56.0,19.776440255118686,0.7494545095226697,19.011692487059037,30.39832965103518,19.776440255118686,0.7494545095226697,19.011692487059037,30.39832965103518,19.776440255118686,0.7494545095226697,19.011692487059037,30.39832965103518,False,False,0.0
480,2016-12-29 00:00:00+00:00,industrial1,industrial,test,0,0,low,56.0,1,15,IA-GTPF,11,0,2016-12-29 00:15:00+00:00,38.875,38.875,True,False,56.0,23.51213113512129,0.735286236126856,22.56688960106522,38.56023299832683,23.51213113512129,0.735286236126856,22.56688960106522,38.56023299832683,23.51213113512129,0.735286236126856,22.56688960106522,38.56023299832683,False,False,0.0
481,2016-12-29 00:15:00+00:00,industrial1,industrial,test,0,0,low,56.0,1,15,IA-GTPF,11,0,2016-12-29 00:30:00+00:00,15.25,15.25,True,False,56.0,25.45098591339902,0.735286236126856,22.859731166020968,45.665715845469556,25.45098591339902,0.735286236126856,22.859731166020968,45.665715845469556,25.45098591339902,0.735286236126856,22.859731166020968,45.665715845469556,False,False,0.0
482,2016-12-29 00:30:00+00:00,industrial1,industrial,test,0,0,low,56.0,1,15,IA-GTPF,11,0,2016-12-29 00:45:00+00:00,16.0,16.0,True,False,56.0,16.50642374055764,0.342137083531936,13.526324018973185,27.724472507063517,16.50642374055764,0.342137083531936,13.526324018973185,27.724472507063517,16.50642374055764,0.342137083531936,13.526324018973185,27.724472507063517,False,False,0.0
483,2016-12-29 00:45:00+00:00,industrial1,industrial,test,1,0,low,56.0,1,15,IA-GTPF,11,0,2016-12-29 01:00:00+00:00,26.5,26.5,True,False,56.0,18.365626214238805,0.7851854107986097,17.52547180557913,29.797240940944423,18.365626214238805,0.7851854107986097,17.52547180557913,29.797240940944423,18.365626214238805,0.7851854107986097,17.52547180557913,29.797240940944423,False,False,0.0
484,2016-12-29 01:00:00+00:00,industrial1,industrial,test,0,0,low,56.0,1,15,IA-GTPF,11,0,2016-12-29 01:15:00+00:00,21.375,21.375,True,False,56.0,22.14283055516799,0.7199451776967373,21.86141414134919,35.48818725332934,22.14283055516799,0.7199451776967373,21.86141414134919,35.48818725332934,22.14283055516799,0.7199451776967373,21.86141414134919,35.48818725332934,False,False,0.0
485,2016-12-29 01:15:00+00:00,industrial1,industrial,test,0,0,low,56.0,1,15,IA-GTPF,11,0,2016-12-29 01:30:00+00:00,15.625,15.625,True,False,56.0,20.275634870681124,0.798614936930823,20.17269751080739,30.27622186736374,20.275634870681124,0.798614936930823,20.17269751080739,30.27622186736374,20.275634870681124,0.798614936930823,20.17269751080739,30.27622186736374,False,False,0.0
486,2016-12-29 01:30:00+00:00,industrial1,industrial,test,0,0,low,56.0,1,15,IA-GTPF,11,0,2016-12-29 01:45:00+00:00,16.125,16.125,True,False,56.0,18.037123139294604,0.798614936930823,17.278337885585003,27.43791918808598,18.037123139294604,0.798614936930823,17.278337885585003,27.43791918808598,18.037123139294604,0.798614936930823,17.278337885585003,27.43791918808598,False,False,0.0
487,2016-12-29 01:45:00+00:00,industrial1,industrial,test,1,0,low,56.0,1,15,IA-GTPF,11,0,2016-12-29 02:00:00+00:00,14.875,14.875,True,False,56.0,17.937826879016104,0.798614936930823,17.070885144768678,27.56400463170748,17.937826879016104,0.798614936930823,17.070885144768678,27.56400463170748,17.937826879016104,0.798614936930823,17.070885144768678,27.56400463170748,False,False,0.0
488,2016-12-29 02:00:00+00:00,industrial1,industrial,test,1,0,low,56.0,1,15,IA-GTPF,11,0,2016-12-29 02:15:00+00:00,17.0,17.0,True,False,56.0,16.856891413409183,0.798614936930823,16.88730910159073,30.239379079986985,16.856891413409183,0.798614936930823,16.88730910159073,30.239379079986985,16.856891413409183,0.798614936930823,16.88730910159073,30.239379079986985,False,False,0.0
489,2016-12-29 02:15:00+00:00,industrial1,industrial,test,1,0,low,56.0,1,15,IA-GTPF,11,0,2016-12-29 02:30:00+00:00,14.125,14.125,True,False,56.0,15.899866941935661,0.798614936930823,15.87002318274301,26.991991729981123,15.899866941935661,0.798614936930823,15.87002318274301,26.991991729981123,15.899866941935661,0.798614936930823,15.87002318274301,26.991991729981123,False,False,0.0
490,2016-12-29 02:30:00+00:00,industrial1,industrial,test,1,0,low,56.0,1,15,IA-GTPF,11,0,2016-12-29 02:45:00+00:00,16.375,16.375,True,False,56.0,15.919361741153512,0.798614936930823,16.458418664108333,23.499527558897174,15.919361741153512,0.798614936930823,16.458418664108333,23.499527558897174,15.919361741153512,0.798614936930823,16.458418664108333,23.499527558897174,False,False,0.0
491,2016-12-29 02:45:00+00:00,industrial1,industrial,test,1,0,low,56.0,1,15,IA-GTPF,11,0,2016-12-29 03:00:00+00:00,19.375,19.375,True,False,56.0,16.053476019087064,0.7494545095226697,16.401390215243445,23.68988136446668,16.053476019087064,0.7494545095226697,16.401390215243445,23.68988136446668,16.053476019087064,0.7494545095226697,16.401390215243445,23.68988136446668,False,False,0.0
492,2016-12-29 03:00:00+00:00,industrial1,industrial,test,1,0,low,56.0,1,15,IA-GTPF,11,0,2016-12-29 03:15:00+00:00,17.625,17.625,True,False,56.0,17.633240755312904,0.7494545095226697,18.82140241251622,27.007453767550302,17.633240755312904,0.7494545095226697,18.82140241251622,27.007453767550302,17.633240755312904,0.7494545095226697,18.82140241251622,27.007453767550302,False,False,0.0
493,2016-12-29 03:15:00+00:00,industrial1,industrial,test,1,0,low,56.0,1,15,IA-GTPF,11,0,2016-12-29 03:30:00+00:00,20.375,20.375,True,False,56.0,17.258803029056843,0.798614936930823,16.7626482845886,27.60940557393921,17.258803029056843,0.798614936930823,16.7626482845886,27.60940557393921,17.258803029056843,0.798614936930823,16.7626482845886,27.60940557393921,False,False,0.0
494,2016-12-29 03:30:00+00:00,industrial1,industrial,test,1,0,low,56.0,1,15,IA-GTPF,11,0,2016-12-29 03:45:00+00:00,18.5,18.5,True,False,56.0,19.06583279697885,0.7494545095226697,19.010020236453773,27.30904951511222,19.06583279697885,0.7494545095226697,19.010020236453773,27.30904951511222,19.06583279697885,0.7494545095226697,19.010020236453773,27.30904951511222,False,False,0.0
495,2016-12-29 03:45:00+00:00,industrial1,industrial,test,1,0,low,56.0,1,15,IA-GTPF,11,0,2016-12-29 04:00:00+00:00,14.375,14.375,True,False,56.0,18.366210588023133,0.798614936930823,16.946399839509933,25.61598904345968,18.366210588023133,0.798614936930823,16.946399839509933,25.61598904345968,18.366210588023133,0.798614936930823,16.946399839509933,25.61598904345968,False,False,0.0
496,2016-12-29 04:00:00+00:00,industrial1,industrial,test,0,0,low,56.0,1,15,IA-GTPF,11,0,2016-12-29 04:15:00+00:00,15.875,15.875,True,False,56.0,16.55394374097109,0.798614936930823,16.99958319522616,26.83911895172013,16.55394374097109,0.798614936930823,16.99958319522616,26.83911895172013,16.55394374097109,0.798614936930823,16.99958319522616,26.83911895172013,False,False,0.0
497,2016-12-29 04:15:00+00:00,industrial1,industrial,test,1,0,low,56.0,1,15,IA-GTPF,11,0,2016-12-29 04:30:00+00:00,35.25,35.25,True,False,56.0,17.55741107287291,0.798614936930823,16.899676307192586,27.52699473903394,17.55741107287291,0.798614936930823,16.899676307192586,27.52699473903394,17.55741107287291,0.798614936930823,16.899676307192586,27.52699473903394,False,False,0.0
498,2016-12-29 04:30:00+00:00,industrial1,industrial,test,0,0,low,56.0,1,15,IA-GTPF,11,0,2016-12-29 04:45:00+00:00,19.125,19.125,True,False,56.0,23.77879393165145,0.40315788775438527,23.290582526513248,39.83323030081775,23.77879393165145,0.40315788775438527,23.290582526513248,39.83323030081775,23.77879393165145,0.40315788775438527,23.290582526513248,39.83323030081775,False,False,0.0
499,2016-12-29 04:45:00+00:00,industrial1,industrial,test,0,0,low,56.0,1,15,IA-GTPF,11,0,2016-12-29 05:00:00+00:00,15.25,15.25,True,False,56.0,17.795240546218302,0.5396704199392051,16.663058264790095,27.12868215447163,17.795240546218302,0.5396704199392051,16.663058264790095,27.12868215447163,17.795240546218302,0.5396704199392051,16.663058264790095,27.12868215447163,False,False,0.0
500,2016-12-29 05:00:00+00:00,industrial1,industrial,test,0,0,low,56.0,1,15,IA-GTPF,11,0,2016-12-29 05:15:00+00:00,17.0,17.0,True,False,56.0,17.931386759598798,0.7322457730257829,17.850277261664008,28.113397177863895,17.931386759598798,0.7322457730257829,17.850277261664008,28.113397177863895,17.931386759598798,0.7322457730257829,17.850277261664008,28.113397177863895,False,False,0.0
501,2016-12-29 05:15:00+00:00,industrial1,industrial,test,1,0,low,56.0,1,15,IA-GTPF,11,0,2016-12-29 05:30:00+00:00,17.625,17.625,True,False,56.0,18.50766093021197,0.7322457730257829,17.840610756566004,27.078648925293965,18.50766093021197,0.7322457730257829,17.840610756566004,27.078648925293965,18.50766093021197,0.7322457730257829,17.840610756566004,27.078648925293965,False,False,0.0
502,2016-12-29 05:30:00+00:00,industrial1,industrial,test,1,0,low,56.0,1,15,IA-GTPF,11,0,2016-12-29 05:45:00+00:00,20.375,20.375,True,False,56.0,17.73664081335271,0.798614936930823,17.862227283899493,25.883354135504337,17.73664081335271,0.798614936930823,17.862227283899493,25.883354135504337,17.73664081335271,0.798614936930823,17.862227283899493,25.883354135504337,False,False,0.0
503,2016-12-29 05:45:00+00:00,industrial1,industrial,test,1,0,low,56.0,1,15,IA-GTPF,11,0,2016-12-29 06:00:00+00:00,33.0,33.0,True,False,56.0,19.171508797087323,0.7494545095226697,19.409359040329313,28.036762369467063,19.171508797087323,0.7494545095226697,19.409359040329313,28.036762369467063,19.171508797087323,0.7494545095226697,19.409359040329313,28.036762369467063,False,False,0.0
504,2016-12-29 06:00:00+00:00,industrial1,industrial,test,0,0,low,56.0,1,15,IA-GTPF,11,0,2016-12-29 06:15:00+00:00,24.5,24.5,True,False,56.0,24.20047196166724,0.7853734840614577,24.139810279806518,42.15740263926355,24.20047196166724,0.7853734840614577,24.139810279806518,42.15740263926355,24.20047196166724,0.7853734840614577,24.139810279806518,42.15740263926355,False,False,0.0
505,2016-12-29 06:15:00+00:00,industrial1,industrial,test,0,0,low,56.0,1,15,IA-GTPF,11,0,2016-12-29 06:30:00+00:00,21.0,21.0,True,False,56.0,23.14278267325472,0.7995417574572714,21.11504381820656,37.16687031209865,23.14278267325472,0.7995417574572714,21.11504381820656,37.16687031209865,23.14278267325472,0.7995417574572714,21.11504381820656,37.16687031209865,False,False,0.0
506,2016-12-29 06:30:00+00:00,industrial1,industrial,test,1,0,low,56.0,1,15,IA-GTPF,11,0,2016-12-29 06:45:00+00:00,22.5,22.5,True,False,56.0,22.746135810246077,0.7995417574572714,22.408291284194394,34.81688252776532,22.746135810246077,0.7995417574572714,22.408291284194394,34.81688252776532,22.746135810246077,0.7995417574572714,22.408291284194394,34.81688252776532,False,False,0.0
507,2016-12-29 06:45:00+00:00,industrial1,industrial,test,1,0,low,56.0,1,15,IA-GTPF,11,0,2016-12-29 07:00:00+00:00,30.625,30.625,True,False,56.0,23.68116849130586,0.7995417574572714,22.80942290788573,32.09523997224884,23.68116849130586,0.7995417574572714,22.80942290788573,32.09523997224884,23.68116849130586,0.7995417574572714,22.80942290788573,32.09523997224884,False,False,0.0
508,2016-12-29 07:00:00+00:00,industrial1,industrial,test,0,0,low,56.0,1,15,IA-GTPF,11,0,2016-12-29 07:15:00+00:00,27.875,27.875,True,False,56.0,26.69469134689937,0.7853734840614577,27.184475491955066,40.41563246356299,26.69469134689937,0.7853734840614577,27.184475491955066,40.41563246356299,26.69469134689937,0.7853734840614577,27.184475491955066,40.41563246356299,False,False,0.0
509,2016-12-29 07:15:00+00:00,industrial1,industrial,test,1,0,low,56.0,1,15,IA-GTPF,11,0,2016-12-29 07:30:00+00:00,25.125,25.125,True,False,56.0,25.110678974509824,0.7995417574572714,24.103101099695028,39.94062563232107,25.110678974509824,0.7995417574572714,24.103101099695028,39.94062563232107,25.110678974509824,0.7995417574572714,24.103101099695028,39.94062563232107,False,False,0.0
510,2016-12-29 07:30:00+00:00,industrial1,industrial,test,1,0,low,56.0,1,15,IA-GTPF,11,0,2016-12-29 07:45:00+00:00,24.25,24.25,True,False,56.0,25.284487492288694,0.7995417574572714,24.129145637957407,38.25406470445024,25.284487492288694,0.7995417574572714,24.129145637957407,38.25406470445024,25.284487492288694,0.7995417574572714,24.129145637957407,38.25406470445024,False,False,0.0
511,2016-12-29 07:45:00+00:00,industrial1,industrial,test,1,0,medium,56.0,1,15,IA-GTPF,11,0,2016-12-29 08:00:00+00:00,24.5,24.5,True,False,56.0,27.423516412528624,0.7995417574572714,27.846048676284692,41.388408282328214,27.423516412528624,0.7995417574572714,27.846048676284692,41.388408282328214,27.423516412528624,0.7995417574572714,27.846048676284692,41.388408282328214,False,False,0.0
512,2016-12-29 08:00:00+00:00,industrial1,industrial,test,1,0,medium,56.0,1,15,IA-GTPF,11,0,2016-12-29 08:15:00+00:00,26.75,26.75,True,False,56.0,27.254173674776656,0.7995417574572714,27.410469981383002,45.11819666551093,27.254173674776656,0.7995417574572714,27.410469981383002,45.11819666551093,27.254173674776656,0.7995417574572714,27.410469981383002,45.11819666551093,False,False,0.0
513,2016-12-29 08:15:00+00:00,industrial1,industrial,test,1,0,medium,56.0,1,15,IA-GTPF,11,0,2016-12-29 08:30:00+00:00,24.5,24.5,True,False,56.0,28.264846157562722,0.7995417574572714,29.298352274327343,43.09837417665716,28.264846157562722,0.7995417574572714,29.298352274327343,43.09837417665716,28.264846157562722,0.7995417574572714,29.298352274327343,43.09837417665716,False,False,0.0
514,2016-12-29 08:30:00+00:00,industrial1,industrial,test,1,0,medium,56.0,1,15,IA-GTPF,11,0,2016-12-29 08:45:00+00:00,25.125,25.125,True,False,56.0,27.28169020534299,0.7995417574572714,27.35150676161723,41.30126737094312,27.28169020534299,0.7995417574572714,27.35150676161723,41.30126737094312,27.28169020534299,0.7995417574572714,27.35150676161723,41.30126737094312,False,False,0.0
515,2016-12-29 08:45:00+00:00,industrial1,industrial,test,1,0,medium,56.0,1,15,IA-GTPF,11,0,2016-12-29 09:00:00+00:00,29.5,29.5,True,False,56.0,28.74694758255878,0.7995417574572714,29.21727542085663,41.55500464419026,28.74694758255878,0.7995417574572714,29.21727542085663,41.55500464419026,28.74694758255878,0.7995417574572714,29.21727542085663,41.55500464419026,False,False,0.0
516,2016-12-29 09:00:00+00:00,industrial1,industrial,test,0,0,medium,56.0,1,15,IA-GTPF,11,0,2016-12-29 09:15:00+00:00,30.875,30.875,True,False,56.0,29.622961097482015,0.7995417574572714,29.954984184994515,48.83326800050578,29.622961097482015,0.7995417574572714,29.954984184994515,48.83326800050578,29.622961097482015,0.7995417574572714,29.954984184994515,48.83326800050578,False,False,0.0
517,2016-12-29 09:15:00+00:00,industrial1,industrial,test,1,0,medium,56.0,1,15,IA-GTPF,11,0,2016-12-29 09:30:00+00:00,32.625,32.625,True,False,56.0,32.36173006711879,0.7995417574572714,33.23127018144583,43.7422961571016,32.36173006711879,0.7995417574572714,33.23127018144583,43.7422961571016,32.36173006711879,0.7995417574572714,33.23127018144583,43.7422961571016,False,False,0.0
518,2016-12-29 09:30:00+00:00,industrial1,industrial,test,1,0,medium,56.0,1,15,IA-GTPF,11,0,2016-12-29 09:45:00+00:00,27.0,27.0,True,False,56.0,33.03882391251714,0.7995417574572714,33.33462370269362,42.493560840786955,33.03882391251714,0.7995417574572714,33.33462370269362,42.493560840786955,33.03882391251714,0.7995417574572714,33.33462370269362,42.493560840786955,False,False,0.0
519,2016-12-29 09:45:00+00:00,industrial1,industrial,test,0,0,medium,56.0,1,15,IA-GTPF,11,0,2016-12-29 10:00:00+00:00,34.375,34.375,True,False,56.0,30.993063614411085,0.7995417574572714,31.178672536138755,46.27561267850848,30.993063614411085,0.7995417574572714,31.178672536138755,46.27561267850848,30.993063614411085,0.7995417574572714,31.178672536138755,46.27561267850848,False,False,0.0
520,2016-12-29 10:00:00+00:00,industrial1,industrial,test,0,0,medium,56.0,1,15,IA-GTPF,11,0,2016-12-29 10:15:00+00:00,31.625,31.625,True,False,56.0,35.165533929926276,0.8428442851570563,34.35680811604797,46.808635843592064,35.165533929926276,0.8428442851570563,34.35680811604797,46.808635843592064,35.165533929926276,0.8428442851570563,34.35680811604797,46.808635843592064,False,False,0.0
521,2016-12-29 10:15:00+00:00,industrial1,industrial,test,1,0,medium,56.0,1,15,IA-GTPF,11,0,2016-12-29 10:30:00+00:00,41.375,41.375,True,False,56.0,33.2657065507725,0.7995417574572714,32.80265473965071,46.65892714451808,33.2657065507725,0.7995417574572714,32.80265473965071,46.65892714451808,33.2657065507725,0.7995417574572714,32.80265473965071,46.65892714451808,False,False,0.0
522,2016-12-29 10:30:00+00:00,industrial1,industrial,test,0,0,medium,56.0,1,15,IA-GTPF,11,0,2016-12-29 10:45:00+00:00,44.5,44.5,True,False,56.0,38.07305967654351,0.7259510474079225,35.72120439198296,54.49685281601916,38.07305967654351,0.7259510474079225,35.72120439198296,54.49685281601916,38.07305967654351,0.7259510474079225,35.72120439198296,54.49685281601916,False,False,0.0
523,2016-12-29 10:45:00+00:00,industrial1,industrial,test,1,0,medium,56.0,1,15,IA-GTPF,11,0,2016-12-29 11:00:00+00:00,34.25,34.25,True,False,56.0,42.98076242200098,0.7995417574572714,40.21967456616133,53.433889338997474,42.98076242200098,0.7995417574572714,40.21967456616133,53.433889338997474,42.98076242200098,0.7995417574572714,40.21967456616133,53.433889338997474,False,False,0.0
524,2016-12-29 11:00:00+00:00,industrial1,industrial,test,0,0,medium,56.0,1,15,IA-GTPF,11,0,2016-12-29 11:15:00+00:00,38.875,38.875,True,False,56.0,36.629805301190245,0.6441464352792166,35.052913158101724,50.38534254678059,36.629805301190245,0.6441464352792166,35.052913158101724,50.38534254678059,36.629805301190245,0.6441464352792166,35.052913158101724,50.38534254678059,False,False,0.0
525,2016-12-29 11:15:00+00:00,industrial1,industrial,test,0,0,medium,56.0,1,15,IA-GTPF,11,0,2016-12-29 11:30:00+00:00,37.5,37.5,True,False,56.0,39.957462707384714,1.1305856436235344,37.82407339299361,61.96159317421178,39.957462707384714,1.1305856436235344,37.82407339299361,61.96159317421178,39.957462707384714,1.1305856436235344,37.82407339299361,61.96159317421178,False,False,0.0
526,2016-12-29 11:30:00+00:00,industrial1,industrial,test,1,0,medium,56.0,1,15,IA-GTPF,11,0,2016-12-29 11:45:00+00:00,40.5,40.5,True,False,56.0,38.99091802683531,0.7995417574572714,37.00813538547731,59.027957284285804,38.99091802683531,0.7995417574572714,37.00813538547731,59.027957284285804,38.99091802683531,0.7995417574572714,37.00813538547731,59.027957284285804,False,False,0.0
527,2016-12-29 11:45:00+00:00,industrial1,industrial,test,1,0,high,56.0,1,15,IA-GTPF,11,0,2016-12-29 12:00:00+00:00,39.75,39.75,True,False,56.0,41.19499424063369,0.7995417574572714,39.27804153705957,58.81814339542525,41.19499424063369,0.7995417574572714,39.27804153705957,58.81814339542525,41.19499424063369,0.7995417574572714,39.27804153705957,58.81814339542525,False,False,0.0
528,2016-12-29 12:00:00+00:00,industrial1,industrial,test,1,0,high,56.0,1,15,IA-GTPF,11,0,2016-12-29 12:15:00+00:00,27.75,27.75,True,False,56.0,40.81976707203218,0.7995417574572714,37.001587832619386,55.92563653176737,40.81976707203218,0.7995417574572714,37.001587832619386,55.92563653176737,40.81976707203218,0.7995417574572714,37.001587832619386,55.92563653176737,False,False,0.0
529,2016-12-29 12:15:00+00:00,industrial1,industrial,test,0,0,high,56.0,1,15,IA-GTPF,11,0,2016-12-29 12:30:00+00:00,23.5,23.5,True,False,56.0,33.08763116736856,0.6441464352792166,32.97409785765644,52.54666650829528,33.08763116736856,0.6441464352792166,32.97409785765644,52.54666650829528,33.08763116736856,0.6441464352792166,32.97409785765644,52.54666650829528,False,False,0.0
530,2016-12-29 12:30:00+00:00,industrial1,industrial,test,0,0,high,56.0,1,15,IA-GTPF,11,0,2016-12-29 12:45:00+00:00,30.875,30.875,True,False,56.0,31.517746380377933,0.7995417574572714,32.06505147207189,46.49462098405288,31.517746380377933,0.7995417574572714,32.06505147207189,46.49462098405288,31.517746380377933,0.7995417574572714,32.06505147207189,46.49462098405288,False,False,0.0
531,2016-12-29 12:45:00+00:00,industrial1,industrial,test,0,0,high,56.0,1,15,IA-GTPF,11,0,2016-12-29 13:00:00+00:00,41.75,41.75,True,False,56.0,34.88402415450947,0.6763241675945049,34.838668648576416,46.31782775042402,34.88402415450947,0.6763241675945049,34.838668648576416,46.31782775042402,34.88402415450947,0.6763241675945049,34.838668648576416,46.31782775042402,False,False,0.0
532,2016-12-29 13:00:00+00:00,industrial1,industrial,test,0,0,high,56.0,1,15,IA-GTPF,11,0,2016-12-29 13:15:00+00:00,37.5,37.5,True,False,56.0,38.159067851296804,0.5987216239069606,36.7615223460716,54.43948546849924,38.159067851296804,0.5987216239069606,36.7615223460716,54.43948546849924,38.159067851296804,0.5987216239069606,36.7615223460716,54.43948546849924,False,False,0.0
533,2016-12-29 13:15:00+00:00,industrial1,industrial,test,0,0,high,56.0,1,15,IA-GTPF,11,0,2016-12-29 13:30:00+00:00,32.75,32.75,True,False,56.0,35.238198927232546,0.7995417574572714,33.33694865642213,54.11192725981619,35.238198927232546,0.7995417574572714,33.33694865642213,54.11192725981619,35.238198927232546,0.7995417574572714,33.33694865642213,54.11192725981619,False,False,0.0
534,2016-12-29 13:30:00+00:00,industrial1,industrial,test,0,0,high,56.0,1,15,IA-GTPF,11,0,2016-12-29 13:45:00+00:00,34.375,34.375,True,False,56.0,34.28445392836427,0.7995417574572714,34.41586844778817,52.69746823022528,34.28445392836427,0.7995417574572714,34.41586844778817,52.69746823022528,34.28445392836427,0.7995417574572714,34.41586844778817,52.69746823022528,False,False,0.0
535,2016-12-29 13:45:00+00:00,industrial1,industrial,test,1,0,high,56.0,1,15,IA-GTPF,11,0,2016-12-29 14:00:00+00:00,32.875,32.875,True,False,56.0,37.08695561730456,0.7995417574572714,36.99588734892222,50.212200034094664,37.08695561730456,0.7995417574572714,36.99588734892222,50.212200034094664,37.08695561730456,0.7995417574572714,36.99588734892222,50.212200034094664,False,False,0.0
536,2016-12-29 14:00:00+00:00,industrial1,industrial,test,1,0,high,56.0,1,15,IA-GTPF,11,0,2016-12-29 14:15:00+00:00,38.0,38.0,True,False,56.0,35.834451781600364,0.7995417574572714,35.523625091803034,49.98851008520528,35.834451781600364,0.7995417574572714,35.523625091803034,49.98851008520528,35.834451781600364,0.7995417574572714,35.523625091803034,49.98851008520528,False,False,0.0
537,2016-12-29 14:15:00+00:00,industrial1,industrial,test,0,0,medium,56.0,1,15,IA-GTPF,11,0,2016-12-29 14:30:00+00:00,32.625,32.625,True,False,56.0,38.462823207038774,0.8661453049340179,37.86953516549358,57.181070219991135,38.462823207038774,0.8661453049340179,37.86953516549358,57.181070219991135,38.462823207038774,0.8661453049340179,37.86953516549358,57.181070219991135,False,False,0.0
538,2016-12-29 14:30:00+00:00,industrial1,industrial,test,0,0,medium,56.0,1,15,IA-GTPF,11,0,2016-12-29 14:45:00+00:00,32.875,32.875,True,False,56.0,35.464618826721924,0.7995417574572714,35.7295306624763,45.77693613106333,35.464618826721924,0.7995417574572714,35.7295306624763,45.77693613106333,35.464618826721924,0.7995417574572714,35.7295306624763,45.77693613106333,False,False,0.0
539,2016-12-29 14:45:00+00:00,industrial1,industrial,test,1,0,medium,56.0,1,15,IA-GTPF,11,0,2016-12-29 15:00:00+00:00,43.375,43.375,True,False,56.0,35.45533425729361,0.7995417574572714,35.910616811556864,49.77287759876703,35.45533425729361,0.7995417574572714,35.910616811556864,49.77287759876703,35.45533425729361,0.7995417574572714,35.910616811556864,49.77287759876703,False,False,0.0
540,2016-12-29 15:00:00+00:00,industrial1,industrial,test,0,0,medium,56.0,1,15,IA-GTPF,11,0,2016-12-29 15:15:00+00:00,38.0,38.0,True,False,56.0,39.91749188535756,0.7412023032316722,39.51176493188076,60.81180540276351,39.91749188535756,0.7412023032316722,39.51176493188076,60.81180540276351,39.91749188535756,0.7412023032316722,39.51176493188076,60.81180540276351,False,False,0.0
541,2016-12-29 15:15:00+00:00,industrial1,industrial,test,0,0,medium,56.0,1,15,IA-GTPF,11,0,2016-12-29 15:30:00+00:00,32.75,32.75,True,False,56.0,35.866581037871,0.7995417574572714,34.84996314535276,60.64931843520904,35.866581037871,0.7995417574572714,34.84996314535276,60.64931843520904,35.866581037871,0.7995417574572714,34.84996314535276,60.64931843520904,False,False,0.0
542,2016-12-29 15:30:00+00:00,industrial1,industrial,test,0,0,medium,56.0,1,15,IA-GTPF,11,0,2016-12-29 15:45:00+00:00,31.25,31.25,True,False,56.0,34.397167061053274,0.7995417574572714,33.86540342177825,52.888117798207155,34.397167061053274,0.7995417574572714,33.86540342177825,52.888117798207155,34.397167061053274,0.7995417574572714,33.86540342177825,52.888117798207155,False,False,0.0
543,2016-12-29 15:45:00+00:00,industrial1,industrial,test,1,0,low,56.0,1,15,IA-GTPF,11,0,2016-12-29 16:00:00+00:00,30.375,30.375,True,False,56.0,33.942922128629604,0.7995417574572714,33.1522740384621,49.97982733733616,33.942922128629604,0.7995417574572714,33.1522740384621,49.97982733733616,33.942922128629604,0.7995417574572714,33.1522740384621,49.97982733733616,False,False,0.0
544,2016-12-29 16:00:00+00:00,industrial1,industrial,test,1,0,low,56.0,1,15,IA-GTPF,11,0,2016-12-29 16:15:00+00:00,27.0,27.0,True,False,56.0,32.26243203881828,0.7995417574572714,31.467696861350934,49.35143388951425,32.26243203881828,0.7995417574572714,31.467696861350934,49.35143388951425,32.26243203881828,0.7995417574572714,31.467696861350934,49.35143388951425,False,False,0.0
545,2016-12-29 16:15:00+00:00,industrial1,industrial,test,1,0,low,56.0,1,15,IA-GTPF,11,0,2016-12-29 16:30:00+00:00,26.75,26.75,True,False,56.0,30.19236692348483,0.7995417574572714,29.701822630161747,49.87471126145892,30.19236692348483,0.7995417574572714,29.701822630161747,49.87471126145892,30.19236692348483,0.7995417574572714,29.701822630161747,49.87471126145892,False,False,0.0
546,2016-12-29 16:30:00+00:00,industrial1,industrial,test,1,0,low,56.0,1,15,IA-GTPF,11,0,2016-12-29 16:45:00+00:00,26.5,26.5,True,False,56.0,29.500260194899695,0.7995417574572714,28.642107430609283,49.69754933803596,29.500260194899695,0.7995417574572714,28.642107430609283,49.69754933803596,29.500260194899695,0.7995417574572714,28.642107430609283,49.69754933803596,False,False,0.0
547,2016-12-29 16:45:00+00:00,industrial1,industrial,test,1,0,low,56.0,1,15,IA-GTPF,11,0,2016-12-29 17:00:00+00:00,33.75,33.75,True,False,56.0,29.371246943087016,0.7995417574572714,28.40490977036212,45.86392017216759,29.371246943087016,0.7995417574572714,28.40490977036212,45.86392017216759,29.371246943087016,0.7995417574572714,28.40490977036212,45.86392017216759,False,False,0.0
548,2016-12-29 17:00:00+00:00,industrial1,industrial,test,0,0,low,56.0,1,15,IA-GTPF,11,0,2016-12-29 17:15:00+00:00,28.625,28.625,True,False,56.0,30.968213027494933,0.764564043941472,30.1804033838836,49.0843430008578,30.968213027494933,0.764564043941472,30.1804033838836,49.0843430008578,30.968213027494933,0.764564043941472,30.1804033838836,49.0843430008578,False,False,0.0
549,2016-12-29 17:15:00+00:00,industrial1,industrial,test,0,0,low,56.0,1,15,IA-GTPF,11,0,2016-12-29 17:30:00+00:00,37.125,37.125,True,False,56.0,29.313562823260497,0.7995417574572714,28.06210117218012,48.687193115637534,29.313562823260497,0.7995417574572714,28.06210117218012,48.687193115637534,29.313562823260497,0.7995417574572714,28.06210117218012,48.687193115637534,False,False,0.0
550,2016-12-29 17:30:00+00:00,industrial1,industrial,test,0,0,low,56.0,1,15,IA-GTPF,11,0,2016-12-29 17:45:00+00:00,22.625,22.625,True,False,56.0,31.887021508381764,0.7853734840614577,30.131365538761163,56.83151741348272,31.887021508381764,0.7853734840614577,30.131365538761163,56.83151741348272,31.887021508381764,0.7853734840614577,30.131365538761163,56.83151741348272,False,False,0.0
551,2016-12-29 17:45:00+00:00,industrial1,industrial,test,0,0,low,56.0,1,15,IA-GTPF,11,0,2016-12-29 18:00:00+00:00,35.375,35.375,True,False,56.0,24.608928058107033,0.80129153441319,22.606696127095315,34.5298706970936,24.608928058107033,0.80129153441319,22.606696127095315,34.5298706970936,24.608928058107033,0.80129153441319,22.606696127095315,34.5298706970936,False,False,0.0
552,2016-12-29 18:00:00+00:00,industrial1,industrial,test,0,0,low,56.0,1,15,IA-GTPF,11,0,2016-12-29 18:15:00+00:00,28.5,28.5,True,False,56.0,30.709496343722247,0.7853734840614577,28.33262980641977,45.38598205826762,30.709496343722247,0.7853734840614577,28.33262980641977,45.38598205826762,30.709496343722247,0.7853734840614577,28.33262980641977,45.38598205826762,False,False,0.0
553,2016-12-29 18:15:00+00:00,industrial1,industrial,test,0,0,low,56.0,1,15,IA-GTPF,11,0,2016-12-29 18:30:00+00:00,23.125,23.125,True,False,56.0,26.41083680175761,0.7995417574572714,24.06162221528185,39.58241645387909,26.41083680175761,0.7995417574572714,24.06162221528185,39.58241645387909,26.41083680175761,0.7995417574572714,24.06162221528185,39.58241645387909,False,False,0.0
554,2016-12-29 18:30:00+00:00,industrial1,industrial,test,0,0,low,56.0,1,15,IA-GTPF,11,0,2016-12-29 18:45:00+00:00,22.875,22.875,True,False,56.0,24.734563062172292,0.7995417574572714,23.661654946300636,30.08830571772452,24.734563062172292,0.7995417574572714,23.661654946300636,30.08830571772452,24.734563062172292,0.7995417574572714,23.661654946300636,30.08830571772452,False,False,0.0
555,2016-12-29 18:45:00+00:00,industrial1,industrial,test,1,0,low,56.0,1,15,IA-GTPF,11,0,2016-12-29 19:00:00+00:00,31.625,31.625,True,False,56.0,26.12311324260413,0.7995417574572714,26.94577137783085,32.89796282106906,26.12311324260413,0.7995417574572714,26.94577137783085,32.89796282106906,26.12311324260413,0.7995417574572714,26.94577137783085,32.89796282106906,False,False,0.0
556,2016-12-29 19:00:00+00:00,industrial1,industrial,test,0,0,low,56.0,1,15,IA-GTPF,11,0,2016-12-29 19:15:00+00:00,26.875,26.875,True,False,56.0,29.123280019828886,0.7853734840614577,30.138023365943916,44.82065089825273,29.123280019828886,0.7853734840614577,30.138023365943916,44.82065089825273,29.123280019828886,0.7853734840614577,30.138023365943916,44.82065089825273,False,False,0.0
557,2016-12-29 19:15:00+00:00,industrial1,industrial,test,0,0,low,56.0,1,15,IA-GTPF,11,0,2016-12-29 19:30:00+00:00,23.875,23.875,True,False,56.0,27.12588874587264,0.7995417574572714,28.035185322267807,42.46751393177327,27.12588874587264,0.7995417574572714,28.035185322267807,42.46751393177327,27.12588874587264,0.7995417574572714,28.035185322267807,42.46751393177327,False,False,0.0
558,2016-12-29 19:30:00+00:00,industrial1,industrial,test,1,0,low,56.0,1,15,IA-GTPF,11,0,2016-12-29 19:45:00+00:00,18.375,18.375,True,False,56.0,26.95978074437054,0.7995417574572714,27.888161761192563,42.2820499200074,26.95978074437054,0.7995417574572714,27.888161761192563,42.2820499200074,26.95978074437054,0.7995417574572714,27.888161761192563,42.2820499200074,False,False,0.0
559,2016-12-29 19:45:00+00:00,industrial1,industrial,test,0,0,low,56.0,1,15,IA-GTPF,11,0,2016-12-29 20:00:00+00:00,17.375,17.375,True,False,56.0,20.694441921783643,0.7995417574572714,18.975515177491026,27.698563966628047,20.694441921783643,0.7995417574572714,18.975515177491026,27.698563966628047,20.694441921783643,0.7995417574572714,18.975515177491026,27.698563966628047,False,False,0.0
560,2016-12-29 20:00:00+00:00,industrial1,industrial,test,1,0,low,56.0,1,15,IA-GTPF,11,0,2016-12-29 20:15:00+00:00,16.0,16.0,True,False,56.0,20.99419296719544,0.8017312514186684,19.373643242947928,30.367168507589366,20.99419296719544,0.8017312514186684,19.373643242947928,30.367168507589366,20.99419296719544,0.8017312514186684,19.373643242947928,30.367168507589366,False,False,0.0
561,2016-12-29 20:15:00+00:00,industrial1,industrial,test,1,0,low,56.0,1,15,IA-GTPF,11,0,2016-12-29 20:30:00+00:00,16.75,16.75,True,False,56.0,19.90871954464508,0.8017312514186684,19.373643242947928,28.473138026372908,19.90871954464508,0.8017312514186684,19.373643242947928,28.473138026372908,19.90871954464508,0.8017312514186684,19.373643242947928,28.473138026372908,False,False,0.0
562,2016-12-29 20:30:00+00:00,industrial1,industrial,test,1,0,low,56.0,1,15,IA-GTPF,11,0,2016-12-29 20:45:00+00:00,17.75,17.75,True,False,56.0,19.3691119127066,0.8017312514186684,19.030716139734864,25.04627264476155,19.3691119127066,0.8017312514186684,19.030716139734864,25.04627264476155,19.3691119127066,0.8017312514186684,19.030716139734864,25.04627264476155,False,False,0.0
563,2016-12-29 20:45:00+00:00,industrial1,industrial,test,1,0,low,56.0,1,15,IA-GTPF,11,0,2016-12-29 21:00:00+00:00,21.5,21.5,True,False,56.0,18.42458910278224,0.8017312514186684,18.41970733917752,23.62799243978729,18.42458910278224,0.8017312514186684,18.41970733917752,23.62799243978729,18.42458910278224,0.8017312514186684,18.41970733917752,23.62799243978729,False,False,0.0
564,2016-12-29 21:00:00+00:00,industrial1,industrial,test,1,0,low,56.0,1,15,IA-GTPF,11,0,2016-12-29 21:15:00+00:00,19.875,19.875,True,False,56.0,20.96122660856486,0.8017312514186684,21.213162677322945,33.4559781500217,20.96122660856486,0.8017312514186684,21.213162677322945,33.4559781500217,20.96122660856486,0.8017312514186684,21.213162677322945,33.4559781500217,False,False,0.0
565,2016-12-29 21:15:00+00:00,industrial1,industrial,test,1,0,low,56.0,1,15,IA-GTPF,11,0,2016-12-29 21:30:00+00:00,22.75,22.75,True,False,56.0,21.113900032133447,0.8017312514186684,21.006622776274156,30.165939799558586,21.113900032133447,0.8017312514186684,21.006622776274156,30.165939799558586,21.113900032133447,0.8017312514186684,21.006622776274156,30.165939799558586,False,False,0.0
566,2016-12-29 21:30:00+00:00,industrial1,industrial,test,1,0,low,56.0,1,15,IA-GTPF,11,0,2016-12-29 21:45:00+00:00,20.875,20.875,True,False,56.0,20.59005161510601,0.8017312514186684,19.08607685877648,30.4648932621672,20.59005161510601,0.8017312514186684,19.08607685877648,30.4648932621672,20.59005161510601,0.8017312514186684,19.08607685877648,30.4648932621672,False,False,0.0
567,2016-12-29 21:45:00+00:00,industrial1,industrial,test,1,0,low,56.0,1,15,IA-GTPF,11,0,2016-12-29 22:00:00+00:00,23.375,23.375,True,False,56.0,21.183351731880876,0.8017312514186684,20.97700159233838,28.103349462407504,21.183351731880876,0.8017312514186684,20.97700159233838,28.103349462407504,21.183351731880876,0.8017312514186684,20.97700159233838,28.103349462407504,False,False,0.0
568,2016-12-29 22:00:00+00:00,industrial1,industrial,test,1,0,low,56.0,1,15,IA-GTPF,11,0,2016-12-29 22:15:00+00:00,20.375,20.375,True,False,56.0,21.589372168770222,0.7995417574572714,20.97601277844356,28.461399300816232,21.589372168770222,0.7995417574572714,20.97601277844356,28.461399300816232,21.589372168770222,0.7995417574572714,20.97601277844356,28.461399300816232,False,False,0.0
569,2016-12-29 22:15:00+00:00,industrial1,industrial,test,1,0,low,56.0,1,15,IA-GTPF,11,0,2016-12-29 22:30:00+00:00,17.875,17.875,True,False,56.0,21.373475820396663,0.7995417574572714,20.973362385589375,28.283715979689166,21.373475820396663,0.7995417574572714,20.973362385589375,28.283715979689166,21.373475820396663,0.7995417574572714,20.973362385589375,28.283715979689166,False,False,0.0
570,2016-12-29 22:30:00+00:00,industrial1,industrial,test,1,0,low,56.0,1,15,IA-GTPF,11,0,2016-12-29 22:45:00+00:00,16.25,16.25,True,False,56.0,19.251373853390746,0.7995417574572714,17.221108478244474,27.52857414611227,19.251373853390746,0.7995417574572714,17.221108478244474,27.52857414611227,19.251373853390746,0.7995417574572714,17.221108478244474,27.52857414611227,False,False,0.0
571,2016-12-29 22:45:00+00:00,industrial1,industrial,test,1,0,low,56.0,1,15,IA-GTPF,11,0,2016-12-29 23:00:00+00:00,17.375,17.375,True,False,56.0,18.641338691774173,0.7995417574572714,17.345769295246605,26.992549741424337,18.641338691774173,0.7995417574572714,17.345769295246605,26.992549741424337,18.641338691774173,0.7995417574572714,17.345769295246605,26.992549741424337,False,False,0.0
572,2016-12-29 23:00:00+00:00,industrial1,industrial,test,1,0,low,56.0,1,15,IA-GTPF,11,0,2016-12-29 23:15:00+00:00,18.625,18.625,True,False,56.0,18.438939671199638,0.798614936930823,17.22169379974572,25.593975362294827,18.438939671199638,0.798614936930823,17.22169379974572,25.593975362294827,18.438939671199638,0.798614936930823,17.22169379974572,25.593975362294827,False,False,0.0
573,2016-12-29 23:15:00+00:00,industrial1,industrial,test,1,0,low,56.0,1,15,IA-GTPF,11,0,2016-12-29 23:30:00+00:00,21.75,21.75,True,False,56.0,18.27276397010189,0.798614936930823,17.091655436686207,25.675591589785302,18.27276397010189,0.798614936930823,17.091655436686207,25.675591589785302,18.27276397010189,0.798614936930823,17.091655436686207,25.675591589785302,False,False,0.0
574,2016-12-29 23:30:00+00:00,industrial1,industrial,test,1,0,low,56.0,1,15,IA-GTPF,11,0,2016-12-29 23:45:00+00:00,23.0,23.0,True,False,56.0,19.84177117186246,0.7494545095226697,19.225400054596065,29.734668078504495,19.84177117186246,0.7494545095226697,19.225400054596065,29.734668078504495,19.84177117186246,0.7494545095226697,19.225400054596065,29.734668078504495,False,False,0.0
575,2016-12-29 23:45:00+00:00,industrial1,industrial,test,1,0,low,56.0,1,15,IA-GTPF,11,0,2016-12-30 00:00:00+00:00,33.875,33.875,True,False,56.0,20.48677765003633,0.798614936930823,19.217784798434664,32.10519030346144,20.48677765003633,0.798614936930823,19.217784798434664,32.10519030346144,20.48677765003633,0.798614936930823,19.217784798434664,32.10519030346144,False,False,0.0
576,2016-12-30 00:00:00+00:00,industrial1,industrial,test,0,0,low,56.0,1,15,IA-GTPF,11,0,2016-12-30 00:15:00+00:00,24.125,24.125,True,False,56.0,23.96889058838747,0.735286236126856,22.911578702774836,38.41973616359097,23.96889058838747,0.735286236126856,22.911578702774836,38.41973616359097,23.96889058838747,0.735286236126856,22.911578702774836,38.41973616359097,False,False,0.0
577,2016-12-30 00:15:00+00:00,industrial1,industrial,test,0,0,low,56.0,1,15,IA-GTPF,11,0,2016-12-30 00:30:00+00:00,18.0,18.0,True,False,56.0,22.632253929884225,0.798614936930823,22.28847185151554,36.65035963940551,22.632253929884225,0.798614936930823,22.28847185151554,36.65035963940551,22.632253929884225,0.798614936930823,22.28847185151554,36.65035963940551,False,False,0.0
578,2016-12-30 00:30:00+00:00,industrial1,industrial,test,0,0,low,56.0,1,15,IA-GTPF,11,0,2016-12-30 00:45:00+00:00,17.375,17.375,True,False,56.0,18.82663074887383,0.798614936930823,17.229025412251453,28.01683953781807,18.82663074887383,0.798614936930823,17.229025412251453,28.01683953781807,18.82663074887383,0.798614936930823,17.229025412251453,28.01683953781807,False,False,0.0
579,2016-12-30 00:45:00+00:00,industrial1,industrial,test,1,0,low,56.0,1,15,IA-GTPF,11,0,2016-12-30 01:00:00+00:00,25.5,25.5,True,False,56.0,18.9738021544437,0.798614936930823,17.10219294862673,27.544443848002594,18.9738021544437,0.798614936930823,17.10219294862673,27.544443848002594,18.9738021544437,0.798614936930823,17.10219294862673,27.544443848002594,False,False,0.0
580,2016-12-30 01:00:00+00:00,industrial1,industrial,test,0,0,low,56.0,1,15,IA-GTPF,11,0,2016-12-30 01:15:00+00:00,21.5,21.5,True,False,56.0,21.379511785287907,0.735286236126856,20.928801037739326,35.577709469715565,21.379511785287907,0.735286236126856,20.928801037739326,35.577709469715565,21.379511785287907,0.735286236126856,20.928801037739326,35.577709469715565,False,False,0.0
581,2016-12-30 01:15:00+00:00,industrial1,industrial,test,0,0,low,56.0,1,15,IA-GTPF,11,0,2016-12-30 01:30:00+00:00,17.375,17.375,True,False,56.0,20.24844893454628,0.798614936930823,19.39544843470535,30.197548213658163,20.24844893454628,0.798614936930823,19.39544843470535,30.197548213658163,20.24844893454628,0.798614936930823,19.39544843470535,30.197548213658163,False,False,0.0
582,2016-12-30 01:30:00+00:00,industrial1,industrial,test,0,0,low,56.0,1,15,IA-GTPF,11,0,2016-12-30 01:45:00+00:00,19.75,19.75,True,False,56.0,18.999864204074072,0.798614936930823,17.278337885585003,27.345480747137884,18.999864204074072,0.798614936930823,17.278337885585003,27.345480747137884,18.999864204074072,0.798614936930823,17.278337885585003,27.345480747137884,False,False,0.0
583,2016-12-30 01:45:00+00:00,industrial1,industrial,test,1,0,low,56.0,1,15,IA-GTPF,11,0,2016-12-30 02:00:00+00:00,16.25,16.25,True,False,56.0,19.50569020921343,0.7494545095226697,19.147293898696887,29.46807229811962,19.50569020921343,0.7494545095226697,19.147293898696887,29.46807229811962,19.50569020921343,0.7494545095226697,19.147293898696887,29.46807229811962,False,False,0.0
584,2016-12-30 02:00:00+00:00,industrial1,industrial,test,1,0,low,56.0,1,15,IA-GTPF,11,0,2016-12-30 02:15:00+00:00,16.125,16.125,True,False,56.0,18.601918392528056,0.798614936930823,17.415313568838364,31.085251425084934,18.601918392528056,0.798614936930823,17.415313568838364,31.085251425084934,18.601918392528056,0.798614936930823,17.415313568838364,31.085251425084934,False,False,0.0
585,2016-12-30 02:15:00+00:00,industrial1,industrial,test,1,0,low,56.0,1,15,IA-GTPF,11,0,2016-12-30 02:30:00+00:00,16.0,16.0,True,False,56.0,17.58272465454135,0.798614936930823,16.971622661534784,24.920207280545654,17.58272465454135,0.798614936930823,16.971622661534784,24.920207280545654,17.58272465454135,0.798614936930823,16.971622661534784,24.920207280545654,False,False,0.0
586,2016-12-30 02:30:00+00:00,industrial1,industrial,test,1,0,low,56.0,1,15,IA-GTPF,11,0,2016-12-30 02:45:00+00:00,17.375,17.375,True,False,56.0,17.523758829916247,0.798614936930823,17.23147510396418,25.002992038457144,17.523758829916247,0.798614936930823,17.23147510396418,25.002992038457144,17.523758829916247,0.798614936930823,17.23147510396418,25.002992038457144,False,False,0.0
587,2016-12-30 02:45:00+00:00,industrial1,industrial,test,1,0,low,56.0,1,15,IA-GTPF,11,0,2016-12-30 03:00:00+00:00,20.625,20.625,True,False,56.0,16.81295742680481,0.798614936930823,16.475950214404968,23.806200934795854,16.81295742680481,0.798614936930823,16.475950214404968,23.806200934795854,16.81295742680481,0.798614936930823,16.475950214404968,23.806200934795854,False,False,0.0
588,2016-12-30 03:00:00+00:00,industrial1,industrial,test,1,0,low,56.0,1,15,IA-GTPF,11,0,2016-12-30 03:15:00+00:00,20.25,20.25,True,False,56.0,18.910597974759664,0.7494545095226697,19.018277728634725,29.621890911936944,18.910597974759664,0.7494545095226697,19.018277728634725,29.621890911936944,18.910597974759664,0.7494545095226697,19.018277728634725,29.621890911936944,False,False,0.0
589,2016-12-30 03:15:00+00:00,industrial1,industrial,test,1,0,low,56.0,1,15,IA-GTPF,11,0,2016-12-30 03:30:00+00:00,18.125,18.125,True,False,56.0,19.254607362558044,0.798614936930823,19.071473973063792,30.352426270698654,19.254607362558044,0.798614936930823,19.071473973063792,30.352426270698654,19.254607362558044,0.798614936930823,19.071473973063792,30.352426270698654,False,False,0.0
590,2016-12-30 03:30:00+00:00,industrial1,industrial,test,1,0,low,56.0,1,15,IA-GTPF,11,0,2016-12-30 03:45:00+00:00,17.75,17.75,True,False,56.0,18.760775143881876,0.798614936930823,17.207340203229744,26.055363318088283,18.760775143881876,0.798614936930823,17.207340203229744,26.055363318088283,18.760775143881876,0.798614936930823,17.207340203229744,26.055363318088283,False,False,0.0
591,2016-12-30 03:45:00+00:00,industrial1,industrial,test,1,0,low,56.0,1,15,IA-GTPF,11,0,2016-12-30 04:00:00+00:00,19.625,19.625,True,False,56.0,18.30493336233321,0.798614936930823,17.206252281939328,24.972123610043475,18.30493336233321,0.798614936930823,17.206252281939328,24.972123610043475,18.30493336233321,0.798614936930823,17.206252281939328,24.972123610043475,False,False,0.0
592,2016-12-30 04:00:00+00:00,industrial1,industrial,test,1,0,low,56.0,1,15,IA-GTPF,11,0,2016-12-30 04:15:00+00:00,19.0,19.0,True,False,56.0,19.38427431940927,0.798614936930823,19.055375387781115,28.1593646765284,19.38427431940927,0.798614936930823,19.055375387781115,28.1593646765284,19.38427431940927,0.798614936930823,19.055375387781115,28.1593646765284,False,False,0.0
593,2016-12-30 04:15:00+00:00,industrial1,industrial,test,1,0,low,56.0,1,15,IA-GTPF,11,0,2016-12-30 04:30:00+00:00,15.375,15.375,True,False,56.0,18.193090080467226,0.798614936930823,16.89503991170876,27.63948676073743,18.193090080467226,0.798614936930823,16.89503991170876,27.63948676073743,18.193090080467226,0.798614936930823,16.89503991170876,27.63948676073743,False,False,0.0
594,2016-12-30 04:30:00+00:00,industrial1,industrial,test,1,0,low,56.0,1,15,IA-GTPF,11,0,2016-12-30 04:45:00+00:00,16.375,16.375,True,False,56.0,17.734418996366873,0.798614936930823,16.94748776080035,25.55495405230325,17.734418996366873,0.798614936930823,16.94748776080035,25.55495405230325,17.734418996366873,0.798614936930823,16.94748776080035,25.55495405230325,False,False,0.0
595,2016-12-30 04:45:00+00:00,industrial1,industrial,test,1,0,low,56.0,1,15,IA-GTPF,11,0,2016-12-30 05:00:00+00:00,16.75,16.75,True,False,56.0,17.805808468800883,0.798614936930823,17.225254870202775,25.11929218743604,17.805808468800883,0.798614936930823,17.225254870202775,25.11929218743604,17.805808468800883,0.798614936930823,17.225254870202775,25.11929218743604,False,False,0.0
596,2016-12-30 05:00:00+00:00,industrial1,industrial,test,1,0,low,56.0,1,15,IA-GTPF,11,0,2016-12-30 05:15:00+00:00,17.0,17.0,True,False,56.0,17.74474385111605,0.798614936930823,17.199361501818505,25.80897777782266,17.74474385111605,0.798614936930823,17.199361501818505,25.80897777782266,17.74474385111605,0.798614936930823,17.199361501818505,25.80897777782266,False,False,0.0
597,2016-12-30 05:15:00+00:00,industrial1,industrial,test,1,0,low,56.0,1,15,IA-GTPF,11,0,2016-12-30 05:30:00+00:00,18.375,18.375,True,False,56.0,17.448733624954478,0.798614936930823,16.4357866534656,24.099271794368665,17.448733624954478,0.798614936930823,16.4357866534656,24.099271794368665,17.448733624954478,0.798614936930823,16.4357866534656,24.099271794368665,False,False,0.0
598,2016-12-30 05:30:00+00:00,industrial1,industrial,test,1,0,low,56.0,1,15,IA-GTPF,11,0,2016-12-30 05:45:00+00:00,24.875,24.875,True,False,56.0,18.420129897563967,0.798614936930823,17.07550716436912,25.793660124637103,18.420129897563967,0.798614936930823,17.07550716436912,25.793660124637103,18.420129897563967,0.798614936930823,17.07550716436912,25.793660124637103,False,False,0.0
599,2016-12-30 05:45:00+00:00,industrial1,industrial,test,0,0,low,56.0,1,15,IA-GTPF,11,0,2016-12-30 06:00:00+00:00,30.125,30.125,True,False,56.0,21.789315634174113,0.735286236126856,20.409322474440774,37.44317169037365,21.789315634174113,0.735286236126856,20.409322474440774,37.44317169037365,21.789315634174113,0.735286236126856,20.409322474440774,37.44317169037365,False,False,0.0
600,2016-12-30 06:00:00+00:00,industrial1,industrial,test,0,0,low,56.0,1,15,IA-GTPF,11,0,2016-12-30 06:15:00+00:00,29.625,29.625,True,False,56.0,23.091771463913666,0.7853734840614577,21.658687889287076,39.49450679290235,23.091771463913666,0.7853734840614577,21.658687889287076,39.49450679290235,23.091771463913666,0.7853734840614577,21.658687889287076,39.49450679290235,False,False,0.0
601,2016-12-30 06:15:00+00:00,industrial1,industrial,test,1,0,low,56.0,1,15,IA-GTPF,11,0,2016-12-30 06:30:00+00:00,24.625,24.625,True,False,56.0,24.006124175059274,0.7995417574572714,21.472506426742072,39.79205351857725,24.006124175059274,0.7995417574572714,21.472506426742072,39.79205351857725,24.006124175059274,0.7995417574572714,21.472506426742072,39.79205351857725,False,False,0.0
602,2016-12-30 06:30:00+00:00,industrial1,industrial,test,0,0,low,56.0,1,15,IA-GTPF,11,0,2016-12-30 06:45:00+00:00,30.75,30.75,True,False,56.0,26.359743385863116,0.7995417574572714,26.788098615438116,40.408172087669655,26.359743385863116,0.7995417574572714,26.788098615438116,40.408172087669655,26.359743385863116,0.7995417574572714,26.788098615438116,40.408172087669655,False,False,0.0
603,2016-12-30 06:45:00+00:00,industrial1,industrial,test,0,0,low,56.0,1,15,IA-GTPF,11,0,2016-12-30 07:00:00+00:00,37.375,37.375,True,False,56.0,28.524649476673687,0.7853734840614577,28.95077812046802,42.4583236441738,28.524649476673687,0.7853734840614577,28.95077812046802,42.4583236441738,28.524649476673687,0.7853734840614577,28.95077812046802,42.4583236441738,False,False,0.0
604,2016-12-30 07:00:00+00:00,industrial1,industrial,test,0,0,low,56.0,1,15,IA-GTPF,11,0,2016-12-30 07:15:00+00:00,31.125,31.125,True,False,56.0,30.958779771777113,0.7853734840614577,30.637640112213482,52.03399840629309,30.958779771777113,0.7853734840614577,30.637640112213482,52.03399840629309,30.958779771777113,0.7853734840614577,30.637640112213482,52.03399840629309,False,False,0.0
605,2016-12-30 07:15:00+00:00,industrial1,industrial,test,0,0,low,56.0,1,15,IA-GTPF,11,0,2016-12-30 07:30:00+00:00,25.5,25.5,True,False,56.0,29.67669155009339,0.7995417574572714,29.399781309019765,42.84468296999807,29.67669155009339,0.7995417574572714,29.399781309019765,42.84468296999807,29.67669155009339,0.7995417574572714,29.399781309019765,42.84468296999807,False,False,0.0
606,2016-12-30 07:30:00+00:00,industrial1,industrial,test,0,0,low,56.0,1,15,IA-GTPF,11,0,2016-12-30 07:45:00+00:00,25.75,25.75,True,False,56.0,27.898048331517167,0.7995417574572714,27.54015656149071,45.26324155995967,27.898048331517167,0.7995417574572714,27.54015656149071,45.26324155995967,27.898048331517167,0.7995417574572714,27.54015656149071,45.26324155995967,False,False,0.0
607,2016-12-30 07:45:00+00:00,industrial1,industrial,test,1,0,low,56.0,1,15,IA-GTPF,11,0,2016-12-30 08:00:00+00:00,23.25,23.25,True,False,56.0,29.473653370457416,0.7995417574572714,30.007918739681802,44.86489051167691,29.473653370457416,0.7995417574572714,30.007918739681802,44.86489051167691,29.473653370457416,0.7995417574572714,30.007918739681802,44.86489051167691,False,False,0.0
608,2016-12-30 08:00:00+00:00,industrial1,industrial,test,1,0,low,56.0,1,15,IA-GTPF,11,0,2016-12-30 08:15:00+00:00,22.875,22.875,True,False,56.0,28.572242263927855,0.7995417574572714,29.992702283578367,38.61843342282582,28.572242263927855,0.7995417574572714,29.992702283578367,38.61843342282582,28.572242263927855,0.7995417574572714,29.992702283578367,38.61843342282582,False,False,0.0
609,2016-12-30 08:15:00+00:00,industrial1,industrial,test,1,0,medium,56.0,1,15,IA-GTPF,11,0,2016-12-30 08:30:00+00:00,23.875,23.875,True,False,56.0,27.03583511178031,0.7995417574572714,28.05395373555293,35.00336312944217,27.03583511178031,0.7995417574572714,28.05395373555293,35.00336312944217,27.03583511178031,0.7995417574572714,28.05395373555293,35.00336312944217,False,False,0.0
610,2016-12-30 08:30:00+00:00,industrial1,industrial,test,1,0,medium,56.0,1,15,IA-GTPF,11,0,2016-12-30 08:45:00+00:00,28.625,28.625,True,False,56.0,28.168565353869646,0.7995417574572714,29.28136851726729,42.22295839330602,28.168565353869646,0.7995417574572714,29.28136851726729,42.22295839330602,28.168565353869646,0.7995417574572714,29.28136851726729,42.22295839330602,False,False,0.0
611,2016-12-30 08:45:00+00:00,industrial1,industrial,test,0,0,medium,56.0,1,15,IA-GTPF,11,0,2016-12-30 09:00:00+00:00,28.5,28.5,True,False,56.0,30.284499912791475,0.8061222032486051,31.67349965215138,49.62689452743581,30.284499912791475,0.8061222032486051,31.67349965215138,49.62689452743581,30.284499912791475,0.8061222032486051,31.67349965215138,49.62689452743581,False,False,0.0
612,2016-12-30 09:00:00+00:00,industrial1,industrial,test,1,0,medium,56.0,1,15,IA-GTPF,11,0,2016-12-30 09:15:00+00:00,31.125,31.125,True,False,56.0,30.620016619260834,0.7995417574572714,31.218395066224105,49.20547046277913,30.620016619260834,0.7995417574572714,31.218395066224105,49.20547046277913,30.620016619260834,0.7995417574572714,31.218395066224105,49.20547046277913,False,False,0.0
613,2016-12-30 09:15:00+00:00,industrial1,industrial,test,1,0,medium,56.0,1,15,IA-GTPF,11,0,2016-12-30 09:30:00+00:00,32.25,32.25,True,False,56.0,32.278996842763874,0.7995417574572714,33.069170147620554,46.645493078247625,32.278996842763874,0.7995417574572714,33.069170147620554,46.645493078247625,32.278996842763874,0.7995417574572714,33.069170147620554,46.645493078247625,False,False,0.0
614,2016-12-30 09:30:00+00:00,industrial1,industrial,test,1,0,medium,56.0,1,15,IA-GTPF,11,0,2016-12-30 09:45:00+00:00,33.75,33.75,True,False,56.0,33.1540442201409,0.7995417574572714,33.015505543930175,44.797612257482335,33.1540442201409,0.7995417574572714,33.015505543930175,44.797612257482335,33.1540442201409,0.7995417574572714,33.015505543930175,44.797612257482335,False,False,0.0
615,2016-12-30 09:45:00+00:00,industrial1,industrial,test,1,0,medium,56.0,1,15,IA-GTPF,11,0,2016-12-30 10:00:00+00:00,40.25,40.25,True,False,56.0,34.64040881615368,0.7995417574572714,33.80123720869834,47.123918149264426,34.64040881615368,0.7995417574572714,33.80123720869834,47.123918149264426,34.64040881615368,0.7995417574572714,33.80123720869834,47.123918149264426,False,False,0.0
616,2016-12-30 10:00:00+00:00,industrial1,industrial,test,0,0,medium,56.0,1,15,IA-GTPF,11,0,2016-12-30 10:15:00+00:00,36.375,36.375,True,False,56.0,38.37097014339631,0.911633726501407,37.69567467819004,55.035105829142914,38.37097014339631,0.911633726501407,37.69567467819004,55.035105829142914,38.37097014339631,0.911633726501407,37.69567467819004,55.035105829142914,False,False,0.0
617,2016-12-30 10:15:00+00:00,industrial1,industrial,test,0,0,medium,56.0,1,15,IA-GTPF,11,0,2016-12-30 10:30:00+00:00,42.375,42.375,True,False,56.0,36.88415738526004,0.7995417574572714,34.95295746665783,54.37588585796441,36.88415738526004,0.7995417574572714,34.95295746665783,54.37588585796441,36.88415738526004,0.7995417574572714,34.95295746665783,54.37588585796441,False,False,0.0
618,2016-12-30 10:30:00+00:00,industrial1,industrial,test,0,0,medium,56.0,1,15,IA-GTPF,11,0,2016-12-30 10:45:00+00:00,34.5,34.5,True,False,56.0,42.43472943413347,0.7947404887522731,40.86296386417831,58.449843456478504,42.43472943413347,0.7947404887522731,40.86296386417831,58.449843456478504,42.43472943413347,0.7947404887522731,40.86296386417831,58.449843456478504,False,False,0.0
619,2016-12-30 10:45:00+00:00,industrial1,industrial,test,0,0,medium,56.0,1,15,IA-GTPF,11,0,2016-12-30 11:00:00+00:00,30.125,30.125,True,False,56.0,38.457907432698825,0.7995417574572714,37.313689289744474,47.615654595496046,38.457907432698825,0.7995417574572714,37.313689289744474,47.615654595496046,38.457907432698825,0.7995417574572714,37.313689289744474,47.615654595496046,False,False,0.0
620,2016-12-30 11:00:00+00:00,industrial1,industrial,test,0,0,medium,56.0,1,15,IA-GTPF,11,0,2016-12-30 11:15:00+00:00,36.375,36.375,True,False,56.0,34.27045418614089,0.7995417574572714,33.63101901033078,50.44070438097198,34.27045418614089,0.7995417574572714,33.63101901033078,50.44070438097198,34.27045418614089,0.7995417574572714,33.63101901033078,50.44070438097198,False,False,0.0
621,2016-12-30 11:15:00+00:00,industrial1,industrial,test,0,0,medium,56.0,1,15,IA-GTPF,11,0,2016-12-30 11:30:00+00:00,33.5,33.5,True,False,56.0,37.742291326017195,0.7947404887522731,36.611680884126386,57.86422394211007,37.742291326017195,0.7947404887522731,36.611680884126386,57.86422394211007,37.742291326017195,0.7947404887522731,36.611680884126386,57.86422394211007,False,False,0.0
622,2016-12-30 11:30:00+00:00,industrial1,industrial,test,1,0,medium,56.0,1,15,IA-GTPF,11,0,2016-12-30 11:45:00+00:00,38.5,38.5,True,False,56.0,35.62801965324125,0.7995417574572714,35.49394907842195,50.7776777262423,35.62801965324125,0.7995417574572714,35.49394907842195,50.7776777262423,35.62801965324125,0.7995417574572714,35.49394907842195,50.7776777262423,False,False,0.0
623,2016-12-30 11:45:00+00:00,industrial1,industrial,test,0,0,medium,56.0,1,15,IA-GTPF,11,0,2016-12-30 12:00:00+00:00,43.625,43.625,True,False,56.0,37.77506419593248,0.9990728456984727,36.61460571521622,58.71730440615122,37.77506419593248,0.9990728456984727,36.61460571521622,58.71730440615122,37.77506419593248,0.9990728456984727,36.61460571521622,58.71730440615122,False,False,0.0
624,2016-12-30 12:00:00+00:00,industrial1,industrial,test,0,0,medium,56.0,1,15,IA-GTPF,11,0,2016-12-30 12:15:00+00:00,33.125,33.125,True,False,56.0,43.07199202659559,0.9990728456984727,41.08415262054596,57.68773896094514,43.07199202659559,0.9990728456984727,41.08415262054596,57.68773896094514,43.07199202659559,0.9990728456984727,41.08415262054596,57.68773896094514,False,False,0.0
625,2016-12-30 12:15:00+00:00,industrial1,industrial,test,0,0,medium,56.0,1,15,IA-GTPF,11,0,2016-12-30 12:30:00+00:00,44.625,44.625,True,False,56.0,36.18193134527936,0.6441464352792166,36.369216586339235,49.85695470782768,36.18193134527936,0.6441464352792166,36.369216586339235,49.85695470782768,36.18193134527936,0.6441464352792166,36.369216586339235,49.85695470782768,False,False,0.0
626,2016-12-30 12:30:00+00:00,industrial1,industrial,test,0,0,medium,56.0,1,15,IA-GTPF,11,0,2016-12-30 12:45:00+00:00,27.25,27.25,True,False,56.0,45.35538224196882,0.7259510474079225,43.59747488157608,59.702966261906326,45.35538224196882,0.7259510474079225,43.59747488157608,59.702966261906326,45.35538224196882,0.7259510474079225,43.59747488157608,59.702966261906326,False,False,0.0
627,2016-12-30 12:45:00+00:00,industrial1,industrial,test,0,0,medium,56.0,1,15,IA-GTPF,11,0,2016-12-30 13:00:00+00:00,43.0,43.0,True,False,56.0,31.79494052042593,0.2717326377891742,28.484693723891354,49.80717583577228,31.79494052042593,0.2717326377891742,28.484693723891354,49.80717583577228,31.79494052042593,0.2717326377891742,28.484693723891354,49.80717583577228,False,False,0.0
628,2016-12-30 13:00:00+00:00,industrial1,industrial,test,0,0,medium,56.0,1,15,IA-GTPF,11,0,2016-12-30 13:15:00+00:00,42.5,42.5,True,False,56.0,42.04735892685509,0.7117191659169166,39.02612748689777,62.13211465890511,42.04735892685509,0.7117191659169166,39.02612748689777,62.13211465890511,42.04735892685509,0.7117191659169166,39.02612748689777,62.13211465890511,False,False,0.0
629,2016-12-30 13:15:00+00:00,industrial1,industrial,test,1,0,medium,56.0,1,15,IA-GTPF,11,0,2016-12-30 13:30:00+00:00,33.875,33.875,True,False,56.0,40.287172947429255,0.7995417574572714,37.17036441141531,56.832976829147576,40.287172947429255,0.7995417574572714,37.17036441141531,56.832976829147576,40.287172947429255,0.7995417574572714,37.17036441141531,56.832976829147576,False,False,0.0
630,2016-12-30 13:30:00+00:00,industrial1,industrial,test,0,0,medium,56.0,1,15,IA-GTPF,11,0,2016-12-30 13:45:00+00:00,31.5,31.5,True,False,56.0,34.9654384106913,0.7995417574572714,33.51893861628566,51.91138119996902,34.9654384106913,0.7995417574572714,33.51893861628566,51.91138119996902,34.9654384106913,0.7995417574572714,33.51893861628566,51.91138119996902,False,False,0.0
631,2016-12-30 13:45:00+00:00,industrial1,industrial,test,1,0,medium,56.0,1,15,IA-GTPF,11,0,2016-12-30 14:00:00+00:00,36.875,36.875,True,False,56.0,35.12241720721561,0.7995417574572714,34.51058883790169,51.57085294274875,35.12241720721561,0.7995417574572714,34.51058883790169,51.57085294274875,35.12241720721561,0.7995417574572714,34.51058883790169,51.57085294274875,False,False,0.0
632,2016-12-30 14:00:00+00:00,industrial1,industrial,test,0,0,medium,56.0,1,15,IA-GTPF,11,0,2016-12-30 14:15:00+00:00,32.875,32.875,True,False,56.0,38.153249976498145,0.978263405578487,36.847054364855694,57.86444940645711,38.153249976498145,0.978263405578487,36.847054364855694,57.86444940645711,38.153249976498145,0.978263405578487,36.847054364855694,57.86444940645711,False,False,0.0
633,2016-12-30 14:15:00+00:00,industrial1,industrial,test,0,0,medium,56.0,1,15,IA-GTPF,11,0,2016-12-30 14:30:00+00:00,35.375,35.375,True,False,56.0,35.30574349012776,0.7995417574572714,33.95001610207092,50.370881352314704,35.30574349012776,0.7995417574572714,33.95001610207092,50.370881352314704,35.30574349012776,0.7995417574572714,33.95001610207092,50.370881352314704,False,False,0.0
634,2016-12-30 14:30:00+00:00,industrial1,industrial,test,1,0,medium,56.0,1,15,IA-GTPF,11,0,2016-12-30 14:45:00+00:00,40.875,40.875,True,False,56.0,35.87419225030491,0.7995417574572714,34.69685571236143,50.65854006426315,35.87419225030491,0.7995417574572714,34.69685571236143,50.65854006426315,35.87419225030491,0.7995417574572714,34.69685571236143,50.65854006426315,False,False,0.0
635,2016-12-30 14:45:00+00:00,industrial1,industrial,test,0,0,medium,56.0,1,15,IA-GTPF,11,0,2016-12-30 15:00:00+00:00,40.25,40.25,True,False,56.0,38.50506184003792,0.8061222032486051,37.978454229568555,58.363763798588096,38.50506184003792,0.8061222032486051,37.978454229568555,58.363763798588096,38.50506184003792,0.8061222032486051,37.978454229568555,58.363763798588096,False,False,0.0
636,2016-12-30 15:00:00+00:00,industrial1,industrial,test,1,0,medium,56.0,1,15,IA-GTPF,11,0,2016-12-30 15:15:00+00:00,39.25,39.25,True,False,56.0,38.47711542295175,0.7995417574572714,36.755308357080715,58.97395098146126,38.47711542295175,0.7995417574572714,36.755308357080715,58.97395098146126,38.47711542295175,0.7995417574572714,36.755308357080715,58.97395098146126,False,False,0.0
637,2016-12-30 15:15:00+00:00,industrial1,industrial,test,1,0,low,56.0,1,15,IA-GTPF,11,0,2016-12-30 15:30:00+00:00,38.5,38.5,True,False,56.0,37.579792505819285,0.7995417574572714,36.79538191730053,61.56148493297783,37.579792505819285,0.7995417574572714,36.79538191730053,61.56148493297783,37.579792505819285,0.7995417574572714,36.79538191730053,61.56148493297783,False,False,0.0
638,2016-12-30 15:30:00+00:00,industrial1,industrial,test,1,0,low,56.0,1,15,IA-GTPF,11,0,2016-12-30 15:45:00+00:00,31.625,31.625,True,False,56.0,36.36389946506759,0.7995417574572714,34.277022782182684,59.44308812110464,36.36389946506759,0.7995417574572714,34.277022782182684,59.44308812110464,36.36389946506759,0.7995417574572714,34.277022782182684,59.44308812110464,False,False,0.0
639,2016-12-30 15:45:00+00:00,industrial1,industrial,test,0,0,low,56.0,1,15,IA-GTPF,11,0,2016-12-30 16:00:00+00:00,31.625,31.625,True,False,56.0,33.938863657747824,0.7995417574572714,33.218679736133524,52.301397914086344,33.938863657747824,0.7995417574572714,33.218679736133524,52.301397914086344,33.938863657747824,0.7995417574572714,33.218679736133524,52.301397914086344,False,False,0.0
640,2016-12-30 16:00:00+00:00,industrial1,industrial,test,0,0,low,56.0,1,15,IA-GTPF,11,0,2016-12-30 16:15:00+00:00,37.125,37.125,True,False,56.0,33.46236022979831,0.7995417574572714,33.237631637653344,49.69307752025385,33.46236022979831,0.7995417574572714,33.237631637653344,49.69307752025385,33.46236022979831,0.7995417574572714,33.237631637653344,49.69307752025385,False,False,0.0
641,2016-12-30 16:15:00+00:00,industrial1,industrial,test,0,0,low,56.0,1,15,IA-GTPF,11,0,2016-12-30 16:30:00+00:00,25.75,25.75,True,False,56.0,34.50122569855864,0.7853734840614577,33.76451659562638,56.499314041929104,34.50122569855864,0.7853734840614577,33.76451659562638,56.499314041929104,34.50122569855864,0.7853734840614577,33.76451659562638,56.499314041929104,False,False,0.0
642,2016-12-30 16:30:00+00:00,industrial1,industrial,test,0,0,low,56.0,1,15,IA-GTPF,11,0,2016-12-30 16:45:00+00:00,24.125,24.125,True,False,56.0,29.644231159043063,0.7096180582142607,28.84211702992032,47.29862326695161,29.644231159043063,0.7096180582142607,28.84211702992032,47.29862326695161,29.644231159043063,0.7096180582142607,28.84211702992032,47.29862326695161,False,False,0.0
643,2016-12-30 16:45:00+00:00,industrial1,industrial,test,1,0,low,56.0,1,15,IA-GTPF,11,0,2016-12-30 17:00:00+00:00,24.625,24.625,True,False,56.0,29.09869899935751,0.7995417574572714,29.055768659725846,43.34124740836633,29.09869899935751,0.7995417574572714,29.055768659725846,43.34124740836633,29.09869899935751,0.7995417574572714,29.055768659725846,43.34124740836633,False,False,0.0
644,2016-12-30 17:00:00+00:00,industrial1,industrial,test,1,0,low,56.0,1,15,IA-GTPF,11,0,2016-12-30 17:15:00+00:00,25.625,25.625,True,False,56.0,28.906179393907987,0.7995417574572714,28.096435122474524,43.23778632069224,28.906179393907987,0.7995417574572714,28.096435122474524,43.23778632069224,28.906179393907987,0.7995417574572714,28.096435122474524,43.23778632069224,False,False,0.0
645,2016-12-30 17:15:00+00:00,industrial1,industrial,test,1,0,low,56.0,1,15,IA-GTPF,11,0,2016-12-30 17:30:00+00:00,21.625,21.625,True,False,56.0,28.48669668663577,0.7995417574572714,28.29236327874032,41.721233117070284,28.48669668663577,0.7995417574572714,28.29236327874032,41.721233117070284,28.48669668663577,0.7995417574572714,28.29236327874032,41.721233117070284,False,False,0.0
646,2016-12-30 17:30:00+00:00,industrial1,industrial,test,0,0,low,56.0,1,15,IA-GTPF,11,0,2016-12-30 17:45:00+00:00,25.5,25.5,True,False,56.0,23.873163244153847,0.7995417574572714,23.17246766899973,32.808605011933224,23.873163244153847,0.7995417574572714,23.17246766899973,32.808605011933224,23.873163244153847,0.7995417574572714,23.17246766899973,32.808605011933224,False,False,0.0
647,2016-12-30 17:45:00+00:00,industrial1,industrial,test,0,0,low,56.0,1,15,IA-GTPF,11,0,2016-12-30 18:00:00+00:00,35.0,35.0,True,False,56.0,25.33608160112579,0.7995417574572714,24.103405763905375,38.869103191793094,25.33608160112579,0.7995417574572714,24.103405763905375,38.869103191793094,25.33608160112579,0.7995417574572714,24.103405763905375,38.869103191793094,False,False,0.0
648,2016-12-30 18:00:00+00:00,industrial1,industrial,test,0,0,low,56.0,1,15,IA-GTPF,11,0,2016-12-30 18:15:00+00:00,26.0,26.0,True,False,56.0,27.90770932240836,0.7853734840614577,26.210808914812798,41.57343515858119,27.90770932240836,0.7853734840614577,26.210808914812798,41.57343515858119,27.90770932240836,0.7853734840614577,26.210808914812798,41.57343515858119,False,False,0.0
649,2016-12-30 18:15:00+00:00,industrial1,industrial,test,0,0,low,56.0,1,15,IA-GTPF,11,0,2016-12-30 18:30:00+00:00,21.0,21.0,True,False,56.0,25.471476904675555,0.7995417574572714,24.034739552086215,39.626757925759506,25.471476904675555,0.7995417574572714,24.034739552086215,39.626757925759506,25.471476904675555,0.7995417574572714,24.034739552086215,39.626757925759506,False,False,0.0
650,2016-12-30 18:30:00+00:00,industrial1,industrial,test,0,0,low,56.0,1,15,IA-GTPF,11,0,2016-12-30 18:45:00+00:00,25.5,25.5,True,False,56.0,23.87303433537247,0.7995417574572714,23.255482468851767,30.20575952798911,23.87303433537247,0.7995417574572714,23.255482468851767,30.20575952798911,23.87303433537247,0.7995417574572714,23.255482468851767,30.20575952798911,False,False,0.0
651,2016-12-30 18:45:00+00:00,industrial1,industrial,test,0,0,low,56.0,1,15,IA-GTPF,11,0,2016-12-30 19:00:00+00:00,28.375,28.375,True,False,56.0,25.251631201582,0.7853734840614577,24.106414328456843,36.16816830128072,25.251631201582,0.7853734840614577,24.106414328456843,36.16816830128072,25.251631201582,0.7853734840614577,24.106414328456843,36.16816830128072,False,False,0.0
652,2016-12-30 19:00:00+00:00,industrial1,industrial,test,1,0,low,56.0,1,15,IA-GTPF,11,0,2016-12-30 19:15:00+00:00,24.875,24.875,True,False,56.0,25.809383243604433,0.7995417574572714,24.890645481382798,37.89350095107325,25.809383243604433,0.7995417574572714,24.890645481382798,37.89350095107325,25.809383243604433,0.7995417574572714,24.890645481382798,37.89350095107325,False,False,0.0
653,2016-12-30 19:15:00+00:00,industrial1,industrial,test,1,0,low,56.0,1,15,IA-GTPF,11,0,2016-12-30 19:30:00+00:00,20.375,20.375,True,False,56.0,24.910099081820224,0.7995417574572714,24.26078123710211,36.08842734200499,24.910099081820224,0.7995417574572714,24.26078123710211,36.08842734200499,24.910099081820224,0.7995417574572714,24.26078123710211,36.08842734200499,False,False,0.0
654,2016-12-30 19:30:00+00:00,industrial1,industrial,test,0,0,low,56.0,1,15,IA-GTPF,11,0,2016-12-30 19:45:00+00:00,20.25,20.25,True,False,56.0,23.0724098129627,0.7995417574572714,22.995852091091265,30.33567831426327,23.0724098129627,0.7995417574572714,22.995852091091265,30.33567831426327,23.0724098129627,0.7995417574572714,22.995852091091265,30.33567831426327,False,False,0.0
655,2016-12-30 19:45:00+00:00,industrial1,industrial,test,1,0,low,56.0,1,15,IA-GTPF,11,0,2016-12-30 20:00:00+00:00,19.875,19.875,True,False,56.0,23.010144263366296,0.7995417574572714,23.05543382868514,30.246739798963375,23.010144263366296,0.7995417574572714,23.05543382868514,30.246739798963375,23.010144263366296,0.7995417574572714,23.05543382868514,30.246739798963375,False,False,0.0
656,2016-12-30 20:00:00+00:00,industrial1,industrial,test,1,0,low,56.0,1,15,IA-GTPF,11,0,2016-12-30 20:15:00+00:00,19.0,19.0,True,False,56.0,23.06699403249364,0.7995417574572714,23.466872647367317,33.920903055918224,23.06699403249364,0.7995417574572714,23.466872647367317,33.920903055918224,23.06699403249364,0.7995417574572714,23.466872647367317,33.920903055918224,False,False,0.0
657,2016-12-30 20:15:00+00:00,industrial1,industrial,test,1,0,low,56.0,1,15,IA-GTPF,11,0,2016-12-30 20:30:00+00:00,20.875,20.875,True,False,56.0,20.40851917445018,0.7995417574572714,19.023560790752683,25.614526532151935,20.40851917445018,0.7995417574572714,19.023560790752683,25.614526532151935,20.40851917445018,0.7995417574572714,19.023560790752683,25.614526532151935,False,False,0.0
658,2016-12-30 20:30:00+00:00,industrial1,industrial,test,1,0,low,56.0,1,15,IA-GTPF,11,0,2016-12-30 20:45:00+00:00,21.625,21.625,True,False,56.0,21.189130363949445,0.7995417574572714,21.07540507256935,28.528200452840036,21.189130363949445,0.7995417574572714,21.07540507256935,28.528200452840036,21.189130363949445,0.7995417574572714,21.07540507256935,28.528200452840036,False,False,0.0
659,2016-12-30 20:45:00+00:00,industrial1,industrial,test,1,0,low,56.0,1,15,IA-GTPF,11,0,2016-12-30 21:00:00+00:00,17.375,17.375,True,False,56.0,21.354563365789698,0.7995417574572714,21.213592700251702,28.57520898363619,21.354563365789698,0.7995417574572714,21.213592700251702,28.57520898363619,21.354563365789698,0.7995417574572714,21.213592700251702,28.57520898363619,False,False,0.0
660,2016-12-30 21:00:00+00:00,industrial1,industrial,test,0,0,low,56.0,1,15,IA-GTPF,11,0,2016-12-30 21:15:00+00:00,23.25,23.25,True,False,56.0,19.610303051779404,0.7995417574572714,17.130971238799518,27.806347779223287,19.610303051779404,0.7995417574572714,17.130971238799518,27.806347779223287,19.610303051779404,0.7995417574572714,17.130971238799518,27.806347779223287,False,False,0.0
661,2016-12-30 21:15:00+00:00,industrial1,industrial,test,0,0,low,56.0,1,15,IA-GTPF,11,0,2016-12-30 21:30:00+00:00,17.0,17.0,True,False,56.0,20.61049124854665,0.7853734840614577,19.225035409762686,29.773349882182636,20.61049124854665,0.7853734840614577,19.225035409762686,29.773349882182636,20.61049124854665,0.7853734840614577,19.225035409762686,29.773349882182636,False,False,0.0
662,2016-12-30 21:30:00+00:00,industrial1,industrial,test,0,0,low,56.0,1,15,IA-GTPF,11,0,2016-12-30 21:45:00+00:00,15.625,15.625,True,False,56.0,19.227976065444857,0.7995417574572714,16.955329517410874,27.91825852609236,19.227976065444857,0.7995417574572714,16.955329517410874,27.91825852609236,19.227976065444857,0.7995417574572714,16.955329517410874,27.91825852609236,False,False,0.0
663,2016-12-30 21:45:00+00:00,industrial1,industrial,test,1,0,low,56.0,1,15,IA-GTPF,11,0,2016-12-30 22:00:00+00:00,14.125,14.125,True,False,56.0,18.01573277354494,0.7995417574572714,17.08656362163547,27.113226088088496,18.01573277354494,0.7995417574572714,17.08656362163547,27.113226088088496,18.01573277354494,0.7995417574572714,17.08656362163547,27.113226088088496,False,False,0.0
664,2016-12-30 22:00:00+00:00,industrial1,industrial,test,1,0,low,56.0,1,15,IA-GTPF,11,0,2016-12-30 22:15:00+00:00,15.125,15.125,True,False,56.0,16.92354200886146,0.7995417574572714,16.891917870983228,26.945638911267693,16.92354200886146,0.7995417574572714,16.891917870983228,26.945638911267693,16.92354200886146,0.7995417574572714,16.891917870983228,26.945638911267693,False,False,0.0
665,2016-12-30 22:15:00+00:00,industrial1,industrial,test,1,0,low,56.0,1,15,IA-GTPF,11,0,2016-12-30 22:30:00+00:00,16.0,16.0,True,False,56.0,16.139097003564974,0.7995417574572714,16.483075334885008,23.868820051909964,16.139097003564974,0.7995417574572714,16.483075334885008,23.868820051909964,16.139097003564974,0.7995417574572714,16.483075334885008,23.868820051909964,False,False,0.0
666,2016-12-30 22:30:00+00:00,industrial1,industrial,test,1,0,low,56.0,1,15,IA-GTPF,11,0,2016-12-30 22:45:00+00:00,16.625,16.625,True,False,56.0,15.808902436211548,0.7995417574572714,16.297879670351872,23.82831678440564,15.808902436211548,0.7995417574572714,16.297879670351872,23.82831678440564,15.808902436211548,0.7995417574572714,16.297879670351872,23.82831678440564,False,False,0.0
667,2016-12-30 22:45:00+00:00,industrial1,industrial,test,1,0,low,56.0,1,15,IA-GTPF,11,0,2016-12-30 23:00:00+00:00,15.625,15.625,True,False,56.0,15.913045302618904,0.7995417574572714,16.353036971825496,23.979240258768257,15.913045302618904,0.7995417574572714,16.353036971825496,23.979240258768257,15.913045302618904,0.7995417574572714,16.353036971825496,23.979240258768257,False,False,0.0
668,2016-12-30 23:00:00+00:00,industrial1,industrial,test,1,0,low,56.0,1,15,IA-GTPF,11,0,2016-12-30 23:15:00+00:00,18.0,18.0,True,False,56.0,16.868286141548197,0.798614936930823,16.53805393685395,23.637748998523815,16.868286141548197,0.798614936930823,16.53805393685395,23.637748998523815,16.868286141548197,0.798614936930823,16.53805393685395,23.637748998523815,False,False,0.0
669,2016-12-30 23:15:00+00:00,industrial1,industrial,test,1,0,low,56.0,1,15,IA-GTPF,11,0,2016-12-30 23:30:00+00:00,18.375,18.375,True,False,56.0,17.78504460608287,0.7494545095226697,17.023504987467856,25.011389016721076,17.78504460608287,0.7494545095226697,17.023504987467856,25.011389016721076,17.78504460608287,0.7494545095226697,17.023504987467856,25.011389016721076,False,False,0.0
670,2016-12-30 23:30:00+00:00,industrial1,industrial,test,1,0,low,56.0,1,15,IA-GTPF,11,0,2016-12-30 23:45:00+00:00,21.375,21.375,True,False,56.0,17.660632430984485,0.798614936930823,16.94274065555162,24.902096103812777,17.660632430984485,0.798614936930823,16.94274065555162,24.902096103812777,17.660632430984485,0.798614936930823,16.94274065555162,24.902096103812777,False,False,0.0
671,2016-12-24 00:00:00+00:00,industrial1,industrial,test,1,0,low,58.0,4,60,IA-GTPF,11,0,2016-12-24 01:00:00+00:00,25.5,25.5,True,False,58.0,30.193462241220075,-0.002015949620319958,31.091028159455146,43.42319691119889,30.193462241220075,-0.002015949620319958,31.091028159455146,43.42319691119889,30.193462241220075,-0.002015949620319958,31.091028159455146,43.42319691119889,False,False,0.0
672,2016-12-24 00:15:00+00:00,industrial1,industrial,test,0,0,low,58.0,4,60,IA-GTPF,11,0,2016-12-24 01:15:00+00:00,23.5,23.5,True,False,58.0,29.756945296942234,-0.002015949620319958,31.221707081093864,46.88153544250371,29.756945296942234,-0.002015949620319958,31.221707081093864,46.88153544250371,29.756945296942234,-0.002015949620319958,31.221707081093864,46.88153544250371,False,False,0.0
673,2016-12-24 00:30:00+00:00,industrial1,industrial,test,0,0,low,58.0,4,60,IA-GTPF,11,0,2016-12-24 01:30:00+00:00,17.625,17.625,True,False,58.0,27.222886332929637,-0.002015949620319958,28.283111104571887,38.13120509471061,27.222886332929637,-0.002015949620319958,28.283111104571887,38.13120509471061,27.222886332929637,-0.002015949620319958,28.283111104571887,38.13120509471061,False,False,0.0
674,2016-12-24 00:45:00+00:00,industrial1,industrial,test,1,0,low,58.0,4,60,IA-GTPF,11,0,2016-12-24 01:45:00+00:00,16.25,16.25,True,False,58.0,23.340608525116235,-0.002015949620319958,23.113579476745212,31.41213243192064,23.340608525116235,-0.002015949620319958,23.113579476745212,31.41213243192064,23.340608525116235,-0.002015949620319958,23.113579476745212,31.41213243192064,False,False,0.0
675,2016-12-24 01:00:00+00:00,industrial1,industrial,test,0,0,low,58.0,4,60,IA-GTPF,11,0,2016-12-24 02:00:00+00:00,19.625,19.625,True,False,58.0,20.71028947989386,-0.003684190733521498,20.219758562456388,26.54757304514564,20.71028947989386,-0.003684190733521498,20.219758562456388,26.54757304514564,20.71028947989386,-0.003684190733521498,20.219758562456388,26.54757304514564,False,False,0.0
676,2016-12-24 01:15:00+00:00,industrial1,industrial,test,1,0,low,58.0,4,60,IA-GTPF,11,0,2016-12-24 02:15:00+00:00,16.625,16.625,True,False,58.0,20.6683889943883,-0.002015949620319958,20.163460081181622,26.302783269337887,20.6683889943883,-0.002015949620319958,20.163460081181622,26.302783269337887,20.6683889943883,-0.002015949620319958,20.163460081181622,26.302783269337887,False,False,0.0
677,2016-12-24 01:30:00+00:00,industrial1,industrial,test,0,0,low,58.0,4,60,IA-GTPF,11,0,2016-12-24 02:30:00+00:00,15.125,15.125,True,False,58.0,20.408403262849166,-0.002015949620319958,20.111511245968998,21.367531438309264,20.408403262849166,-0.002015949620319958,20.111511245968998,21.367531438309264,20.408403262849166,-0.002015949620319958,20.111511245968998,21.367531438309264,False,False,0.0
678,2016-12-24 01:45:00+00:00,industrial1,industrial,test,1,0,low,58.0,4,60,IA-GTPF,11,0,2016-12-24 02:45:00+00:00,16.0,16.0,True,False,58.0,18.74025788758567,-0.002015949620319958,17.51739999319714,22.79615973079619,18.74025788758567,-0.002015949620319958,17.51739999319714,22.79615973079619,18.74025788758567,-0.002015949620319958,17.51739999319714,22.79615973079619,False,False,0.0
679,2016-12-24 02:00:00+00:00,industrial1,industrial,test,1,0,low,58.0,4,60,IA-GTPF,11,0,2016-12-24 03:00:00+00:00,18.125,18.125,True,False,58.0,19.293776252901125,-0.002015949620319958,18.076915176980815,26.964692267825793,19.293776252901125,-0.002015949620319958,18.076915176980815,26.964692267825793,19.293776252901125,-0.002015949620319958,18.076915176980815,26.964692267825793,False,False,0.0
680,2016-12-24 02:15:00+00:00,industrial1,industrial,test,1,0,low,58.0,4,60,IA-GTPF,11,0,2016-12-24 03:15:00+00:00,19.125,19.125,True,False,58.0,17.97237421589731,-0.002015949620319958,17.314909770269217,23.25292300994227,17.97237421589731,-0.002015949620319958,17.314909770269217,23.25292300994227,17.97237421589731,-0.002015949620319958,17.314909770269217,23.25292300994227,False,False,0.0
681,2016-12-24 02:30:00+00:00,industrial1,industrial,test,1,0,low,58.0,4,60,IA-GTPF,11,0,2016-12-24 03:30:00+00:00,20.0,20.0,True,False,58.0,17.4257238249767,-0.002015949620319958,17.31102219864968,22.703558980799684,17.4257238249767,-0.002015949620319958,17.31102219864968,22.703558980799684,17.4257238249767,-0.002015949620319958,17.31102219864968,22.703558980799684,False,False,0.0
682,2016-12-24 02:45:00+00:00,industrial1,industrial,test,1,0,low,58.0,4,60,IA-GTPF,11,0,2016-12-24 03:45:00+00:00,14.375,14.375,True,False,58.0,17.382731474469324,-0.002015949620319958,16.95650512685038,22.703558980799684,17.382731474469324,-0.002015949620319958,16.95650512685038,22.703558980799684,17.382731474469324,-0.002015949620319958,16.95650512685038,22.703558980799684,False,False,0.0
683,2016-12-24 03:00:00+00:00,industrial1,industrial,test,1,0,low,58.0,4,60,IA-GTPF,11,0,2016-12-24 04:00:00+00:00,21.625,21.625,True,False,58.0,18.2998046421904,-0.002015949620319958,17.851515558529382,26.358872293868806,18.2998046421904,-0.002015949620319958,17.851515558529382,26.358872293868806,18.2998046421904,-0.002015949620319958,17.851515558529382,26.358872293868806,False,False,0.0
684,2016-12-24 03:15:00+00:00,industrial1,industrial,test,1,0,low,58.0,4,60,IA-GTPF,11,0,2016-12-24 04:15:00+00:00,15.25,15.25,True,False,58.0,18.506545989945824,-0.002015949620319958,17.72768807344096,27.318243503347578,18.506545989945824,-0.002015949620319958,17.72768807344096,27.318243503347578,18.506545989945824,-0.002015949620319958,17.72768807344096,27.318243503347578,False,False,0.0
685,2016-12-24 03:30:00+00:00,industrial1,industrial,test,1,0,low,58.0,4,60,IA-GTPF,11,0,2016-12-24 04:30:00+00:00,16.125,16.125,True,False,58.0,18.870218095550975,-0.002015949620319958,17.731098759537705,26.304716220637584,18.870218095550975,-0.002015949620319958,17.731098759537705,26.304716220637584,18.870218095550975,-0.002015949620319958,17.731098759537705,26.304716220637584,False,False,0.0
686,2016-12-24 03:45:00+00:00,industrial1,industrial,test,0,0,low,58.0,4,60,IA-GTPF,11,0,2016-12-24 04:45:00+00:00,15.375,15.375,True,False,58.0,17.162941340700936,-0.002015949620319958,17.04370722682519,22.345113660680287,17.162941340700936,-0.002015949620319958,17.04370722682519,22.345113660680287,17.162941340700936,-0.002015949620319958,17.04370722682519,22.345113660680287,False,False,0.0
687,2016-12-24 04:00:00+00:00,industrial1,industrial,test,0,0,low,58.0,4,60,IA-GTPF,11,0,2016-12-24 05:00:00+00:00,16.25,16.25,True,False,58.0,19.290848970546026,-0.005252283985939665,18.48193284117218,26.03062558643904,19.290848970546026,-0.005252283985939665,18.48193284117218,26.03062558643904,19.290848970546026,-0.005252283985939665,18.48193284117218,26.03062558643904,False,False,0.0
688,2016-12-24 04:15:00+00:00,industrial1,industrial,test,0,0,low,58.0,4,60,IA-GTPF,11,0,2016-12-24 05:15:00+00:00,15.875,15.875,True,False,58.0,18.40183455078635,-0.002015949620319958,17.3557069424461,23.298492924469706,18.40183455078635,-0.002015949620319958,17.3557069424461,23.298492924469706,18.40183455078635,-0.002015949620319958,17.3557069424461,23.298492924469706,False,False,0.0
689,2016-12-24 04:30:00+00:00,industrial1,industrial,test,1,0,low,58.0,4,60,IA-GTPF,11,0,2016-12-24 05:30:00+00:00,18.875,18.875,True,False,58.0,17.86546773689297,-0.002015949620319958,17.23345865049083,22.674082324069918,17.86546773689297,-0.002015949620319958,17.23345865049083,22.674082324069918,17.86546773689297,-0.002015949620319958,17.23345865049083,22.674082324069918,False,False,0.0
690,2016-12-24 04:45:00+00:00,industrial1,industrial,test,1,0,low,58.0,4,60,IA-GTPF,11,0,2016-12-24 05:45:00+00:00,21.5,21.5,True,False,58.0,18.371424554935615,-0.002015949620319958,17.476267342062208,23.1095392300339,18.371424554935615,-0.002015949620319958,17.476267342062208,23.1095392300339,18.371424554935615,-0.002015949620319958,17.476267342062208,23.1095392300339,False,False,0.0
691,2016-12-24 05:00:00+00:00,industrial1,industrial,test,1,0,low,58.0,4,60,IA-GTPF,11,0,2016-12-24 06:00:00+00:00,27.875,27.875,True,False,58.0,17.83106214523629,-0.002015949620319958,15.211207291756477,25.409676438424146,17.83106214523629,-0.002015949620319958,15.211207291756477,25.409676438424146,17.83106214523629,-0.002015949620319958,15.211207291756477,25.409676438424146,False,False,0.0
692,2016-12-24 05:15:00+00:00,industrial1,industrial,test,1,0,low,58.0,4,60,IA-GTPF,11,0,2016-12-24 06:15:00+00:00,32.875,32.875,True,False,58.0,18.249582354372123,-0.002015949620319958,15.773088171877799,25.922933351583133,18.249582354372123,-0.002015949620319958,15.773088171877799,25.922933351583133,18.249582354372123,-0.002015949620319958,15.773088171877799,25.922933351583133,False,False,0.0
693,2016-12-24 05:30:00+00:00,industrial1,industrial,test,1,0,low,58.0,4,60,IA-GTPF,11,0,2016-12-24 06:30:00+00:00,36.375,36.375,True,False,58.0,20.39756616550656,-0.002015949620319958,19.043990401640468,27.663666752555148,20.39756616550656,-0.002015949620319958,19.043990401640468,27.663666752555148,20.39756616550656,-0.002015949620319958,19.043990401640468,27.663666752555148,False,False,0.0
694,2016-12-24 05:45:00+00:00,industrial1,industrial,test,1,0,low,58.0,4,60,IA-GTPF,11,0,2016-12-24 06:45:00+00:00,20.25,20.25,True,False,58.0,21.368432165165782,-0.002015949620319958,19.135738669136288,34.0354392115259,21.368432165165782,-0.002015949620319958,19.135738669136288,34.0354392115259,21.368432165165782,-0.002015949620319958,19.135738669136288,34.0354392115259,False,False,0.0
695,2016-12-24 06:00:00+00:00,industrial1,industrial,test,0,0,low,58.0,4,60,IA-GTPF,11,0,2016-12-24 07:00:00+00:00,26.875,26.875,True,False,58.0,22.80350983894426,-0.002015949620319958,22.78962089075875,38.32049592616684,22.80350983894426,-0.002015949620319958,22.78962089075875,38.32049592616684,22.80350983894426,-0.002015949620319958,22.78962089075875,38.32049592616684,False,False,0.0
696,2016-12-24 06:15:00+00:00,industrial1,industrial,test,0,0,low,58.0,4,60,IA-GTPF,11,0,2016-12-24 07:15:00+00:00,22.25,22.25,True,False,58.0,26.676541044742592,-0.002015949620319958,27.778722028073762,41.209284671944445,26.676541044742592,-0.002015949620319958,27.778722028073762,41.209284671944445,26.676541044742592,-0.002015949620319958,27.778722028073762,41.209284671944445,False,False,0.0
697,2016-12-24 06:30:00+00:00,industrial1,industrial,test,1,0,low,58.0,4,60,IA-GTPF,11,0,2016-12-24 07:30:00+00:00,18.5,18.5,True,False,58.0,27.090787336974014,-0.002015949620319958,27.733447777369637,39.25973453267279,27.090787336974014,-0.002015949620319958,27.733447777369637,39.25973453267279,27.090787336974014,-0.002015949620319958,27.733447777369637,39.25973453267279,False,False,0.0
698,2016-12-24 06:45:00+00:00,industrial1,industrial,test,0,0,low,58.0,4,60,IA-GTPF,11,0,2016-12-24 07:45:00+00:00,18.75,18.75,True,False,58.0,25.911853426696037,-0.002015949620319958,25.373322928243198,41.509351828501394,25.911853426696037,-0.002015949620319958,25.373322928243198,41.509351828501394,25.911853426696037,-0.002015949620319958,25.373322928243198,41.509351828501394,False,False,0.0
699,2016-12-24 07:00:00+00:00,industrial1,industrial,test,0,0,low,58.0,4,60,IA-GTPF,11,0,2016-12-24 08:00:00+00:00,16.75,16.75,True,False,58.0,27.283539039251785,-0.002015949620319958,27.659503095409573,43.77693397006444,27.283539039251785,-0.002015949620319958,27.659503095409573,43.77693397006444,27.283539039251785,-0.002015949620319958,27.659503095409573,43.77693397006444,False,False,0.0
700,2016-12-24 07:15:00+00:00,industrial1,industrial,test,0,0,low,58.0,4,60,IA-GTPF,11,0,2016-12-24 08:15:00+00:00,17.875,17.875,True,False,58.0,26.570547640824294,-0.002015949620319958,26.975544880487597,41.3470711632536,26.570547640824294,-0.002015949620319958,26.975544880487597,41.3470711632536,26.570547640824294,-0.002015949620319958,26.975544880487597,41.3470711632536,False,False,0.0
701,2016-12-24 07:30:00+00:00,industrial1,industrial,test,1,0,low,58.0,4,60,IA-GTPF,11,0,2016-12-24 08:30:00+00:00,18.75,18.75,True,False,58.0,23.287223762035065,-0.002015949620319958,22.37387870821716,38.25305323644812,23.287223762035065,-0.002015949620319958,22.37387870821716,38.25305323644812,23.287223762035065,-0.002015949620319958,22.37387870821716,38.25305323644812,False,False,0.0
702,2016-12-24 07:45:00+00:00,industrial1,industrial,test,1,0,low,58.0,4,60,IA-GTPF,11,0,2016-12-24 08:45:00+00:00,19.625,19.625,True,False,58.0,22.950294710254102,-0.002015949620319958,22.275367070395298,37.0590875892003,22.950294710254102,-0.002015949620319958,22.275367070395298,37.0590875892003,22.950294710254102,-0.002015949620319958,22.275367070395298,37.0590875892003,False,False,0.0
703,2016-12-24 08:00:00+00:00,industrial1,industrial,test,1,0,medium,58.0,4,60,IA-GTPF,11,0,2016-12-24 09:00:00+00:00,21.75,21.75,True,False,58.0,20.739633815069013,-0.002015949620319958,18.69320872143664,32.272501634151325,20.739633815069013,-0.002015949620319958,18.69320872143664,32.272501634151325,20.739633815069013,-0.002015949620319958,18.69320872143664,32.272501634151325,False,False,0.0
704,2016-12-24 08:15:00+00:00,industrial1,industrial,test,1,0,medium,58.0,4,60,IA-GTPF,11,0,2016-12-24 09:15:00+00:00,20.375,20.375,True,False,58.0,20.484060106383662,-0.002015949620319958,19.035068174130345,31.942292700137415,20.484060106383662,-0.002015949620319958,19.035068174130345,31.942292700137415,20.484060106383662,-0.002015949620319958,19.035068174130345,31.942292700137415,False,False,0.0
705,2016-12-24 08:30:00+00:00,industrial1,industrial,test,1,0,medium,58.0,4,60,IA-GTPF,11,0,2016-12-24 09:30:00+00:00,21.125,21.125,True,False,58.0,21.024503947544726,-0.002015949620319958,19.05526929780027,38.9448334222858,21.024503947544726,-0.002015949620319958,19.05526929780027,38.9448334222858,21.024503947544726,-0.002015949620319958,19.05526929780027,38.9448334222858,False,False,0.0
706,2016-12-24 08:45:00+00:00,industrial1,industrial,test,1,0,medium,58.0,4,60,IA-GTPF,11,0,2016-12-24 09:45:00+00:00,24.375,24.375,True,False,58.0,21.2563711989367,-0.002015949620319958,19.072915870481005,38.81657866683892,21.2563711989367,-0.002015949620319958,19.072915870481005,38.81657866683892,21.2563711989367,-0.002015949620319958,19.072915870481005,38.81657866683892,False,False,0.0
707,2016-12-24 09:00:00+00:00,industrial1,industrial,test,1,0,medium,58.0,4,60,IA-GTPF,11,0,2016-12-24 10:00:00+00:00,21.375,21.375,True,False,58.0,22.55507777988921,-0.002015949620319958,19.783685765056894,39.59114120798697,22.55507777988921,-0.002015949620319958,19.783685765056894,39.59114120798697,22.55507777988921,-0.002015949620319958,19.783685765056894,39.59114120798697,False,False,0.0
708,2016-12-24 09:15:00+00:00,industrial1,industrial,test,1,0,medium,58.0,4,60,IA-GTPF,11,0,2016-12-24 10:15:00+00:00,17.98002219755827,17.98002219755827,True,False,57.0,23.077485153819573,-0.002015949620319958,21.63796876044137,39.65100444828054,23.077485153819573,-0.002015949620319958,21.63796876044137,39.65100444828054,23.077485153819573,-0.002015949620319958,21.63796876044137,39.65100444828054,False,False,0.0
709,2016-12-24 09:30:00+00:00,industrial1,industrial,test,1,0,medium,58.0,4,60,IA-GTPF,11,0,2016-12-24 10:30:00+00:00,14.5,14.5,True,False,57.0,23.489292598101482,-0.002015949620319958,21.4141021807402,39.418076348687485,23.489292598101482,-0.002015949620319958,21.4141021807402,39.418076348687485,23.489292598101482,-0.002015949620319958,21.4141021807402,39.418076348687485,False,False,0.0
710,2016-12-24 09:45:00+00:00,industrial1,industrial,test,1,0,medium,58.0,4,60,IA-GTPF,11,0,2016-12-24 10:45:00+00:00,14.125,14.125,True,False,57.0,25.169931249220674,-0.002015949620319958,23.38057327321708,39.90957723741264,25.169931249220674,-0.002015949620319958,23.38057327321708,39.90957723741264,25.169931249220674,-0.002015949620319958,23.38057327321708,39.90957723741264,False,False,0.0
711,2016-12-24 10:00:00+00:00,industrial1,industrial,test,1,0,medium,58.0,4,60,IA-GTPF,11,0,2016-12-24 11:00:00+00:00,12.25,12.25,True,False,57.0,24.18981918621256,-0.002015949620319958,21.86313322412985,39.25675459196558,24.18981918621256,-0.002015949620319958,21.86313322412985,39.25675459196558,24.18981918621256,-0.002015949620319958,21.86313322412985,39.25675459196558,False,False,0.0
712,2016-12-24 10:15:00+00:00,industrial1,industrial,test,1,0,medium,57.0,4,60,IA-GTPF,11,0,2016-12-24 11:15:00+00:00,14.25,14.25,True,False,57.0,23.220031538339075,-0.002015949620319958,20.39286825983953,40.299242656034515,23.220031538339075,-0.002015949620319958,20.39286825983953,40.299242656034515,23.220031538339075,-0.002015949620319958,20.39286825983953,40.299242656034515,False,False,0.0
713,2016-12-24 10:30:00+00:00,industrial1,industrial,test,1,0,medium,57.0,4,60,IA-GTPF,11,0,2016-12-24 11:30:00+00:00,11.75,11.75,True,False,57.0,21.116913896092488,-0.002015949620319958,20.04946285431881,33.96103402227022,21.116913896092488,-0.002015949620319958,20.04946285431881,33.96103402227022,21.116913896092488,-0.002015949620319958,20.04946285431881,33.96103402227022,False,False,0.0
714,2016-12-24 10:45:00+00:00,industrial1,industrial,test,1,0,medium,57.0,4,60,IA-GTPF,11,0,2016-12-24 11:45:00+00:00,12.25,12.25,True,False,57.0,19.011123714632234,-0.002015949620319958,17.344508334860027,33.46876184089769,19.011123714632234,-0.002015949620319958,17.344508334860027,33.46876184089769,19.011123714632234,-0.002015949620319958,17.344508334860027,33.46876184089769,False,False,0.0
715,2016-12-24 11:00:00+00:00,industrial1,industrial,test,1,0,medium,57.0,4,60,IA-GTPF,11,0,2016-12-24 12:00:00+00:00,14.5,14.5,True,False,57.0,15.74545335963204,-0.1376836632148288,13.679571328618122,25.333258433257146,15.74545335963204,-0.1376836632148288,13.679571328618122,25.333258433257146,15.74545335963204,-0.1376836632148288,13.679571328618122,25.333258433257146,False,False,0.0
716,2016-12-24 11:15:00+00:00,industrial1,industrial,test,1,0,medium,57.0,4,60,IA-GTPF,11,0,2016-12-24 12:15:00+00:00,11.0,11.0,True,False,57.0,16.908204808894432,-0.1376836632148288,15.528140826484917,31.13204015356038,16.908204808894432,-0.1376836632148288,15.528140826484917,31.13204015356038,16.908204808894432,-0.1376836632148288,15.528140826484917,31.13204015356038,False,False,0.0
717,2016-12-24 11:30:00+00:00,industrial1,industrial,test,1,0,medium,57.0,4,60,IA-GTPF,11,0,2016-12-24 12:30:00+00:00,7.0,7.0,True,False,57.0,15.29374635407727,-0.1376836632148288,13.135436324201208,24.68896704726219,15.29374635407727,-0.1376836632148288,13.135436324201208,24.68896704726219,15.29374635407727,-0.1376836632148288,13.135436324201208,24.68896704726219,False,False,0.0
718,2016-12-24 11:45:00+00:00,industrial1,industrial,test,1,0,medium,57.0,4,60,IA-GTPF,11,0,2016-12-24 12:45:00+00:00,8.625,8.625,True,False,57.0,14.207376899637522,-1.1486548333879587,11.915749453412847,23.530487547588564,14.207376899637522,-1.1486548333879587,11.915749453412847,23.530487547588564,14.207376899637522,-1.1486548333879587,11.915749453412847,23.530487547588564,False,False,0.0
719,2016-12-24 12:00:00+00:00,industrial1,industrial,test,1,0,medium,57.0,4,60,IA-GTPF,11,0,2016-12-24 13:00:00+00:00,16.375,16.375,True,False,57.0,16.46480895222019,-0.002015949620319958,15.512918100585855,32.87189681597873,16.46480895222019,-0.002015949620319958,15.512918100585855,32.87189681597873,16.46480895222019,-0.002015949620319958,15.512918100585855,32.87189681597873,False,False,0.0
720,2016-12-24 12:15:00+00:00,industrial1,industrial,test,1,0,medium,57.0,4,60,IA-GTPF,11,0,2016-12-24 13:15:00+00:00,12.0,12.0,True,False,57.0,15.36913384463081,-0.002015949620319958,13.313629986595943,26.410822933370664,15.36913384463081,-0.002015949620319958,13.313629986595943,26.410822933370664,15.36913384463081,-0.002015949620319958,13.313629986595943,26.410822933370664,False,False,0.0
721,2016-12-24 12:30:00+00:00,industrial1,industrial,test,0,0,medium,57.0,4,60,IA-GTPF,11,0,2016-12-24 13:30:00+00:00,6.5,6.5,True,False,57.0,13.846436169509245,-0.002015949620319958,11.890289034625475,26.641671863742616,13.846436169509245,-0.002015949620319958,11.890289034625475,26.641671863742616,13.846436169509245,-0.002015949620319958,11.890289034625475,26.641671863742616,False,False,0.0
722,2016-12-24 12:45:00+00:00,industrial1,industrial,test,1,0,medium,57.0,4,60,IA-GTPF,11,0,2016-12-24 13:45:00+00:00,6.375,6.375,True,False,57.0,13.497132136729935,-0.002015949620319958,11.72603556023914,26.527956543710367,13.497132136729935,-0.002015949620319958,11.72603556023914,26.527956543710367,13.497132136729935,-0.002015949620319958,11.72603556023914,26.527956543710367,False,False,0.0
723,2016-12-24 13:00:00+00:00,industrial1,industrial,test,0,0,medium,57.0,4,60,IA-GTPF,11,0,2016-12-24 14:00:00+00:00,6.125,6.125,True,False,57.0,15.95872405057158,-0.005252283985939665,14.26161531724518,33.2669159466391,15.95872405057158,-0.005252283985939665,14.26161531724518,33.2669159466391,15.95872405057158,-0.005252283985939665,14.26161531724518,33.2669159466391,False,False,0.0
724,2016-12-24 13:15:00+00:00,industrial1,industrial,test,0,0,medium,57.0,4,60,IA-GTPF,11,0,2016-12-24 14:15:00+00:00,5.5,5.5,True,False,57.0,14.467751446103522,-0.002015949620319958,12.11908353859903,26.903087506099812,14.467751446103522,-0.002015949620319958,12.11908353859903,26.903087506099812,14.467751446103522,-0.002015949620319958,12.11908353859903,26.903087506099812,False,False,0.0
725,2016-12-24 13:30:00+00:00,industrial1,industrial,test,0,0,medium,57.0,4,60,IA-GTPF,11,0,2016-12-24 14:30:00+00:00,7.375,7.375,True,False,57.0,13.82894775833844,-0.002015949620319958,12.11908353859903,26.633259350008608,13.82894775833844,-0.002015949620319958,12.11908353859903,26.633259350008608,13.82894775833844,-0.002015949620319958,12.11908353859903,26.633259350008608,False,False,0.0
726,2016-12-24 13:45:00+00:00,industrial1,industrial,test,1,0,medium,57.0,4,60,IA-GTPF,11,0,2016-12-24 14:45:00+00:00,6.75,6.75,True,False,57.0,13.524804044520149,-0.002015949620319958,12.084155265443986,24.8538457072714,13.524804044520149,-0.002015949620319958,12.084155265443986,24.8538457072714,13.524804044520149,-0.002015949620319958,12.084155265443986,24.8538457072714,False,False,0.0
727,2016-12-24 14:00:00+00:00,industrial1,industrial,test,1,0,medium,57.0,4,60,IA-GTPF,11,0,2016-12-24 15:00:00+00:00,8.125,8.125,True,False,57.0,12.455816402817527,-0.002015949620319958,10.636206409652205,24.44015030064339,12.455816402817527,-0.002015949620319958,10.636206409652205,24.44015030064339,12.455816402817527,-0.002015949620319958,10.636206409652205,24.44015030064339,False,False,0.0
728,2016-12-24 14:15:00+00:00,industrial1,industrial,test,1,0,medium,57.0,4,60,IA-GTPF,11,0,2016-12-24 15:15:00+00:00,10.5,10.5,True,False,57.0,11.646634536032565,-0.002015949620319958,10.252828267556783,24.727771626215624,11.646634536032565,-0.002015949620319958,10.252828267556783,24.727771626215624,11.646634536032565,-0.002015949620319958,10.252828267556783,24.727771626215624,False,False,0.0
729,2016-12-24 14:30:00+00:00,industrial1,industrial,test,1,0,medium,57.0,4,60,IA-GTPF,11,0,2016-12-24 15:30:00+00:00,8.75,8.75,True,False,57.0,12.05404935619357,-0.002015949620319958,10.080850369006626,24.33656189550862,12.05404935619357,-0.002015949620319958,10.080850369006626,24.33656189550862,12.05404935619357,-0.002015949620319958,10.080850369006626,24.33656189550862,False,False,0.0
730,2016-12-24 14:45:00+00:00,industrial1,industrial,test,1,0,low,57.0,4,60,IA-GTPF,11,0,2016-12-24 15:45:00+00:00,6.375,6.375,True,False,57.0,11.727040715086954,-0.002015949620319958,10.256030647762264,22.06719749507364,11.727040715086954,-0.002015949620319958,10.256030647762264,22.06719749507364,11.727040715086954,-0.002015949620319958,10.256030647762264,22.06719749507364,False,False,0.0
731,2016-12-24 15:00:00+00:00,industrial1,industrial,test,1,0,low,57.0,4,60,IA-GTPF,11,0,2016-12-24 16:00:00+00:00,8.0,8.0,True,False,57.0,11.89735010462137,-0.002015949620319958,10.311124125227877,21.855865002242698,11.89735010462137,-0.002015949620319958,10.311124125227877,21.855865002242698,11.89735010462137,-0.002015949620319958,10.311124125227877,21.855865002242698,False,False,0.0
732,2016-12-24 15:15:00+00:00,industrial1,industrial,test,1,0,low,57.0,4,60,IA-GTPF,11,0,2016-12-24 16:15:00+00:00,6.375,6.375,True,False,57.0,12.619326143959707,-0.002015949620319958,10.473382818837791,23.321346265807627,12.619326143959707,-0.002015949620319958,10.473382818837791,23.321346265807627,12.619326143959707,-0.002015949620319958,10.473382818837791,23.321346265807627,False,False,0.0
733,2016-12-24 15:30:00+00:00,industrial1,industrial,test,1,0,low,57.0,4,60,IA-GTPF,11,0,2016-12-24 16:30:00+00:00,5.5,5.5,True,False,57.0,12.31476671480189,-0.002015949620319958,10.464400780957819,21.366837014590757,12.31476671480189,-0.002015949620319958,10.464400780957819,21.366837014590757,12.31476671480189,-0.002015949620319958,10.464400780957819,21.366837014590757,False,False,0.0
734,2016-12-24 15:45:00+00:00,industrial1,industrial,test,1,0,low,57.0,4,60,IA-GTPF,11,0,2016-12-24 16:45:00+00:00,5.875,5.875,True,False,57.0,12.20968141747041,-0.002015949620319958,10.63340893599274,21.388105878414986,12.20968141747041,-0.002015949620319958,10.63340893599274,21.388105878414986,12.20968141747041,-0.002015949620319958,10.63340893599274,21.388105878414986,False,False,0.0
735,2016-12-24 16:00:00+00:00,industrial1,industrial,test,1,0,low,57.0,4,60,IA-GTPF,11,0,2016-12-24 17:00:00+00:00,6.25,6.25,True,False,57.0,11.892164349738977,-0.002015949620319958,10.490455228075382,21.0916159330814,11.892164349738977,-0.002015949620319958,10.490455228075382,21.0916159330814,11.892164349738977,-0.002015949620319958,10.490455228075382,21.0916159330814,False,False,0.0
736,2016-12-24 16:15:00+00:00,industrial1,industrial,test,1,0,low,57.0,4,60,IA-GTPF,11,0,2016-12-24 17:15:00+00:00,8.75,8.75,True,False,57.0,11.655656963580796,-0.002015949620319958,10.176665076092707,23.227754843380605,11.655656963580796,-0.002015949620319958,10.176665076092707,23.227754843380605,11.655656963580796,-0.002015949620319958,10.176665076092707,23.227754843380605,False,False,0.0
737,2016-12-24 16:30:00+00:00,industrial1,industrial,test,1,0,low,57.0,4,60,IA-GTPF,11,0,2016-12-24 17:30:00+00:00,7.875,7.875,True,False,57.0,11.299269557168033,-0.002015949620319958,10.083841640227652,23.44041306706242,11.299269557168033,-0.002015949620319958,10.083841640227652,23.44041306706242,11.299269557168033,-0.002015949620319958,10.083841640227652,23.44041306706242,False,False,0.0
738,2016-12-24 16:45:00+00:00,industrial1,industrial,test,1,0,low,57.0,4,60,IA-GTPF,11,0,2016-12-24 17:45:00+00:00,12.625,12.625,True,False,57.0,11.388108712474963,-0.002015949620319958,10.225631578921409,23.48209546331066,11.388108712474963,-0.002015949620319958,10.225631578921409,23.48209546331066,11.388108712474963,-0.002015949620319958,10.225631578921409,23.48209546331066,False,False,0.0
739,2016-12-24 17:00:00+00:00,industrial1,industrial,test,1,0,low,57.0,4,60,IA-GTPF,11,0,2016-12-24 18:00:00+00:00,19.0,19.0,True,False,57.0,11.35276786685918,-0.002015949620319958,10.060343655600951,22.58816244157964,11.35276786685918,-0.002015949620319958,10.060343655600951,22.58816244157964,11.35276786685918,-0.002015949620319958,10.060343655600951,22.58816244157964,False,False,0.0
740,2016-12-24 17:15:00+00:00,industrial1,industrial,test,1,0,low,57.0,4,60,IA-GTPF,11,0,2016-12-24 18:15:00+00:00,13.75,13.75,True,False,57.0,12.112773547050868,-0.002015949620319958,10.286551087679959,22.541069437614794,12.112773547050868,-0.002015949620319958,10.286551087679959,22.541069437614794,12.112773547050868,-0.002015949620319958,10.286551087679959,22.541069437614794,False,False,0.0
741,2016-12-24 17:30:00+00:00,industrial1,industrial,test,1,0,low,57.0,4,60,IA-GTPF,11,0,2016-12-24 18:30:00+00:00,5.75,5.75,True,False,57.0,12.151316579962677,-0.002015949620319958,10.567328989851635,22.45660065544008,12.151316579962677,-0.002015949620319958,10.567328989851635,22.45660065544008,12.151316579962677,-0.002015949620319958,10.567328989851635,22.45660065544008,False,False,0.0
742,2016-12-24 17:45:00+00:00,industrial1,industrial,test,0,0,low,57.0,4,60,IA-GTPF,11,0,2016-12-24 18:45:00+00:00,6.625,6.625,True,False,57.0,13.517721385224036,-0.002015949620319958,12.476068269552204,22.050585457520437,13.517721385224036,-0.002015949620319958,12.476068269552204,22.050585457520437,13.517721385224036,-0.002015949620319958,12.476068269552204,22.050585457520437,False,False,0.0
743,2016-12-24 18:00:00+00:00,industrial1,industrial,test,0,0,low,57.0,4,60,IA-GTPF,11,0,2016-12-24 19:00:00+00:00,14.875,14.875,True,False,57.0,16.10787749985394,0.0017408158141191347,13.956310889766977,33.29521011572759,16.10787749985394,0.0017408158141191347,13.956310889766977,33.29521011572759,16.10787749985394,0.0017408158141191347,13.956310889766977,33.29521011572759,False,False,0.0
744,2016-12-24 18:15:00+00:00,industrial1,industrial,test,0,0,low,57.0,4,60,IA-GTPF,11,0,2016-12-24 19:15:00+00:00,12.125,12.125,True,False,57.0,15.135293071874042,0.0017408158141191347,13.167998415569983,29.01363647299766,15.135293071874042,0.0017408158141191347,13.167998415569983,29.01363647299766,15.135293071874042,0.0017408158141191347,13.167998415569983,29.01363647299766,False,False,0.0
745,2016-12-24 18:30:00+00:00,industrial1,industrial,test,0,0,low,57.0,4,60,IA-GTPF,11,0,2016-12-24 19:30:00+00:00,6.5,6.5,True,False,57.0,12.529726354173583,0.0017408158141191347,10.823288532327412,21.68580955310966,12.529726354173583,0.0017408158141191347,10.823288532327412,21.68580955310966,12.529726354173583,0.0017408158141191347,10.823288532327412,21.68580955310966,False,False,0.0
746,2016-12-24 18:45:00+00:00,industrial1,industrial,test,1,0,low,57.0,4,60,IA-GTPF,11,0,2016-12-24 19:45:00+00:00,7.875,7.875,True,False,57.0,12.48314662149216,0.0017408158141191347,10.944745141355803,21.52571772986511,12.48314662149216,0.0017408158141191347,10.944745141355803,21.52571772986511,12.48314662149216,0.0017408158141191347,10.944745141355803,21.52571772986511,False,False,0.0
747,2016-12-24 19:00:00+00:00,industrial1,industrial,test,0,0,low,57.0,4,60,IA-GTPF,11,0,2016-12-24 20:00:00+00:00,6.0,6.0,True,False,57.0,13.871736980042838,0.3142463763281125,12.127654697486985,26.380694257105162,13.871736980042838,0.3142463763281125,12.127654697486985,26.380694257105162,13.871736980042838,0.3142463763281125,12.127654697486985,26.380694257105162,False,False,0.0
748,2016-12-24 19:15:00+00:00,industrial1,industrial,test,1,0,low,57.0,4,60,IA-GTPF,11,0,2016-12-24 20:15:00+00:00,6.375,6.375,True,False,57.0,12.437849446083376,0.0017408158141191347,9.362294232307116,19.5212231887142,12.437849446083376,0.0017408158141191347,9.362294232307116,19.5212231887142,12.437849446083376,0.0017408158141191347,9.362294232307116,19.5212231887142,False,False,0.0
749,2016-12-24 19:30:00+00:00,industrial1,industrial,test,0,0,low,57.0,4,60,IA-GTPF,11,0,2016-12-24 20:30:00+00:00,6.5,6.5,True,False,57.0,11.731989640825342,0.0017408158141191347,9.362294232307116,19.561052644324228,11.731989640825342,0.0017408158141191347,9.362294232307116,19.561052644324228,11.731989640825342,0.0017408158141191347,9.362294232307116,19.561052644324228,False,False,0.0
750,2016-12-24 19:45:00+00:00,industrial1,industrial,test,1,0,low,57.0,4,60,IA-GTPF,11,0,2016-12-24 20:45:00+00:00,6.75,6.75,True,False,57.0,11.799401376777721,0.0017408158141191347,9.496617028574557,19.523415178671915,11.799401376777721,0.0017408158141191347,9.496617028574557,19.523415178671915,11.799401376777721,0.0017408158141191347,9.496617028574557,19.523415178671915,False,False,0.0
751,2016-12-24 20:00:00+00:00,industrial1,industrial,test,1,0,low,57.0,4,60,IA-GTPF,11,0,2016-12-24 21:00:00+00:00,8.625,8.625,True,False,57.0,11.308523841893797,0.0017408158141191347,9.588288578602594,19.38514991363099,11.308523841893797,0.0017408158141191347,9.588288578602594,19.38514991363099,11.308523841893797,0.0017408158141191347,9.588288578602594,19.38514991363099,False,False,0.0
752,2016-12-24 20:15:00+00:00,industrial1,industrial,test,1,0,low,57.0,4,60,IA-GTPF,11,0,2016-12-24 21:15:00+00:00,9.75,9.75,True,False,57.0,11.085432811960523,0.0017408158141191347,9.840101876362198,19.663078854282222,11.085432811960523,0.0017408158141191347,9.840101876362198,19.663078854282222,11.085432811960523,0.0017408158141191347,9.840101876362198,19.663078854282222,False,False,0.0
753,2016-12-24 20:30:00+00:00,industrial1,industrial,test,1,0,low,57.0,4,60,IA-GTPF,11,0,2016-12-24 21:30:00+00:00,10.25,10.25,True,False,57.0,11.294379560004348,0.0017408158141191347,10.043985168477315,19.663078854282222,11.294379560004348,0.0017408158141191347,10.043985168477315,19.663078854282222,11.294379560004348,0.0017408158141191347,10.043985168477315,19.663078854282222,False,False,0.0
754,2016-12-24 20:45:00+00:00,industrial1,industrial,test,1,0,low,57.0,4,60,IA-GTPF,11,0,2016-12-24 21:45:00+00:00,5.125,5.125,True,False,57.0,11.07317829099936,0.0017408158141191347,9.840101876362198,19.655394007038492,11.07317829099936,0.0017408158141191347,9.840101876362198,19.655394007038492,11.07317829099936,0.0017408158141191347,9.840101876362198,19.655394007038492,False,False,0.0
755,2016-12-24 21:00:00+00:00,industrial1,industrial,test,1,0,low,57.0,4,60,IA-GTPF,11,0,2016-12-24 22:00:00+00:00,6.0,6.0,True,False,57.0,11.44251441931508,0.0017408158141191347,10.235420758508532,15.645306193169535,11.44251441931508,0.0017408158141191347,10.235420758508532,15.645306193169535,11.44251441931508,0.0017408158141191347,10.235420758508532,15.645306193169535,False,False,0.0
756,2016-12-24 21:15:00+00:00,industrial1,industrial,test,1,0,low,57.0,4,60,IA-GTPF,11,0,2016-12-24 22:15:00+00:00,5.875,5.875,True,False,57.0,12.324163701844013,0.0017408158141191347,10.444843624291243,19.64322133606747,12.324163701844013,0.0017408158141191347,10.444843624291243,19.64322133606747,12.324163701844013,0.0017408158141191347,10.444843624291243,19.64322133606747,False,False,0.0
757,2016-12-24 21:30:00+00:00,industrial1,industrial,test,1,0,low,57.0,4,60,IA-GTPF,11,0,2016-12-24 22:30:00+00:00,5.625,5.625,True,False,57.0,11.865182423473751,0.0017408158141191347,10.240960332176126,15.545765669439982,11.865182423473751,0.0017408158141191347,10.240960332176126,15.545765669439982,11.865182423473751,0.0017408158141191347,10.240960332176126,15.545765669439982,False,False,0.0
758,2016-12-24 21:45:00+00:00,industrial1,industrial,test,0,0,low,57.0,4,60,IA-GTPF,11,0,2016-12-24 22:45:00+00:00,6.875,6.875,True,False,57.0,10.778581353099666,0.0017408158141191347,10.088007667395582,15.321408676219571,10.778581353099666,0.0017408158141191347,10.088007667395582,15.321408676219571,10.778581353099666,0.0017408158141191347,10.088007667395582,15.321408676219571,False,False,0.0
759,2016-12-24 22:00:00+00:00,industrial1,industrial,test,1,0,low,57.0,4,60,IA-GTPF,11,0,2016-12-24 23:00:00+00:00,9.625,9.625,True,False,57.0,10.751263018043748,0.0017408158141191347,10.077138168112242,19.38122687719475,10.751263018043748,0.0017408158141191347,10.077138168112242,19.38122687719475,10.751263018043748,0.0017408158141191347,10.077138168112242,19.38122687719475,False,False,0.0
760,2016-12-24 22:15:00+00:00,industrial1,industrial,test,1,0,low,57.0,4,60,IA-GTPF,11,0,2016-12-24 23:15:00+00:00,8.125,8.125,True,False,57.0,10.672775744390124,0.0017408158141191347,9.951801495673939,15.287694247003499,10.672775744390124,0.0017408158141191347,9.951801495673939,15.287694247003499,10.672775744390124,0.0017408158141191347,9.951801495673939,15.287694247003499,False,False,0.0
761,2016-12-24 22:30:00+00:00,industrial1,industrial,test,1,0,low,57.0,4,60,IA-GTPF,11,0,2016-12-24 23:30:00+00:00,8.75,8.75,True,False,57.0,10.54555890235556,0.0017408158141191347,9.831885458029122,15.459607160865897,10.54555890235556,0.0017408158141191347,9.831885458029122,15.459607160865897,10.54555890235556,0.0017408158141191347,9.831885458029122,15.459607160865897,False,False,0.0
762,2016-12-24 22:45:00+00:00,industrial1,industrial,test,1,0,low,57.0,4,60,IA-GTPF,11,0,2016-12-24 23:45:00+00:00,8.125,8.125,True,False,57.0,11.262342909777134,0.0017408158141191347,10.168156454317032,17.506717571954216,11.262342909777134,0.0017408158141191347,10.168156454317032,17.506717571954216,11.262342909777134,0.0017408158141191347,10.168156454317032,17.506717571954216,False,False,0.0
763,2016-12-24 23:00:00+00:00,industrial1,industrial,test,1,0,low,57.0,4,60,IA-GTPF,11,0,2016-12-25 00:00:00+00:00,21.5,21.5,True,False,57.0,12.38415400817413,-0.002015949620319958,10.881710243190273,20.827746446321306,12.38415400817413,-0.002015949620319958,10.881710243190273,20.827746446321306,12.38415400817413,-0.002015949620319958,10.881710243190273,20.827746446321306,False,False,0.0
764,2016-12-24 23:15:00+00:00,industrial1,industrial,test,1,0,low,57.0,4,60,IA-GTPF,11,0,2016-12-25 00:15:00+00:00,11.625,11.625,True,False,57.0,11.860842420101822,-0.002015949620319958,10.60132650156987,18.882824023538724,11.860842420101822,-0.002015949620319958,10.60132650156987,18.882824023538724,11.860842420101822,-0.002015949620319958,10.60132650156987,18.882824023538724,False,False,0.0
765,2016-12-24 23:30:00+00:00,industrial1,industrial,test,1,0,low,57.0,4,60,IA-GTPF,11,0,2016-12-25 00:30:00+00:00,7.5,7.5,True,False,57.0,11.3763540546874,-0.002015949620319958,10.233718971740277,22.791637942197447,11.3763540546874,-0.002015949620319958,10.233718971740277,22.791637942197447,11.3763540546874,-0.002015949620319958,10.233718971740277,22.791637942197447,False,False,0.0
766,2016-12-24 23:45:00+00:00,industrial1,industrial,test,1,0,low,57.0,4,60,IA-GTPF,11,0,2016-12-25 00:45:00+00:00,5.5,5.5,True,False,57.0,11.177445019586132,-0.002015949620319958,9.95218913388602,21.559616543101846,11.177445019586132,-0.002015949620319958,9.95218913388602,21.559616543101846,11.177445019586132,-0.002015949620319958,9.95218913388602,21.559616543101846,False,False,0.0
767,2016-12-25 00:00:00+00:00,industrial1,industrial,test,0,0,low,57.0,4,60,IA-GTPF,11,0,2016-12-25 01:00:00+00:00,15.125,15.125,True,False,57.0,17.51399029410298,0.4146821384755761,16.309557423411324,36.493401748475016,17.51399029410298,0.4146821384755761,16.309557423411324,36.493401748475016,17.51399029410298,0.4146821384755761,16.309557423411324,36.493401748475016,False,False,0.0
768,2016-12-25 00:15:00+00:00,industrial1,industrial,test,0,0,low,57.0,4,60,IA-GTPF,11,0,2016-12-25 01:15:00+00:00,10.5,10.5,True,False,57.0,14.610065050044236,-0.002015949620319958,12.397714438420874,21.83985860511935,14.610065050044236,-0.002015949620319958,12.397714438420874,21.83985860511935,14.610065050044236,-0.002015949620319958,12.397714438420874,21.83985860511935,False,False,0.0
769,2016-12-25 00:30:00+00:00,industrial1,industrial,test,0,0,low,57.0,4,60,IA-GTPF,11,0,2016-12-25 01:30:00+00:00,5.875,5.875,True,False,57.0,12.938874452059812,-0.002015949620319958,11.959520678187156,18.450195131848766,12.938874452059812,-0.002015949620319958,11.959520678187156,18.450195131848766,12.938874452059812,-0.002015949620319958,11.959520678187156,18.450195131848766,False,False,0.0
770,2016-12-25 00:45:00+00:00,industrial1,industrial,test,1,0,low,57.0,4,60,IA-GTPF,11,0,2016-12-25 01:45:00+00:00,5.5,5.5,True,False,57.0,11.92544014911503,-0.002015949620319958,11.959520678187156,22.114477210782272,11.92544014911503,-0.002015949620319958,11.959520678187156,22.114477210782272,11.92544014911503,-0.002015949620319958,11.959520678187156,22.114477210782272,False,False,0.0
771,2016-12-25 01:00:00+00:00,industrial1,industrial,test,0,0,low,57.0,4,60,IA-GTPF,11,0,2016-12-25 02:00:00+00:00,8.375,8.375,True,False,57.0,13.698436363656038,0.31048961089367344,13.482492621213037,25.400461963797316,13.698436363656038,0.31048961089367344,13.482492621213037,25.400461963797316,13.698436363656038,0.31048961089367344,13.482492621213037,25.400461963797316,False,False,0.0
772,2016-12-25 01:15:00+00:00,industrial1,industrial,test,0,0,low,57.0,4,60,IA-GTPF,11,0,2016-12-25 02:15:00+00:00,6.25,6.25,True,False,57.0,12.231985972719071,-0.002015949620319958,11.094880557794447,14.624696306691419,12.231985972719071,-0.002015949620319958,11.094880557794447,14.624696306691419,12.231985972719071,-0.002015949620319958,11.094880557794447,14.624696306691419,False,False,0.0
773,2016-12-25 01:30:00+00:00,industrial1,industrial,test,0,0,low,57.0,4,60,IA-GTPF,11,0,2016-12-25 02:30:00+00:00,5.75,5.75,True,False,57.0,11.322732745401163,-0.002015949620319958,10.939125306860882,14.96917772915147,11.322732745401163,-0.002015949620319958,10.939125306860882,14.96917772915147,11.322732745401163,-0.002015949620319958,10.939125306860882,14.96917772915147,False,False,0.0
774,2016-12-25 01:45:00+00:00,industrial1,industrial,test,1,0,low,57.0,4,60,IA-GTPF,11,0,2016-12-25 02:45:00+00:00,6.125,6.125,True,False,57.0,11.341965387884231,-0.002015949620319958,10.939125306860882,13.680419736271686,11.341965387884231,-0.002015949620319958,10.939125306860882,13.680419736271686,11.341965387884231,-0.002015949620319958,10.939125306860882,13.680419736271686,False,False,0.0
775,2016-12-25 02:00:00+00:00,industrial1,industrial,test,1,0,low,57.0,4,60,IA-GTPF,11,0,2016-12-25 03:00:00+00:00,10.125,10.125,True,False,57.0,11.092939002417172,-0.002015949620319958,10.079916059572833,16.22190501308973,11.092939002417172,-0.002015949620319958,10.079916059572833,16.22190501308973,11.092939002417172,-0.002015949620319958,10.079916059572833,16.22190501308973,False,False,0.0
776,2016-12-25 02:15:00+00:00,industrial1,industrial,test,1,0,low,57.0,4,60,IA-GTPF,11,0,2016-12-25 03:15:00+00:00,9.625,9.625,True,False,57.0,10.690417718429682,-0.002015949620319958,10.247018916398519,16.277178852318652,10.690417718429682,-0.002015949620319958,10.247018916398519,16.277178852318652,10.690417718429682,-0.002015949620319958,10.247018916398519,16.277178852318652,False,False,0.0
777,2016-12-25 02:30:00+00:00,industrial1,industrial,test,1,0,low,57.0,4,60,IA-GTPF,11,0,2016-12-25 03:30:00+00:00,9.0,9.0,True,False,57.0,10.760345576819871,-0.002015949620319958,10.247018916398519,16.23481224618567,10.760345576819871,-0.002015949620319958,10.247018916398519,16.23481224618567,10.760345576819871,-0.002015949620319958,10.247018916398519,16.23481224618567,False,False,0.0
778,2016-12-25 02:45:00+00:00,industrial1,industrial,test,1,0,low,57.0,4,60,IA-GTPF,11,0,2016-12-25 03:45:00+00:00,5.875,5.875,True,False,57.0,10.558844521422962,-0.002015949620319958,10.003050151943402,14.995458637577693,10.558844521422962,-0.002015949620319958,10.003050151943402,14.995458637577693,10.558844521422962,-0.002015949620319958,10.003050151943402,14.995458637577693,False,False,0.0
779,2016-12-25 03:00:00+00:00,industrial1,industrial,test,0,0,low,57.0,4,60,IA-GTPF,11,0,2016-12-25 04:00:00+00:00,7.625,7.625,True,False,57.0,11.388255811297796,-0.002015949620319958,10.0799836401267,15.420202077527737,11.388255811297796,-0.002015949620319958,10.0799836401267,15.420202077527737,11.388255811297796,-0.002015949620319958,10.0799836401267,15.420202077527737,False,False,0.0
780,2016-12-25 03:15:00+00:00,industrial1,industrial,test,1,0,low,57.0,4,60,IA-GTPF,11,0,2016-12-25 04:15:00+00:00,6.0,6.0,True,False,57.0,11.29606551739498,-0.002015949620319958,10.166841970211745,14.069931001734998,11.29606551739498,-0.002015949620319958,10.166841970211745,14.069931001734998,11.29606551739498,-0.002015949620319958,10.166841970211745,14.069931001734998,False,False,0.0
781,2016-12-25 03:30:00+00:00,industrial1,industrial,test,1,0,low,57.0,4,60,IA-GTPF,11,0,2016-12-25 04:30:00+00:00,6.125,6.125,True,False,57.0,10.806373510007143,-0.002015949620319958,10.166841970211745,15.264893023161797,10.806373510007143,-0.002015949620319958,10.166841970211745,15.264893023161797,10.806373510007143,-0.002015949620319958,10.166841970211745,15.264893023161797,False,False,0.0
782,2016-12-25 03:45:00+00:00,industrial1,industrial,test,1,0,low,57.0,4,60,IA-GTPF,11,0,2016-12-25 04:45:00+00:00,6.75,6.75,True,False,57.0,10.689118993898195,-0.002015949620319958,10.166841970211745,14.444445310653697,10.689118993898195,-0.002015949620319958,10.166841970211745,14.444445310653697,10.689118993898195,-0.002015949620319958,10.166841970211745,14.444445310653697,False,False,0.0
783,2016-12-25 04:00:00+00:00,industrial1,industrial,test,1,0,low,57.0,4,60,IA-GTPF,11,0,2016-12-25 05:00:00+00:00,7.125,7.125,True,False,57.0,10.579071854735131,-0.002015949620319958,10.004255590283105,15.344062810994972,10.579071854735131,-0.002015949620319958,10.004255590283105,15.344062810994972,10.579071854735131,-0.002015949620319958,10.004255590283105,15.344062810994972,False,False,0.0
784,2016-12-25 04:15:00+00:00,industrial1,industrial,test,1,0,low,57.0,4,60,IA-GTPF,11,0,2016-12-25 05:15:00+00:00,7.625,7.625,True,False,57.0,10.570813369401453,-0.002015949620319958,10.190364604224335,15.17903136155661,10.570813369401453,-0.002015949620319958,10.190364604224335,15.17903136155661,10.570813369401453,-0.002015949620319958,10.190364604224335,15.17903136155661,False,False,0.0
785,2016-12-25 04:30:00+00:00,industrial1,industrial,test,1,0,low,57.0,4,60,IA-GTPF,11,0,2016-12-25 05:30:00+00:00,8.125,8.125,True,False,57.0,10.309291857722805,-0.002015949620319958,9.866901851668715,16.445269486652567,10.309291857722805,-0.002015949620319958,9.866901851668715,16.445269486652567,10.309291857722805,-0.002015949620319958,9.866901851668715,16.445269486652567,False,False,0.0
786,2016-12-25 04:45:00+00:00,industrial1,industrial,test,1,0,low,57.0,4,60,IA-GTPF,11,0,2016-12-25 05:45:00+00:00,13.125,13.125,True,False,57.0,10.744702616963847,-0.002015949620319958,9.861576357537666,16.427956150646917,10.744702616963847,-0.002015949620319958,9.861576357537666,16.427956150646917,10.744702616963847,-0.002015949620319958,9.861576357537666,16.427956150646917,False,False,0.0
787,2016-12-25 05:00:00+00:00,industrial1,industrial,test,1,0,low,57.0,4,60,IA-GTPF,11,0,2016-12-25 06:00:00+00:00,16.25,16.25,True,False,57.0,11.542073735041697,-0.002015949620319958,10.194978123500503,17.150054588435047,11.542073735041697,-0.002015949620319958,10.194978123500503,17.150054588435047,11.542073735041697,-0.002015949620319958,10.194978123500503,17.150054588435047,False,False,0.0
788,2016-12-25 05:15:00+00:00,industrial1,industrial,test,1,0,low,57.0,4,60,IA-GTPF,11,0,2016-12-25 06:15:00+00:00,14.625,14.625,True,False,57.0,11.587027400931861,-0.002015949620319958,10.194978123500503,18.54598666210784,11.587027400931861,-0.002015949620319958,10.194978123500503,18.54598666210784,11.587027400931861,-0.002015949620319958,10.194978123500503,18.54598666210784,False,False,0.0
789,2016-12-25 05:30:00+00:00,industrial1,industrial,test,1,0,low,57.0,4,60,IA-GTPF,11,0,2016-12-25 06:30:00+00:00,6.125,6.125,True,False,57.0,11.866692569404892,-0.002015949620319958,10.194978123500503,18.54598666210784,11.866692569404892,-0.002015949620319958,10.194978123500503,18.54598666210784,11.866692569404892,-0.002015949620319958,10.194978123500503,18.54598666210784,False,False,0.0
790,2016-12-25 05:45:00+00:00,industrial1,industrial,test,0,0,low,57.0,4,60,IA-GTPF,11,0,2016-12-25 06:45:00+00:00,6.0,6.0,True,False,57.0,13.381033293786263,-0.002015949620319958,12.68549632430554,27.51366397227206,13.381033293786263,-0.002015949620319958,12.68549632430554,27.51366397227206,13.381033293786263,-0.002015949620319958,12.68549632430554,27.51366397227206,False,False,0.0
791,2016-12-25 06:00:00+00:00,industrial1,industrial,test,1,0,low,57.0,4,60,IA-GTPF,11,0,2016-12-25 07:00:00+00:00,16.75,16.75,True,False,57.0,16.035232724985136,-0.002015949620319958,14.531291232920726,28.850984919827756,16.035232724985136,-0.002015949620319958,14.531291232920726,28.850984919827756,16.035232724985136,-0.002015949620319958,14.531291232920726,28.850984919827756,False,False,0.0
792,2016-12-25 06:15:00+00:00,industrial1,industrial,test,1,0,low,57.0,4,60,IA-GTPF,11,0,2016-12-25 07:15:00+00:00,10.75,10.75,True,False,57.0,15.426120517543747,-0.002015949620319958,14.492440584659661,28.935494703064183,15.426120517543747,-0.002015949620319958,14.492440584659661,28.935494703064183,15.426120517543747,-0.002015949620319958,14.492440584659661,28.935494703064183,False,False,0.0
793,2016-12-25 06:30:00+00:00,industrial1,industrial,test,0,0,low,57.0,4,60,IA-GTPF,11,0,2016-12-25 07:30:00+00:00,7.0,7.0,True,False,57.0,13.059877077511258,-0.002015949620319958,12.173908476261225,18.15271804403118,13.059877077511258,-0.002015949620319958,12.173908476261225,18.15271804403118,13.059877077511258,-0.002015949620319958,12.173908476261225,18.15271804403118,False,False,0.0
794,2016-12-25 06:45:00+00:00,industrial1,industrial,test,1,0,low,57.0,4,60,IA-GTPF,11,0,2016-12-25 07:45:00+00:00,7.375,7.375,True,False,57.0,12.474071422002105,-0.002015949620319958,12.022168530573746,22.726517767613245,12.474071422002105,-0.002015949620319958,12.022168530573746,22.726517767613245,12.474071422002105,-0.002015949620319958,12.022168530573746,22.726517767613245,False,False,0.0
795,2016-12-25 07:00:00+00:00,industrial1,industrial,test,0,0,low,57.0,4,60,IA-GTPF,11,0,2016-12-25 08:00:00+00:00,4.875,4.875,True,False,57.0,15.110933008010669,0.4146821384755761,14.679244750183411,23.68688013482257,15.110933008010669,0.4146821384755761,14.679244750183411,23.68688013482257,15.110933008010669,0.4146821384755761,14.679244750183411,23.68688013482257,False,False,0.0
796,2016-12-25 07:15:00+00:00,industrial1,industrial,test,0,0,low,57.0,4,60,IA-GTPF,11,0,2016-12-25 08:15:00+00:00,5.625,5.625,True,False,57.0,13.856161133207772,-0.002015949620319958,12.526419803243831,19.393612679644487,13.856161133207772,-0.002015949620319958,12.526419803243831,19.393612679644487,13.856161133207772,-0.002015949620319958,12.526419803243831,19.393612679644487,False,False,0.0
797,2016-12-25 07:30:00+00:00,industrial1,industrial,test,1,0,low,57.0,4,60,IA-GTPF,11,0,2016-12-25 08:30:00+00:00,5.5,5.5,True,False,57.0,13.212410510411262,-0.002015949620319958,12.370664552310267,18.74978640562181,13.212410510411262,-0.002015949620319958,12.370664552310267,18.74978640562181,13.212410510411262,-0.002015949620319958,12.370664552310267,18.74978640562181,False,False,0.0
798,2016-12-25 07:45:00+00:00,industrial1,industrial,test,1,0,low,57.0,4,60,IA-GTPF,11,0,2016-12-25 08:45:00+00:00,6.0,6.0,True,False,57.0,12.862938700247312,-0.002015949620319958,12.205631908456214,18.649492927753336,12.862938700247312,-0.002015949620319958,12.205631908456214,18.649492927753336,12.862938700247312,-0.002015949620319958,12.205631908456214,18.649492927753336,False,False,0.0
799,2016-12-25 08:00:00+00:00,industrial1,industrial,test,1,0,medium,57.0,4,60,IA-GTPF,11,0,2016-12-25 09:00:00+00:00,9.5,9.5,True,False,57.0,11.450310408337012,-0.002015949620319958,10.939223360679641,19.5995939470381,11.450310408337012,-0.002015949620319958,10.939223360679641,19.5995939470381,11.450310408337012,-0.002015949620319958,10.939223360679641,19.5995939470381,False,False,0.0
800,2016-12-25 08:15:00+00:00,industrial1,industrial,test,1,0,medium,57.0,4,60,IA-GTPF,11,0,2016-12-25 09:15:00+00:00,8.125,8.125,True,False,57.0,11.347589622927135,-0.002015949620319958,10.572929314020044,18.881617325228085,11.347589622927135,-0.002015949620319958,10.572929314020044,18.881617325228085,11.347589622927135,-0.002015949620319958,10.572929314020044,18.881617325228085,False,False,0.0
801,2016-12-25 08:30:00+00:00,industrial1,industrial,test,1,0,medium,57.0,4,60,IA-GTPF,11,0,2016-12-25 09:30:00+00:00,9.375,9.375,True,False,57.0,11.178954227163961,-0.002015949620319958,10.741165238644953,19.133106406369144,11.178954227163961,-0.002015949620319958,10.741165238644953,19.133106406369144,11.178954227163961,-0.002015949620319958,10.741165238644953,19.133106406369144,False,False,0.0
802,2016-12-25 08:45:00+00:00,industrial1,industrial,test,1,0,medium,57.0,4,60,IA-GTPF,11,0,2016-12-25 09:45:00+00:00,5.625,5.625,True,False,57.0,11.275283368317217,-0.002015949620319958,10.509522460801199,21.64747657657254,11.275283368317217,-0.002015949620319958,10.509522460801199,21.64747657657254,11.275283368317217,-0.002015949620319958,10.509522460801199,21.64747657657254,False,False,0.0
803,2016-12-25 09:00:00+00:00,industrial1,industrial,test,1,0,medium,57.0,4,60,IA-GTPF,11,0,2016-12-25 10:00:00+00:00,8.125,8.125,True,False,57.0,11.840829787306257,-0.002015949620319958,10.776503131826653,20.98992663480881,11.840829787306257,-0.002015949620319958,10.776503131826653,20.98992663480881,11.840829787306257,-0.002015949620319958,10.776503131826653,20.98992663480881,False,False,0.0
804,2016-12-25 09:15:00+00:00,industrial1,industrial,test,1,0,medium,57.0,4,60,IA-GTPF,11,0,2016-12-25 10:15:00+00:00,6.375,6.375,True,False,57.0,11.752086636882426,-0.002015949620319958,11.005434711348448,20.259302199102475,11.752086636882426,-0.002015949620319958,11.005434711348448,20.259302199102475,11.752086636882426,-0.002015949620319958,11.005434711348448,20.259302199102475,False,False,0.0
805,2016-12-25 09:30:00+00:00,industrial1,industrial,test,1,0,medium,57.0,4,60,IA-GTPF,11,0,2016-12-25 10:30:00+00:00,5.625,5.625,True,False,57.0,11.271767998153589,-0.002015949620319958,10.762658874784586,23.535577011466074,11.271767998153589,-0.002015949620319958,10.762658874784586,23.535577011466074,11.271767998153589,-0.002015949620319958,10.762658874784586,23.535577011466074,False,False,0.0
806,2016-12-25 09:45:00+00:00,industrial1,industrial,test,1,0,medium,57.0,4,60,IA-GTPF,11,0,2016-12-25 10:45:00+00:00,7.25,7.25,True,False,57.0,11.34141008536852,-0.002015949620319958,11.087643521600844,22.59105741760671,11.34141008536852,-0.002015949620319958,11.087643521600844,22.59105741760671,11.34141008536852,-0.002015949620319958,11.087643521600844,22.59105741760671,False,False,0.0
807,2016-12-25 10:00:00+00:00,industrial1,industrial,test,1,0,medium,57.0,4,60,IA-GTPF,11,0,2016-12-25 11:00:00+00:00,6.75,6.75,True,False,57.0,11.18573699175513,-0.002015949620319958,10.746129336836832,22.184018325451504,11.18573699175513,-0.002015949620319958,10.746129336836832,22.184018325451504,11.18573699175513,-0.002015949620319958,10.746129336836832,22.184018325451504,False,False,0.0
808,2016-12-25 10:15:00+00:00,industrial1,industrial,test,1,0,medium,57.0,4,60,IA-GTPF,11,0,2016-12-25 11:15:00+00:00,9.375,9.375,True,False,57.0,10.956344242261101,-0.002015949620319958,11.090098562526725,21.752666448816772,10.956344242261101,-0.002015949620319958,11.090098562526725,21.752666448816772,10.956344242261101,-0.002015949620319958,11.090098562526725,21.752666448816772,False,False,0.0
809,2016-12-25 10:30:00+00:00,industrial1,industrial,test,1,0,medium,57.0,4,60,IA-GTPF,11,0,2016-12-25 11:30:00+00:00,7.375,7.375,True,False,57.0,10.594565986135233,-0.002015949620319958,10.727891465072755,21.7221572777742,10.594565986135233,-0.002015949620319958,10.727891465072755,21.7221572777742,10.594565986135233,-0.002015949620319958,10.727891465072755,21.7221572777742,False,False,0.0
810,2016-12-25 10:45:00+00:00,industrial1,industrial,test,1,0,medium,57.0,4,60,IA-GTPF,11,0,2016-12-25 11:45:00+00:00,7.75,7.75,True,False,57.0,10.88054923438516,-0.002015949620319958,10.56334752348078,21.558394831051114,10.88054923438516,-0.002015949620319958,10.56334752348078,21.558394831051114,10.88054923438516,-0.002015949620319958,10.56334752348078,21.558394831051114,False,False,0.0
811,2016-12-25 11:00:00+00:00,industrial1,industrial,test,1,0,high,57.0,4,60,IA-GTPF,11,0,2016-12-25 12:00:00+00:00,17.75,17.75,True,False,57.0,10.749098255423792,-0.1376836632148288,9.929884020950473,21.950266554018608,10.749098255423792,-0.1376836632148288,9.929884020950473,21.950266554018608,10.749098255423792,-0.1376836632148288,9.929884020950473,21.950266554018608,False,False,0.0
812,2016-12-25 11:15:00+00:00,industrial1,industrial,test,1,0,high,57.0,4,60,IA-GTPF,11,0,2016-12-25 12:15:00+00:00,10.375,10.375,True,False,57.0,11.415075139735734,-0.1376836632148288,10.118044618547593,21.093848356311014,11.415075139735734,-0.1376836632148288,10.118044618547593,21.093848356311014,11.415075139735734,-0.1376836632148288,10.118044618547593,21.093848356311014,False,False,0.0
813,2016-12-25 11:30:00+00:00,industrial1,industrial,test,1,0,high,57.0,4,60,IA-GTPF,11,0,2016-12-25 12:30:00+00:00,6.875,6.875,True,False,57.0,10.965660953143344,-0.1376836632148288,10.262066152919616,21.14847444772242,10.965660953143344,-0.1376836632148288,10.262066152919616,21.14847444772242,10.965660953143344,-0.1376836632148288,10.262066152919616,21.14847444772242,False,False,0.0
814,2016-12-25 11:45:00+00:00,industrial1,industrial,test,1,0,medium,57.0,4,60,IA-GTPF,11,0,2016-12-25 12:45:00+00:00,6.0,6.0,True,False,57.0,10.556723994928493,-0.1376836632148288,10.100021724386497,20.99854293901733,10.556723994928493,-0.1376836632148288,10.100021724386497,20.99854293901733,10.556723994928493,-0.1376836632148288,10.100021724386497,20.99854293901733,False,False,0.0
815,2016-12-25 12:00:00+00:00,industrial1,industrial,test,0,0,medium,57.0,4,60,IA-GTPF,11,0,2016-12-25 13:00:00+00:00,15.375,15.375,True,False,57.0,17.882636454130843,0.31048961089367344,17.161180164599916,34.19780921703503,17.882636454130843,0.31048961089367344,17.161180164599916,34.19780921703503,17.882636454130843,0.31048961089367344,17.161180164599916,34.19780921703503,False,False,0.0
816,2016-12-25 12:15:00+00:00,industrial1,industrial,test,0,0,high,57.0,4,60,IA-GTPF,11,0,2016-12-25 13:15:00+00:00,9.625,9.625,True,False,57.0,14.619201324803937,-0.002015949620319958,13.64469275970969,27.059483659075987,14.619201324803937,-0.002015949620319958,13.64469275970969,27.059483659075987,14.619201324803937,-0.002015949620319958,13.64469275970969,27.059483659075987,False,False,0.0
817,2016-12-25 12:30:00+00:00,industrial1,industrial,test,1,0,medium,57.0,4,60,IA-GTPF,11,0,2016-12-25 13:30:00+00:00,4.75,4.75,True,False,57.0,12.980628253489698,-0.002015949620319958,13.328736305018928,23.532024214139597,12.980628253489698,-0.002015949620319958,13.328736305018928,23.532024214139597,12.980628253489698,-0.002015949620319958,13.328736305018928,23.532024214139597,False,False,0.0
818,2016-12-25 12:45:00+00:00,industrial1,industrial,test,1,0,medium,57.0,4,60,IA-GTPF,11,0,2016-12-25 13:45:00+00:00,5.25,5.25,True,False,57.0,13.034685945283863,-0.002015949620319958,13.328736305018928,23.056531976310332,13.034685945283863,-0.002015949620319958,13.328736305018928,23.056531976310332,13.034685945283863,-0.002015949620319958,13.328736305018928,23.056531976310332,False,False,0.0
819,2016-12-25 13:00:00+00:00,industrial1,industrial,test,0,0,high,57.0,4,60,IA-GTPF,11,0,2016-12-25 14:00:00+00:00,7.5,7.5,True,False,57.0,15.94632705530392,0.31048961089367344,15.443987688663933,30.966286198489783,15.94632705530392,0.31048961089367344,15.443987688663933,30.966286198489783,15.94632705530392,0.31048961089367344,15.443987688663933,30.966286198489783,False,False,0.0
820,2016-12-25 13:15:00+00:00,industrial1,industrial,test,0,0,medium,57.0,4,60,IA-GTPF,11,0,2016-12-25 14:15:00+00:00,5.625,5.625,True,False,57.0,13.219364814478809,-0.002015949620319958,12.973604244365921,22.22264263863296,13.219364814478809,-0.002015949620319958,12.973604244365921,22.22264263863296,13.219364814478809,-0.002015949620319958,12.973604244365921,22.22264263863296,False,False,0.0
821,2016-12-25 13:30:00+00:00,industrial1,industrial,test,0,0,medium,57.0,4,60,IA-GTPF,11,0,2016-12-25 14:30:00+00:00,4.625,4.625,True,False,57.0,11.967717554015145,-0.002015949620319958,12.84402676827649,23.38094018248542,11.967717554015145,-0.002015949620319958,12.84402676827649,23.38094018248542,11.967717554015145,-0.002015949620319958,12.84402676827649,23.38094018248542,False,False,0.0
822,2016-12-25 13:45:00+00:00,industrial1,industrial,test,1,0,medium,57.0,4,60,IA-GTPF,11,0,2016-12-25 14:45:00+00:00,6.75,6.75,True,False,57.0,11.739139328993003,-0.002015949620319958,12.685324796725437,22.293585225342408,11.739139328993003,-0.002015949620319958,12.685324796725437,22.293585225342408,11.739139328993003,-0.002015949620319958,12.685324796725437,22.293585225342408,False,False,0.0
823,2016-12-25 14:00:00+00:00,industrial1,industrial,test,1,0,medium,57.0,4,60,IA-GTPF,11,0,2016-12-25 15:00:00+00:00,9.375,9.375,True,False,57.0,10.707151169468156,-0.002015949620319958,10.800519824118217,20.92319094095473,10.707151169468156,-0.002015949620319958,10.800519824118217,20.92319094095473,10.707151169468156,-0.002015949620319958,10.800519824118217,20.92319094095473,False,False,0.0
824,2016-12-25 14:15:00+00:00,industrial1,industrial,test,1,0,medium,57.0,4,60,IA-GTPF,11,0,2016-12-25 15:15:00+00:00,8.5,8.5,True,False,57.0,10.506618970645976,-0.002015949620319958,10.745755138956826,21.214390843147903,10.506618970645976,-0.002015949620319958,10.745755138956826,21.214390843147903,10.506618970645976,-0.002015949620319958,10.745755138956826,21.214390843147903,False,False,0.0
825,2016-12-25 14:30:00+00:00,industrial1,industrial,test,1,0,medium,57.0,4,60,IA-GTPF,11,0,2016-12-25 15:30:00+00:00,8.625,8.625,True,False,57.0,10.238347413799666,-0.002015949620319958,10.758621326195877,20.564877911837588,10.238347413799666,-0.002015949620319958,10.758621326195877,20.564877911837588,10.238347413799666,-0.002015949620319958,10.758621326195877,20.564877911837588,False,False,0.0
826,2016-12-25 14:45:00+00:00,industrial1,industrial,test,1,0,medium,57.0,4,60,IA-GTPF,11,0,2016-12-25 15:45:00+00:00,8.0,8.0,True,False,57.0,10.416913947903707,-0.002015949620319958,10.59781603957321,21.64261570782545,10.416913947903707,-0.002015949620319958,10.59781603957321,21.64261570782545,10.416913947903707,-0.002015949620319958,10.59781603957321,21.64261570782545,False,False,0.0
827,2016-12-25 15:00:00+00:00,industrial1,industrial,test,1,0,medium,57.0,4,60,IA-GTPF,11,0,2016-12-25 16:00:00+00:00,9.25,9.25,True,False,57.0,10.968082317867285,-0.002015949620319958,10.788054156036441,18.779899898361148,10.968082317867285,-0.002015949620319958,10.788054156036441,18.779899898361148,10.968082317867285,-0.002015949620319958,10.788054156036441,18.779899898361148,False,False,0.0
828,2016-12-25 15:15:00+00:00,industrial1,industrial,test,1,0,medium,57.0,4,60,IA-GTPF,11,0,2016-12-25 16:15:00+00:00,6.875,6.875,True,False,57.0,10.628097970283438,-0.002015949620319958,10.895983793333679,18.71709468770121,10.628097970283438,-0.002015949620319958,10.895983793333679,18.71709468770121,10.628097970283438,-0.002015949620319958,10.895983793333679,18.71709468770121,False,False,0.0
829,2016-12-25 15:30:00+00:00,industrial1,industrial,test,1,0,low,57.0,4,60,IA-GTPF,11,0,2016-12-25 16:30:00+00:00,5.5,5.5,True,False,57.0,10.26739562736523,-0.002015949620319958,10.53310507943024,17.801201401941963,10.26739562736523,-0.002015949620319958,10.53310507943024,17.801201401941963,10.26739562736523,-0.002015949620319958,10.53310507943024,17.801201401941963,False,False,0.0
830,2016-12-25 15:45:00+00:00,industrial1,industrial,test,1,0,low,57.0,4,60,IA-GTPF,11,0,2016-12-25 16:45:00+00:00,7.5,7.5,True,False,57.0,10.45880632710452,-0.002015949620319958,10.445278291453068,17.32671838887017,10.45880632710452,-0.002015949620319958,10.445278291453068,17.32671838887017,10.45880632710452,-0.002015949620319958,10.445278291453068,17.32671838887017,False,False,0.0
831,2016-12-25 16:00:00+00:00,industrial1,industrial,test,1,0,low,57.0,4,60,IA-GTPF,11,0,2016-12-25 17:00:00+00:00,6.875,6.875,True,False,57.0,10.427112363315304,-0.002015949620319958,10.314635319832869,17.239624451422614,10.427112363315304,-0.002015949620319958,10.314635319832869,17.239624451422614,10.427112363315304,-0.002015949620319958,10.314635319832869,17.239624451422614,False,False,0.0
832,2016-12-25 16:15:00+00:00,industrial1,industrial,test,1,0,low,57.0,4,60,IA-GTPF,11,0,2016-12-25 17:15:00+00:00,7.625,7.625,True,False,57.0,10.17614389136203,-0.002015949620319958,10.336377573796884,17.252431392740977,10.17614389136203,-0.002015949620319958,10.336377573796884,17.252431392740977,10.17614389136203,-0.002015949620319958,10.336377573796884,17.252431392740977,False,False,0.0
833,2016-12-25 16:30:00+00:00,industrial1,industrial,test,1,0,low,57.0,4,60,IA-GTPF,11,0,2016-12-25 17:30:00+00:00,9.75,9.75,True,False,57.0,9.953647460240234,-0.002015949620319958,10.430959042372875,17.43507413409426,9.953647460240234,-0.002015949620319958,10.430959042372875,17.43507413409426,9.953647460240234,-0.002015949620319958,10.430959042372875,17.43507413409426,False,False,0.0
834,2016-12-25 16:45:00+00:00,industrial1,industrial,test,1,0,low,57.0,4,60,IA-GTPF,11,0,2016-12-25 17:45:00+00:00,9.75,9.75,True,False,57.0,10.280919236560461,-0.002015949620319958,10.552448506408776,17.388784491525037,10.280919236560461,-0.002015949620319958,10.552448506408776,17.388784491525037,10.280919236560461,-0.002015949620319958,10.552448506408776,17.388784491525037,False,False,0.0
835,2016-12-25 17:00:00+00:00,industrial1,industrial,test,1,0,low,57.0,4,60,IA-GTPF,11,0,2016-12-25 18:00:00+00:00,17.625,17.625,True,False,57.0,10.384076064455968,-0.002015949620319958,9.955390477815511,18.51188014530502,10.384076064455968,-0.002015949620319958,9.955390477815511,18.51188014530502,10.384076064455968,-0.002015949620319958,9.955390477815511,18.51188014530502,False,False,0.0
836,2016-12-25 17:15:00+00:00,industrial1,industrial,test,1,0,low,57.0,4,60,IA-GTPF,11,0,2016-12-25 18:15:00+00:00,13.125,13.125,True,False,57.0,10.206411350968638,-0.002015949620319958,10.099116238790055,17.26768789155022,10.206411350968638,-0.002015949620319958,10.099116238790055,17.26768789155022,10.206411350968638,-0.002015949620319958,10.099116238790055,17.26768789155022,False,False,0.0
837,2016-12-25 17:30:00+00:00,industrial1,industrial,test,1,0,low,57.0,4,60,IA-GTPF,11,0,2016-12-25 18:30:00+00:00,6.375,6.375,True,False,57.0,10.446544463101604,-0.002015949620319958,10.203358522520743,16.935140180036793,10.446544463101604,-0.002015949620319958,10.203358522520743,16.935140180036793,10.446544463101604,-0.002015949620319958,10.203358522520743,16.935140180036793,False,False,0.0
838,2016-12-25 17:45:00+00:00,industrial1,industrial,test,0,0,low,57.0,4,60,IA-GTPF,11,0,2016-12-25 18:45:00+00:00,6.625,6.625,True,False,57.0,10.831798743210085,-0.002015949620319958,10.154229400370008,16.17991706122224,10.831798743210085,-0.002015949620319958,10.154229400370008,16.17991706122224,10.831798743210085,-0.002015949620319958,10.154229400370008,16.17991706122224,False,False,0.0
839,2016-12-25 18:00:00+00:00,industrial1,industrial,test,0,0,low,57.0,4,60,IA-GTPF,11,0,2016-12-25 19:00:00+00:00,14.875,14.875,True,False,57.0,14.677997331730241,-0.0014955185515005721,13.806186010837576,23.455931464902562,14.677997331730241,-0.0014955185515005721,13.806186010837576,23.455931464902562,14.677997331730241,-0.0014955185515005721,13.806186010837576,23.455931464902562,False,False,0.0
840,2016-12-25 18:15:00+00:00,industrial1,industrial,test,0,0,low,57.0,4,60,IA-GTPF,11,0,2016-12-25 19:15:00+00:00,10.75,10.75,True,False,57.0,13.905515551129017,0.0017408158141191347,13.08833412952495,23.83948746277497,13.905515551129017,0.0017408158141191347,13.08833412952495,23.83948746277497,13.905515551129017,0.0017408158141191347,13.08833412952495,23.83948746277497,False,False,0.0
841,2016-12-25 18:30:00+00:00,industrial1,industrial,test,0,0,low,57.0,4,60,IA-GTPF,11,0,2016-12-25 19:30:00+00:00,7.75,7.75,True,False,57.0,11.564560740660314,0.0017408158141191347,10.735764995540562,16.54792046336787,11.564560740660314,0.0017408158141191347,10.735764995540562,16.54792046336787,11.564560740660314,0.0017408158141191347,10.735764995540562,16.54792046336787,False,False,0.0
842,2016-12-25 18:45:00+00:00,industrial1,industrial,test,1,0,low,57.0,4,60,IA-GTPF,11,0,2016-12-25 19:45:00+00:00,6.75,6.75,True,False,57.0,11.583820395779368,0.0017408158141191347,10.882174809579334,15.964872068128226,11.583820395779368,0.0017408158141191347,10.882174809579334,15.964872068128226,11.583820395779368,0.0017408158141191347,10.882174809579334,15.964872068128226,False,False,0.0
843,2016-12-25 19:00:00+00:00,industrial1,industrial,test,0,0,low,57.0,4,60,IA-GTPF,11,0,2016-12-25 20:00:00+00:00,5.5,5.5,True,False,57.0,12.919601186131958,0.3142463763281125,12.003517040543482,22.222073881826017,12.919601186131958,0.3142463763281125,12.003517040543482,22.222073881826017,12.919601186131958,0.3142463763281125,12.003517040543482,22.222073881826017,False,False,0.0
844,2016-12-25 19:15:00+00:00,industrial1,industrial,test,0,0,low,57.0,4,60,IA-GTPF,11,0,2016-12-25 20:15:00+00:00,6.125,6.125,True,False,57.0,11.17866768650053,0.0017408158141191347,9.25180193207038,16.376287924009393,11.17866768650053,0.0017408158141191347,9.25180193207038,16.376287924009393,11.17866768650053,0.0017408158141191347,9.25180193207038,16.376287924009393,False,False,0.0
845,2016-12-25 19:30:00+00:00,industrial1,industrial,test,1,0,low,57.0,4,60,IA-GTPF,11,0,2016-12-25 20:30:00+00:00,6.375,6.375,True,False,57.0,10.628756386794835,0.0017408158141191347,9.260106583178233,16.355319789720618,10.628756386794835,0.0017408158141191347,9.260106583178233,16.355319789720618,10.628756386794835,0.0017408158141191347,9.260106583178233,16.355319789720618,False,False,0.0
846,2016-12-25 19:45:00+00:00,industrial1,industrial,test,1,0,low,57.0,4,60,IA-GTPF,11,0,2016-12-25 20:45:00+00:00,8.125,8.125,True,False,57.0,10.434714679568815,0.0017408158141191347,9.272972770417283,16.162240219518715,10.434714679568815,0.0017408158141191347,9.272972770417283,16.162240219518715,10.434714679568815,0.0017408158141191347,9.272972770417283,16.162240219518715,False,False,0.0
847,2016-12-25 20:00:00+00:00,industrial1,industrial,test,1,0,low,57.0,4,60,IA-GTPF,11,0,2016-12-25 21:00:00+00:00,9.375,9.375,True,False,57.0,10.313069937961744,0.0017408158141191347,9.973439505055552,16.020051918041553,10.313069937961744,0.0017408158141191347,9.973439505055552,16.020051918041553,10.313069937961744,0.0017408158141191347,9.973439505055552,16.020051918041553,False,False,0.0
848,2016-12-25 20:15:00+00:00,industrial1,industrial,test,1,0,low,57.0,4,60,IA-GTPF,11,0,2016-12-25 21:15:00+00:00,10.75,10.75,True,False,57.0,10.211814404881075,0.0017408158141191347,10.000512113542051,15.832955675786316,10.211814404881075,0.0017408158141191347,10.000512113542051,15.832955675786316,10.211814404881075,0.0017408158141191347,10.000512113542051,15.832955675786316,False,False,0.0
849,2016-12-25 20:30:00+00:00,industrial1,industrial,test,1,0,low,57.0,4,60,IA-GTPF,11,0,2016-12-25 21:30:00+00:00,9.25,9.25,True,False,57.0,10.116759350700557,0.0017408158141191347,9.866750156672166,15.799946440462127,10.116759350700557,0.0017408158141191347,9.866750156672166,15.799946440462127,10.116759350700557,0.0017408158141191347,9.866750156672166,15.799946440462127,False,False,0.0
850,2016-12-25 20:45:00+00:00,industrial1,industrial,test,1,0,low,57.0,4,60,IA-GTPF,11,0,2016-12-25 21:45:00+00:00,5.75,5.75,True,False,57.0,10.231076611533176,0.0017408158141191347,10.111721611656689,16.057238883713012,10.231076611533176,0.0017408158141191347,10.111721611656689,16.057238883713012,10.231076611533176,0.0017408158141191347,10.111721611656689,16.057238883713012,False,False,0.0
851,2016-12-25 21:00:00+00:00,industrial1,industrial,test,1,0,low,57.0,4,60,IA-GTPF,11,0,2016-12-25 22:00:00+00:00,5.75,5.75,True,False,57.0,10.456531401901664,0.0017408158141191347,10.116974395133603,15.722283709676569,10.456531401901664,0.0017408158141191347,10.116974395133603,15.722283709676569,10.456531401901664,0.0017408158141191347,10.116974395133603,15.722283709676569,False,False,0.0
852,2016-12-25 21:15:00+00:00,industrial1,industrial,test,1,0,low,57.0,4,60,IA-GTPF,11,0,2016-12-25 22:15:00+00:00,6.125,6.125,True,False,57.0,10.79113309755753,0.0017408158141191347,10.095086000571197,16.08099025511065,10.79113309755753,0.0017408158141191347,10.095086000571197,16.08099025511065,10.79113309755753,0.0017408158141191347,10.095086000571197,16.08099025511065,False,False,0.0
853,2016-12-25 21:30:00+00:00,industrial1,industrial,test,1,0,low,57.0,4,60,IA-GTPF,11,0,2016-12-25 22:30:00+00:00,6.5,6.5,True,False,57.0,10.697827450071879,0.0017408158141191347,9.957731624674821,16.01336773602688,10.697827450071879,0.0017408158141191347,9.957731624674821,16.01336773602688,10.697827450071879,0.0017408158141191347,9.957731624674821,16.01336773602688,False,False,0.0
854,2016-12-25 21:45:00+00:00,industrial1,industrial,test,1,0,low,57.0,4,60,IA-GTPF,11,0,2016-12-25 22:45:00+00:00,7.25,7.25,True,False,57.0,9.984715875425179,0.0017408158141191347,9.953805169348636,16.324048955428207,9.984715875425179,0.0017408158141191347,9.953805169348636,16.324048955428207,9.984715875425179,0.0017408158141191347,9.953805169348636,16.324048955428207,False,False,0.0
855,2016-12-25 22:00:00+00:00,industrial1,industrial,test,0,0,low,57.0,4,60,IA-GTPF,11,0,2016-12-25 23:00:00+00:00,5.5,5.5,True,False,57.0,9.991816383024869,0.0017408158141191347,10.062392691126178,15.961809516801349,9.991816383024869,0.0017408158141191347,10.062392691126178,15.961809516801349,9.991816383024869,0.0017408158141191347,10.062392691126178,15.961809516801349,False,False,0.0
856,2016-12-25 22:15:00+00:00,industrial1,industrial,test,1,0,low,57.0,4,60,IA-GTPF,11,0,2016-12-25 23:15:00+00:00,9.125,9.125,True,False,57.0,9.90508103369416,0.0017408158141191347,10.062392691126178,16.08099025511065,9.90508103369416,0.0017408158141191347,10.062392691126178,16.08099025511065,9.90508103369416,0.0017408158141191347,10.062392691126178,16.08099025511065,False,False,0.0
857,2016-12-25 22:30:00+00:00,industrial1,industrial,test,1,0,low,57.0,4,60,IA-GTPF,11,0,2016-12-25 23:30:00+00:00,8.375,8.375,True,False,57.0,10.03116257362688,0.0017408158141191347,9.891193881528626,15.712808438857564,10.03116257362688,0.0017408158141191347,9.891193881528626,15.712808438857564,10.03116257362688,0.0017408158141191347,9.891193881528626,15.712808438857564,False,False,0.0
858,2016-12-25 22:45:00+00:00,industrial1,industrial,test,1,0,low,57.0,4,60,IA-GTPF,11,0,2016-12-25 23:45:00+00:00,11.0,11.0,True,False,57.0,10.059982433909791,0.0017408158141191347,9.81123663290262,15.703179950095642,10.059982433909791,0.0017408158141191347,9.81123663290262,15.703179950095642,10.059982433909791,0.0017408158141191347,9.81123663290262,15.703179950095642,False,False,0.0
859,2016-12-25 23:00:00+00:00,industrial1,industrial,test,1,0,low,57.0,4,60,IA-GTPF,11,0,2016-12-26 00:00:00+00:00,15.875,15.875,True,False,57.0,10.44805427014,-0.002015949620319958,10.408439745403005,20.580595432709988,10.44805427014,-0.002015949620319958,10.408439745403005,20.580595432709988,10.44805427014,-0.002015949620319958,10.408439745403005,20.580595432709988,False,False,0.0
860,2016-12-25 23:15:00+00:00,industrial1,industrial,test,1,0,low,57.0,4,60,IA-GTPF,11,0,2016-12-26 00:15:00+00:00,23.125,23.125,True,False,57.0,10.630126633013726,-0.002015949620319958,10.16962703603948,19.081091938686818,10.630126633013726,-0.002015949620319958,10.16962703603948,19.081091938686818,10.630126633013726,-0.002015949620319958,10.16962703603948,19.081091938686818,False,False,0.0
861,2016-12-25 23:30:00+00:00,industrial1,industrial,test,1,0,low,57.0,4,60,IA-GTPF,11,0,2016-12-26 00:30:00+00:00,7.875,7.875,True,False,57.0,10.582880473075402,-0.002015949620319958,10.335267448110981,18.993615252769732,10.582880473075402,-0.002015949620319958,10.335267448110981,18.993615252769732,10.582880473075402,-0.002015949620319958,10.335267448110981,18.993615252769732,False,False,0.0
862,2016-12-25 23:45:00+00:00,industrial1,industrial,test,1,0,low,57.0,4,60,IA-GTPF,11,0,2016-12-26 00:45:00+00:00,7.5,7.5,True,False,57.0,11.48690544472739,-0.002015949620319958,10.147738641477073,18.65725750873945,11.48690544472739,-0.002015949620319958,10.147738641477073,18.65725750873945,11.48690544472739,-0.002015949620319958,10.147738641477073,18.65725750873945,False,False,0.0
863,2016-12-26 00:00:00+00:00,industrial1,industrial,test,0,0,low,57.0,4,60,IA-GTPF,11,0,2016-12-26 01:00:00+00:00,15.25,15.25,True,False,57.0,14.355247734676908,-0.002015949620319958,13.358033418510713,25.43844919377688,14.355247734676908,-0.002015949620319958,13.358033418510713,25.43844919377688,14.355247734676908,-0.002015949620319958,13.358033418510713,25.43844919377688,False,False,0.0
864,2016-12-26 00:15:00+00:00,industrial1,industrial,test,0,0,low,57.0,4,60,IA-GTPF,11,0,2016-12-26 01:15:00+00:00,11.0,11.0,True,False,57.0,17.734469905690094,-0.005252283985939665,16.444972096524527,31.469822910333594,17.734469905690094,-0.005252283985939665,16.444972096524527,31.469822910333594,17.734469905690094,-0.005252283985939665,16.444972096524527,31.469822910333594,False,False,0.0
865,2016-12-26 00:30:00+00:00,industrial1,industrial,test,0,0,low,57.0,4,60,IA-GTPF,11,0,2016-12-26 01:30:00+00:00,6.0,6.0,True,False,57.0,13.425946236480653,-0.002015949620319958,12.110930757216737,22.175254835674682,13.425946236480653,-0.002015949620319958,12.110930757216737,22.175254835674682,13.425946236480653,-0.002015949620319958,12.110930757216737,22.175254835674682,False,False,0.0
866,2016-12-26 00:45:00+00:00,industrial1,industrial,test,1,0,low,57.0,4,60,IA-GTPF,11,0,2016-12-26 01:45:00+00:00,6.25,6.25,True,False,57.0,12.472431367009207,-0.002015949620319958,11.955175506283172,19.177463686619955,12.472431367009207,-0.002015949620319958,11.955175506283172,19.177463686619955,12.472431367009207,-0.002015949620319958,11.955175506283172,19.177463686619955,False,False,0.0
867,2016-12-26 01:00:00+00:00,industrial1,industrial,test,0,0,low,57.0,4,60,IA-GTPF,11,0,2016-12-26 02:00:00+00:00,7.375,7.375,True,False,57.0,13.903500397151502,-0.005252283985939665,13.502903536432184,21.910793099730054,13.903500397151502,-0.005252283985939665,13.502903536432184,21.910793099730054,13.903500397151502,-0.005252283985939665,13.502903536432184,21.910793099730054,False,False,0.0
868,2016-12-26 01:15:00+00:00,industrial1,industrial,test,0,0,low,57.0,4,60,IA-GTPF,11,0,2016-12-26 02:15:00+00:00,6.875,6.875,True,False,57.0,11.994863006800445,-0.002015949620319958,11.091946834818247,15.29400947078306,11.994863006800445,-0.002015949620319958,11.091946834818247,15.29400947078306,11.994863006800445,-0.002015949620319958,11.091946834818247,15.29400947078306,False,False,0.0
869,2016-12-26 01:30:00+00:00,industrial1,industrial,test,0,0,low,57.0,4,60,IA-GTPF,11,0,2016-12-26 02:30:00+00:00,6.25,6.25,True,False,57.0,11.100609531138495,-0.002015949620319958,10.936191583884682,15.29400947078306,11.100609531138495,-0.002015949620319958,10.936191583884682,15.29400947078306,11.100609531138495,-0.002015949620319958,10.936191583884682,15.29400947078306,False,False,0.0
870,2016-12-26 01:45:00+00:00,industrial1,industrial,test,1,0,low,57.0,4,60,IA-GTPF,11,0,2016-12-26 02:45:00+00:00,8.125,8.125,True,False,57.0,10.980097313098724,-0.002015949620319958,10.769739147337951,15.583147949078922,10.980097313098724,-0.002015949620319958,10.769739147337951,15.583147949078922,10.980097313098724,-0.002015949620319958,10.769739147337951,15.583147949078922,False,False,0.0
871,2016-12-26 02:00:00+00:00,industrial1,industrial,test,1,0,low,57.0,4,60,IA-GTPF,11,0,2016-12-26 03:00:00+00:00,9.25,9.25,True,False,57.0,10.448017212285269,-0.002015949620319958,9.998536878318852,15.279512638306208,10.448017212285269,-0.002015949620319958,9.998536878318852,15.279512638306208,10.448017212285269,-0.002015949620319958,9.998536878318852,15.279512638306208,False,False,0.0
872,2016-12-26 02:15:00+00:00,industrial1,industrial,test,1,0,low,57.0,4,60,IA-GTPF,11,0,2016-12-26 03:15:00+00:00,8.375,8.375,True,False,57.0,10.179005808152498,-0.002015949620319958,9.944540856525132,14.971831188365655,10.179005808152498,-0.002015949620319958,9.944540856525132,14.971831188365655,10.179005808152498,-0.002015949620319958,9.944540856525132,14.971831188365655,False,False,0.0
873,2016-12-26 02:30:00+00:00,industrial1,industrial,test,1,0,low,57.0,4,60,IA-GTPF,11,0,2016-12-26 03:30:00+00:00,10.0,10.0,True,False,57.0,9.94297744295326,-0.002015949620319958,9.944540856525132,14.971831188365655,9.94297744295326,-0.002015949620319958,9.944540856525132,14.971831188365655,9.94297744295326,-0.002015949620319958,9.944540856525132,14.971831188365655,False,False,0.0
874,2016-12-26 02:45:00+00:00,industrial1,industrial,test,1,0,low,57.0,4,60,IA-GTPF,11,0,2016-12-26 03:45:00+00:00,6.125,6.125,True,False,57.0,10.10632837392288,-0.002015949620319958,9.784225938584678,15.019026113256293,10.10632837392288,-0.002015949620319958,9.784225938584678,15.019026113256293,10.10632837392288,-0.002015949620319958,9.784225938584678,15.019026113256293,False,False,0.0
875,2016-12-26 03:00:00+00:00,industrial1,industrial,test,1,0,low,57.0,4,60,IA-GTPF,11,0,2016-12-26 04:00:00+00:00,6.25,6.25,True,False,57.0,10.480445876998818,-0.002015949620319958,10.021548212238732,15.32657123302616,10.480445876998818,-0.002015949620319958,10.021548212238732,15.32657123302616,10.480445876998818,-0.002015949620319958,10.021548212238732,15.32657123302616,False,False,0.0
876,2016-12-26 03:15:00+00:00,industrial1,industrial,test,1,0,low,57.0,4,60,IA-GTPF,11,0,2016-12-26 04:15:00+00:00,5.125,5.125,True,False,57.0,10.59646823329503,-0.002015949620319958,10.166989539303433,15.368937839159146,10.59646823329503,-0.002015949620319958,10.166989539303433,15.368937839159146,10.59646823329503,-0.002015949620319958,10.166989539303433,15.368937839159146,False,False,0.0
877,2016-12-26 03:30:00+00:00,industrial1,industrial,test,1,0,low,57.0,4,60,IA-GTPF,11,0,2016-12-26 04:30:00+00:00,7.0,7.0,True,False,57.0,10.896461733193895,-0.002015949620319958,9.855308541106332,15.224431583701293,10.896461733193895,-0.002015949620319958,9.855308541106332,15.224431583701293,10.896461733193895,-0.002015949620319958,9.855308541106332,15.224431583701293,False,False,0.0
878,2016-12-26 03:45:00+00:00,industrial1,industrial,test,0,0,low,57.0,4,60,IA-GTPF,11,0,2016-12-26 04:45:00+00:00,7.125,7.125,True,False,57.0,10.285772825881795,-0.002015949620319958,10.165300229747828,15.804311847049119,10.285772825881795,-0.002015949620319958,10.165300229747828,15.804311847049119,10.285772825881795,-0.002015949620319958,10.165300229747828,15.804311847049119,False,False,0.0
879,2016-12-26 04:00:00+00:00,industrial1,industrial,test,1,0,low,57.0,4,60,IA-GTPF,11,0,2016-12-26 05:00:00+00:00,6.75,6.75,True,False,57.0,10.279066491370456,-0.002015949620319958,10.002475599591673,15.575984248808929,10.279066491370456,-0.002015949620319958,10.002475599591673,15.575984248808929,10.279066491370456,-0.002015949620319958,10.002475599591673,15.575984248808929,False,False,0.0
880,2016-12-26 04:15:00+00:00,industrial1,industrial,test,1,0,low,57.0,4,60,IA-GTPF,11,0,2016-12-26 05:15:00+00:00,9.375,9.375,True,False,57.0,9.812121672632362,-0.002015949620319958,10.167267127142859,15.46108468209436,9.812121672632362,-0.002015949620319958,10.167267127142859,15.46108468209436,9.812121672632362,-0.002015949620319958,10.167267127142859,15.46108468209436,False,False,0.0
881,2016-12-26 04:30:00+00:00,industrial1,industrial,test,1,0,low,57.0,4,60,IA-GTPF,11,0,2016-12-26 05:30:00+00:00,7.25,7.25,True,False,57.0,9.828680516489953,-0.002015949620319958,9.78283916572645,15.275382347261775,9.828680516489953,-0.002015949620319958,9.78283916572645,15.275382347261775,9.828680516489953,-0.002015949620319958,9.78283916572645,15.275382347261775,False,False,0.0
882,2016-12-26 04:45:00+00:00,industrial1,industrial,test,1,0,low,57.0,4,60,IA-GTPF,11,0,2016-12-26 05:45:00+00:00,11.5,11.5,True,False,57.0,10.174223507886643,-0.002015949620319958,9.858124323021679,15.660504745824898,10.174223507886643,-0.002015949620319958,9.858124323021679,15.660504745824898,10.174223507886643,-0.002015949620319958,9.858124323021679,15.660504745824898,False,False,0.0
883,2016-12-26 05:00:00+00:00,industrial1,industrial,test,1,0,low,57.0,4,60,IA-GTPF,11,0,2016-12-26 06:00:00+00:00,16.5,16.5,True,False,57.0,10.57077259018961,-0.002015949620319958,10.194720543641562,16.89071904351522,10.57077259018961,-0.002015949620319958,10.194720543641562,16.89071904351522,10.57077259018961,-0.002015949620319958,10.194720543641562,16.89071904351522,False,False,0.0
884,2016-12-26 05:15:00+00:00,industrial1,industrial,test,1,0,low,57.0,4,60,IA-GTPF,11,0,2016-12-26 06:15:00+00:00,23.25,23.25,True,False,57.0,10.707288988886404,-0.002015949620319958,10.175969602215975,16.842620572096372,10.707288988886404,-0.002015949620319958,10.175969602215975,16.842620572096372,10.707288988886404,-0.002015949620319958,10.175969602215975,16.842620572096372,False,False,0.0
885,2016-12-26 05:30:00+00:00,industrial1,industrial,test,1,0,low,57.0,4,60,IA-GTPF,11,0,2016-12-26 06:30:00+00:00,6.25,6.25,True,False,57.0,10.925883940225635,-0.002015949620319958,10.340761129767161,16.93135787527175,10.925883940225635,-0.002015949620319958,10.340761129767161,16.93135787527175,10.925883940225635,-0.002015949620319958,10.340761129767161,16.93135787527175,False,False,0.0
886,2016-12-26 05:45:00+00:00,industrial1,industrial,test,0,0,low,57.0,4,60,IA-GTPF,11,0,2016-12-26 06:45:00+00:00,6.75,6.75,True,False,57.0,11.474176394003395,-0.002015949620319958,10.17428029266037,16.3794430329542,11.474176394003395,-0.002015949620319958,10.17428029266037,16.3794430329542,11.474176394003395,-0.002015949620319958,10.17428029266037,16.3794430329542,False,False,0.0
887,2016-12-26 06:00:00+00:00,industrial1,industrial,test,0,0,low,57.0,4,60,IA-GTPF,11,0,2016-12-26 07:00:00+00:00,16.125,16.125,True,False,57.0,14.952784327150786,-0.002015949620319958,14.0627341894172,25.09518793727257,14.952784327150786,-0.002015949620319958,14.0627341894172,25.09518793727257,14.952784327150786,-0.002015949620319958,14.0627341894172,25.09518793727257,False,False,0.0
888,2016-12-26 06:15:00+00:00,industrial1,industrial,test,0,0,low,57.0,4,60,IA-GTPF,11,0,2016-12-26 07:15:00+00:00,11.125,11.125,True,False,57.0,18.325942170024376,-0.002015949620319958,17.476119223886847,31.096401110323733,18.325942170024376,-0.002015949620319958,17.476119223886847,31.096401110323733,18.325942170024376,-0.002015949620319958,17.476119223886847,31.096401110323733,False,False,0.0
889,2016-12-26 06:30:00+00:00,industrial1,industrial,test,0,0,low,57.0,4,60,IA-GTPF,11,0,2016-12-26 07:30:00+00:00,10.125,10.125,True,False,57.0,13.358298826078267,-0.002015949620319958,12.43104055715565,19.68778875118974,13.358298826078267,-0.002015949620319958,12.43104055715565,19.68778875118974,13.358298826078267,-0.002015949620319958,12.43104055715565,19.68778875118974,False,False,0.0
890,2016-12-26 06:45:00+00:00,industrial1,industrial,test,1,0,low,57.0,4,60,IA-GTPF,11,0,2016-12-26 07:45:00+00:00,19.125,19.125,True,False,57.0,12.863052519489045,-0.002015949620319958,12.109681754195671,18.663203958338606,12.863052519489045,-0.002015949620319958,12.109681754195671,18.663203958338606,12.863052519489045,-0.002015949620319958,12.109681754195671,18.663203958338606,False,False,0.0
891,2016-12-26 07:00:00+00:00,industrial1,industrial,test,0,0,low,57.0,4,60,IA-GTPF,11,0,2016-12-26 08:00:00+00:00,21.0,21.0,True,False,57.0,15.380435999913296,0.31048961089367344,14.741894575351354,25.70181819641295,15.380435999913296,0.31048961089367344,14.741894575351354,25.70181819641295,15.380435999913296,0.31048961089367344,14.741894575351354,25.70181819641295,False,False,0.0
892,2016-12-26 07:15:00+00:00,industrial1,industrial,test,0,0,low,57.0,4,60,IA-GTPF,11,0,2016-12-26 08:15:00+00:00,20.875,20.875,True,False,57.0,13.257268431322874,-0.002015949620319958,12.066391992851056,18.426023365939173,13.257268431322874,-0.002015949620319958,12.066391992851056,18.426023365939173,13.257268431322874,-0.002015949620319958,12.066391992851056,18.426023365939173,False,False,0.0
893,2016-12-26 07:30:00+00:00,industrial1,industrial,test,1,0,low,57.0,4,60,IA-GTPF,11,0,2016-12-26 08:30:00+00:00,15.25,15.25,True,False,57.0,12.527290893745407,-0.002015949620319958,11.976378578481969,17.149354330672164,12.527290893745407,-0.002015949620319958,11.976378578481969,17.149354330672164,12.527290893745407,-0.002015949620319958,11.976378578481969,17.149354330672164,False,False,0.0
894,2016-12-26 07:45:00+00:00,industrial1,industrial,test,0,0,medium,57.0,4,60,IA-GTPF,11,0,2016-12-26 08:45:00+00:00,20.75,20.75,True,False,57.0,17.624555092087277,0.31048961089367344,16.462744500066375,31.070010717171638,17.624555092087277,0.31048961089367344,16.462744500066375,31.070010717171638,17.624555092087277,0.31048961089367344,16.462744500066375,31.070010717171638,False,False,0.0
895,2016-12-26 08:00:00+00:00,industrial1,industrial,test,1,0,medium,57.0,4,60,IA-GTPF,11,0,2016-12-26 09:00:00+00:00,23.875,23.875,True,False,57.0,18.266319154680197,-0.002015949620319958,16.305079784642107,32.26365732690274,18.266319154680197,-0.002015949620319958,16.305079784642107,32.26365732690274,18.266319154680197,-0.002015949620319958,16.305079784642107,32.26365732690274,False,False,0.0
896,2016-12-26 08:15:00+00:00,industrial1,industrial,test,1,0,medium,57.0,4,60,IA-GTPF,11,0,2016-12-26 09:15:00+00:00,24.0,24.0,True,False,57.0,18.857707277851237,-0.002015949620319958,16.475480790393426,30.867802374095387,18.857707277851237,-0.002015949620319958,16.475480790393426,30.867802374095387,18.857707277851237,-0.002015949620319958,16.475480790393426,30.867802374095387,False,False,0.0
897,2016-12-26 08:30:00+00:00,industrial1,industrial,test,0,0,medium,57.0,4,60,IA-GTPF,11,0,2016-12-26 09:30:00+00:00,24.125,24.125,True,False,57.0,18.961018023595184,-0.002015949620319958,16.919306783345515,25.553851691354186,18.961018023595184,-0.002015949620319958,16.919306783345515,25.553851691354186,18.961018023595184,-0.002015949620319958,16.919306783345515,25.553851691354186,False,False,0.0
898,2016-12-26 08:45:00+00:00,industrial1,industrial,test,0,0,medium,57.0,4,60,IA-GTPF,11,0,2016-12-26 09:45:00+00:00,23.625,23.625,True,False,57.0,20.03438205156717,-0.002015949620319958,17.961164463514677,29.902310298260307,20.03438205156717,-0.002015949620319958,17.961164463514677,29.902310298260307,20.03438205156717,-0.002015949620319958,17.961164463514677,29.902310298260307,False,False,0.0
899,2016-12-26 09:00:00+00:00,industrial1,industrial,test,1,0,medium,57.0,4,60,IA-GTPF,11,0,2016-12-26 10:00:00+00:00,25.0,25.0,True,False,57.0,22.552828649877203,-0.002015949620319958,21.378531397405784,32.57048005859433,22.552828649877203,-0.002015949620319958,21.378531397405784,32.57048005859433,22.552828649877203,-0.002015949620319958,21.378531397405784,32.57048005859433,False,False,0.0
900,2016-12-26 09:15:00+00:00,industrial1,industrial,test,1,0,medium,57.0,4,60,IA-GTPF,11,0,2016-12-26 10:15:00+00:00,29.0,29.0,True,False,57.0,22.647318794533252,-0.002015949620319958,21.378531397405784,34.58936763589181,22.647318794533252,-0.002015949620319958,21.378531397405784,34.58936763589181,22.647318794533252,-0.002015949620319958,21.378531397405784,34.58936763589181,False,False,0.0
901,2016-12-26 09:30:00+00:00,industrial1,industrial,test,1,0,medium,57.0,4,60,IA-GTPF,11,0,2016-12-26 10:30:00+00:00,30.5,30.5,True,False,57.0,23.005648540586684,-0.002015949620319958,21.19061731798637,37.98455984350449,23.005648540586684,-0.002015949620319958,21.19061731798637,37.98455984350449,23.005648540586684,-0.002015949620319958,21.19061731798637,37.98455984350449,False,False,0.0
902,2016-12-26 09:45:00+00:00,industrial1,industrial,test,1,0,medium,57.0,4,60,IA-GTPF,11,0,2016-12-26 10:45:00+00:00,23.0,23.0,True,False,57.0,24.499685938886113,-0.002015949620319958,22.664787061204258,38.25530579355344,24.499685938886113,-0.002015949620319958,22.664787061204258,38.25530579355344,24.499685938886113,-0.002015949620319958,22.664787061204258,38.25530579355344,False,False,0.0
903,2016-12-26 10:00:00+00:00,industrial1,industrial,test,1,0,medium,57.0,4,60,IA-GTPF,11,0,2016-12-26 11:00:00+00:00,22.875,22.875,True,False,57.0,24.625992747128752,-0.002015949620319958,22.50262288537516,37.49541115577006,24.625992747128752,-0.002015949620319958,22.50262288537516,37.49541115577006,24.625992747128752,-0.002015949620319958,22.50262288537516,37.49541115577006,False,False,0.0
904,2016-12-26 10:15:00+00:00,industrial1,industrial,test,0,0,high,57.0,4,60,IA-GTPF,11,0,2016-12-26 11:15:00+00:00,45.5,45.5,True,False,57.0,25.4131649880033,-0.002015949620319958,23.94779421945611,41.92196482414644,25.4131649880033,-0.002015949620319958,23.94779421945611,41.92196482414644,25.4131649880033,-0.002015949620319958,23.94779421945611,41.92196482414644,False,False,0.0
905,2016-12-26 10:30:00+00:00,industrial1,industrial,test,1,0,medium,57.0,4,60,IA-GTPF,11,0,2016-12-26 11:30:00+00:00,42.75,42.75,True,False,57.0,27.09916788065717,-0.002015949620319958,25.862507460478074,42.705605263702566,27.09916788065717,-0.002015949620319958,25.862507460478074,42.705605263702566,27.09916788065717,-0.002015949620319958,25.862507460478074,42.705605263702566,False,False,0.0
906,2016-12-26 10:45:00+00:00,industrial1,industrial,test,0,0,high,57.0,4,60,IA-GTPF,11,0,2016-12-26 11:45:00+00:00,34.375,34.375,True,False,57.0,27.34733320894372,-0.002015949620319958,27.70336756690007,38.96478198503359,27.34733320894372,-0.002015949620319958,27.70336756690007,38.96478198503359,27.34733320894372,-0.002015949620319958,27.70336756690007,38.96478198503359,False,False,0.0
907,2016-12-26 11:00:00+00:00,industrial1,industrial,test,1,0,high,57.0,4,60,IA-GTPF,11,0,2016-12-26 12:00:00+00:00,40.25,40.25,True,False,57.0,25.588200358195706,-1.1486548333879587,23.43726209521244,35.873672321362235,25.588200358195706,-1.1486548333879587,23.43726209521244,35.873672321362235,25.588200358195706,-1.1486548333879587,23.43726209521244,35.873672321362235,False,False,0.0
908,2016-12-26 11:15:00+00:00,industrial1,industrial,test,0,0,high,57.0,4,60,IA-GTPF,11,0,2016-12-26 12:15:00+00:00,35.625,35.625,True,False,57.0,34.41851498230792,-0.8005781917795962,32.07342366104341,43.092862514022535,34.41851498230792,-0.8005781917795962,32.07342366104341,43.092862514022535,34.41851498230792,-0.8005781917795962,32.07342366104341,43.092862514022535,False,False,0.0
909,2016-12-26 11:30:00+00:00,industrial1,industrial,test,1,0,high,57.0,4,60,IA-GTPF,11,0,2016-12-26 12:30:00+00:00,25.875,25.875,True,False,57.0,34.754086872588935,-1.1130837522935897,31.926228253013328,42.91798647025433,34.754086872588935,-1.1130837522935897,31.926228253013328,42.91798647025433,34.754086872588935,-1.1130837522935897,31.926228253013328,42.91798647025433,False,False,0.0
910,2016-12-26 11:45:00+00:00,industrial1,industrial,test,0,0,high,57.0,4,60,IA-GTPF,11,0,2016-12-26 12:45:00+00:00,22.75,22.75,True,False,57.0,34.40902592638503,-1.1597527526644333,31.90573702748662,53.92889292575961,34.40902592638503,-1.1597527526644333,31.90573702748662,53.92889292575961,34.40902592638503,-1.1597527526644333,31.90573702748662,53.92889292575961,False,False,0.0
911,2016-12-26 12:00:00+00:00,industrial1,industrial,test,0,0,high,57.0,4,60,IA-GTPF,11,0,2016-12-26 13:00:00+00:00,41.0,41.0,True,False,57.0,39.61934337808986,-0.002015949620319958,39.80301633890304,57.429288235220305,39.61934337808986,-0.002015949620319958,39.80301633890304,57.429288235220305,39.61934337808986,-0.002015949620319958,39.80301633890304,57.429288235220305,False,False,0.0
912,2016-12-26 12:15:00+00:00,industrial1,industrial,test,0,0,high,57.0,4,60,IA-GTPF,11,0,2016-12-26 13:15:00+00:00,42.125,42.125,True,False,57.0,38.53953759498985,-0.002015949620319958,38.46935909321492,60.3198182190493,38.53953759498985,-0.002015949620319958,38.46935909321492,60.3198182190493,38.53953759498985,-0.002015949620319958,38.46935909321492,60.3198182190493,False,False,0.0
913,2016-12-26 12:30:00+00:00,industrial1,industrial,test,0,0,high,57.0,4,60,IA-GTPF,11,0,2016-12-26 13:30:00+00:00,48.125,48.125,True,False,57.0,37.18397626569734,-0.002015949620319958,36.74552687008172,50.531892764573364,37.18397626569734,-0.002015949620319958,36.74552687008172,50.531892764573364,37.18397626569734,-0.002015949620319958,36.74552687008172,50.531892764573364,False,False,0.0
914,2016-12-26 12:45:00+00:00,industrial1,industrial,test,1,0,medium,57.0,4,60,IA-GTPF,11,0,2016-12-26 13:45:00+00:00,42.0,42.0,True,False,57.0,35.30537710145184,-0.002015949620319958,36.829683747853224,47.844378583127515,35.30537710145184,-0.002015949620319958,36.829683747853224,47.844378583127515,35.30537710145184,-0.002015949620319958,36.829683747853224,47.844378583127515,False,False,0.0
915,2016-12-26 13:00:00+00:00,industrial1,industrial,test,0,0,medium,57.0,4,60,IA-GTPF,11,0,2016-12-26 14:00:00+00:00,33.375,33.375,True,False,57.0,36.32316402496388,0.0824887016673604,37.781226489570685,46.00887115239374,36.32316402496388,0.0824887016673604,37.781226489570685,46.00887115239374,36.32316402496388,0.0824887016673604,37.781226489570685,46.00887115239374,False,False,0.0
916,2016-12-26 13:15:00+00:00,industrial1,industrial,test,1,0,medium,57.0,4,60,IA-GTPF,11,0,2016-12-26 14:15:00+00:00,31.5,31.5,True,False,57.0,36.68063533897456,-0.002015949620319958,37.20088310618557,48.40597247258241,36.68063533897456,-0.002015949620319958,37.20088310618557,48.40597247258241,36.68063533897456,-0.002015949620319958,37.20088310618557,48.40597247258241,False,False,0.0
917,2016-12-26 13:30:00+00:00,industrial1,industrial,test,0,0,medium,57.0,4,60,IA-GTPF,11,0,2016-12-26 14:30:00+00:00,29.25,29.25,True,False,57.0,38.28452260341956,0.04465305075052352,37.16086666809964,56.10806954442144,38.28452260341956,0.04465305075052352,37.16086666809964,56.10806954442144,38.28452260341956,0.04465305075052352,37.16086666809964,56.10806954442144,False,False,0.0
918,2016-12-26 13:45:00+00:00,industrial1,industrial,test,0,0,medium,57.0,4,60,IA-GTPF,11,0,2016-12-26 14:45:00+00:00,24.125,24.125,True,False,57.0,41.73829079337109,-0.002015949620319958,42.1419338229241,50.266431668026875,41.73829079337109,-0.002015949620319958,42.1419338229241,50.266431668026875,41.73829079337109,-0.002015949620319958,42.1419338229241,50.266431668026875,False,False,0.0
919,2016-12-26 14:00:00+00:00,industrial1,industrial,test,0,0,medium,57.0,4,60,IA-GTPF,11,0,2016-12-26 15:00:00+00:00,32.0,32.0,True,False,57.0,37.56008454844967,-0.002015949620319958,37.60041165600251,53.727525315578625,37.56008454844967,-0.002015949620319958,37.60041165600251,53.727525315578625,37.56008454844967,-0.002015949620319958,37.60041165600251,53.727525315578625,False,False,0.0
920,2016-12-26 14:15:00+00:00,industrial1,industrial,test,1,0,medium,57.0,4,60,IA-GTPF,11,0,2016-12-26 15:15:00+00:00,28.25,28.25,True,False,57.0,35.75215863441824,-0.002015949620319958,35.79805572205525,52.62096152222709,35.75215863441824,-0.002015949620319958,35.79805572205525,52.62096152222709,35.75215863441824,-0.002015949620319958,35.79805572205525,52.62096152222709,False,False,0.0
921,2016-12-26 14:30:00+00:00,industrial1,industrial,test,1,0,medium,57.0,4,60,IA-GTPF,11,0,2016-12-26 15:30:00+00:00,27.0,27.0,True,False,57.0,34.40474175026851,-0.002015949620319958,35.25060949670954,50.30283778216112,34.40474175026851,-0.002015949620319958,35.25060949670954,50.30283778216112,34.40474175026851,-0.002015949620319958,35.25060949670954,50.30283778216112,False,False,0.0
922,2016-12-26 14:45:00+00:00,industrial1,industrial,test,0,0,medium,57.0,4,60,IA-GTPF,11,0,2016-12-26 15:45:00+00:00,20.625,20.625,True,False,57.0,29.515467018015922,-0.002015949620319958,30.68756506326616,38.87141118041557,29.515467018015922,-0.002015949620319958,30.68756506326616,38.87141118041557,29.515467018015922,-0.002015949620319958,30.68756506326616,38.87141118041557,False,False,0.0
923,2016-12-26 15:00:00+00:00,industrial1,industrial,test,0,0,medium,57.0,4,60,IA-GTPF,11,0,2016-12-26 16:00:00+00:00,21.0,21.0,True,False,57.0,28.281502768084362,-0.005252283985939665,28.85231182858883,37.71418809274792,28.281502768084362,-0.005252283985939665,28.85231182858883,37.71418809274792,28.281502768084362,-0.005252283985939665,28.85231182858883,37.71418809274792,False,False,0.0
924,2016-12-26 15:15:00+00:00,industrial1,industrial,test,1,0,medium,57.0,4,60,IA-GTPF,11,0,2016-12-26 16:15:00+00:00,37.625,37.625,True,False,57.0,28.475522737937762,-0.002015949620319958,29.01643818585464,35.59928665448992,28.475522737937762,-0.002015949620319958,29.01643818585464,35.59928665448992,28.475522737937762,-0.002015949620319958,29.01643818585464,35.59928665448992,False,False,0.0
925,2016-12-26 15:30:00+00:00,industrial1,industrial,test,1,0,low,57.0,4,60,IA-GTPF,11,0,2016-12-26 16:30:00+00:00,19.375,19.375,True,False,57.0,27.896073216939676,-0.002015949620319958,28.95069634929016,38.96717510241643,27.896073216939676,-0.002015949620319958,28.95069634929016,38.96717510241643,27.896073216939676,-0.002015949620319958,28.95069634929016,38.96717510241643,False,False,0.0
926,2016-12-26 15:45:00+00:00,industrial1,industrial,test,0,0,low,57.0,4,60,IA-GTPF,11,0,2016-12-26 16:45:00+00:00,21.25,21.25,True,False,57.0,24.19892582035186,-0.002015949620319958,23.180867309100137,32.292079717392454,24.19892582035186,-0.002015949620319958,23.180867309100137,32.292079717392454,24.19892582035186,-0.002015949620319958,23.180867309100137,32.292079717392454,False,False,0.0
927,2016-12-26 16:00:00+00:00,industrial1,industrial,test,1,0,low,57.0,4,60,IA-GTPF,11,0,2016-12-26 17:00:00+00:00,24.875,24.875,True,False,57.0,23.86924055352184,-0.002015949620319958,23.098232154631205,32.55390069251528,23.86924055352184,-0.002015949620319958,23.098232154631205,32.55390069251528,23.86924055352184,-0.002015949620319958,23.098232154631205,32.55390069251528,False,False,0.0
928,2016-12-26 16:15:00+00:00,industrial1,industrial,test,0,0,low,57.0,4,60,IA-GTPF,11,0,2016-12-26 17:15:00+00:00,22.5,22.5,True,False,57.0,27.278432966549712,0.0824887016673604,27.433207520122647,36.78168683244208,27.278432966549712,0.0824887016673604,27.433207520122647,36.78168683244208,27.278432966549712,0.0824887016673604,27.433207520122647,36.78168683244208,False,False,0.0
929,2016-12-26 16:30:00+00:00,industrial1,industrial,test,0,0,low,57.0,4,60,IA-GTPF,11,0,2016-12-26 17:30:00+00:00,34.375,34.375,True,False,57.0,25.436191343915908,-0.002015949620319958,25.799719340006096,34.36332519864774,25.436191343915908,-0.002015949620319958,25.799719340006096,34.36332519864774,25.436191343915908,-0.002015949620319958,25.799719340006096,34.36332519864774,False,False,0.0
930,2016-12-26 16:45:00+00:00,industrial1,industrial,test,1,0,low,57.0,4,60,IA-GTPF,11,0,2016-12-26 17:45:00+00:00,37.875,37.875,True,False,57.0,25.5017910112319,-0.002015949620319958,25.604802541180646,36.9109361888199,25.5017910112319,-0.002015949620319958,25.604802541180646,36.9109361888199,25.5017910112319,-0.002015949620319958,25.604802541180646,36.9109361888199,False,False,0.0
931,2016-12-26 17:00:00+00:00,industrial1,industrial,test,1,0,low,57.0,4,60,IA-GTPF,11,0,2016-12-26 18:00:00+00:00,34.0,34.0,True,False,57.0,25.168327497673175,-0.002015949620319958,25.23291771877391,31.631048613924428,25.168327497673175,-0.002015949620319958,25.23291771877391,31.631048613924428,25.168327497673175,-0.002015949620319958,25.23291771877391,31.631048613924428,False,False,0.0
932,2016-12-26 17:15:00+00:00,industrial1,industrial,test,1,0,low,57.0,4,60,IA-GTPF,11,0,2016-12-26 18:15:00+00:00,36.5,36.5,True,False,57.0,23.096760110852674,-0.002015949620319958,22.88106816211105,30.454632208839914,23.096760110852674,-0.002015949620319958,22.88106816211105,30.454632208839914,23.096760110852674,-0.002015949620319958,22.88106816211105,30.454632208839914,False,False,0.0
933,2016-12-26 17:30:00+00:00,industrial1,industrial,test,0,0,low,57.0,4,60,IA-GTPF,11,0,2016-12-26 18:30:00+00:00,23.25,23.25,True,False,57.0,26.10510385794836,0.1417153642860426,26.615137327273455,33.30747751077238,26.10510385794836,0.1417153642860426,26.615137327273455,33.30747751077238,26.10510385794836,0.1417153642860426,26.615137327273455,33.30747751077238,False,False,0.0
934,2016-12-26 17:45:00+00:00,industrial1,industrial,test,1,0,low,57.0,4,60,IA-GTPF,11,0,2016-12-26 18:45:00+00:00,19.875,19.875,True,False,57.0,27.699170461461286,-0.002015949620319958,28.20660038219756,34.80313693144158,27.699170461461286,-0.002015949620319958,28.20660038219756,34.80313693144158,27.699170461461286,-0.002015949620319958,28.20660038219756,34.80313693144158,False,False,0.0
935,2016-12-26 18:00:00+00:00,industrial1,industrial,test,0,0,low,57.0,4,60,IA-GTPF,11,0,2016-12-26 19:00:00+00:00,29.375,29.375,True,False,57.0,27.333840495271154,0.0017408158141191347,27.638538724820126,37.6975155575632,27.333840495271154,0.0017408158141191347,27.638538724820126,37.6975155575632,27.333840495271154,0.0017408158141191347,27.638538724820126,37.6975155575632,False,False,0.0
936,2016-12-26 18:15:00+00:00,industrial1,industrial,test,1,0,low,57.0,4,60,IA-GTPF,11,0,2016-12-26 19:15:00+00:00,37.75,37.75,True,False,57.0,29.705614592703558,0.0017408158141191347,29.617343687731225,37.09302548774243,29.705614592703558,0.0017408158141191347,29.617343687731225,37.09302548774243,29.705614592703558,0.0017408158141191347,29.617343687731225,37.09302548774243,False,False,0.0
937,2016-12-26 18:30:00+00:00,industrial1,industrial,test,0,0,low,57.0,4,60,IA-GTPF,11,0,2016-12-26 19:30:00+00:00,19.125,19.125,True,False,57.0,26.830217325450214,0.0017408158141191347,27.016413096842502,36.756165662378855,26.830217325450214,0.0017408158141191347,27.016413096842502,36.756165662378855,26.830217325450214,0.0017408158141191347,27.016413096842502,36.756165662378855,False,False,0.0
938,2016-12-26 18:45:00+00:00,industrial1,industrial,test,1,0,low,57.0,4,60,IA-GTPF,11,0,2016-12-26 19:45:00+00:00,18.5,18.5,True,False,57.0,23.982600443009733,0.0017408158141191347,23.099246721404167,34.67937867539906,23.982600443009733,0.0017408158141191347,23.099246721404167,34.67937867539906,23.982600443009733,0.0017408158141191347,23.099246721404167,34.67937867539906,False,False,0.0
939,2016-12-26 19:00:00+00:00,industrial1,industrial,test,0,0,low,57.0,4,60,IA-GTPF,11,0,2016-12-26 20:00:00+00:00,20.0,20.0,True,False,57.0,23.149710971260927,7.257470091759466e-05,22.176707944711392,34.60521049343789,23.149710971260927,7.257470091759466e-05,22.176707944711392,34.60521049343789,23.149710971260927,7.257470091759466e-05,22.176707944711392,34.60521049343789,False,False,0.0
940,2016-12-26 19:15:00+00:00,industrial1,industrial,test,0,0,low,57.0,4,60,IA-GTPF,11,0,2016-12-26 20:15:00+00:00,20.875,20.875,True,False,57.0,23.991522761791902,0.12572008624319966,22.663335735135558,34.94679070154329,23.991522761791902,0.12572008624319966,22.663335735135558,34.94679070154329,23.991522761791902,0.12572008624319966,22.663335735135558,34.94679070154329,False,False,0.0
941,2016-12-26 19:30:00+00:00,industrial1,industrial,test,0,0,low,57.0,4,60,IA-GTPF,11,0,2016-12-26 20:30:00+00:00,23.875,23.875,True,False,57.0,22.15977711134621,0.0017408158141191347,21.468255608246782,30.621019344423654,22.15977711134621,0.0017408158141191347,21.468255608246782,30.621019344423654,22.15977711134621,0.0017408158141191347,21.468255608246782,30.621019344423654,False,False,0.0
942,2016-12-26 19:45:00+00:00,industrial1,industrial,test,1,0,low,57.0,4,60,IA-GTPF,11,0,2016-12-26 20:45:00+00:00,19.25,19.25,True,False,57.0,21.882977254725017,0.0017408158141191347,21.266534098002314,32.8195029929845,21.882977254725017,0.0017408158141191347,21.266534098002314,32.8195029929845,21.882977254725017,0.0017408158141191347,21.266534098002314,32.8195029929845,False,False,0.0
943,2016-12-26 20:00:00+00:00,industrial1,industrial,test,1,0,low,57.0,4,60,IA-GTPF,11,0,2016-12-26 21:00:00+00:00,20.0,20.0,True,False,57.0,21.89509885284729,0.0017408158141191347,21.591231206352155,30.744140555813434,21.89509885284729,0.0017408158141191347,21.591231206352155,30.744140555813434,21.89509885284729,0.0017408158141191347,21.591231206352155,30.744140555813434,False,False,0.0
944,2016-12-26 20:15:00+00:00,industrial1,industrial,test,1,0,low,57.0,4,60,IA-GTPF,11,0,2016-12-26 21:15:00+00:00,21.625,21.625,True,False,57.0,21.218993223828072,0.0017408158141191347,21.321966962921934,29.919240028712768,21.218993223828072,0.0017408158141191347,21.321966962921934,29.919240028712768,21.218993223828072,0.0017408158141191347,21.321966962921934,29.919240028712768,False,False,0.0
945,2016-12-26 20:30:00+00:00,industrial1,industrial,test,1,0,low,57.0,4,60,IA-GTPF,11,0,2016-12-26 21:30:00+00:00,19.75,19.75,True,False,57.0,20.8650463642271,0.0017408158141191347,21.16749859924638,27.781791131774085,20.8650463642271,0.0017408158141191347,21.16749859924638,27.781791131774085,20.8650463642271,0.0017408158141191347,21.16749859924638,27.781791131774085,False,False,0.0
946,2016-12-26 20:45:00+00:00,industrial1,industrial,test,0,0,low,57.0,4,60,IA-GTPF,11,0,2016-12-26 21:45:00+00:00,22.5,22.5,True,False,57.0,20.61151818431909,0.0017408158141191347,21.015414982839538,28.087963520070325,20.61151818431909,0.0017408158141191347,21.015414982839538,28.087963520070325,20.61151818431909,0.0017408158141191347,21.015414982839538,28.087963520070325,False,False,0.0
947,2016-12-26 21:00:00+00:00,industrial1,industrial,test,1,0,low,57.0,4,60,IA-GTPF,11,0,2016-12-26 22:00:00+00:00,15.75,15.75,True,False,57.0,21.112987978182762,0.0017408158141191347,21.69034081751732,28.23421794589474,21.112987978182762,0.0017408158141191347,21.69034081751732,28.23421794589474,21.112987978182762,0.0017408158141191347,21.69034081751732,28.23421794589474,False,False,0.0
948,2016-12-26 21:15:00+00:00,industrial1,industrial,test,1,0,low,57.0,4,60,IA-GTPF,11,0,2016-12-26 22:15:00+00:00,15.625,15.625,True,False,57.0,21.249929865322695,0.0017408158141191347,21.69034081751732,28.23854425965084,21.249929865322695,0.0017408158141191347,21.69034081751732,28.23854425965084,21.249929865322695,0.0017408158141191347,21.69034081751732,28.23854425965084,False,False,0.0
949,2016-12-26 21:30:00+00:00,industrial1,industrial,test,1,0,low,57.0,4,60,IA-GTPF,11,0,2016-12-26 22:30:00+00:00,17.625,17.625,True,False,57.0,20.89954118593534,0.0017408158141191347,21.254200480942153,27.897380452993886,20.89954118593534,0.0017408158141191347,21.254200480942153,27.897380452993886,20.89954118593534,0.0017408158141191347,21.254200480942153,27.897380452993886,False,False,0.0
950,2016-12-26 21:45:00+00:00,industrial1,industrial,test,1,0,low,57.0,4,60,IA-GTPF,11,0,2016-12-26 22:45:00+00:00,14.875,14.875,True,False,57.0,21.256748691763214,0.0017408158141191347,21.847181143489077,28.06826674592595,21.256748691763214,0.0017408158141191347,21.847181143489077,28.06826674592595,21.256748691763214,0.0017408158141191347,21.847181143489077,28.06826674592595,False,False,0.0
951,2016-12-26 22:00:00+00:00,industrial1,industrial,test,0,0,low,57.0,4,60,IA-GTPF,11,0,2016-12-26 23:00:00+00:00,19.125,19.125,True,False,57.0,17.996078692310252,0.0017408158141191347,16.98706638020456,23.013242692122134,17.996078692310252,0.0017408158141191347,16.98706638020456,23.013242692122134,17.996078692310252,0.0017408158141191347,16.98706638020456,23.013242692122134,False,False,0.0
952,2016-12-26 22:15:00+00:00,industrial1,industrial,test,1,0,low,57.0,4,60,IA-GTPF,11,0,2016-12-26 23:15:00+00:00,16.625,16.625,True,False,57.0,17.572311255458278,0.0017408158141191347,16.79829520722334,22.482566789516284,17.572311255458278,0.0017408158141191347,16.79829520722334,22.482566789516284,17.572311255458278,0.0017408158141191347,16.79829520722334,22.482566789516284,False,False,0.0
953,2016-12-26 22:30:00+00:00,industrial1,industrial,test,1,0,low,57.0,4,60,IA-GTPF,11,0,2016-12-26 23:30:00+00:00,19.125,19.125,True,False,57.0,18.24484668129001,0.0017408158141191347,17.239097589120895,22.471138055863584,18.24484668129001,0.0017408158141191347,17.239097589120895,22.471138055863584,18.24484668129001,0.0017408158141191347,17.239097589120895,22.471138055863584,False,False,0.0
954,2016-12-26 22:45:00+00:00,industrial1,industrial,test,1,0,low,57.0,4,60,IA-GTPF,11,0,2016-12-26 23:45:00+00:00,20.875,20.875,True,False,57.0,16.984590421848182,0.0017408158141191347,16.815499834092265,23.251899131641064,16.984590421848182,0.0017408158141191347,16.815499834092265,23.251899131641064,16.984590421848182,0.0017408158141191347,16.815499834092265,23.251899131641064,False,False,0.0
955,2016-12-26 23:00:00+00:00,industrial1,industrial,test,0,0,low,57.0,4,60,IA-GTPF,11,0,2016-12-27 00:00:00+00:00,30.0,30.0,True,False,57.0,19.715012789194805,-0.002015949620319958,19.129464154995873,30.467147996499083,19.715012789194805,-0.002015949620319958,19.129464154995873,30.467147996499083,19.715012789194805,-0.002015949620319958,19.129464154995873,30.467147996499083,False,False,0.0
956,2016-12-26 23:15:00+00:00,industrial1,industrial,test,1,0,low,57.0,4,60,IA-GTPF,11,0,2016-12-27 00:15:00+00:00,44.375,44.375,True,False,57.0,20.128790898562468,-0.002015949620319958,18.587585738891452,28.079760232240567,20.128790898562468,-0.002015949620319958,18.587585738891452,28.079760232240567,20.128790898562468,-0.002015949620319958,18.587585738891452,28.079760232240567,False,False,0.0
957,2016-12-26 23:30:00+00:00,industrial1,industrial,test,1,0,low,57.0,4,60,IA-GTPF,11,0,2016-12-27 00:30:00+00:00,30.875,30.875,True,False,57.0,20.901624313316717,-0.002015949620319958,19.358851833221625,30.092029594284167,20.901624313316717,-0.002015949620319958,19.358851833221625,30.092029594284167,20.901624313316717,-0.002015949620319958,19.358851833221625,30.092029594284167,False,False,0.0
958,2016-12-26 23:45:00+00:00,industrial1,industrial,test,1,0,low,57.0,4,60,IA-GTPF,11,0,2016-12-27 00:45:00+00:00,16.75,16.75,True,False,57.0,21.937134995226167,-0.002015949620319958,19.367128715806896,31.190870274488507,21.937134995226167,-0.002015949620319958,19.367128715806896,31.190870274488507,21.937134995226167,-0.002015949620319958,19.367128715806896,31.190870274488507,False,False,0.0
959,2016-12-27 00:00:00+00:00,industrial1,industrial,test,0,0,low,57.0,4,60,IA-GTPF,11,0,2016-12-27 01:00:00+00:00,24.25,24.25,True,False,57.0,22.286812978838586,-0.003684190733521498,21.877249176784595,37.70154294353886,22.286812978838586,-0.003684190733521498,21.877249176784595,37.70154294353886,22.286812978838586,-0.003684190733521498,21.877249176784595,37.70154294353886,False,False,0.0
960,2016-12-27 00:15:00+00:00,industrial1,industrial,test,0,0,low,57.0,4,60,IA-GTPF,11,0,2016-12-27 01:15:00+00:00,20.625,20.625,True,False,57.0,26.793113410105995,0.3640730659664084,27.162811470043835,38.76539605181716,26.793113410105995,0.3640730659664084,27.162811470043835,38.76539605181716,26.793113410105995,0.3640730659664084,27.162811470043835,38.76539605181716,False,False,0.0
961,2016-12-27 00:30:00+00:00,industrial1,industrial,test,0,0,low,57.0,4,60,IA-GTPF,11,0,2016-12-27 01:30:00+00:00,15.25,15.25,True,False,57.0,27.99556519299182,-0.002015949620319958,28.476401131232002,39.41876053301248,27.99556519299182,-0.002015949620319958,28.476401131232002,39.41876053301248,27.99556519299182,-0.002015949620319958,28.476401131232002,39.41876053301248,False,False,0.0
962,2016-12-27 00:45:00+00:00,industrial1,industrial,test,0,0,low,57.0,4,60,IA-GTPF,11,0,2016-12-27 01:45:00+00:00,16.5,16.5,True,False,57.0,23.601694925341427,0.42716825736976827,22.601038322167238,33.6242817627585,23.601694925341427,0.42716825736976827,22.601038322167238,33.6242817627585,23.601694925341427,0.42716825736976827,22.601038322167238,33.6242817627585,False,False,0.0
963,2016-12-27 01:00:00+00:00,industrial1,industrial,test,0,0,low,57.0,4,60,IA-GTPF,11,0,2016-12-27 02:00:00+00:00,14.5,14.5,True,False,57.0,20.440363144064946,-0.6043995909536151,19.171821738686923,28.1494582648818,20.440363144064946,-0.6043995909536151,19.171821738686923,28.1494582648818,20.440363144064946,-0.6043995909536151,19.171821738686923,28.1494582648818,False,False,0.0
964,2016-12-27 01:15:00+00:00,industrial1,industrial,test,1,0,low,57.0,4,60,IA-GTPF,11,0,2016-12-27 02:15:00+00:00,15.125,15.125,True,False,57.0,20.132727671272516,-0.002015949620319958,18.877590293672725,32.57864916833246,20.132727671272516,-0.002015949620319958,18.877590293672725,32.57864916833246,20.132727671272516,-0.002015949620319958,18.877590293672725,32.57864916833246,False,False,0.0
965,2016-12-27 01:30:00+00:00,industrial1,industrial,test,0,0,low,57.0,4,60,IA-GTPF,11,0,2016-12-27 02:30:00+00:00,14.625,14.625,True,False,57.0,18.445826454399583,-0.002015949620319958,18.216516489634117,21.751574316375397,18.445826454399583,-0.002015949620319958,18.216516489634117,21.751574316375397,18.445826454399583,-0.002015949620319958,18.216516489634117,21.751574316375397,False,False,0.0
966,2016-12-27 01:45:00+00:00,industrial1,industrial,test,1,0,low,57.0,4,60,IA-GTPF,11,0,2016-12-27 02:45:00+00:00,17.25,17.25,True,False,57.0,18.162353540928205,-0.002015949620319958,18.05006405308738,20.931294617173762,18.162353540928205,-0.002015949620319958,18.05006405308738,20.931294617173762,18.162353540928205,-0.002015949620319958,18.05006405308738,20.931294617173762,False,False,0.0
967,2016-12-27 02:00:00+00:00,industrial1,industrial,test,1,0,low,57.0,4,60,IA-GTPF,11,0,2016-12-27 03:00:00+00:00,22.5,22.5,True,False,57.0,17.16974027770113,-0.002015949620319958,17.682114024571117,20.936478847626624,17.16974027770113,-0.002015949620319958,17.682114024571117,20.936478847626624,17.16974027770113,-0.002015949620319958,17.682114024571117,20.936478847626624,False,False,0.0
968,2016-12-27 02:15:00+00:00,industrial1,industrial,test,1,0,low,57.0,4,60,IA-GTPF,11,0,2016-12-27 03:15:00+00:00,19.625,19.625,True,False,57.0,16.094581992969275,-0.002015949620319958,14.516022170920705,21.15396660556389,16.094581992969275,-0.002015949620319958,14.516022170920705,21.15396660556389,16.094581992969275,-0.002015949620319958,14.516022170920705,21.15396660556389,False,False,0.0
969,2016-12-27 02:30:00+00:00,industrial1,industrial,test,1,0,low,57.0,4,60,IA-GTPF,11,0,2016-12-27 03:30:00+00:00,19.125,19.125,True,False,57.0,15.76762688332504,-0.002015949620319958,14.652902166664342,21.178037176637954,15.76762688332504,-0.002015949620319958,14.652902166664342,21.178037176637954,15.76762688332504,-0.002015949620319958,14.652902166664342,21.178037176637954,False,False,0.0
970,2016-12-27 02:45:00+00:00,industrial1,industrial,test,1,0,low,57.0,4,60,IA-GTPF,11,0,2016-12-27 03:45:00+00:00,14.0,14.0,True,False,57.0,17.001888314578654,-0.002015949620319958,16.93289144703282,21.070910492561747,17.001888314578654,-0.002015949620319958,16.93289144703282,21.070910492561747,17.001888314578654,-0.002015949620319958,16.93289144703282,21.070910492561747,False,False,0.0
971,2016-12-27 03:00:00+00:00,industrial1,industrial,test,0,0,low,57.0,4,60,IA-GTPF,11,0,2016-12-27 04:00:00+00:00,13.75,13.75,True,False,57.0,18.57366093817085,-0.002015949620319958,18.369872719768786,25.975230613687366,18.57366093817085,-0.002015949620319958,18.369872719768786,25.975230613687366,18.57366093817085,-0.002015949620319958,18.369872719768786,25.975230613687366,False,False,0.0
972,2016-12-27 03:15:00+00:00,industrial1,industrial,test,1,0,low,57.0,4,60,IA-GTPF,11,0,2016-12-27 04:15:00+00:00,14.875,14.875,True,False,57.0,18.853132501429414,-0.002015949620319958,18.75191495365528,26.424976420322242,18.853132501429414,-0.002015949620319958,18.75191495365528,26.424976420322242,18.853132501429414,-0.002015949620319958,18.75191495365528,26.424976420322242,False,False,0.0
973,2016-12-27 03:30:00+00:00,industrial1,industrial,test,1,0,low,57.0,4,60,IA-GTPF,11,0,2016-12-27 04:30:00+00:00,16.375,16.375,True,False,57.0,19.249880936688697,-0.002015949620319958,17.948602414984915,26.805122915737066,19.249880936688697,-0.002015949620319958,17.948602414984915,26.805122915737066,19.249880936688697,-0.002015949620319958,17.948602414984915,26.805122915737066,False,False,0.0
974,2016-12-27 03:45:00+00:00,industrial1,industrial,test,0,0,low,57.0,4,60,IA-GTPF,11,0,2016-12-27 04:45:00+00:00,13.875,13.875,True,False,57.0,16.19091428500436,-0.002015949620319958,15.560222503024747,21.772494437826282,16.19091428500436,-0.002015949620319958,15.560222503024747,21.772494437826282,16.19091428500436,-0.002015949620319958,15.560222503024747,21.772494437826282,False,False,0.0
975,2016-12-27 04:00:00+00:00,industrial1,industrial,test,1,0,low,57.0,4,60,IA-GTPF,11,0,2016-12-27 05:00:00+00:00,13.625,13.625,True,False,57.0,16.109825663968838,-0.002015949620319958,16.02522543606425,21.644468894899497,16.109825663968838,-0.002015949620319958,16.02522543606425,21.644468894899497,16.109825663968838,-0.002015949620319958,16.02522543606425,21.644468894899497,False,False,0.0
976,2016-12-27 04:15:00+00:00,industrial1,industrial,test,1,0,low,57.0,4,60,IA-GTPF,11,0,2016-12-27 05:15:00+00:00,15.375,15.375,True,False,57.0,15.667061477400551,-0.002015949620319958,14.901703358750028,21.748571530380175,15.667061477400551,-0.002015949620319958,14.901703358750028,21.748571530380175,15.667061477400551,-0.002015949620319958,14.901703358750028,21.748571530380175,False,False,0.0
977,2016-12-27 04:30:00+00:00,industrial1,industrial,test,1,0,low,57.0,4,60,IA-GTPF,11,0,2016-12-27 05:30:00+00:00,18.375,18.375,True,False,57.0,16.41515975959563,-0.002015949620319958,14.485524053244218,21.81199310138737,16.41515975959563,-0.002015949620319958,14.485524053244218,21.81199310138737,16.41515975959563,-0.002015949620319958,14.485524053244218,21.81199310138737,False,False,0.0
978,2016-12-27 04:45:00+00:00,industrial1,industrial,test,1,0,low,57.0,4,60,IA-GTPF,11,0,2016-12-27 05:45:00+00:00,23.5,23.5,True,False,57.0,16.083146786711353,-0.002015949620319958,14.650315580795404,21.991490865031615,16.083146786711353,-0.002015949620319958,14.650315580795404,21.991490865031615,16.083146786711353,-0.002015949620319958,14.650315580795404,21.991490865031615,False,False,0.0
979,2016-12-27 05:00:00+00:00,industrial1,industrial,test,1,0,low,57.0,4,60,IA-GTPF,11,0,2016-12-27 06:00:00+00:00,43.0,43.0,True,False,57.0,16.85977880314309,-0.002015949620319958,15.354993948616478,23.18612317212285,16.85977880314309,-0.002015949620319958,15.354993948616478,23.18612317212285,16.85977880314309,-0.002015949620319958,15.354993948616478,23.18612317212285,False,False,0.0
980,2016-12-27 05:15:00+00:00,industrial1,industrial,test,1,0,low,57.0,4,60,IA-GTPF,11,0,2016-12-27 06:15:00+00:00,35.125,35.125,True,False,57.0,17.62168509679056,-0.002015949620319958,15.472640930365445,24.396525331991064,17.62168509679056,-0.002015949620319958,15.472640930365445,24.396525331991064,17.62168509679056,-0.002015949620319958,15.472640930365445,24.396525331991064,False,False,0.0
981,2016-12-27 05:30:00+00:00,industrial1,industrial,test,1,0,low,57.0,4,60,IA-GTPF,11,0,2016-12-27 06:30:00+00:00,21.875,21.875,True,False,57.0,18.616776143670755,-0.002015949620319958,16.760297949036012,27.661994072137496,18.616776143670755,-0.002015949620319958,16.760297949036012,27.661994072137496,18.616776143670755,-0.002015949620319958,16.760297949036012,27.661994072137496,False,False,0.0
982,2016-12-27 05:45:00+00:00,industrial1,industrial,test,0,0,low,57.0,4,60,IA-GTPF,11,0,2016-12-27 06:45:00+00:00,25.75,25.75,True,False,57.0,20.275949238980004,-0.002015949620319958,18.844239651900665,28.195449410344327,20.275949238980004,-0.002015949620319958,18.844239651900665,28.195449410344327,20.275949238980004,-0.002015949620319958,18.844239651900665,28.195449410344327,False,False,0.0
983,2016-12-27 06:00:00+00:00,industrial1,industrial,test,0,0,low,57.0,4,60,IA-GTPF,11,0,2016-12-27 07:00:00+00:00,31.375,31.375,True,False,57.0,26.482082454780024,0.015170294929016462,26.984591913182545,41.378754594073534,26.482082454780024,0.015170294929016462,26.984591913182545,41.378754594073534,26.482082454780024,0.015170294929016462,26.984591913182545,41.378754594073534,False,False,0.0
984,2016-12-27 06:15:00+00:00,industrial1,industrial,test,0,0,low,57.0,4,60,IA-GTPF,11,0,2016-12-27 07:15:00+00:00,25.75,25.75,True,False,57.0,27.261725009561932,-0.2578606464435767,28.872741327466297,37.526167639015796,27.261725009561932,-0.2578606464435767,28.872741327466297,37.526167639015796,27.261725009561932,-0.2578606464435767,28.872741327466297,37.526167639015796,False,False,0.0
985,2016-12-27 06:30:00+00:00,industrial1,industrial,test,0,0,low,57.0,4,60,IA-GTPF,11,0,2016-12-27 07:30:00+00:00,22.25,22.25,True,False,57.0,28.53515948315545,-0.002015949620319958,30.038159401238303,39.68760467298614,28.53515948315545,-0.002015949620319958,30.038159401238303,39.68760467298614,28.53515948315545,-0.002015949620319958,30.038159401238303,39.68760467298614,False,False,0.0
986,2016-12-27 06:45:00+00:00,industrial1,industrial,test,0,0,low,57.0,4,60,IA-GTPF,11,0,2016-12-27 07:45:00+00:00,25.875,25.875,True,False,57.0,30.672729524096216,-0.002015949620319958,32.655418840216925,42.33713626261266,30.672729524096216,-0.002015949620319958,32.655418840216925,42.33713626261266,30.672729524096216,-0.002015949620319958,32.655418840216925,42.33713626261266,False,False,0.0
987,2016-12-27 07:00:00+00:00,industrial1,industrial,test,0,0,low,57.0,4,60,IA-GTPF,11,0,2016-12-27 08:00:00+00:00,27.375,27.375,True,False,57.0,29.19584796851999,-0.002015949620319958,30.71880422776586,43.610025522030725,29.19584796851999,-0.002015949620319958,30.71880422776586,43.610025522030725,29.19584796851999,-0.002015949620319958,30.71880422776586,43.610025522030725,False,False,0.0
988,2016-12-27 07:15:00+00:00,industrial1,industrial,test,0,0,low,57.0,4,60,IA-GTPF,11,0,2016-12-27 08:15:00+00:00,26.625,26.625,True,False,57.0,26.7407809505097,-0.002015949620319958,27.381058141306468,42.21174914977452,26.7407809505097,-0.002015949620319958,27.381058141306468,42.21174914977452,26.7407809505097,-0.002015949620319958,27.381058141306468,42.21174914977452,False,False,0.0
989,2016-12-27 07:30:00+00:00,industrial1,industrial,test,1,0,low,57.0,4,60,IA-GTPF,11,0,2016-12-27 08:30:00+00:00,24.0,24.0,True,False,57.0,26.326910140873743,-0.002015949620319958,26.523991018523017,35.80834882634602,26.326910140873743,-0.002015949620319958,26.523991018523017,35.80834882634602,26.326910140873743,-0.002015949620319958,26.523991018523017,35.80834882634602,False,False,0.0
990,2016-12-27 07:45:00+00:00,industrial1,industrial,test,1,0,medium,57.0,4,60,IA-GTPF,11,0,2016-12-27 08:45:00+00:00,23.875,23.875,True,False,57.0,26.831353381308745,-0.002015949620319958,27.345136445423794,38.22335431890874,26.831353381308745,-0.002015949620319958,27.345136445423794,38.22335431890874,26.831353381308745,-0.002015949620319958,27.345136445423794,38.22335431890874,False,False,0.0
991,2016-12-27 08:00:00+00:00,industrial1,industrial,test,1,0,medium,57.0,4,60,IA-GTPF,11,0,2016-12-27 09:00:00+00:00,26.75,26.75,True,False,57.0,28.2852377594727,-0.002015949620319958,28.441694733830893,38.62693414980041,28.2852377594727,-0.002015949620319958,28.441694733830893,38.62693414980041,28.2852377594727,-0.002015949620319958,28.441694733830893,38.62693414980041,False,False,0.0
992,2016-12-27 08:15:00+00:00,industrial1,industrial,test,1,0,medium,57.0,4,60,IA-GTPF,11,0,2016-12-27 09:15:00+00:00,26.5,26.5,True,False,57.0,28.48216092709966,-0.002015949620319958,28.604814369569873,39.56869117996351,28.48216092709966,-0.002015949620319958,28.604814369569873,39.56869117996351,28.48216092709966,-0.002015949620319958,28.604814369569873,39.56869117996351,False,False,0.0
993,2016-12-27 08:30:00+00:00,industrial1,industrial,test,1,0,medium,57.0,4,60,IA-GTPF,11,0,2016-12-27 09:30:00+00:00,30.25,30.25,True,False,57.0,27.721608733573756,-0.002015949620319958,27.356615504012595,37.35701744328663,27.721608733573756,-0.002015949620319958,27.356615504012595,37.35701744328663,27.721608733573756,-0.002015949620319958,27.356615504012595,37.35701744328663,False,False,0.0
994,2016-12-27 08:45:00+00:00,industrial1,industrial,test,1,0,medium,57.0,4,60,IA-GTPF,11,0,2016-12-27 09:45:00+00:00,23.75,23.75,True,False,57.0,28.019513222689312,-0.002015949620319958,27.69790124941365,43.6331947295191,28.019513222689312,-0.002015949620319958,27.69790124941365,43.6331947295191,28.019513222689312,-0.002015949620319958,27.69790124941365,43.6331947295191,False,False,0.0
995,2016-12-27 09:00:00+00:00,industrial1,industrial,test,1,0,medium,57.0,4,60,IA-GTPF,11,0,2016-12-27 10:00:00+00:00,31.875,31.875,True,False,57.0,29.826428924100835,-0.002015949620319958,28.5708852570567,46.66015923951263,29.826428924100835,-0.002015949620319958,28.5708852570567,46.66015923951263,29.826428924100835,-0.002015949620319958,28.5708852570567,46.66015923951263,False,False,0.0
996,2016-12-27 09:15:00+00:00,industrial1,industrial,test,1,0,medium,57.0,4,60,IA-GTPF,11,0,2016-12-27 10:15:00+00:00,55.5,55.5,True,False,57.0,30.129223434003183,-0.002015949620319958,28.5080582392948,47.00966349467152,30.129223434003183,-0.002015949620319958,28.5080582392948,47.00966349467152,30.129223434003183,-0.002015949620319958,28.5080582392948,47.00966349467152,False,False,0.0
997,2016-12-27 09:30:00+00:00,industrial1,industrial,test,1,0,medium,57.0,4,60,IA-GTPF,11,0,2016-12-27 10:30:00+00:00,55.875,55.875,True,False,57.0,32.10393120852711,-0.002015949620319958,31.13958305760656,48.43670845134599,32.10393120852711,-0.002015949620319958,31.13958305760656,48.43670845134599,32.10393120852711,-0.002015949620319958,31.13958305760656,48.43670845134599,False,False,0.0
998,2016-12-27 09:45:00+00:00,industrial1,industrial,test,0,0,medium,57.0,4,60,IA-GTPF,11,0,2016-12-27 10:45:00+00:00,42.125,42.125,True,False,57.0,30.793992007308898,-0.002015949620319958,30.176207824310083,44.12518197803937,30.793992007308898,-0.002015949620319958,30.176207824310083,44.12518197803937,30.793992007308898,-0.002015949620319958,30.176207824310083,44.12518197803937,False,False,0.0
999,2016-12-27 10:00:00+00:00,industrial1,industrial,test,0,0,medium,57.0,4,60,IA-GTPF,11,0,2016-12-27 11:00:00+00:00,35.625,35.625,True,False,57.0,32.798600688937476,0.03359014073640285,32.25476087003394,45.109112225147655,32.798600688937476,0.03359014073640285,32.25476087003394,45.109112225147655,32.798600688937476,0.03359014073640285,32.25476087003394,45.109112225147655,False,False,0.0
1000,2016-12-27 10:15:00+00:00,industrial1,industrial,test,0,0,high,57.0,4,60,IA-GTPF,11,0,2016-12-27 11:15:00+00:00,36.875,36.875,True,False,57.0,41.73089225396513,-0.5557897662175898,40.15958844850483,49.50918084575008,41.73089225396513,-0.5557897662175898,40.15958844850483,49.50918084575008,41.73089225396513,-0.5557897662175898,40.15958844850483,49.50918084575008,False,False,0.0
1001,2016-12-27 10:30:00+00:00,industrial1,industrial,test,1,0,high,57.0,4,60,IA-GTPF,11,0,2016-12-27 11:30:00+00:00,39.75,39.75,True,False,57.0,42.82499757961796,-0.5410962326268519,41.47504595881161,58.616659196782095,42.82499757961796,-0.5410962326268519,41.47504595881161,58.616659196782095,42.82499757961796,-0.5410962326268519,41.47504595881161,58.616659196782095,False,False,0.0
1002,2016-12-27 10:45:00+00:00,industrial1,industrial,test,0,0,high,57.0,4,60,IA-GTPF,11,0,2016-12-27 11:45:00+00:00,42.125,42.125,True,False,57.0,44.353567849201916,-0.42180006213775123,45.690415348450394,60.572778294349,44.353567849201916,-0.42180006213775123,45.690415348450394,60.572778294349,44.353567849201916,-0.42180006213775123,45.690415348450394,60.572778294349,False,False,0.0
1003,2016-12-27 11:00:00+00:00,industrial1,industrial,test,0,0,high,57.0,4,60,IA-GTPF,11,0,2016-12-27 12:00:00+00:00,43.5,43.5,True,False,57.0,41.26031035849579,-1.1597527526644333,41.37926387627593,58.6413267468801,41.26031035849579,-1.1597527526644333,41.37926387627593,58.6413267468801,41.26031035849579,-1.1597527526644333,41.37926387627593,58.6413267468801,False,False,0.0
1004,2016-12-27 11:15:00+00:00,industrial1,industrial,test,1,0,high,57.0,4,60,IA-GTPF,11,0,2016-12-27 12:15:00+00:00,33.125,33.125,True,False,57.0,39.97954729090404,-1.1597527526644333,38.28094050285888,64.36218109945038,39.97954729090404,-1.1597527526644333,38.28094050285888,64.36218109945038,39.97954729090404,-1.1597527526644333,38.28094050285888,64.36218109945038,False,False,0.0
1005,2016-12-27 11:30:00+00:00,industrial1,industrial,test,1,0,high,57.0,4,60,IA-GTPF,11,0,2016-12-27 12:30:00+00:00,26.875,26.875,True,False,57.0,37.48829767281266,-1.1486548333879587,34.79113663335507,62.49952958769799,37.48829767281266,-1.1486548333879587,34.79113663335507,62.49952958769799,37.48829767281266,-1.1486548333879587,34.79113663335507,62.49952958769799,False,False,0.0
1006,2016-12-27 11:45:00+00:00,industrial1,industrial,test,1,0,high,57.0,4,60,IA-GTPF,11,0,2016-12-27 12:45:00+00:00,23.625,23.625,True,False,57.0,37.3189110155935,-1.1486548333879587,34.95114121608022,59.287197380259386,37.3189110155935,-1.1486548333879587,34.95114121608022,59.287197380259386,37.3189110155935,-1.1486548333879587,34.95114121608022,59.287197380259386,False,False,0.0
1007,2016-12-27 12:00:00+00:00,industrial1,industrial,test,1,0,high,57.0,4,60,IA-GTPF,11,0,2016-12-27 13:00:00+00:00,38.75,38.75,True,False,57.0,42.21086874044852,-0.002015949620319958,40.95583122448196,63.5073675046308,42.21086874044852,-0.002015949620319958,40.95583122448196,63.5073675046308,42.21086874044852,-0.002015949620319958,40.95583122448196,63.5073675046308,False,False,0.0
1008,2016-12-27 12:15:00+00:00,industrial1,industrial,test,0,0,high,57.0,4,60,IA-GTPF,11,0,2016-12-27 13:15:00+00:00,38.125,38.125,True,False,57.0,42.98117939407338,-0.002015949620319958,43.060391551344104,64.22548217674024,42.98117939407338,-0.002015949620319958,43.060391551344104,64.22548217674024,42.98117939407338,-0.002015949620319958,43.060391551344104,64.22548217674024,False,False,0.0
1009,2016-12-27 12:30:00+00:00,industrial1,industrial,test,0,0,high,57.0,4,60,IA-GTPF,11,0,2016-12-27 13:30:00+00:00,36.5,36.5,True,False,57.0,42.287001320402524,-0.002015949620319958,41.645364106633984,64.99066720244957,42.287001320402524,-0.002015949620319958,41.645364106633984,64.99066720244957,42.287001320402524,-0.002015949620319958,41.645364106633984,64.99066720244957,False,False,0.0
1010,2016-12-27 12:45:00+00:00,industrial1,industrial,test,1,0,high,57.0,4,60,IA-GTPF,11,0,2016-12-27 13:45:00+00:00,31.25,31.25,True,False,57.0,37.9631800952119,-0.002015949620319958,37.261058293530986,53.54142250305123,37.9631800952119,-0.002015949620319958,37.261058293530986,53.54142250305123,37.9631800952119,-0.002015949620319958,37.261058293530986,53.54142250305123,False,False,0.0
1011,2016-12-27 13:00:00+00:00,industrial1,industrial,test,0,0,high,57.0,4,60,IA-GTPF,11,0,2016-12-27 14:00:00+00:00,33.5,33.5,True,False,57.0,36.54880235714542,0.0824887016673604,37.30738115331191,53.3782363035583,36.54880235714542,0.0824887016673604,37.30738115331191,53.3782363035583,36.54880235714542,0.0824887016673604,37.30738115331191,53.3782363035583,False,False,0.0
1012,2016-12-27 13:15:00+00:00,industrial1,industrial,test,1,0,high,57.0,4,60,IA-GTPF,11,0,2016-12-27 14:15:00+00:00,30.125,30.125,True,False,57.0,36.12736469316903,-0.002015949620319958,37.040885345350915,51.790620004764875,36.12736469316903,-0.002015949620319958,37.040885345350915,51.790620004764875,36.12736469316903,-0.002015949620319958,37.040885345350915,51.790620004764875,False,False,0.0
1013,2016-12-27 13:30:00+00:00,industrial1,industrial,test,1,0,high,57.0,4,60,IA-GTPF,11,0,2016-12-27 14:30:00+00:00,29.5,29.5,True,False,57.0,36.961579461160476,-0.002015949620319958,36.88578252334832,53.6374561063761,36.961579461160476,-0.002015949620319958,36.88578252334832,53.6374561063761,36.961579461160476,-0.002015949620319958,36.88578252334832,53.6374561063761,False,False,0.0
1014,2016-12-27 13:45:00+00:00,industrial1,industrial,test,0,0,high,57.0,4,60,IA-GTPF,11,0,2016-12-27 14:45:00+00:00,35.625,35.625,True,False,57.0,38.61959340529745,-0.002015949620319958,38.78610318638699,59.100585679623435,38.61959340529745,-0.002015949620319958,38.78610318638699,59.100585679623435,38.61959340529745,-0.002015949620319958,38.78610318638699,59.100585679623435,False,False,0.0
1015,2016-12-27 14:00:00+00:00,industrial1,industrial,test,1,0,high,57.0,4,60,IA-GTPF,11,0,2016-12-27 15:00:00+00:00,28.625,28.625,True,False,57.0,36.50696911210763,-0.002015949620319958,35.64386599596236,56.98315704087091,36.50696911210763,-0.002015949620319958,35.64386599596236,56.98315704087091,36.50696911210763,-0.002015949620319958,35.64386599596236,56.98315704087091,False,False,0.0
1016,2016-12-27 14:15:00+00:00,industrial1,industrial,test,1,0,medium,57.0,4,60,IA-GTPF,11,0,2016-12-27 15:15:00+00:00,32.0,32.0,True,False,57.0,35.55993551406069,-0.002015949620319958,35.3703854251274,50.199765814528504,35.55993551406069,-0.002015949620319958,35.3703854251274,50.199765814528504,35.55993551406069,-0.002015949620319958,35.3703854251274,50.199765814528504,False,False,0.0
1017,2016-12-27 14:30:00+00:00,industrial1,industrial,test,1,0,medium,57.0,4,60,IA-GTPF,11,0,2016-12-27 15:30:00+00:00,25.25,25.25,True,False,57.0,34.11646685001035,-0.002015949620319958,34.90019407600114,53.322381723288466,34.11646685001035,-0.002015949620319958,34.90019407600114,53.322381723288466,34.11646685001035,-0.002015949620319958,34.90019407600114,53.322381723288466,False,False,0.0
1018,2016-12-27 14:45:00+00:00,industrial1,industrial,test,0,0,medium,57.0,4,60,IA-GTPF,11,0,2016-12-27 15:45:00+00:00,24.375,24.375,True,False,57.0,33.423681711155375,-0.002015949620319958,34.511504219687026,47.13069684852787,33.423681711155375,-0.002015949620319958,34.511504219687026,47.13069684852787,33.423681711155375,-0.002015949620319958,34.511504219687026,47.13069684852787,False,False,0.0
1019,2016-12-27 15:00:00+00:00,industrial1,industrial,test,0,0,medium,57.0,4,60,IA-GTPF,11,0,2016-12-27 16:00:00+00:00,24.75,24.75,True,False,57.0,32.13046944915331,-0.002015949620319958,33.52843547324016,47.44982954260611,32.13046944915331,-0.002015949620319958,33.52843547324016,47.44982954260611,32.13046944915331,-0.002015949620319958,33.52843547324016,47.44982954260611,False,False,0.0
1020,2016-12-27 15:15:00+00:00,industrial1,industrial,test,1,0,medium,57.0,4,60,IA-GTPF,11,0,2016-12-27 16:15:00+00:00,27.875,27.875,True,False,57.0,33.09055897567842,-0.002015949620319958,33.813342739230464,48.833205232864636,33.09055897567842,-0.002015949620319958,33.813342739230464,48.833205232864636,33.09055897567842,-0.002015949620319958,33.813342739230464,48.833205232864636,False,False,0.0
1021,2016-12-27 15:30:00+00:00,industrial1,industrial,test,0,0,medium,57.0,4,60,IA-GTPF,11,0,2016-12-27 16:30:00+00:00,24.5,24.5,True,False,57.0,30.7826067221387,-0.002015949620319958,32.58767139127318,37.396820200192934,30.7826067221387,-0.002015949620319958,32.58767139127318,37.396820200192934,30.7826067221387,-0.002015949620319958,32.58767139127318,37.396820200192934,False,False,0.0
1022,2016-12-27 15:45:00+00:00,industrial1,industrial,test,1,0,low,57.0,4,60,IA-GTPF,11,0,2016-12-27 16:45:00+00:00,23.0,23.0,True,False,57.0,26.92964140784792,-0.002015949620319958,26.576491426661327,36.98488256941371,26.92964140784792,-0.002015949620319958,26.576491426661327,36.98488256941371,26.92964140784792,-0.002015949620319958,26.576491426661327,36.98488256941371,False,False,0.0
1023,2016-12-27 16:00:00+00:00,industrial1,industrial,test,1,0,low,57.0,4,60,IA-GTPF,11,0,2016-12-27 17:00:00+00:00,24.25,24.25,True,False,57.0,26.773341757383783,-0.002015949620319958,27.106355481336465,39.673981009877316,26.773341757383783,-0.002015949620319958,27.106355481336465,39.673981009877316,26.773341757383783,-0.002015949620319958,27.106355481336465,39.673981009877316,False,False,0.0
1024,2016-12-27 16:15:00+00:00,industrial1,industrial,test,1,0,low,57.0,4,60,IA-GTPF,11,0,2016-12-27 17:15:00+00:00,27.625,27.625,True,False,57.0,27.002294270765905,-0.002015949620319958,27.757191609070258,37.12725212225766,27.002294270765905,-0.002015949620319958,27.757191609070258,37.12725212225766,27.002294270765905,-0.002015949620319958,27.757191609070258,37.12725212225766,False,False,0.0
1025,2016-12-27 16:30:00+00:00,industrial1,industrial,test,1,0,low,57.0,4,60,IA-GTPF,11,0,2016-12-27 17:30:00+00:00,24.0,24.0,True,False,57.0,27.189467841562397,-0.002015949620319958,27.408765065136482,37.03933172979352,27.189467841562397,-0.002015949620319958,27.408765065136482,37.03933172979352,27.189467841562397,-0.002015949620319958,27.408765065136482,37.03933172979352,False,False,0.0
1026,2016-12-27 16:45:00+00:00,industrial1,industrial,test,1,0,low,57.0,4,60,IA-GTPF,11,0,2016-12-27 17:45:00+00:00,26.625,26.625,True,False,57.0,27.60170762621113,-0.002015949620319958,27.508265841697327,41.906964353375784,27.60170762621113,-0.002015949620319958,27.508265841697327,41.906964353375784,27.60170762621113,-0.002015949620319958,27.508265841697327,41.906964353375784,False,False,0.0
1027,2016-12-27 17:00:00+00:00,industrial1,industrial,test,1,0,low,57.0,4,60,IA-GTPF,11,0,2016-12-27 18:00:00+00:00,37.5,37.5,True,False,57.0,26.616567305301018,-0.002015949620319958,26.580063508617624,33.10050192458165,26.616567305301018,-0.002015949620319958,26.580063508617624,33.10050192458165,26.616567305301018,-0.002015949620319958,26.580063508617624,33.10050192458165,False,False,0.0
1028,2016-12-27 17:15:00+00:00,industrial1,industrial,test,1,0,low,57.0,4,60,IA-GTPF,11,0,2016-12-27 18:15:00+00:00,47.5,47.5,True,False,57.0,27.26836154071725,-0.002015949620319958,27.328375929476106,39.4499502865383,27.26836154071725,-0.002015949620319958,27.328375929476106,39.4499502865383,27.26836154071725,-0.002015949620319958,27.328375929476106,39.4499502865383,False,False,0.0
1029,2016-12-27 17:30:00+00:00,industrial1,industrial,test,1,0,low,57.0,4,60,IA-GTPF,11,0,2016-12-27 18:30:00+00:00,24.0,24.0,True,False,57.0,25.70496922308425,-0.002015949620319958,25.854275110399,35.406708389318,25.70496922308425,-0.002015949620319958,25.854275110399,35.406708389318,25.70496922308425,-0.002015949620319958,25.854275110399,35.406708389318,False,False,0.0
1030,2016-12-27 17:45:00+00:00,industrial1,industrial,test,1,0,low,57.0,4,60,IA-GTPF,11,0,2016-12-27 18:45:00+00:00,22.625,22.625,True,False,57.0,25.988025374621074,-0.002015949620319958,26.63178740430538,37.30938274542266,25.988025374621074,-0.002015949620319958,26.63178740430538,37.30938274542266,25.988025374621074,-0.002015949620319958,26.63178740430538,37.30938274542266,False,False,0.0
1031,2016-12-27 18:00:00+00:00,industrial1,industrial,test,0,0,low,57.0,4,60,IA-GTPF,11,0,2016-12-27 19:00:00+00:00,30.25,30.25,True,False,57.0,27.54799921306786,0.1454721297204817,27.416153626600696,40.36034413448743,27.54799921306786,0.1454721297204817,27.416153626600696,40.36034413448743,27.54799921306786,0.1454721297204817,27.416153626600696,40.36034413448743,False,False,0.0
1032,2016-12-27 18:15:00+00:00,industrial1,industrial,test,0,0,low,57.0,4,60,IA-GTPF,11,0,2016-12-27 19:15:00+00:00,25.0,25.0,True,False,57.0,31.316517732030853,-0.07089794796137487,30.351360927234282,40.28021285842562,31.316517732030853,-0.07089794796137487,30.351360927234282,40.28021285842562,31.316517732030853,-0.07089794796137487,30.351360927234282,40.28021285842562,False,False,0.0
1033,2016-12-27 18:30:00+00:00,industrial1,industrial,test,0,0,low,57.0,4,60,IA-GTPF,11,0,2016-12-27 19:30:00+00:00,17.5,17.5,True,False,57.0,28.885890703091356,-0.3550610896930642,28.39480795631724,33.744437740492636,28.885890703091356,-0.3550610896930642,28.39480795631724,33.744437740492636,28.885890703091356,-0.3550610896930642,28.39480795631724,33.744437740492636,False,False,0.0
1034,2016-12-27 18:45:00+00:00,industrial1,industrial,test,1,0,low,57.0,4,60,IA-GTPF,11,0,2016-12-27 19:45:00+00:00,16.5,16.5,True,False,57.0,28.290463109527316,-0.2541038810091376,28.508178815428185,37.956379118398154,28.290463109527316,-0.2541038810091376,28.508178815428185,37.956379118398154,28.290463109527316,-0.2541038810091376,28.508178815428185,37.956379118398154,False,False,0.0
1035,2016-12-27 19:00:00+00:00,industrial1,industrial,test,0,0,low,57.0,4,60,IA-GTPF,11,0,2016-12-27 20:00:00+00:00,16.375,16.375,True,False,57.0,27.394779197243334,-0.6006428255191759,27.70674671393415,39.7042116913772,27.394779197243334,-0.6006428255191759,27.70674671393415,39.7042116913772,27.394779197243334,-0.6006428255191759,27.70674671393415,39.7042116913772,False,False,0.0
1036,2016-12-27 19:15:00+00:00,industrial1,industrial,test,0,0,low,57.0,4,60,IA-GTPF,11,0,2016-12-27 20:15:00+00:00,15.375,15.375,True,False,57.0,24.410218216302425,0.0017408158141191347,24.659836362109875,35.13691202878096,24.410218216302425,0.0017408158141191347,24.659836362109875,35.13691202878096,24.410218216302425,0.0017408158141191347,24.659836362109875,35.13691202878096,False,False,0.0
1037,2016-12-27 19:30:00+00:00,industrial1,industrial,test,0,0,low,57.0,4,60,IA-GTPF,11,0,2016-12-27 20:30:00+00:00,16.25,16.25,True,False,57.0,19.77060905175515,0.0017408158141191347,18.575824020978228,24.758870572063334,19.77060905175515,0.0017408158141191347,18.575824020978228,24.758870572063334,19.77060905175515,0.0017408158141191347,18.575824020978228,24.758870572063334,False,False,0.0
1038,2016-12-27 19:45:00+00:00,industrial1,industrial,test,1,0,low,57.0,4,60,IA-GTPF,11,0,2016-12-27 20:45:00+00:00,14.75,14.75,True,False,57.0,19.289117629718753,0.0017408158141191347,18.532045261730357,22.618736937521774,19.289117629718753,0.0017408158141191347,18.532045261730357,22.618736937521774,19.289117629718753,0.0017408158141191347,18.532045261730357,22.618736937521774,False,False,0.0
1039,2016-12-27 20:00:00+00:00,industrial1,industrial,test,1,0,low,57.0,4,60,IA-GTPF,11,0,2016-12-27 21:00:00+00:00,16.625,16.625,True,False,57.0,19.029973882957584,0.0017408158141191347,18.527819518895907,21.550692467439166,19.029973882957584,0.0017408158141191347,18.527819518895907,21.550692467439166,19.029973882957584,0.0017408158141191347,18.527819518895907,21.550692467439166,False,False,0.0
1040,2016-12-27 20:15:00+00:00,industrial1,industrial,test,1,0,low,57.0,4,60,IA-GTPF,11,0,2016-12-27 21:15:00+00:00,18.25,18.25,True,False,57.0,18.69833470732793,0.0017408158141191347,18.844683080442753,25.902184037962027,18.69833470732793,0.0017408158141191347,18.844683080442753,25.902184037962027,18.69833470732793,0.0017408158141191347,18.844683080442753,25.902184037962027,False,False,0.0
1041,2016-12-27 20:30:00+00:00,industrial1,industrial,test,1,0,low,57.0,4,60,IA-GTPF,11,0,2016-12-27 21:30:00+00:00,16.375,16.375,True,False,57.0,16.39214988469214,0.0017408158141191347,14.327682781058943,21.749362779348054,16.39214988469214,0.0017408158141191347,14.327682781058943,21.749362779348054,16.39214988469214,0.0017408158141191347,14.327682781058943,21.749362779348054,False,False,0.0
1042,2016-12-27 20:45:00+00:00,industrial1,industrial,test,1,0,low,57.0,4,60,IA-GTPF,11,0,2016-12-27 21:45:00+00:00,14.625,14.625,True,False,57.0,16.003864122295948,0.0017408158141191347,14.29051336325352,21.733462875369863,16.003864122295948,0.0017408158141191347,14.29051336325352,21.733462875369863,16.003864122295948,0.0017408158141191347,14.29051336325352,21.733462875369863,False,False,0.0
1043,2016-12-27 21:00:00+00:00,industrial1,industrial,test,1,0,low,57.0,4,60,IA-GTPF,11,0,2016-12-27 22:00:00+00:00,15.5,15.5,True,False,57.0,16.589423409139723,0.0017408158141191347,14.862710307745097,20.571646177942867,16.589423409139723,0.0017408158141191347,14.862710307745097,20.571646177942867,16.589423409139723,0.0017408158141191347,14.862710307745097,20.571646177942867,False,False,0.0
1044,2016-12-27 21:15:00+00:00,industrial1,industrial,test,1,0,low,57.0,4,60,IA-GTPF,11,0,2016-12-27 22:15:00+00:00,17.125,17.125,True,False,57.0,18.122220995459458,0.0017408158141191347,17.563212386385555,25.398903821708394,18.122220995459458,0.0017408158141191347,17.563212386385555,25.398903821708394,18.122220995459458,0.0017408158141191347,17.563212386385555,25.398903821708394,False,False,0.0
1045,2016-12-27 21:30:00+00:00,industrial1,industrial,test,1,0,low,57.0,4,60,IA-GTPF,11,0,2016-12-27 22:30:00+00:00,20.125,20.125,True,False,57.0,17.554050795358204,0.0017408158141191347,17.14300940754031,21.243447387951296,17.554050795358204,0.0017408158141191347,17.14300940754031,21.243447387951296,17.554050795358204,0.0017408158141191347,17.14300940754031,21.243447387951296,False,False,0.0
1046,2016-12-27 21:45:00+00:00,industrial1,industrial,test,1,0,low,57.0,4,60,IA-GTPF,11,0,2016-12-27 22:45:00+00:00,17.0,17.0,True,False,57.0,17.1691300132286,0.0017408158141191347,17.04428932804826,21.445119314110734,17.1691300132286,0.0017408158141191347,17.04428932804826,21.445119314110734,17.1691300132286,0.0017408158141191347,17.04428932804826,21.445119314110734,False,False,0.0
1047,2016-12-27 22:00:00+00:00,industrial1,industrial,test,1,0,low,57.0,4,60,IA-GTPF,11,0,2016-12-27 23:00:00+00:00,15.25,15.25,True,False,57.0,17.557411430498334,0.0017408158141191347,17.142897909376934,22.724547376187587,17.557411430498334,0.0017408158141191347,17.142897909376934,22.724547376187587,17.557411430498334,0.0017408158141191347,17.142897909376934,22.724547376187587,False,False,0.0
1048,2016-12-27 22:15:00+00:00,industrial1,industrial,test,1,0,low,57.0,4,60,IA-GTPF,11,0,2016-12-27 23:15:00+00:00,15.25,15.25,True,False,57.0,17.649122394259578,0.0017408158141191347,16.94766067346363,21.563908657049776,17.649122394259578,0.0017408158141191347,16.94766067346363,21.563908657049776,17.649122394259578,0.0017408158141191347,16.94766067346363,21.563908657049776,False,False,0.0
1049,2016-12-27 22:30:00+00:00,industrial1,industrial,test,1,0,low,57.0,4,60,IA-GTPF,11,0,2016-12-27 23:30:00+00:00,17.375,17.375,True,False,57.0,18.439471693401213,0.0017408158141191347,17.334876225000183,27.407606684252595,18.439471693401213,0.0017408158141191347,17.334876225000183,27.407606684252595,18.439471693401213,0.0017408158141191347,17.334876225000183,27.407606684252595,False,False,0.0
1050,2016-12-27 22:45:00+00:00,industrial1,industrial,test,1,0,low,57.0,4,60,IA-GTPF,11,0,2016-12-27 23:45:00+00:00,20.0,20.0,True,False,57.0,18.20907688090071,0.0017408158141191347,17.080011289948043,22.738391286634812,18.20907688090071,0.0017408158141191347,17.080011289948043,22.738391286634812,18.20907688090071,0.0017408158141191347,17.080011289948043,22.738391286634812,False,False,0.0
1051,2016-12-27 23:00:00+00:00,industrial1,industrial,test,1,0,low,57.0,4,60,IA-GTPF,11,0,2016-12-28 00:00:00+00:00,28.5,28.5,True,False,57.0,20.25653632113802,-0.002015949620319958,18.694968840044233,27.55460641812791,20.25653632113802,-0.002015949620319958,18.694968840044233,27.55460641812791,20.25653632113802,-0.002015949620319958,18.694968840044233,27.55460641812791,False,False,0.0
1052,2016-12-27 23:15:00+00:00,industrial1,industrial,test,0,0,low,57.0,4,60,IA-GTPF,11,0,2016-12-28 00:15:00+00:00,35.125,35.125,True,False,57.0,20.431150559407097,-0.002015949620319958,18.592777713692566,27.73732457533953,20.431150559407097,-0.002015949620319958,18.592777713692566,27.73732457533953,20.431150559407097,-0.002015949620319958,18.592777713692566,27.73732457533953,False,False,0.0
1053,2016-12-27 23:30:00+00:00,industrial1,industrial,test,1,0,low,57.0,4,60,IA-GTPF,11,0,2016-12-28 00:30:00+00:00,15.75,15.75,True,False,57.0,19.95507711274646,-0.002015949620319958,18.147354226769465,28.43654449650236,19.95507711274646,-0.002015949620319958,18.147354226769465,28.43654449650236,19.95507711274646,-0.002015949620319958,18.147354226769465,28.43654449650236,False,False,0.0
1054,2016-12-27 23:45:00+00:00,industrial1,industrial,test,1,0,low,57.0,4,60,IA-GTPF,11,0,2016-12-28 00:45:00+00:00,15.875,15.875,True,False,57.0,21.312755646950354,-0.002015949620319958,19.358851833221625,33.51873424200437,21.312755646950354,-0.002015949620319958,19.358851833221625,33.51873424200437,21.312755646950354,-0.002015949620319958,19.358851833221625,33.51873424200437,False,False,0.0
1055,2016-12-28 00:00:00+00:00,industrial1,industrial,test,0,0,low,57.0,4,60,IA-GTPF,11,0,2016-12-28 01:00:00+00:00,25.125,25.125,True,False,57.0,23.000131569396522,0.31048961089367344,22.47353056386005,38.98669588814357,23.000131569396522,0.31048961089367344,22.47353056386005,38.98669588814357,23.000131569396522,0.31048961089367344,22.47353056386005,38.98669588814357,False,False,0.0
1056,2016-12-28 00:15:00+00:00,industrial1,industrial,test,0,0,low,57.0,4,60,IA-GTPF,11,0,2016-12-28 01:15:00+00:00,20.25,20.25,True,False,57.0,23.874366580338418,-0.002015949620319958,24.42388735180994,41.968308010855864,23.874366580338418,-0.002015949620319958,24.42388735180994,41.968308010855864,23.874366580338418,-0.002015949620319958,24.42388735180994,41.968308010855864,False,False,0.0
1057,2016-12-28 00:30:00+00:00,industrial1,industrial,test,0,0,low,57.0,4,60,IA-GTPF,11,0,2016-12-28 01:30:00+00:00,16.0,16.0,True,False,57.0,21.892016075033382,-0.002015949620319958,21.876538081363826,31.182591776929538,21.892016075033382,-0.002015949620319958,21.876538081363826,31.182591776929538,21.892016075033382,-0.002015949620319958,21.876538081363826,31.182591776929538,False,False,0.0
1058,2016-12-28 00:45:00+00:00,industrial1,industrial,test,1,0,low,57.0,4,60,IA-GTPF,11,0,2016-12-28 01:45:00+00:00,14.25,14.25,True,False,57.0,21.272602105581402,-0.002015949620319958,21.710864814284804,33.52946597075442,21.272602105581402,-0.002015949620319958,21.710864814284804,33.52946597075442,21.272602105581402,-0.002015949620319958,21.710864814284804,33.52946597075442,False,False,0.0
1059,2016-12-28 01:00:00+00:00,industrial1,industrial,test,0,0,low,57.0,4,60,IA-GTPF,11,0,2016-12-28 02:00:00+00:00,15.25,15.25,True,False,57.0,19.966567997553366,0.31048961089367344,19.57035024376012,25.970849872583567,19.966567997553366,0.31048961089367344,19.57035024376012,25.970849872583567,19.966567997553366,0.31048961089367344,19.57035024376012,25.970849872583567,False,False,0.0
1060,2016-12-28 01:15:00+00:00,industrial1,industrial,test,0,0,low,57.0,4,60,IA-GTPF,11,0,2016-12-28 02:15:00+00:00,14.25,14.25,True,False,57.0,19.646302913119182,-0.002015949620319958,18.874469850587612,27.63113508644605,19.646302913119182,-0.002015949620319958,18.874469850587612,27.63113508644605,19.646302913119182,-0.002015949620319958,18.874469850587612,27.63113508644605,False,False,0.0
1061,2016-12-28 01:30:00+00:00,industrial1,industrial,test,0,0,low,57.0,4,60,IA-GTPF,11,0,2016-12-28 02:30:00+00:00,16.625,16.625,True,False,57.0,18.761786023441772,-0.002015949620319958,18.025854626169473,20.906455107977337,18.761786023441772,-0.002015949620319958,18.025854626169473,20.906455107977337,18.761786023441772,-0.002015949620319958,18.025854626169473,20.906455107977337,False,False,0.0
1062,2016-12-28 01:45:00+00:00,industrial1,industrial,test,1,0,low,57.0,4,60,IA-GTPF,11,0,2016-12-28 02:45:00+00:00,17.0,17.0,True,False,57.0,16.900800641047777,-0.002015949620319958,15.99241712616946,20.133135706020937,16.900800641047777,-0.002015949620319958,15.99241712616946,20.133135706020937,16.900800641047777,-0.002015949620319958,15.99241712616946,20.133135706020937,False,False,0.0
1063,2016-12-28 02:00:00+00:00,industrial1,industrial,test,1,0,low,57.0,4,60,IA-GTPF,11,0,2016-12-28 03:00:00+00:00,18.0,18.0,True,False,57.0,16.47830941730235,-0.002015949620319958,15.579995481167694,21.929767971916927,16.47830941730235,-0.002015949620319958,15.579995481167694,21.929767971916927,16.47830941730235,-0.002015949620319958,15.579995481167694,21.929767971916927,False,False,0.0
1064,2016-12-28 02:15:00+00:00,industrial1,industrial,test,1,0,low,57.0,4,60,IA-GTPF,11,0,2016-12-28 03:15:00+00:00,16.875,16.875,True,False,57.0,16.15192545693918,-0.002015949620319958,14.75084307668867,22.253117491365128,16.15192545693918,-0.002015949620319958,14.75084307668867,22.253117491365128,16.15192545693918,-0.002015949620319958,14.75084307668867,22.253117491365128,False,False,0.0
1065,2016-12-28 02:30:00+00:00,industrial1,industrial,test,1,0,low,57.0,4,60,IA-GTPF,11,0,2016-12-28 03:30:00+00:00,23.75,23.75,True,False,57.0,16.12937057619105,-0.002015949620319958,14.560140549156433,22.85320220964412,16.12937057619105,-0.002015949620319958,14.560140549156433,22.85320220964412,16.12937057619105,-0.002015949620319958,14.560140549156433,22.85320220964412,False,False,0.0
1066,2016-12-28 02:45:00+00:00,industrial1,industrial,test,1,0,low,57.0,4,60,IA-GTPF,11,0,2016-12-28 03:45:00+00:00,19.125,19.125,True,False,57.0,16.168265375774702,-0.002015949620319958,14.899453947032812,19.99522930578489,16.168265375774702,-0.002015949620319958,14.899453947032812,19.99522930578489,16.168265375774702,-0.002015949620319958,14.899453947032812,19.99522930578489,False,False,0.0
1067,2016-12-28 03:00:00+00:00,industrial1,industrial,test,1,0,low,57.0,4,60,IA-GTPF,11,0,2016-12-28 04:00:00+00:00,16.0,16.0,True,False,57.0,17.18019159554888,-0.002015949620319958,15.769391195815228,24.886155751738993,17.18019159554888,-0.002015949620319958,15.769391195815228,24.886155751738993,17.18019159554888,-0.002015949620319958,15.769391195815228,24.886155751738993,False,False,0.0
1068,2016-12-28 03:15:00+00:00,industrial1,industrial,test,1,0,low,57.0,4,60,IA-GTPF,11,0,2016-12-28 04:15:00+00:00,15.875,15.875,True,False,57.0,18.16847016155167,-0.002015949620319958,16.87754988557326,21.00794049363785,18.16847016155167,-0.002015949620319958,16.87754988557326,21.00794049363785,18.16847016155167,-0.002015949620319958,16.87754988557326,21.00794049363785,False,False,0.0
1069,2016-12-28 03:30:00+00:00,industrial1,industrial,test,0,0,low,57.0,4,60,IA-GTPF,11,0,2016-12-28 04:30:00+00:00,17.125,17.125,True,False,57.0,19.56946721113072,-0.002015949620319958,18.49212389719358,25.441850748108884,19.56946721113072,-0.002015949620319958,18.49212389719358,25.441850748108884,19.56946721113072,-0.002015949620319958,18.49212389719358,25.441850748108884,False,False,0.0
1070,2016-12-28 03:45:00+00:00,industrial1,industrial,test,0,0,low,57.0,4,60,IA-GTPF,11,0,2016-12-28 04:45:00+00:00,14.375,14.375,True,False,57.0,19.49815899190638,-0.002015949620319958,18.56205645759129,28.254179198538075,19.49815899190638,-0.002015949620319958,18.56205645759129,28.254179198538075,19.49815899190638,-0.002015949620319958,18.56205645759129,28.254179198538075,False,False,0.0
1071,2016-12-28 04:00:00+00:00,industrial1,industrial,test,1,0,low,57.0,4,60,IA-GTPF,11,0,2016-12-28 05:00:00+00:00,15.625,15.625,True,False,57.0,18.596182022471645,-0.002015949620319958,18.337972860131213,22.50471208428435,18.596182022471645,-0.002015949620319958,18.337972860131213,22.50471208428435,18.596182022471645,-0.002015949620319958,18.337972860131213,22.50471208428435,False,False,0.0
1072,2016-12-28 04:15:00+00:00,industrial1,industrial,test,1,0,low,57.0,4,60,IA-GTPF,11,0,2016-12-28 05:15:00+00:00,15.625,15.625,True,False,57.0,19.40105727936994,-0.002015949620319958,18.341417257204935,21.039539187611542,19.40105727936994,-0.002015949620319958,18.341417257204935,21.039539187611542,19.40105727936994,-0.002015949620319958,18.341417257204935,21.039539187611542,False,False,0.0
1073,2016-12-28 04:30:00+00:00,industrial1,industrial,test,1,0,low,57.0,4,60,IA-GTPF,11,0,2016-12-28 05:30:00+00:00,16.125,16.125,True,False,57.0,18.530396596742534,-0.002015949620319958,17.03558447049748,24.13869629642874,18.530396596742534,-0.002015949620319958,17.03558447049748,24.13869629642874,18.530396596742534,-0.002015949620319958,17.03558447049748,24.13869629642874,False,False,0.0
1074,2016-12-28 04:45:00+00:00,industrial1,industrial,test,1,0,low,57.0,4,60,IA-GTPF,11,0,2016-12-28 05:45:00+00:00,21.375,21.375,True,False,57.0,18.094681142120827,-0.002015949620319958,17.38328103568927,25.529850999149467,18.094681142120827,-0.002015949620319958,17.38328103568927,25.529850999149467,18.094681142120827,-0.002015949620319958,17.38328103568927,25.529850999149467,False,False,0.0
1075,2016-12-28 05:00:00+00:00,industrial1,industrial,test,1,0,low,57.0,4,60,IA-GTPF,11,0,2016-12-28 06:00:00+00:00,35.625,35.625,True,False,57.0,19.350755136736105,-0.002015949620319958,18.21785461587199,27.3620724814128,19.350755136736105,-0.002015949620319958,18.21785461587199,27.3620724814128,19.350755136736105,-0.002015949620319958,18.21785461587199,27.3620724814128,False,False,0.0
1076,2016-12-28 05:15:00+00:00,industrial1,industrial,test,0,0,low,57.0,4,60,IA-GTPF,11,0,2016-12-28 06:15:00+00:00,38.875,38.875,True,False,57.0,19.44266442327679,-0.002015949620319958,18.21785461587199,26.758402517861963,19.44266442327679,-0.002015949620319958,18.21785461587199,26.758402517861963,19.44266442327679,-0.002015949620319958,18.21785461587199,26.758402517861963,False,False,0.0
1077,2016-12-28 05:30:00+00:00,industrial1,industrial,test,1,0,low,57.0,4,60,IA-GTPF,11,0,2016-12-28 06:30:00+00:00,25.875,25.875,True,False,57.0,17.704536827305745,-0.002015949620319958,15.00835110753425,27.041473509256633,17.704536827305745,-0.002015949620319958,15.00835110753425,27.041473509256633,17.704536827305745,-0.002015949620319958,15.00835110753425,27.041473509256633,False,False,0.0
1078,2016-12-28 05:45:00+00:00,industrial1,industrial,test,0,0,low,57.0,4,60,IA-GTPF,11,0,2016-12-28 06:45:00+00:00,22.5,22.5,True,False,57.0,21.379567826387454,-0.002015949620319958,19.530545494147812,31.583324731728286,21.379567826387454,-0.002015949620319958,19.530545494147812,31.583324731728286,21.379567826387454,-0.002015949620319958,19.530545494147812,31.583324731728286,False,False,0.0
1079,2016-12-28 06:00:00+00:00,industrial1,industrial,test,0,0,low,57.0,4,60,IA-GTPF,11,0,2016-12-28 07:00:00+00:00,31.5,31.5,True,False,57.0,25.701982756642305,0.2710149917522732,26.99442532043197,43.64734862365613,25.701982756642305,0.2710149917522732,26.99442532043197,43.64734862365613,25.701982756642305,0.2710149917522732,26.99442532043197,43.64734862365613,False,False,0.0
1080,2016-12-28 06:15:00+00:00,industrial1,industrial,test,1,0,low,57.0,4,60,IA-GTPF,11,0,2016-12-28 07:15:00+00:00,29.125,29.125,True,False,57.0,26.885923937321625,-0.2578606464435767,26.46554968223612,37.57043273168542,26.885923937321625,-0.2578606464435767,26.46554968223612,37.57043273168542,26.885923937321625,-0.2578606464435767,26.46554968223612,37.57043273168542,False,False,0.0
1081,2016-12-28 06:30:00+00:00,industrial1,industrial,test,0,0,low,57.0,4,60,IA-GTPF,11,0,2016-12-28 07:30:00+00:00,24.375,24.375,True,False,57.0,28.699740026264333,-0.002015949620319958,30.556816418001258,45.0039090228621,28.699740026264333,-0.002015949620319958,30.556816418001258,45.0039090228621,28.699740026264333,-0.002015949620319958,30.556816418001258,45.0039090228621,False,False,0.0
1082,2016-12-28 06:45:00+00:00,industrial1,industrial,test,1,0,low,57.0,4,60,IA-GTPF,11,0,2016-12-28 07:45:00+00:00,23.875,23.875,True,False,57.0,30.750992736090765,-0.002015949620319958,31.714148094767896,45.33120637996874,30.750992736090765,-0.002015949620319958,31.714148094767896,45.33120637996874,30.750992736090765,-0.002015949620319958,31.714148094767896,45.33120637996874,False,False,0.0
1083,2016-12-28 07:00:00+00:00,industrial1,industrial,test,0,0,low,57.0,4,60,IA-GTPF,11,0,2016-12-28 08:00:00+00:00,25.5,25.5,True,False,57.0,30.035122585148137,-0.06291085335220373,30.65757840018209,46.59823369194375,30.035122585148137,-0.06291085335220373,30.65757840018209,46.59823369194375,30.035122585148137,-0.06291085335220373,30.65757840018209,46.59823369194375,False,False,0.0
1084,2016-12-28 07:15:00+00:00,industrial1,industrial,test,1,0,low,57.0,4,60,IA-GTPF,11,0,2016-12-28 08:15:00+00:00,24.5,24.5,True,False,57.0,27.934647446323908,-0.002015949620319958,27.646473163311164,40.11499053478917,27.934647446323908,-0.002015949620319958,27.646473163311164,40.11499053478917,27.934647446323908,-0.002015949620319958,27.646473163311164,40.11499053478917,False,False,0.0
1085,2016-12-28 07:30:00+00:00,industrial1,industrial,test,0,0,low,57.0,4,60,IA-GTPF,11,0,2016-12-28 08:30:00+00:00,24.875,24.875,True,False,57.0,26.917970331876326,-0.002015949620319958,26.80531943450356,43.52466545421655,26.917970331876326,-0.002015949620319958,26.80531943450356,43.52466545421655,26.917970331876326,-0.002015949620319958,26.80531943450356,43.52466545421655,False,False,0.0
1086,2016-12-28 07:45:00+00:00,industrial1,industrial,test,1,0,medium,57.0,4,60,IA-GTPF,11,0,2016-12-28 08:45:00+00:00,23.375,23.375,True,False,57.0,27.282465042002173,-0.002015949620319958,26.87106127106804,40.844335342953485,27.282465042002173,-0.002015949620319958,26.87106127106804,40.844335342953485,27.282465042002173,-0.002015949620319958,26.87106127106804,40.844335342953485,False,False,0.0
1087,2016-12-28 08:00:00+00:00,industrial1,industrial,test,1,0,medium,57.0,4,60,IA-GTPF,11,0,2016-12-28 09:00:00+00:00,27.375,27.375,True,False,57.0,27.32135360451593,-0.002015949620319958,25.703449580882666,40.94640247977736,27.32135360451593,-0.002015949620319958,25.703449580882666,40.94640247977736,27.32135360451593,-0.002015949620319958,25.703449580882666,40.94640247977736,False,False,0.0
1088,2016-12-28 08:15:00+00:00,industrial1,industrial,test,1,0,medium,57.0,4,60,IA-GTPF,11,0,2016-12-28 09:15:00+00:00,26.625,26.625,True,False,57.0,28.02316673223568,-0.002015949620319958,27.313271359448105,41.130115965348374,28.02316673223568,-0.002015949620319958,27.313271359448105,41.130115965348374,28.02316673223568,-0.002015949620319958,27.313271359448105,41.130115965348374,False,False,0.0
1089,2016-12-28 08:30:00+00:00,industrial1,industrial,test,1,0,medium,57.0,4,60,IA-GTPF,11,0,2016-12-28 09:30:00+00:00,27.125,27.125,True,False,57.0,27.958846315278706,-0.002015949620319958,26.925760098701144,46.3678998397692,27.958846315278706,-0.002015949620319958,26.925760098701144,46.3678998397692,27.958846315278706,-0.002015949620319958,26.925760098701144,46.3678998397692,False,False,0.0
1090,2016-12-28 08:45:00+00:00,industrial1,industrial,test,1,0,medium,57.0,4,60,IA-GTPF,11,0,2016-12-28 09:45:00+00:00,29.25,29.25,True,False,57.0,27.688178163622847,-0.002015949620319958,27.339082963010554,44.63541186410721,27.688178163622847,-0.002015949620319958,27.339082963010554,44.63541186410721,27.688178163622847,-0.002015949620319958,27.339082963010554,44.63541186410721,False,False,0.0
1091,2016-12-28 09:00:00+00:00,industrial1,industrial,test,0,0,medium,57.0,4,60,IA-GTPF,11,0,2016-12-28 10:00:00+00:00,30.0,30.0,True,False,57.0,30.323841183007453,-0.002015949620319958,28.752361141894784,49.4018690866393,30.323841183007453,-0.002015949620319958,28.752361141894784,49.4018690866393,30.323841183007453,-0.002015949620319958,28.752361141894784,49.4018690866393,False,False,0.0
1092,2016-12-28 09:15:00+00:00,industrial1,industrial,test,1,0,medium,57.0,4,60,IA-GTPF,11,0,2016-12-28 10:15:00+00:00,37.875,37.875,True,False,57.0,32.391581023000555,-0.002015949620319958,30.81381580621274,51.785478451704314,32.391581023000555,-0.002015949620319958,30.81381580621274,51.785478451704314,32.391581023000555,-0.002015949620319958,30.81381580621274,51.785478451704314,False,False,0.0
1093,2016-12-28 09:30:00+00:00,industrial1,industrial,test,1,0,medium,57.0,4,60,IA-GTPF,11,0,2016-12-28 10:30:00+00:00,44.25,44.25,True,False,57.0,33.42653996398135,-0.002015949620319958,31.809718886485932,51.72703739428073,33.42653996398135,-0.002015949620319958,31.809718886485932,51.72703739428073,33.42653996398135,-0.002015949620319958,31.809718886485932,51.72703739428073,False,False,0.0
1094,2016-12-28 09:45:00+00:00,industrial1,industrial,test,1,0,medium,57.0,4,60,IA-GTPF,11,0,2016-12-28 10:45:00+00:00,40.625,40.625,True,False,57.0,32.484502634697094,-0.002015949620319958,30.165297150741058,50.21469532011241,32.484502634697094,-0.002015949620319958,30.165297150741058,50.21469532011241,32.484502634697094,-0.002015949620319958,30.165297150741058,50.21469532011241,False,False,0.0
1095,2016-12-28 10:00:00+00:00,industrial1,industrial,test,1,0,medium,57.0,4,60,IA-GTPF,11,0,2016-12-28 11:00:00+00:00,34.125,34.125,True,False,57.0,32.66259575124186,-0.002015949620319958,30.261631880894818,48.80407864901334,32.66259575124186,-0.002015949620319958,30.261631880894818,48.80407864901334,32.66259575124186,-0.002015949620319958,30.261631880894818,48.80407864901334,False,False,0.0
1096,2016-12-28 10:15:00+00:00,industrial1,industrial,test,0,0,medium,57.0,4,60,IA-GTPF,11,0,2016-12-28 11:15:00+00:00,32.125,32.125,True,False,57.0,37.914385035901816,-0.005252283985939665,37.55391716510663,50.68324103584301,37.914385035901816,-0.005252283985939665,37.55391716510663,50.68324103584301,37.914385035901816,-0.005252283985939665,37.55391716510663,50.68324103584301,False,False,0.0
1097,2016-12-28 10:30:00+00:00,industrial1,industrial,test,0,0,medium,57.0,4,60,IA-GTPF,11,0,2016-12-28 11:30:00+00:00,36.875,36.875,True,False,57.0,40.19827644710684,-0.002015949620319958,40.24507851739353,49.70697223634203,40.19827644710684,-0.002015949620319958,40.24507851739353,49.70697223634203,40.19827644710684,-0.002015949620319958,40.24507851739353,49.70697223634203,False,False,0.0
1098,2016-12-28 10:45:00+00:00,industrial1,industrial,test,1,0,medium,57.0,4,60,IA-GTPF,11,0,2016-12-28 11:45:00+00:00,41.875,41.875,True,False,57.0,40.77140176996584,-0.002015949620319958,41.36633802659047,62.38646572466965,40.77140176996584,-0.002015949620319958,41.36633802659047,62.38646572466965,40.77140176996584,-0.002015949620319958,41.36633802659047,62.38646572466965,False,False,0.0
1099,2016-12-28 11:00:00+00:00,industrial1,industrial,test,0,0,high,57.0,4,60,IA-GTPF,11,0,2016-12-28 12:00:00+00:00,39.375,39.375,True,False,57.0,38.55837659341942,-1.1486548333879587,37.98756500156175,59.99459340123604,38.55837659341942,-1.1486548333879587,37.98756500156175,59.99459340123604,38.55837659341942,-1.1486548333879587,37.98756500156175,59.99459340123604,False,False,0.0
1100,2016-12-28 11:15:00+00:00,industrial1,industrial,test,1,0,high,57.0,4,60,IA-GTPF,11,0,2016-12-28 12:15:00+00:00,32.375,32.375,True,False,57.0,36.395777891483554,-1.1486548333879587,34.94209980661045,62.507664990245495,36.395777891483554,-1.1486548333879587,34.94209980661045,62.507664990245495,36.395777891483554,-1.1486548333879587,34.94209980661045,62.507664990245495,False,False,0.0
1101,2016-12-28 11:30:00+00:00,industrial1,industrial,test,0,0,high,57.0,4,60,IA-GTPF,11,0,2016-12-28 12:30:00+00:00,30.625,30.625,True,False,57.0,36.424296451497675,-1.1486548333879587,34.77857362042184,52.656466727101055,36.424296451497675,-1.1486548333879587,34.77857362042184,52.656466727101055,36.424296451497675,-1.1486548333879587,34.77857362042184,52.656466727101055,False,False,0.0
1102,2016-12-28 11:45:00+00:00,industrial1,industrial,test,0,0,high,57.0,4,60,IA-GTPF,11,0,2016-12-28 12:45:00+00:00,28.125,28.125,True,False,57.0,36.99149676840156,-1.1486548333879587,34.77857362042184,58.07081301777709,36.99149676840156,-1.1486548333879587,34.77857362042184,58.07081301777709,36.99149676840156,-1.1486548333879587,34.77857362042184,58.07081301777709,False,False,0.0
1103,2016-12-28 12:00:00+00:00,industrial1,industrial,test,1,0,high,57.0,4,60,IA-GTPF,11,0,2016-12-28 13:00:00+00:00,39.375,39.375,True,False,57.0,39.63718729100813,-0.002015949620319958,40.634228034869864,63.02407006082132,39.63718729100813,-0.002015949620319958,40.634228034869864,63.02407006082132,39.63718729100813,-0.002015949620319958,40.634228034869864,63.02407006082132,False,False,0.0
1104,2016-12-28 12:15:00+00:00,industrial1,industrial,test,0,0,high,57.0,4,60,IA-GTPF,11,0,2016-12-28 13:15:00+00:00,45.0,45.0,True,False,57.0,39.8091047935493,-0.002015949620319958,40.634228034869864,60.44377075417197,39.8091047935493,-0.002015949620319958,40.634228034869864,60.44377075417197,39.8091047935493,-0.002015949620319958,40.634228034869864,60.44377075417197,False,False,0.0
1105,2016-12-28 12:30:00+00:00,industrial1,industrial,test,1,0,high,57.0,4,60,IA-GTPF,11,0,2016-12-28 13:30:00+00:00,40.0,40.0,True,False,57.0,39.80719919144184,-0.002015949620319958,40.55972122666154,63.03511907832682,39.80719919144184,-0.002015949620319958,40.55972122666154,63.03511907832682,39.80719919144184,-0.002015949620319958,40.55972122666154,63.03511907832682,False,False,0.0
1106,2016-12-28 12:45:00+00:00,industrial1,industrial,test,1,0,high,57.0,4,60,IA-GTPF,11,0,2016-12-28 13:45:00+00:00,35.625,35.625,True,False,57.0,36.982149152910665,-0.002015949620319958,37.164892985902505,54.32769193111131,36.982149152910665,-0.002015949620319958,37.164892985902505,54.32769193111131,36.982149152910665,-0.002015949620319958,37.164892985902505,54.32769193111131,False,False,0.0
1107,2016-12-28 13:00:00+00:00,industrial1,industrial,test,0,0,high,57.0,4,60,IA-GTPF,11,0,2016-12-28 14:00:00+00:00,36.25,36.25,True,False,57.0,37.037128482591235,0.1417153642860426,37.78355965365317,51.64990443783104,37.037128482591235,0.1417153642860426,37.78355965365317,51.64990443783104,37.037128482591235,0.1417153642860426,37.78355965365317,51.64990443783104,False,False,0.0
1108,2016-12-28 13:15:00+00:00,industrial1,industrial,test,0,0,high,57.0,4,60,IA-GTPF,11,0,2016-12-28 14:15:00+00:00,34.0,34.0,True,False,57.0,37.87521366135581,-0.002015949620319958,37.997095596612596,51.47448436629125,37.87521366135581,-0.002015949620319958,37.997095596612596,51.47448436629125,37.87521366135581,-0.002015949620319958,37.997095596612596,51.47448436629125,False,False,0.0
1109,2016-12-28 13:30:00+00:00,industrial1,industrial,test,0,0,high,57.0,4,60,IA-GTPF,11,0,2016-12-28 14:30:00+00:00,37.125,37.125,True,False,57.0,38.319272676265655,-0.002015949620319958,38.16062178280121,62.17005005387449,38.319272676265655,-0.002015949620319958,38.16062178280121,62.17005005387449,38.319272676265655,-0.002015949620319958,38.16062178280121,62.17005005387449,False,False,0.0
1110,2016-12-28 13:45:00+00:00,industrial1,industrial,test,0,0,high,57.0,4,60,IA-GTPF,11,0,2016-12-28 14:45:00+00:00,35.75,35.75,True,False,57.0,40.74220141491846,-0.002015949620319958,42.03252954385671,61.29577256259698,40.74220141491846,-0.002015949620319958,42.03252954385671,61.29577256259698,40.74220141491846,-0.002015949620319958,42.03252954385671,61.29577256259698,False,False,0.0
1111,2016-12-28 14:00:00+00:00,industrial1,industrial,test,1,0,high,57.0,4,60,IA-GTPF,11,0,2016-12-28 15:00:00+00:00,36.375,36.375,True,False,57.0,38.64105637199313,-0.002015949620319958,38.38960465498354,61.62819489038438,38.64105637199313,-0.002015949620319958,38.38960465498354,61.62819489038438,38.64105637199313,-0.002015949620319958,38.38960465498354,61.62819489038438,False,False,0.0
1112,2016-12-28 14:15:00+00:00,industrial1,industrial,test,1,0,medium,57.0,4,60,IA-GTPF,11,0,2016-12-28 15:15:00+00:00,40.5,40.5,True,False,57.0,36.41689697438615,-0.002015949620319958,35.13820163330224,65.7026896760782,36.41689697438615,-0.002015949620319958,35.13820163330224,65.7026896760782,36.41689697438615,-0.002015949620319958,35.13820163330224,65.7026896760782,False,False,0.0
1113,2016-12-28 14:30:00+00:00,industrial1,industrial,test,1,0,medium,57.0,4,60,IA-GTPF,11,0,2016-12-28 15:30:00+00:00,43.25,43.25,True,False,57.0,35.15495266167356,-0.002015949620319958,34.641225329885955,52.57378518642281,35.15495266167356,-0.002015949620319958,34.641225329885955,52.57378518642281,35.15495266167356,-0.002015949620319958,34.641225329885955,52.57378518642281,False,False,0.0
1114,2016-12-28 14:45:00+00:00,industrial1,industrial,test,1,0,medium,57.0,4,60,IA-GTPF,11,0,2016-12-28 15:45:00+00:00,31.5,31.5,True,False,57.0,34.815931952638515,-0.002015949620319958,34.54054824825401,50.83776266815015,34.815931952638515,-0.002015949620319958,34.54054824825401,50.83776266815015,34.815931952638515,-0.002015949620319958,34.54054824825401,50.83776266815015,False,False,0.0
1115,2016-12-28 15:00:00+00:00,industrial1,industrial,test,1,0,medium,57.0,4,60,IA-GTPF,11,0,2016-12-28 16:00:00+00:00,33.0,33.0,True,False,57.0,34.09548071499925,-0.002015949620319958,34.24801920187552,51.63749099420246,34.09548071499925,-0.002015949620319958,34.24801920187552,51.63749099420246,34.09548071499925,-0.002015949620319958,34.24801920187552,51.63749099420246,False,False,0.0
1116,2016-12-28 15:15:00+00:00,industrial1,industrial,test,0,0,medium,57.0,4,60,IA-GTPF,11,0,2016-12-28 16:15:00+00:00,25.375,25.375,True,False,57.0,34.8001190059466,-0.002015949620319958,34.75412912705648,57.48835929349456,34.8001190059466,-0.002015949620319958,34.75412912705648,57.48835929349456,34.8001190059466,-0.002015949620319958,34.75412912705648,57.48835929349456,False,False,0.0
1117,2016-12-28 15:30:00+00:00,industrial1,industrial,test,1,0,medium,57.0,4,60,IA-GTPF,11,0,2016-12-28 16:30:00+00:00,27.375,27.375,True,False,57.0,35.24822255015506,-0.002015949620319958,35.34896358760918,58.46969819203694,35.24822255015506,-0.002015949620319958,35.34896358760918,58.46969819203694,35.24822255015506,-0.002015949620319958,35.34896358760918,58.46969819203694,False,False,0.0
1118,2016-12-28 15:45:00+00:00,industrial1,industrial,test,0,0,low,57.0,4,60,IA-GTPF,11,0,2016-12-28 16:45:00+00:00,27.125,27.125,True,False,57.0,33.752119234943684,-0.002015949620319958,34.189303538985044,56.876255914917785,33.752119234943684,-0.002015949620319958,34.189303538985044,56.876255914917785,33.752119234943684,-0.002015949620319958,34.189303538985044,56.876255914917785,False,False,0.0
1119,2016-12-28 16:00:00+00:00,industrial1,industrial,test,1,0,low,57.0,4,60,IA-GTPF,11,0,2016-12-28 17:00:00+00:00,26.125,26.125,True,False,57.0,33.669830661495496,-0.002015949620319958,34.51914932456249,56.36100042993746,33.669830661495496,-0.002015949620319958,34.51914932456249,56.36100042993746,33.669830661495496,-0.002015949620319958,34.51914932456249,56.36100042993746,False,False,0.0
1120,2016-12-28 16:15:00+00:00,industrial1,industrial,test,0,0,low,57.0,4,60,IA-GTPF,11,0,2016-12-28 17:15:00+00:00,29.625,29.625,True,False,57.0,31.196951906755153,-0.002015949620319958,31.818446354927456,43.71606323242514,31.196951906755153,-0.002015949620319958,31.818446354927456,43.71606323242514,31.196951906755153,-0.002015949620319958,31.818446354927456,43.71606323242514,False,False,0.0
1121,2016-12-28 16:30:00+00:00,industrial1,industrial,test,1,0,low,57.0,4,60,IA-GTPF,11,0,2016-12-28 17:30:00+00:00,27.0,27.0,True,False,57.0,29.281855496317586,-0.002015949620319958,30.512892255123635,48.257770906299996,29.281855496317586,-0.002015949620319958,30.512892255123635,48.257770906299996,29.281855496317586,-0.002015949620319958,30.512892255123635,48.257770906299996,False,False,0.0
1122,2016-12-28 16:45:00+00:00,industrial1,industrial,test,1,0,low,57.0,4,60,IA-GTPF,11,0,2016-12-28 17:45:00+00:00,30.0,30.0,True,False,57.0,28.777351017161543,-0.002015949620319958,30.377842170658486,43.68951461649716,28.777351017161543,-0.002015949620319958,30.377842170658486,43.68951461649716,28.777351017161543,-0.002015949620319958,30.377842170658486,43.68951461649716,False,False,0.0
1123,2016-12-28 17:00:00+00:00,industrial1,industrial,test,1,0,low,57.0,4,60,IA-GTPF,11,0,2016-12-28 18:00:00+00:00,39.33129855715872,39.33129855715872,True,False,56.0,27.307211189153378,-0.002015949620319958,26.818682115739424,41.398856300204095,27.307211189153378,-0.002015949620319958,26.818682115739424,41.398856300204095,27.307211189153378,-0.002015949620319958,26.818682115739424,41.398856300204095,False,False,0.0
1124,2016-12-28 17:15:00+00:00,industrial1,industrial,test,1,0,low,57.0,4,60,IA-GTPF,11,0,2016-12-28 18:15:00+00:00,46.625,46.625,True,False,56.0,28.17056746880331,-0.002015949620319958,28.15876740685984,39.428746314818525,28.17056746880331,-0.002015949620319958,28.15876740685984,39.428746314818525,28.17056746880331,-0.002015949620319958,28.15876740685984,39.428746314818525,False,False,0.0
1125,2016-12-28 17:30:00+00:00,industrial1,industrial,test,1,0,low,57.0,4,60,IA-GTPF,11,0,2016-12-28 18:30:00+00:00,31.5,31.5,True,False,56.0,26.835442239028694,-0.002015949620319958,26.959569716959024,37.447817634681556,26.835442239028694,-0.002015949620319958,26.959569716959024,37.447817634681556,26.835442239028694,-0.002015949620319958,26.959569716959024,37.447817634681556,False,False,0.0
1126,2016-12-28 17:45:00+00:00,industrial1,industrial,test,1,0,low,57.0,4,60,IA-GTPF,11,0,2016-12-28 18:45:00+00:00,23.25,23.25,True,False,56.0,26.630821917909575,-0.002015949620319958,26.76561442459726,37.38833188218167,26.630821917909575,-0.002015949620319958,26.76561442459726,37.38833188218167,26.630821917909575,-0.002015949620319958,26.76561442459726,37.38833188218167,False,False,0.0
1127,2016-12-28 18:00:00+00:00,industrial1,industrial,test,0,0,low,56.0,4,60,IA-GTPF,11,0,2016-12-28 19:00:00+00:00,32.0,32.0,True,False,56.0,29.897043058434175,0.1849467488618819,29.508182545670888,40.39775712272793,29.897043058434175,0.1849467488618819,29.508182545670888,40.39775712272793,29.897043058434175,0.1849467488618819,29.508182545670888,40.39775712272793,False,False,0.0
1128,2016-12-28 18:15:00+00:00,industrial1,industrial,test,0,0,low,56.0,4,60,IA-GTPF,11,0,2016-12-28 19:15:00+00:00,28.75,28.75,True,False,56.0,31.444130577474866,-0.0014955185515005721,30.04888970685019,38.25309610491468,31.444130577474866,-0.0014955185515005721,30.04888970685019,38.25309610491468,31.444130577474866,-0.0014955185515005721,30.04888970685019,38.25309610491468,False,False,0.0
1129,2016-12-28 18:30:00+00:00,industrial1,industrial,test,0,0,low,56.0,4,60,IA-GTPF,11,0,2016-12-28 19:30:00+00:00,20.125,20.125,True,False,56.0,31.608860307315865,0.0017408158141191347,31.48192430322025,46.52508232153932,31.608860307315865,0.0017408158141191347,31.48192430322025,46.52508232153932,31.608860307315865,0.0017408158141191347,31.48192430322025,46.52508232153932,False,False,0.0
1130,2016-12-28 18:45:00+00:00,industrial1,industrial,test,0,0,low,56.0,4,60,IA-GTPF,11,0,2016-12-28 19:45:00+00:00,19.5,19.5,True,False,56.0,29.05566805804504,0.0017408158141191347,29.12322463641295,36.877025482594924,29.05566805804504,0.0017408158141191347,29.12322463641295,36.877025482594924,29.05566805804504,0.0017408158141191347,29.12322463641295,36.877025482594924,False,False,0.0
1131,2016-12-28 19:00:00+00:00,industrial1,industrial,test,0,0,low,56.0,4,60,IA-GTPF,11,0,2016-12-28 20:00:00+00:00,19.625,19.625,True,False,56.0,28.786096540178924,0.1849467488618819,28.437522199847045,39.221798225958956,28.786096540178924,0.1849467488618819,28.437522199847045,39.221798225958956,28.786096540178924,0.1849467488618819,28.437522199847045,39.221798225958956,False,False,0.0
1132,2016-12-28 19:15:00+00:00,industrial1,industrial,test,1,0,low,56.0,4,60,IA-GTPF,11,0,2016-12-28 20:15:00+00:00,16.875,16.875,True,False,56.0,25.60545364312357,0.0017408158141191347,25.48315165004046,37.006947915691065,25.60545364312357,0.0017408158141191347,25.48315165004046,37.006947915691065,25.60545364312357,0.0017408158141191347,25.48315165004046,37.006947915691065,False,False,0.0
1133,2016-12-28 19:30:00+00:00,industrial1,industrial,test,0,0,low,56.0,4,60,IA-GTPF,11,0,2016-12-28 20:30:00+00:00,17.5,17.5,True,False,56.0,21.755103741515153,0.0017408158141191347,20.82908484092235,28.228900163994002,21.755103741515153,0.0017408158141191347,20.82908484092235,28.228900163994002,21.755103741515153,0.0017408158141191347,20.82908484092235,28.228900163994002,False,False,0.0
1134,2016-12-28 19:45:00+00:00,industrial1,industrial,test,1,0,low,56.0,4,60,IA-GTPF,11,0,2016-12-28 20:45:00+00:00,16.25,16.25,True,False,56.0,21.63223982257989,0.0017408158141191347,20.82928156563103,28.42943624923822,21.63223982257989,0.0017408158141191347,20.82928156563103,28.42943624923822,21.63223982257989,0.0017408158141191347,20.82928156563103,28.42943624923822,False,False,0.0
1135,2016-12-28 20:00:00+00:00,industrial1,industrial,test,1,0,low,56.0,4,60,IA-GTPF,11,0,2016-12-28 21:00:00+00:00,18.25,18.25,True,False,56.0,21.104202623453965,0.0017408158141191347,20.941042734866304,26.857903530651306,21.104202623453965,0.0017408158141191347,20.941042734866304,26.857903530651306,21.104202623453965,0.0017408158141191347,20.941042734866304,26.857903530651306,False,False,0.0
1136,2016-12-28 20:15:00+00:00,industrial1,industrial,test,1,0,low,56.0,4,60,IA-GTPF,11,0,2016-12-28 21:15:00+00:00,19.125,19.125,True,False,56.0,19.474447465609042,0.0017408158141191347,18.980436445645463,23.298711073347604,19.474447465609042,0.0017408158141191347,18.980436445645463,23.298711073347604,19.474447465609042,0.0017408158141191347,18.980436445645463,23.298711073347604,False,False,0.0
1137,2016-12-28 20:30:00+00:00,industrial1,industrial,test,1,0,low,56.0,4,60,IA-GTPF,11,0,2016-12-28 21:30:00+00:00,21.5,21.5,True,False,56.0,19.063274751376273,0.0017408158141191347,19.003697374238598,21.398849561531698,19.063274751376273,0.0017408158141191347,19.003697374238598,21.398849561531698,19.063274751376273,0.0017408158141191347,19.003697374238598,21.398849561531698,False,False,0.0
1138,2016-12-28 20:45:00+00:00,industrial1,industrial,test,1,0,low,56.0,4,60,IA-GTPF,11,0,2016-12-28 21:45:00+00:00,19.625,19.625,True,False,56.0,18.596737251205646,0.0017408158141191347,18.732456318864646,22.059357464739634,18.596737251205646,0.0017408158141191347,18.732456318864646,22.059357464739634,18.596737251205646,0.0017408158141191347,18.732456318864646,22.059357464739634,False,False,0.0
1139,2016-12-28 21:00:00+00:00,industrial1,industrial,test,1,0,low,56.0,4,60,IA-GTPF,11,0,2016-12-28 22:00:00+00:00,17.25,17.25,True,False,56.0,19.799627530782885,0.0017408158141191347,19.453431411434405,26.072142286317,19.799627530782885,0.0017408158141191347,19.453431411434405,26.072142286317,19.799627530782885,0.0017408158141191347,19.453431411434405,26.072142286317,False,False,0.0
1140,2016-12-28 21:15:00+00:00,industrial1,industrial,test,1,0,low,56.0,4,60,IA-GTPF,11,0,2016-12-28 22:15:00+00:00,17.625,17.625,True,False,56.0,19.912770170357646,0.0017408158141191347,19.600697560350426,26.88396197869735,19.912770170357646,0.0017408158141191347,19.600697560350426,26.88396197869735,19.912770170357646,0.0017408158141191347,19.600697560350426,26.88396197869735,False,False,0.0
1141,2016-12-28 21:30:00+00:00,industrial1,industrial,test,1,0,low,56.0,4,60,IA-GTPF,11,0,2016-12-28 22:30:00+00:00,15.375,15.375,True,False,56.0,20.281715785289503,0.0017408158141191347,19.545896548037234,28.21173008548792,20.281715785289503,0.0017408158141191347,19.545896548037234,28.21173008548792,20.281715785289503,0.0017408158141191347,19.545896548037234,28.21173008548792,False,False,0.0
1142,2016-12-28 21:45:00+00:00,industrial1,industrial,test,1,0,low,56.0,4,60,IA-GTPF,11,0,2016-12-28 22:45:00+00:00,14.875,14.875,True,False,56.0,20.809515084560694,0.0017408158141191347,21.340676856468406,26.88788501513359,20.809515084560694,0.0017408158141191347,21.340676856468406,26.88788501513359,20.809515084560694,0.0017408158141191347,21.340676856468406,26.88788501513359,False,False,0.0
1143,2016-12-28 22:00:00+00:00,industrial1,industrial,test,1,0,low,56.0,4,60,IA-GTPF,11,0,2016-12-28 23:00:00+00:00,17.125,17.125,True,False,56.0,18.22981702837245,0.0017408158141191347,17.003477774423587,22.2161261283163,18.22981702837245,0.0017408158141191347,17.003477774423587,22.2161261283163,18.22981702837245,0.0017408158141191347,17.003477774423587,22.2161261283163,False,False,0.0
1144,2016-12-28 22:15:00+00:00,industrial1,industrial,test,1,0,low,56.0,4,60,IA-GTPF,11,0,2016-12-28 23:15:00+00:00,17.625,17.625,True,False,56.0,18.91066452093308,0.0017408158141191347,17.448225403472655,20.349475325118586,18.91066452093308,0.0017408158141191347,17.448225403472655,20.349475325118586,18.91066452093308,0.0017408158141191347,17.448225403472655,20.349475325118586,False,False,0.0
1145,2016-12-28 22:30:00+00:00,industrial1,industrial,test,1,0,low,56.0,4,60,IA-GTPF,11,0,2016-12-28 23:30:00+00:00,19.0,19.0,True,False,56.0,17.932211214023866,0.0017408158141191347,17.00145607276301,22.176036027236737,17.932211214023866,0.0017408158141191347,17.00145607276301,22.176036027236737,17.932211214023866,0.0017408158141191347,17.00145607276301,22.176036027236737,False,False,0.0
1146,2016-12-28 22:45:00+00:00,industrial1,industrial,test,1,0,low,56.0,4,60,IA-GTPF,11,0,2016-12-28 23:45:00+00:00,21.25,21.25,True,False,56.0,17.48495828543469,0.0017408158141191347,17.01073707000557,22.65340292950517,17.48495828543469,0.0017408158141191347,17.01073707000557,22.65340292950517,17.48495828543469,0.0017408158141191347,17.01073707000557,22.65340292950517,False,False,0.0
1147,2016-12-28 23:00:00+00:00,industrial1,industrial,test,1,0,low,56.0,4,60,IA-GTPF,11,0,2016-12-29 00:00:00+00:00,33.125,33.125,True,False,56.0,19.469340927958665,-0.002015949620319958,18.169955425766915,27.520814520129438,19.469340927958665,-0.002015949620319958,18.169955425766915,27.520814520129438,19.469340927958665,-0.002015949620319958,18.169955425766915,27.520814520129438,False,False,0.0
1148,2016-12-28 23:15:00+00:00,industrial1,industrial,test,1,0,low,56.0,4,60,IA-GTPF,11,0,2016-12-29 00:15:00+00:00,38.875,38.875,True,False,56.0,21.62190824907355,-0.002015949620319958,19.781251338005223,29.80726901481624,21.62190824907355,-0.002015949620319958,19.781251338005223,29.80726901481624,21.62190824907355,-0.002015949620319958,19.781251338005223,29.80726901481624,False,False,0.0
1149,2016-12-28 23:30:00+00:00,industrial1,industrial,test,1,0,low,56.0,4,60,IA-GTPF,11,0,2016-12-29 00:30:00+00:00,15.25,15.25,True,False,56.0,21.63663622557508,-0.002015949620319958,19.220552189144428,32.890199781724675,21.63663622557508,-0.002015949620319958,19.220552189144428,32.890199781724675,21.63663622557508,-0.002015949620319958,19.220552189144428,32.890199781724675,False,False,0.0
1150,2016-12-28 23:45:00+00:00,industrial1,industrial,test,1,0,low,56.0,4,60,IA-GTPF,11,0,2016-12-29 00:45:00+00:00,16.0,16.0,True,False,56.0,22.42152548208676,-0.002015949620319958,19.362037301699363,35.22866081865315,22.42152548208676,-0.002015949620319958,19.362037301699363,35.22866081865315,22.42152548208676,-0.002015949620319958,19.362037301699363,35.22866081865315,False,False,0.0
1151,2016-12-29 00:00:00+00:00,industrial1,industrial,test,0,0,low,56.0,4,60,IA-GTPF,11,0,2016-12-29 01:00:00+00:00,26.5,26.5,True,False,56.0,24.194179332829172,-0.005884478404997355,24.511181437530148,41.49574355505913,24.194179332829172,-0.005884478404997355,24.511181437530148,41.49574355505913,24.194179332829172,-0.005884478404997355,24.511181437530148,41.49574355505913,False,False,0.0
1152,2016-12-29 00:15:00+00:00,industrial1,industrial,test,0,0,low,56.0,4,60,IA-GTPF,11,0,2016-12-29 01:15:00+00:00,21.375,21.375,True,False,56.0,25.891689691831974,-0.002015949620319958,26.420762351809945,38.35720575416853,25.891689691831974,-0.002015949620319958,26.420762351809945,38.35720575416853,25.891689691831974,-0.002015949620319958,26.420762351809945,38.35720575416853,False,False,0.0
1153,2016-12-29 00:30:00+00:00,industrial1,industrial,test,0,0,low,56.0,4,60,IA-GTPF,11,0,2016-12-29 01:30:00+00:00,15.625,15.625,True,False,56.0,22.456235011482466,0.32621104868584166,22.20476507966999,33.33896586829333,22.456235011482466,0.32621104868584166,22.20476507966999,33.33896586829333,22.456235011482466,0.32621104868584166,22.20476507966999,33.33896586829333,False,False,0.0
1154,2016-12-29 00:45:00+00:00,industrial1,industrial,test,1,0,low,56.0,4,60,IA-GTPF,11,0,2016-12-29 01:45:00+00:00,16.125,16.125,True,False,56.0,21.442152352855924,0.42716825736976827,22.140049021274894,33.96429431653952,21.442152352855924,0.42716825736976827,22.140049021274894,33.96429431653952,21.442152352855924,0.42716825736976827,22.140049021274894,33.96429431653952,False,False,0.0
1155,2016-12-29 01:00:00+00:00,industrial1,industrial,test,0,0,low,56.0,4,60,IA-GTPF,11,0,2016-12-29 02:00:00+00:00,14.875,14.875,True,False,56.0,20.071840151263515,-0.29900350669817843,19.632402813927182,31.412019139617215,20.071840151263515,-0.29900350669817843,19.632402813927182,31.412019139617215,20.071840151263515,-0.29900350669817843,19.632402813927182,31.412019139617215,False,False,0.0
1156,2016-12-29 01:15:00+00:00,industrial1,industrial,test,0,0,low,56.0,4,60,IA-GTPF,11,0,2016-12-29 02:15:00+00:00,17.0,17.0,True,False,56.0,19.87976568119453,-0.002015949620319958,18.876480200353118,28.140117049972858,19.87976568119453,-0.002015949620319958,18.876480200353118,28.140117049972858,19.87976568119453,-0.002015949620319958,18.876480200353118,28.140117049972858,False,False,0.0
1157,2016-12-29 01:30:00+00:00,industrial1,industrial,test,0,0,low,56.0,4,60,IA-GTPF,11,0,2016-12-29 02:30:00+00:00,14.125,14.125,True,False,56.0,18.50697896367296,-0.002015949620319958,18.025854626169473,21.410665467035553,18.50697896367296,-0.002015949620319958,18.025854626169473,21.410665467035553,18.50697896367296,-0.002015949620319958,18.025854626169473,21.410665467035553,False,False,0.0
1158,2016-12-29 01:45:00+00:00,industrial1,industrial,test,1,0,low,56.0,4,60,IA-GTPF,11,0,2016-12-29 02:45:00+00:00,16.375,16.375,True,False,56.0,18.345929127440378,-0.002015949620319958,17.86018135909045,20.731065421773426,18.345929127440378,-0.002015949620319958,17.86018135909045,20.731065421773426,18.345929127440378,-0.002015949620319958,17.86018135909045,20.731065421773426,False,False,0.0
1159,2016-12-29 02:00:00+00:00,industrial1,industrial,test,1,0,low,56.0,4,60,IA-GTPF,11,0,2016-12-29 03:00:00+00:00,19.375,19.375,True,False,56.0,17.808691249170796,-0.002015949620319958,18.051896294899073,22.28765127308977,17.808691249170796,-0.002015949620319958,18.051896294899073,22.28765127308977,17.808691249170796,-0.002015949620319958,18.051896294899073,22.28765127308977,False,False,0.0
1160,2016-12-29 02:15:00+00:00,industrial1,industrial,test,1,0,low,56.0,4,60,IA-GTPF,11,0,2016-12-29 03:15:00+00:00,17.625,17.625,True,False,56.0,17.463696394199168,-0.002015949620319958,17.03845171596347,21.327976146799372,17.463696394199168,-0.002015949620319958,17.03845171596347,21.327976146799372,17.463696394199168,-0.002015949620319958,17.03845171596347,21.327976146799372,False,False,0.0
1161,2016-12-29 02:30:00+00:00,industrial1,industrial,test,1,0,low,56.0,4,60,IA-GTPF,11,0,2016-12-29 03:30:00+00:00,20.375,20.375,True,False,56.0,16.450579020035114,-0.002015949620319958,15.347917465753909,22.599391175470647,16.450579020035114,-0.002015949620319958,15.347917465753909,22.599391175470647,16.450579020035114,-0.002015949620319958,15.347917465753909,22.599391175470647,False,False,0.0
1162,2016-12-29 02:45:00+00:00,industrial1,industrial,test,1,0,low,56.0,4,60,IA-GTPF,11,0,2016-12-29 03:45:00+00:00,18.5,18.5,True,False,56.0,16.1076382867122,-0.002015949620319958,14.999372016041809,22.592727589020946,16.1076382867122,-0.002015949620319958,14.999372016041809,22.592727589020946,16.1076382867122,-0.002015949620319958,14.999372016041809,22.592727589020946,False,False,0.0
1163,2016-12-29 03:00:00+00:00,industrial1,industrial,test,1,0,low,56.0,4,60,IA-GTPF,11,0,2016-12-29 04:00:00+00:00,14.375,14.375,True,False,56.0,17.119807052873522,-0.002015949620319958,15.900383576817022,26.34728827371495,17.119807052873522,-0.002015949620319958,15.900383576817022,26.34728827371495,17.119807052873522,-0.002015949620319958,15.900383576817022,26.34728827371495,False,False,0.0
1164,2016-12-29 03:15:00+00:00,industrial1,industrial,test,1,0,low,56.0,4,60,IA-GTPF,11,0,2016-12-29 04:15:00+00:00,15.875,15.875,True,False,56.0,17.09711634855924,-0.002015949620319958,15.913527810673765,25.426323979690903,17.09711634855924,-0.002015949620319958,15.913527810673765,25.426323979690903,17.09711634855924,-0.002015949620319958,15.913527810673765,25.426323979690903,False,False,0.0
1165,2016-12-29 03:30:00+00:00,industrial1,industrial,test,1,0,low,56.0,4,60,IA-GTPF,11,0,2016-12-29 04:30:00+00:00,35.25,35.25,True,False,56.0,18.913611459696924,-0.002015949620319958,17.785741618968157,26.296463996041208,18.913611459696924,-0.002015949620319958,17.785741618968157,26.296463996041208,18.913611459696924,-0.002015949620319958,17.785741618968157,26.296463996041208,False,False,0.0
1166,2016-12-29 03:45:00+00:00,industrial1,industrial,test,1,0,low,56.0,4,60,IA-GTPF,11,0,2016-12-29 04:45:00+00:00,19.125,19.125,True,False,56.0,19.077385591831863,-0.002015949620319958,17.950676321889965,26.999595079583575,19.077385591831863,-0.002015949620319958,17.950676321889965,26.999595079583575,19.077385591831863,-0.002015949620319958,17.950676321889965,26.999595079583575,False,False,0.0
1167,2016-12-29 04:00:00+00:00,industrial1,industrial,test,0,0,low,56.0,4,60,IA-GTPF,11,0,2016-12-29 05:00:00+00:00,15.25,15.25,True,False,56.0,17.512010645323386,-0.002015949620319958,17.099153216833514,22.33698710690193,17.512010645323386,-0.002015949620319958,17.099153216833514,22.33698710690193,17.512010645323386,-0.002015949620319958,17.099153216833514,22.33698710690193,False,False,0.0
1168,2016-12-29 04:15:00+00:00,industrial1,industrial,test,1,0,low,56.0,4,60,IA-GTPF,11,0,2016-12-29 05:15:00+00:00,17.0,17.0,True,False,56.0,18.42994992871852,-0.002015949620319958,17.3895123945617,21.30713026944808,18.42994992871852,-0.002015949620319958,17.3895123945617,21.30713026944808,18.42994992871852,-0.002015949620319958,17.3895123945617,21.30713026944808,False,False,0.0
1169,2016-12-29 04:30:00+00:00,industrial1,industrial,test,0,0,low,56.0,4,60,IA-GTPF,11,0,2016-12-29 05:30:00+00:00,17.625,17.625,True,False,56.0,20.589679886452835,0.2710149917522732,20.489950752116442,30.131490434523485,20.589679886452835,0.2710149917522732,20.489950752116442,30.131490434523485,20.589679886452835,0.2710149917522732,20.489950752116442,30.131490434523485,False,False,0.0
1170,2016-12-29 04:45:00+00:00,industrial1,industrial,test,0,0,low,56.0,4,60,IA-GTPF,11,0,2016-12-29 05:45:00+00:00,20.375,20.375,True,False,56.0,20.407826116708723,-0.002015949620319958,19.91452370027196,29.635437812728174,20.407826116708723,-0.002015949620319958,19.91452370027196,29.635437812728174,20.407826116708723,-0.002015949620319958,19.91452370027196,29.635437812728174,False,False,0.0
1171,2016-12-29 05:00:00+00:00,industrial1,industrial,test,0,0,low,56.0,4,60,IA-GTPF,11,0,2016-12-29 06:00:00+00:00,33.0,33.0,True,False,56.0,22.289650629883646,-0.002015949620319958,22.815441170662133,30.3240494103666,22.289650629883646,-0.002015949620319958,22.815441170662133,30.3240494103666,22.289650629883646,-0.002015949620319958,22.815441170662133,30.3240494103666,False,False,0.0
1172,2016-12-29 05:15:00+00:00,industrial1,industrial,test,1,0,low,56.0,4,60,IA-GTPF,11,0,2016-12-29 06:15:00+00:00,24.5,24.5,True,False,56.0,22.138036697028465,-0.002015949620319958,22.750117564664276,26.978744776209513,22.138036697028465,-0.002015949620319958,22.750117564664276,26.978744776209513,22.138036697028465,-0.002015949620319958,22.750117564664276,26.978744776209513,False,False,0.0
1173,2016-12-29 05:30:00+00:00,industrial1,industrial,test,1,0,low,56.0,4,60,IA-GTPF,11,0,2016-12-29 06:30:00+00:00,21.0,21.0,True,False,56.0,19.754123879534617,-0.002015949620319958,19.09806235289856,24.3064726724285,19.754123879534617,-0.002015949620319958,19.09806235289856,24.3064726724285,19.754123879534617,-0.002015949620319958,19.09806235289856,24.3064726724285,False,False,0.0
1174,2016-12-29 05:45:00+00:00,industrial1,industrial,test,1,0,low,56.0,4,60,IA-GTPF,11,0,2016-12-29 06:45:00+00:00,22.5,22.5,True,False,56.0,19.947806456282652,-0.002015949620319958,18.968030138763393,31.90171222765106,19.947806456282652,-0.002015949620319958,18.968030138763393,31.90171222765106,19.947806456282652,-0.002015949620319958,18.968030138763393,31.90171222765106,False,False,0.0
1175,2016-12-29 06:00:00+00:00,industrial1,industrial,test,0,0,low,56.0,4,60,IA-GTPF,11,0,2016-12-29 07:00:00+00:00,30.625,30.625,True,False,56.0,26.047460219632395,0.2710149917522732,26.99442532043197,43.144189615270776,26.047460219632395,0.2710149917522732,26.99442532043197,43.144189615270776,26.047460219632395,0.2710149917522732,26.99442532043197,43.144189615270776,False,False,0.0
1176,2016-12-29 06:15:00+00:00,industrial1,industrial,test,0,0,low,56.0,4,60,IA-GTPF,11,0,2016-12-29 07:15:00+00:00,27.875,27.875,True,False,56.0,25.751422061762888,-0.002015949620319958,26.044219373252428,39.99951968733177,25.751422061762888,-0.002015949620319958,26.044219373252428,39.99951968733177,25.751422061762888,-0.002015949620319958,26.044219373252428,39.99951968733177,False,False,0.0
1177,2016-12-29 06:30:00+00:00,industrial1,industrial,test,1,0,low,56.0,4,60,IA-GTPF,11,0,2016-12-29 07:30:00+00:00,25.125,25.125,True,False,56.0,26.027913945877224,-0.002015949620319958,26.583767861220668,37.458758310741956,26.027913945877224,-0.002015949620319958,26.583767861220668,37.458758310741956,26.027913945877224,-0.002015949620319958,26.583767861220668,37.458758310741956,False,False,0.0
1178,2016-12-29 06:45:00+00:00,industrial1,industrial,test,1,0,low,56.0,4,60,IA-GTPF,11,0,2016-12-29 07:45:00+00:00,24.25,24.25,True,False,56.0,26.885552777629965,-0.002015949620319958,28.1204158397282,40.313179849709016,26.885552777629965,-0.002015949620319958,28.1204158397282,40.313179849709016,26.885552777629965,-0.002015949620319958,28.1204158397282,40.313179849709016,False,False,0.0
1179,2016-12-29 07:00:00+00:00,industrial1,industrial,test,0,0,low,56.0,4,60,IA-GTPF,11,0,2016-12-29 08:00:00+00:00,24.5,24.5,True,False,56.0,25.546818797506873,-0.003684190733521498,25.72307517649877,42.306143681599394,25.546818797506873,-0.003684190733521498,25.72307517649877,42.306143681599394,25.546818797506873,-0.003684190733521498,25.72307517649877,42.306143681599394,False,False,0.0
1180,2016-12-29 07:15:00+00:00,industrial1,industrial,test,1,0,low,56.0,4,60,IA-GTPF,11,0,2016-12-29 08:15:00+00:00,26.75,26.75,True,False,56.0,25.45637562291017,-0.002015949620319958,25.888269603800598,40.263587895874466,25.45637562291017,-0.002015949620319958,25.888269603800598,40.263587895874466,25.45637562291017,-0.002015949620319958,25.888269603800598,40.263587895874466,False,False,0.0
1181,2016-12-29 07:30:00+00:00,industrial1,industrial,test,1,0,low,56.0,4,60,IA-GTPF,11,0,2016-12-29 08:30:00+00:00,24.5,24.5,True,False,56.0,26.266605648440176,-0.002015949620319958,26.80577197131559,40.34465604835006,26.266605648440176,-0.002015949620319958,26.80577197131559,40.34465604835006,26.266605648440176,-0.002015949620319958,26.80577197131559,40.34465604835006,False,False,0.0
1182,2016-12-29 07:45:00+00:00,industrial1,industrial,test,1,0,medium,56.0,4,60,IA-GTPF,11,0,2016-12-29 08:45:00+00:00,25.125,25.125,True,False,56.0,26.196422838621313,-0.002015949620319958,26.09389744087696,42.18842288221658,26.196422838621313,-0.002015949620319958,26.09389744087696,42.18842288221658,26.196422838621313,-0.002015949620319958,26.09389744087696,42.18842288221658,False,False,0.0
1183,2016-12-29 08:00:00+00:00,industrial1,industrial,test,1,0,medium,56.0,4,60,IA-GTPF,11,0,2016-12-29 09:00:00+00:00,29.5,29.5,True,False,56.0,27.779854835052312,-0.002015949620319958,27.600662617983428,40.92919375562065,27.779854835052312,-0.002015949620319958,27.600662617983428,40.92919375562065,27.779854835052312,-0.002015949620319958,27.600662617983428,40.92919375562065,False,False,0.0
1184,2016-12-29 08:15:00+00:00,industrial1,industrial,test,1,0,medium,56.0,4,60,IA-GTPF,11,0,2016-12-29 09:15:00+00:00,30.875,30.875,True,False,56.0,27.943824444946067,-0.002015949620319958,28.013667051410497,44.006919608269754,27.943824444946067,-0.002015949620319958,28.013667051410497,44.006919608269754,27.943824444946067,-0.002015949620319958,28.013667051410497,44.006919608269754,False,False,0.0
1185,2016-12-29 08:30:00+00:00,industrial1,industrial,test,1,0,medium,56.0,4,60,IA-GTPF,11,0,2016-12-29 09:30:00+00:00,32.625,32.625,True,False,56.0,27.431517967408023,-0.002015949620319958,27.335306325686187,42.028644970886475,27.431517967408023,-0.002015949620319958,27.335306325686187,42.028644970886475,27.431517967408023,-0.002015949620319958,27.335306325686187,42.028644970886475,False,False,0.0
1186,2016-12-29 08:45:00+00:00,industrial1,industrial,test,1,0,medium,56.0,4,60,IA-GTPF,11,0,2016-12-29 09:45:00+00:00,27.0,27.0,True,False,56.0,27.72824697706715,-0.002015949620319958,27.172965859414923,45.592770699271,27.72824697706715,-0.002015949620319958,27.172965859414923,45.592770699271,27.72824697706715,-0.002015949620319958,27.172965859414923,45.592770699271,False,False,0.0
1187,2016-12-29 09:00:00+00:00,industrial1,industrial,test,0,0,medium,56.0,4,60,IA-GTPF,11,0,2016-12-29 10:00:00+00:00,34.375,34.375,True,False,56.0,29.984370351320347,-0.002015949620319958,28.441363809979002,48.29802420482919,29.984370351320347,-0.002015949620319958,28.441363809979002,48.29802420482919,29.984370351320347,-0.002015949620319958,28.441363809979002,48.29802420482919,False,False,0.0
1188,2016-12-29 09:15:00+00:00,industrial1,industrial,test,1,0,medium,56.0,4,60,IA-GTPF,11,0,2016-12-29 10:15:00+00:00,31.625,31.625,True,False,56.0,32.67469294366748,-0.002015949620319958,31.057661744946508,47.71370933795293,32.67469294366748,-0.002015949620319958,31.057661744946508,47.71370933795293,32.67469294366748,-0.002015949620319958,31.057661744946508,47.71370933795293,False,False,0.0
1189,2016-12-29 09:30:00+00:00,industrial1,industrial,test,1,0,medium,56.0,4,60,IA-GTPF,11,0,2016-12-29 10:30:00+00:00,41.375,41.375,True,False,56.0,33.72710645429986,-0.002015949620319958,31.799373045032713,49.19214091793119,33.72710645429986,-0.002015949620319958,31.799373045032713,49.19214091793119,33.72710645429986,-0.002015949620319958,31.799373045032713,49.19214091793119,False,False,0.0
1190,2016-12-29 09:45:00+00:00,industrial1,industrial,test,0,0,medium,56.0,4,60,IA-GTPF,11,0,2016-12-29 10:45:00+00:00,44.5,44.5,True,False,56.0,33.506523053555355,-0.002015949620319958,30.52002147805189,49.08112689871179,33.506523053555355,-0.002015949620319958,30.52002147805189,49.08112689871179,33.506523053555355,-0.002015949620319958,30.52002147805189,49.08112689871179,False,False,0.0
1191,2016-12-29 10:00:00+00:00,industrial1,industrial,test,0,0,medium,56.0,4,60,IA-GTPF,11,0,2016-12-29 11:00:00+00:00,34.25,34.25,True,False,56.0,37.03915991851723,-0.005252283985939665,37.082581961471256,53.60384906201725,37.03915991851723,-0.005252283985939665,37.082581961471256,53.60384906201725,37.03915991851723,-0.005252283985939665,37.082581961471256,53.60384906201725,False,False,0.0
1192,2016-12-29 10:15:00+00:00,industrial1,industrial,test,1,0,medium,56.0,4,60,IA-GTPF,11,0,2016-12-29 11:15:00+00:00,38.875,38.875,True,False,56.0,36.63154023532086,-0.002015949620319958,36.97277679107038,50.94228693151124,36.63154023532086,-0.002015949620319958,36.97277679107038,50.94228693151124,36.63154023532086,-0.002015949620319958,36.97277679107038,50.94228693151124,False,False,0.0
1193,2016-12-29 10:30:00+00:00,industrial1,industrial,test,0,0,medium,56.0,4,60,IA-GTPF,11,0,2016-12-29 11:30:00+00:00,37.5,37.5,True,False,56.0,39.30252385219443,0.03359014073640285,38.55714697525762,56.13190012444969,39.30252385219443,0.03359014073640285,38.55714697525762,56.13190012444969,39.30252385219443,0.03359014073640285,38.55714697525762,56.13190012444969,False,False,0.0
1194,2016-12-29 10:45:00+00:00,industrial1,industrial,test,1,0,medium,56.0,4,60,IA-GTPF,11,0,2016-12-29 11:45:00+00:00,40.5,40.5,True,False,56.0,41.014630107160585,-0.002015949620319958,41.20281184040186,60.14731160681839,41.014630107160585,-0.002015949620319958,41.20281184040186,60.14731160681839,41.014630107160585,-0.002015949620319958,41.20281184040186,60.14731160681839,False,False,0.0
1195,2016-12-29 11:00:00+00:00,industrial1,industrial,test,0,0,medium,56.0,4,60,IA-GTPF,11,0,2016-12-29 12:00:00+00:00,39.75,39.75,True,False,56.0,37.02534716498563,-1.1486548333879587,35.48858167855341,60.99202892225626,37.02534716498563,-1.1486548333879587,35.48858167855341,60.99202892225626,37.02534716498563,-1.1486548333879587,35.48858167855341,60.99202892225626,False,False,0.0
1196,2016-12-29 11:15:00+00:00,industrial1,industrial,test,0,0,medium,56.0,4,60,IA-GTPF,11,0,2016-12-29 12:15:00+00:00,27.75,27.75,True,False,56.0,38.2303722996906,-1.1486548333879587,36.31982362042185,58.315663771825236,38.2303722996906,-1.1486548333879587,36.31982362042185,58.315663771825236,38.2303722996906,-1.1486548333879587,36.31982362042185,58.315663771825236,False,False,0.0
1197,2016-12-29 11:30:00+00:00,industrial1,industrial,test,1,0,medium,56.0,4,60,IA-GTPF,11,0,2016-12-29 12:30:00+00:00,23.5,23.5,True,False,56.0,37.018849850483456,-1.1486548333879587,34.94209980661045,60.620836083026646,37.018849850483456,-1.1486548333879587,34.94209980661045,60.620836083026646,37.018849850483456,-1.1486548333879587,34.94209980661045,60.620836083026646,False,False,0.0
1198,2016-12-29 11:45:00+00:00,industrial1,industrial,test,1,0,high,56.0,4,60,IA-GTPF,11,0,2016-12-29 12:45:00+00:00,30.875,30.875,True,False,56.0,37.543640765498616,-1.1486548333879587,34.790228801148565,61.34056537143927,37.543640765498616,-1.1486548333879587,34.790228801148565,61.34056537143927,37.543640765498616,-1.1486548333879587,34.790228801148565,61.34056537143927,False,False,0.0
1199,2016-12-29 12:00:00+00:00,industrial1,industrial,test,1,0,high,56.0,4,60,IA-GTPF,11,0,2016-12-29 13:00:00+00:00,41.75,41.75,True,False,56.0,40.4146010198732,-0.002015949620319958,39.40743574733946,62.893210879298216,40.4146010198732,-0.002015949620319958,39.40743574733946,62.893210879298216,40.4146010198732,-0.002015949620319958,39.40743574733946,62.893210879298216,False,False,0.0
1200,2016-12-29 12:15:00+00:00,industrial1,industrial,test,0,0,high,56.0,4,60,IA-GTPF,11,0,2016-12-29 13:15:00+00:00,37.5,37.5,True,False,56.0,40.09894219203244,-0.002015949620319958,40.44304544619189,63.62011831570371,40.09894219203244,-0.002015949620319958,40.44304544619189,63.62011831570371,40.09894219203244,-0.002015949620319958,40.44304544619189,63.62011831570371,False,False,0.0
1201,2016-12-29 12:30:00+00:00,industrial1,industrial,test,0,0,high,56.0,4,60,IA-GTPF,11,0,2016-12-29 13:30:00+00:00,32.75,32.75,True,False,56.0,37.446081493083405,-0.002015949620319958,37.83987020997417,52.570119282265544,37.446081493083405,-0.002015949620319958,37.83987020997417,52.570119282265544,37.446081493083405,-0.002015949620319958,37.83987020997417,52.570119282265544,False,False,0.0
1202,2016-12-29 12:45:00+00:00,industrial1,industrial,test,0,0,high,56.0,4,60,IA-GTPF,11,0,2016-12-29 13:45:00+00:00,34.375,34.375,True,False,56.0,36.948574609542895,-0.005252283985939665,37.605532911625176,52.184697293344016,36.948574609542895,-0.005252283985939665,37.605532911625176,52.184697293344016,36.948574609542895,-0.005252283985939665,37.605532911625176,52.184697293344016,False,False,0.0
1203,2016-12-29 13:00:00+00:00,industrial1,industrial,test,0,0,high,56.0,4,60,IA-GTPF,11,0,2016-12-29 14:00:00+00:00,32.875,32.875,True,False,56.0,37.48255544042757,0.1417153642860426,38.74822935679586,51.77208488095118,37.48255544042757,0.1417153642860426,38.74822935679586,51.77208488095118,37.48255544042757,0.1417153642860426,38.74822935679586,51.77208488095118,False,False,0.0
1204,2016-12-29 13:15:00+00:00,industrial1,industrial,test,0,0,high,56.0,4,60,IA-GTPF,11,0,2016-12-29 14:15:00+00:00,38.0,38.0,True,False,56.0,36.869233460409745,-0.002015949620319958,38.76802422907811,49.31205687813075,36.869233460409745,-0.002015949620319958,38.76802422907811,49.31205687813075,36.869233460409745,-0.002015949620319958,38.76802422907811,49.31205687813075,False,False,0.0
1205,2016-12-29 13:30:00+00:00,industrial1,industrial,test,0,0,high,56.0,4,60,IA-GTPF,11,0,2016-12-29 14:30:00+00:00,32.625,32.625,True,False,56.0,38.51978641316501,-0.002015949620319958,40.32967438647029,52.035490215945195,38.51978641316501,-0.002015949620319958,40.32967438647029,52.035490215945195,38.51978641316501,-0.002015949620319958,40.32967438647029,52.035490215945195,False,False,0.0
1206,2016-12-29 13:45:00+00:00,industrial1,industrial,test,1,0,high,56.0,4,60,IA-GTPF,11,0,2016-12-29 14:45:00+00:00,32.875,32.875,True,False,56.0,38.8907808264805,-0.002015949620319958,40.06664742372082,59.862249846548025,38.8907808264805,-0.002015949620319958,40.06664742372082,59.862249846548025,38.8907808264805,-0.002015949620319958,40.06664742372082,59.862249846548025,False,False,0.0
1207,2016-12-29 14:00:00+00:00,industrial1,industrial,test,1,0,high,56.0,4,60,IA-GTPF,11,0,2016-12-29 15:00:00+00:00,43.375,43.375,True,False,56.0,35.76206749216184,-0.002015949620319958,35.48449814563188,53.641608346095666,35.76206749216184,-0.002015949620319958,35.48449814563188,53.641608346095666,35.76206749216184,-0.002015949620319958,35.48449814563188,53.641608346095666,False,False,0.0
1208,2016-12-29 14:15:00+00:00,industrial1,industrial,test,0,0,medium,56.0,4,60,IA-GTPF,11,0,2016-12-29 15:15:00+00:00,38.0,38.0,True,False,56.0,36.09697267188322,-0.002015949620319958,35.425073788677636,53.37506879184019,36.09697267188322,-0.002015949620319958,35.425073788677636,53.37506879184019,36.09697267188322,-0.002015949620319958,35.425073788677636,53.37506879184019,False,False,0.0
1209,2016-12-29 14:30:00+00:00,industrial1,industrial,test,0,0,medium,56.0,4,60,IA-GTPF,11,0,2016-12-29 15:30:00+00:00,32.75,32.75,True,False,56.0,35.9960718637459,-0.002015949620319958,35.53192190495551,54.02131486076311,35.9960718637459,-0.002015949620319958,35.53192190495551,54.02131486076311,35.9960718637459,-0.002015949620319958,35.53192190495551,54.02131486076311,False,False,0.0
1210,2016-12-29 14:45:00+00:00,industrial1,industrial,test,1,0,medium,56.0,4,60,IA-GTPF,11,0,2016-12-29 15:45:00+00:00,31.25,31.25,True,False,56.0,34.443040185914334,-0.002015949620319958,34.81087318118904,54.34325056247085,34.443040185914334,-0.002015949620319958,34.81087318118904,54.34325056247085,34.443040185914334,-0.002015949620319958,34.81087318118904,54.34325056247085,False,False,0.0
1211,2016-12-29 15:00:00+00:00,industrial1,industrial,test,0,0,medium,56.0,4,60,IA-GTPF,11,0,2016-12-29 16:00:00+00:00,30.375,30.375,True,False,56.0,35.428991955839244,0.1417153642860426,35.537265899733114,62.10555853805458,35.428991955839244,0.1417153642860426,35.537265899733114,62.10555853805458,35.428991955839244,0.1417153642860426,35.537265899733114,62.10555853805458,False,False,0.0
1212,2016-12-29 15:15:00+00:00,industrial1,industrial,test,0,0,medium,56.0,4,60,IA-GTPF,11,0,2016-12-29 16:15:00+00:00,27.0,27.0,True,False,56.0,35.18982303237464,-0.002015949620319958,35.553645439259206,57.09800102258757,35.18982303237464,-0.002015949620319958,35.553645439259206,57.09800102258757,35.18982303237464,-0.002015949620319958,35.553645439259206,57.09800102258757,False,False,0.0
1213,2016-12-29 15:30:00+00:00,industrial1,industrial,test,0,0,medium,56.0,4,60,IA-GTPF,11,0,2016-12-29 16:30:00+00:00,26.75,26.75,True,False,56.0,34.67073963639277,-0.002015949620319958,35.48790360269473,58.385610511707334,34.67073963639277,-0.002015949620319958,35.48790360269473,58.385610511707334,34.67073963639277,-0.002015949620319958,35.48790360269473,58.385610511707334,False,False,0.0
1214,2016-12-29 15:45:00+00:00,industrial1,industrial,test,1,0,low,56.0,4,60,IA-GTPF,11,0,2016-12-29 16:45:00+00:00,26.5,26.5,True,False,56.0,33.26551958548538,-0.002015949620319958,34.189303538985044,56.83817441351647,33.26551958548538,-0.002015949620319958,34.189303538985044,56.83817441351647,33.26551958548538,-0.002015949620319958,34.189303538985044,56.83817441351647,False,False,0.0
1215,2016-12-29 16:00:00+00:00,industrial1,industrial,test,1,0,low,56.0,4,60,IA-GTPF,11,0,2016-12-29 17:00:00+00:00,33.75,33.75,True,False,56.0,32.387423570101966,-0.002015949620319958,34.08103449553723,47.89450549582649,32.387423570101966,-0.002015949620319958,34.08103449553723,47.89450549582649,32.387423570101966,-0.002015949620319958,34.08103449553723,47.89450549582649,False,False,0.0
1216,2016-12-29 16:15:00+00:00,industrial1,industrial,test,1,0,low,56.0,4,60,IA-GTPF,11,0,2016-12-29 17:15:00+00:00,28.625,28.625,True,False,56.0,30.880476351729943,-0.002015949620319958,32.444132453185865,47.8986103306978,30.880476351729943,-0.002015949620319958,32.444132453185865,47.8986103306978,30.880476351729943,-0.002015949620319958,32.444132453185865,47.8986103306978,False,False,0.0
1217,2016-12-29 16:30:00+00:00,industrial1,industrial,test,1,0,low,56.0,4,60,IA-GTPF,11,0,2016-12-29 17:30:00+00:00,37.125,37.125,True,False,56.0,27.675435961778454,-0.002015949620319958,27.90539243251623,43.84956890485754,27.675435961778454,-0.002015949620319958,27.90539243251623,43.84956890485754,27.675435961778454,-0.002015949620319958,27.90539243251623,43.84956890485754,False,False,0.0
1218,2016-12-29 16:45:00+00:00,industrial1,industrial,test,1,0,low,56.0,4,60,IA-GTPF,11,0,2016-12-29 17:45:00+00:00,22.625,22.625,True,False,56.0,27.684764835375606,-0.002015949620319958,27.90539243251623,43.90333049919279,27.684764835375606,-0.002015949620319958,27.90539243251623,43.90333049919279,27.684764835375606,-0.002015949620319958,27.90539243251623,43.90333049919279,False,False,0.0
1219,2016-12-29 17:00:00+00:00,industrial1,industrial,test,0,0,low,56.0,4,60,IA-GTPF,11,0,2016-12-29 18:00:00+00:00,35.375,35.375,True,False,56.0,29.886300254469056,-0.005252283985939665,30.280099549409286,40.72136473636882,29.886300254469056,-0.005252283985939665,30.280099549409286,40.72136473636882,29.886300254469056,-0.005252283985939665,30.280099549409286,40.72136473636882,False,False,0.0
1220,2016-12-29 17:15:00+00:00,industrial1,industrial,test,0,0,low,56.0,4,60,IA-GTPF,11,0,2016-12-29 18:15:00+00:00,28.5,28.5,True,False,56.0,29.672898032727517,-0.002015949620319958,29.858353495786428,41.57503733330578,29.672898032727517,-0.002015949620319958,29.858353495786428,41.57503733330578,29.672898032727517,-0.002015949620319958,29.858353495786428,41.57503733330578,False,False,0.0
1221,2016-12-29 17:30:00+00:00,industrial1,industrial,test,0,0,low,56.0,4,60,IA-GTPF,11,0,2016-12-29 18:30:00+00:00,23.125,23.125,True,False,56.0,30.645320643766198,0.18118998342744277,31.21830508898633,42.84619705267909,30.645320643766198,0.18118998342744277,31.21830508898633,42.84619705267909,30.645320643766198,0.18118998342744277,31.21830508898633,42.84619705267909,False,False,0.0
1222,2016-12-29 17:45:00+00:00,industrial1,industrial,test,0,0,low,56.0,4,60,IA-GTPF,11,0,2016-12-29 18:45:00+00:00,22.875,22.875,True,False,56.0,28.7605226284775,-0.002015949620319958,29.96036923308691,36.61819977725257,28.7605226284775,-0.002015949620319958,29.96036923308691,36.61819977725257,28.7605226284775,-0.002015949620319958,29.96036923308691,36.61819977725257,False,False,0.0
1223,2016-12-29 18:00:00+00:00,industrial1,industrial,test,0,0,low,56.0,4,60,IA-GTPF,11,0,2016-12-29 19:00:00+00:00,31.625,31.625,True,False,56.0,29.603946118649386,0.1454721297204817,29.781363449610964,44.77525118486295,29.603946118649386,0.1454721297204817,29.781363449610964,44.77525118486295,29.603946118649386,0.1454721297204817,29.781363449610964,44.77525118486295,False,False,0.0
1224,2016-12-29 18:15:00+00:00,industrial1,industrial,test,0,0,low,56.0,4,60,IA-GTPF,11,0,2016-12-29 19:15:00+00:00,26.875,26.875,True,False,56.0,28.372928001130933,0.0017408158141191347,29.189926528157976,38.52245003534938,28.372928001130933,0.0017408158141191347,29.189926528157976,38.52245003534938,28.372928001130933,0.0017408158141191347,29.189926528157976,38.52245003534938,False,False,0.0
1225,2016-12-29 18:30:00+00:00,industrial1,industrial,test,0,0,low,56.0,4,60,IA-GTPF,11,0,2016-12-29 19:30:00+00:00,23.875,23.875,True,False,56.0,26.786023951162722,0.0017408158141191347,26.93492450803104,40.44215034120879,26.786023951162722,0.0017408158141191347,26.93492450803104,40.44215034120879,26.786023951162722,0.0017408158141191347,26.93492450803104,40.44215034120879,False,False,0.0
1226,2016-12-29 18:45:00+00:00,industrial1,industrial,test,1,0,low,56.0,4,60,IA-GTPF,11,0,2016-12-29 19:45:00+00:00,18.375,18.375,True,False,56.0,26.240308443588216,0.0017408158141191347,26.71343159945445,36.38711560707618,26.240308443588216,0.0017408158141191347,26.71343159945445,36.38711560707618,26.240308443588216,0.0017408158141191347,26.71343159945445,36.38711560707618,False,False,0.0
1227,2016-12-29 19:00:00+00:00,industrial1,industrial,test,0,0,low,56.0,4,60,IA-GTPF,11,0,2016-12-29 20:00:00+00:00,17.375,17.375,True,False,56.0,25.24247247493513,7.257470091759466e-05,25.76619700176781,39.08742153685371,25.24247247493513,7.257470091759466e-05,25.76619700176781,39.08742153685371,25.24247247493513,7.257470091759466e-05,25.76619700176781,39.08742153685371,False,False,0.0
1228,2016-12-29 19:15:00+00:00,industrial1,industrial,test,0,0,low,56.0,4,60,IA-GTPF,11,0,2016-12-29 20:15:00+00:00,16.0,16.0,True,False,56.0,24.40080625554484,0.0017408158141191347,25.26412720893637,31.67987099527771,24.40080625554484,0.0017408158141191347,25.26412720893637,31.67987099527771,24.40080625554484,0.0017408158141191347,25.26412720893637,31.67987099527771,False,False,0.0
1229,2016-12-29 19:30:00+00:00,industrial1,industrial,test,1,0,low,56.0,4,60,IA-GTPF,11,0,2016-12-29 20:30:00+00:00,16.75,16.75,True,False,56.0,23.81927975318685,0.0017408158141191347,24.389884747022638,29.550182803395238,23.81927975318685,0.0017408158141191347,24.389884747022638,29.550182803395238,23.81927975318685,0.0017408158141191347,24.389884747022638,29.550182803395238,False,False,0.0
1230,2016-12-29 19:45:00+00:00,industrial1,industrial,test,0,0,low,56.0,4,60,IA-GTPF,11,0,2016-12-29 20:45:00+00:00,17.75,17.75,True,False,56.0,21.378399024844224,0.0017408158141191347,20.682043220002843,27.574640189139757,21.378399024844224,0.0017408158141191347,20.682043220002843,27.574640189139757,21.378399024844224,0.0017408158141191347,20.682043220002843,27.574640189139757,False,False,0.0
1231,2016-12-29 20:00:00+00:00,industrial1,industrial,test,1,0,low,56.0,4,60,IA-GTPF,11,0,2016-12-29 21:00:00+00:00,21.5,21.5,True,False,56.0,19.284475628671252,0.0017408158141191347,18.508931330031896,23.774193746009324,19.284475628671252,0.0017408158141191347,18.508931330031896,23.774193746009324,19.284475628671252,0.0017408158141191347,18.508931330031896,23.774193746009324,False,False,0.0
1232,2016-12-29 20:15:00+00:00,industrial1,industrial,test,1,0,low,56.0,4,60,IA-GTPF,11,0,2016-12-29 21:15:00+00:00,19.875,19.875,True,False,56.0,18.70205637419639,0.0017408158141191347,18.14940321033288,22.937954134197902,18.70205637419639,0.0017408158141191347,18.14940321033288,22.937954134197902,18.70205637419639,0.0017408158141191347,18.14940321033288,22.937954134197902,False,False,0.0
1233,2016-12-29 20:30:00+00:00,industrial1,industrial,test,1,0,low,56.0,4,60,IA-GTPF,11,0,2016-12-29 21:30:00+00:00,22.75,22.75,True,False,56.0,18.64316490918838,0.0017408158141191347,18.767059512602188,22.855998801721565,18.64316490918838,0.0017408158141191347,18.767059512602188,22.855998801721565,18.64316490918838,0.0017408158141191347,18.767059512602188,22.855998801721565,False,False,0.0
1234,2016-12-29 20:45:00+00:00,industrial1,industrial,test,1,0,low,56.0,4,60,IA-GTPF,11,0,2016-12-29 21:45:00+00:00,20.875,20.875,True,False,56.0,19.281562732550366,0.0017408158141191347,18.945089037004088,22.814614894641853,19.281562732550366,0.0017408158141191347,18.945089037004088,22.814614894641853,19.281562732550366,0.0017408158141191347,18.945089037004088,22.814614894641853,False,False,0.0
1235,2016-12-29 21:00:00+00:00,industrial1,industrial,test,1,0,low,56.0,4,60,IA-GTPF,11,0,2016-12-29 22:00:00+00:00,23.375,23.375,True,False,56.0,20.202824962485554,0.0017408158141191347,19.69111319200485,26.362367080932568,20.202824962485554,0.0017408158141191347,19.69111319200485,26.362367080932568,20.202824962485554,0.0017408158141191347,19.69111319200485,26.362367080932568,False,False,0.0
1236,2016-12-29 21:15:00+00:00,industrial1,industrial,test,1,0,low,56.0,4,60,IA-GTPF,11,0,2016-12-29 22:15:00+00:00,20.375,20.375,True,False,56.0,19.967985721920996,0.0017408158141191347,19.56031442203907,26.448153132911095,19.967985721920996,0.0017408158141191347,19.56031442203907,26.448153132911095,19.967985721920996,0.0017408158141191347,19.56031442203907,26.448153132911095,False,False,0.0
1237,2016-12-29 21:30:00+00:00,industrial1,industrial,test,1,0,low,56.0,4,60,IA-GTPF,11,0,2016-12-29 22:30:00+00:00,17.875,17.875,True,False,56.0,19.255014886277092,0.0017408158141191347,18.04045087852715,26.362367080932568,19.255014886277092,0.0017408158141191347,18.04045087852715,26.362367080932568,19.255014886277092,0.0017408158141191347,18.04045087852715,26.362367080932568,False,False,0.0
1238,2016-12-29 21:45:00+00:00,industrial1,industrial,test,1,0,low,56.0,4,60,IA-GTPF,11,0,2016-12-29 22:45:00+00:00,16.25,16.25,True,False,56.0,19.66439225067826,0.0017408158141191347,19.42550188013142,27.320457353538668,19.66439225067826,0.0017408158141191347,19.42550188013142,27.320457353538668,19.66439225067826,0.0017408158141191347,19.42550188013142,27.320457353538668,False,False,0.0
1239,2016-12-29 22:00:00+00:00,industrial1,industrial,test,1,0,low,56.0,4,60,IA-GTPF,11,0,2016-12-29 23:00:00+00:00,17.375,17.375,True,False,56.0,20.361783350226045,0.0017408158141191347,19.84438606150425,27.37309502043648,20.361783350226045,0.0017408158141191347,19.84438606150425,27.37309502043648,20.361783350226045,0.0017408158141191347,19.84438606150425,27.37309502043648,False,False,0.0
1240,2016-12-29 22:15:00+00:00,industrial1,industrial,test,1,0,low,56.0,4,60,IA-GTPF,11,0,2016-12-29 23:15:00+00:00,18.625,18.625,True,False,56.0,19.959234122180277,0.0017408158141191347,19.249200568390084,27.30934321127516,19.959234122180277,0.0017408158141191347,19.249200568390084,27.30934321127516,19.959234122180277,0.0017408158141191347,19.249200568390084,27.30934321127516,False,False,0.0
1241,2016-12-29 22:30:00+00:00,industrial1,industrial,test,1,0,low,56.0,4,60,IA-GTPF,11,0,2016-12-29 23:30:00+00:00,21.75,21.75,True,False,56.0,19.402028742420097,0.0017408158141191347,17.395783548103484,23.70799005542256,19.402028742420097,0.0017408158141191347,17.395783548103484,23.70799005542256,19.402028742420097,0.0017408158141191347,17.395783548103484,23.70799005542256,False,False,0.0
1242,2016-12-29 22:45:00+00:00,industrial1,industrial,test,1,0,low,56.0,4,60,IA-GTPF,11,0,2016-12-29 23:45:00+00:00,23.0,23.0,True,False,56.0,18.541453080583175,0.0017408158141191347,17.065621597389594,23.70799005542256,18.541453080583175,0.0017408158141191347,17.065621597389594,23.70799005542256,18.541453080583175,0.0017408158141191347,17.065621597389594,23.70799005542256,False,False,0.0
1243,2016-12-29 23:00:00+00:00,industrial1,industrial,test,1,0,low,56.0,4,60,IA-GTPF,11,0,2016-12-30 00:00:00+00:00,33.875,33.875,True,False,56.0,20.585291646729313,-0.002015949620319958,18.23922964570939,29.412764805167374,20.585291646729313,-0.002015949620319958,18.23922964570939,29.412764805167374,20.585291646729313,-0.002015949620319958,18.23922964570939,29.412764805167374,False,False,0.0
1244,2016-12-29 23:15:00+00:00,industrial1,industrial,test,1,0,low,56.0,4,60,IA-GTPF,11,0,2016-12-30 00:15:00+00:00,24.125,24.125,True,False,56.0,21.878591071737898,-0.002015949620319958,19.321209950768953,33.743211049040745,21.878591071737898,-0.002015949620319958,19.321209950768953,33.743211049040745,21.878591071737898,-0.002015949620319958,19.321209950768953,33.743211049040745,False,False,0.0
1245,2016-12-29 23:30:00+00:00,industrial1,industrial,test,1,0,low,56.0,4,60,IA-GTPF,11,0,2016-12-30 00:30:00+00:00,18.0,18.0,True,False,56.0,21.969127523281912,-0.002015949620319958,19.22531267940007,32.241645833830695,21.969127523281912,-0.002015949620319958,19.22531267940007,32.241645833830695,21.969127523281912,-0.002015949620319958,19.22531267940007,32.241645833830695,False,False,0.0
1246,2016-12-29 23:45:00+00:00,industrial1,industrial,test,1,0,low,56.0,4,60,IA-GTPF,11,0,2016-12-30 00:45:00+00:00,17.375,17.375,True,False,56.0,23.079828773079154,-0.002015949620319958,20.558007846030204,34.717564062279365,23.079828773079154,-0.002015949620319958,20.558007846030204,34.717564062279365,23.079828773079154,-0.002015949620319958,20.558007846030204,34.717564062279365,False,False,0.0
1247,2016-12-30 00:00:00+00:00,industrial1,industrial,test,0,0,low,56.0,4,60,IA-GTPF,11,0,2016-12-30 01:00:00+00:00,25.5,25.5,True,False,56.0,25.17746247105057,-0.005884478404997355,26.41689382302527,41.663322192164,25.17746247105057,-0.005884478404997355,26.41689382302527,41.663322192164,25.17746247105057,-0.005884478404997355,26.41689382302527,41.663322192164,False,False,0.0
1248,2016-12-30 00:15:00+00:00,industrial1,industrial,test,0,0,low,56.0,4,60,IA-GTPF,11,0,2016-12-30 01:15:00+00:00,21.5,21.5,True,False,56.0,24.648185833400184,-0.002015949620319958,26.13468829562828,37.76475619618506,24.648185833400184,-0.002015949620319958,26.13468829562828,37.76475619618506,24.648185833400184,-0.002015949620319958,26.13468829562828,37.76475619618506,False,False,0.0
1249,2016-12-30 00:30:00+00:00,industrial1,industrial,test,0,0,low,56.0,4,60,IA-GTPF,11,0,2016-12-30 01:30:00+00:00,17.375,17.375,True,False,56.0,23.497775278468048,-0.002015949620319958,23.37216350667174,38.330405866804966,23.497775278468048,-0.002015949620319958,23.37216350667174,38.330405866804966,23.497775278468048,-0.002015949620319958,23.37216350667174,38.330405866804966,False,False,0.0
1250,2016-12-30 00:45:00+00:00,industrial1,industrial,test,1,0,low,56.0,4,60,IA-GTPF,11,0,2016-12-30 01:45:00+00:00,19.75,19.75,True,False,56.0,22.236896501496783,-0.002015949620319958,21.876538081363826,33.43729465626802,22.236896501496783,-0.002015949620319958,21.876538081363826,33.43729465626802,22.236896501496783,-0.002015949620319958,21.876538081363826,33.43729465626802,False,False,0.0
1251,2016-12-30 01:00:00+00:00,industrial1,industrial,test,0,0,low,56.0,4,60,IA-GTPF,11,0,2016-12-30 02:00:00+00:00,16.25,16.25,True,False,56.0,20.508811091957444,-0.003684190733521498,19.17259986107193,26.585549856801272,20.508811091957444,-0.003684190733521498,19.17259986107193,26.585549856801272,20.508811091957444,-0.003684190733521498,19.17259986107193,26.585549856801272,False,False,0.0
1252,2016-12-30 01:15:00+00:00,industrial1,industrial,test,0,0,low,56.0,4,60,IA-GTPF,11,0,2016-12-30 02:15:00+00:00,16.125,16.125,True,False,56.0,20.33592106136317,-0.002015949620319958,18.876480200353118,26.877569538063362,20.33592106136317,-0.002015949620319958,18.876480200353118,26.877569538063362,20.33592106136317,-0.002015949620319958,18.876480200353118,26.877569538063362,False,False,0.0
1253,2016-12-30 01:30:00+00:00,industrial1,industrial,test,0,0,low,56.0,4,60,IA-GTPF,11,0,2016-12-30 02:30:00+00:00,16.0,16.0,True,False,56.0,19.440121320867803,-0.002015949620319958,18.2157373201664,21.430309889153445,19.440121320867803,-0.002015949620319958,18.2157373201664,21.430309889153445,19.440121320867803,-0.002015949620319958,18.2157373201664,21.430309889153445,False,False,0.0
1254,2016-12-30 01:45:00+00:00,industrial1,industrial,test,1,0,low,56.0,4,60,IA-GTPF,11,0,2016-12-30 02:45:00+00:00,17.375,17.375,True,False,56.0,20.111083773257494,-0.002015949620319958,18.71295401416449,25.66482712136986,20.111083773257494,-0.002015949620319958,18.71295401416449,25.66482712136986,20.111083773257494,-0.002015949620319958,18.71295401416449,25.66482712136986,False,False,0.0
1255,2016-12-30 02:00:00+00:00,industrial1,industrial,test,1,0,low,56.0,4,60,IA-GTPF,11,0,2016-12-30 03:00:00+00:00,20.625,20.625,True,False,56.0,18.669231337924995,-0.002015949620319958,17.44084855130272,23.362428434669106,18.669231337924995,-0.002015949620319958,17.44084855130272,23.362428434669106,18.669231337924995,-0.002015949620319958,17.44084855130272,23.362428434669106,False,False,0.0
1256,2016-12-30 02:15:00+00:00,industrial1,industrial,test,1,0,low,56.0,4,60,IA-GTPF,11,0,2016-12-30 03:15:00+00:00,20.25,20.25,True,False,56.0,17.78906857427943,-0.002015949620319958,17.100896616986415,21.46166155057881,17.78906857427943,-0.002015949620319958,17.100896616986415,21.46166155057881,17.78906857427943,-0.002015949620319958,17.100896616986415,21.46166155057881,False,False,0.0
1257,2016-12-30 02:30:00+00:00,industrial1,industrial,test,1,0,low,56.0,4,60,IA-GTPF,11,0,2016-12-30 03:30:00+00:00,18.125,18.125,True,False,56.0,18.007219725090227,-0.002015949620319958,17.17945183417145,23.21889137251534,18.007219725090227,-0.002015949620319958,17.17945183417145,23.21889137251534,18.007219725090227,-0.002015949620319958,17.17945183417145,23.21889137251534,False,False,0.0
1258,2016-12-30 02:45:00+00:00,industrial1,industrial,test,1,0,low,56.0,4,60,IA-GTPF,11,0,2016-12-30 03:45:00+00:00,17.75,17.75,True,False,56.0,17.770013207194832,-0.002015949620319958,16.791284687614187,21.79876009641258,17.770013207194832,-0.002015949620319958,16.791284687614187,21.79876009641258,17.770013207194832,-0.002015949620319958,16.791284687614187,21.79876009641258,False,False,0.0
1259,2016-12-30 03:00:00+00:00,industrial1,industrial,test,1,0,low,56.0,4,60,IA-GTPF,11,0,2016-12-30 04:00:00+00:00,19.625,19.625,True,False,56.0,18.830600534804596,-0.002015949620319958,17.785741618968157,26.3026388169239,18.830600534804596,-0.002015949620319958,17.785741618968157,26.3026388169239,18.830600534804596,-0.002015949620319958,17.785741618968157,26.3026388169239,False,False,0.0
1260,2016-12-30 03:15:00+00:00,industrial1,industrial,test,1,0,low,56.0,4,60,IA-GTPF,11,0,2016-12-30 04:15:00+00:00,19.0,19.0,True,False,56.0,19.073588123109598,-0.002015949620319958,17.94808208523942,26.112746406666343,19.073588123109598,-0.002015949620319958,17.94808208523942,26.112746406666343,19.073588123109598,-0.002015949620319958,17.94808208523942,26.112746406666343,False,False,0.0
1261,2016-12-30 03:30:00+00:00,industrial1,industrial,test,1,0,low,56.0,4,60,IA-GTPF,11,0,2016-12-30 04:30:00+00:00,15.375,15.375,True,False,56.0,20.128125801495106,-0.002015949620319958,18.59961042852655,30.274167896544704,20.128125801495106,-0.002015949620319958,18.59961042852655,30.274167896544704,20.128125801495106,-0.002015949620319958,18.59961042852655,30.274167896544704,False,False,0.0
1262,2016-12-30 03:45:00+00:00,industrial1,industrial,test,1,0,low,56.0,4,60,IA-GTPF,11,0,2016-12-30 04:45:00+00:00,16.375,16.375,True,False,56.0,19.57018595947528,-0.002015949620319958,18.0494306240818,23.423037498703042,19.57018595947528,-0.002015949620319958,18.0494306240818,23.423037498703042,19.57018595947528,-0.002015949620319958,18.0494306240818,23.423037498703042,False,False,0.0
1263,2016-12-30 04:00:00+00:00,industrial1,industrial,test,1,0,low,56.0,4,60,IA-GTPF,11,0,2016-12-30 05:00:00+00:00,16.75,16.75,True,False,56.0,20.246669010861787,-0.002015949620319958,18.18808042167453,27.017956092254433,20.246669010861787,-0.002015949620319958,18.18808042167453,27.017956092254433,20.246669010861787,-0.002015949620319958,18.18808042167453,27.017956092254433,False,False,0.0
1264,2016-12-30 04:15:00+00:00,industrial1,industrial,test,1,0,low,56.0,4,60,IA-GTPF,11,0,2016-12-30 05:15:00+00:00,17.0,17.0,True,False,56.0,20.14644823524738,-0.002015949620319958,18.204066657832424,30.483344695219063,20.14644823524738,-0.002015949620319958,18.204066657832424,30.483344695219063,20.14644823524738,-0.002015949620319958,18.204066657832424,30.483344695219063,False,False,0.0
1265,2016-12-30 04:30:00+00:00,industrial1,industrial,test,1,0,low,56.0,4,60,IA-GTPF,11,0,2016-12-30 05:30:00+00:00,18.375,18.375,True,False,56.0,18.55032717952894,-0.002015949620319958,17.099153216833514,21.585442745488024,18.55032717952894,-0.002015949620319958,17.099153216833514,21.585442745488024,18.55032717952894,-0.002015949620319958,17.099153216833514,21.585442745488024,False,False,0.0
1266,2016-12-30 04:45:00+00:00,industrial1,industrial,test,1,0,low,56.0,4,60,IA-GTPF,11,0,2016-12-30 05:45:00+00:00,24.875,24.875,True,False,56.0,18.36583405758929,-0.002015949620319958,17.013696075935073,22.830126994088065,18.36583405758929,-0.002015949620319958,17.013696075935073,22.830126994088065,18.36583405758929,-0.002015949620319958,17.013696075935073,22.830126994088065,False,False,0.0
1267,2016-12-30 05:00:00+00:00,industrial1,industrial,test,1,0,low,56.0,4,60,IA-GTPF,11,0,2016-12-30 06:00:00+00:00,30.125,30.125,True,False,56.0,19.668713175426266,-0.002015949620319958,17.891757188549157,25.984345675295003,19.668713175426266,-0.002015949620319958,17.891757188549157,25.984345675295003,19.668713175426266,-0.002015949620319958,17.891757188549157,25.984345675295003,False,False,0.0
1268,2016-12-30 05:15:00+00:00,industrial1,industrial,test,1,0,low,56.0,4,60,IA-GTPF,11,0,2016-12-30 06:15:00+00:00,29.625,29.625,True,False,56.0,19.20842981128981,-0.002015949620319958,17.653228480502037,23.65982480074198,19.20842981128981,-0.002015949620319958,17.653228480502037,23.65982480074198,19.20842981128981,-0.002015949620319958,17.653228480502037,23.65982480074198,False,False,0.0
1269,2016-12-30 05:30:00+00:00,industrial1,industrial,test,1,0,low,56.0,4,60,IA-GTPF,11,0,2016-12-30 06:30:00+00:00,24.625,24.625,True,False,56.0,20.48567527013946,-0.002015949620319958,18.727939389651038,27.967236044235328,20.48567527013946,-0.002015949620319958,18.727939389651038,27.967236044235328,20.48567527013946,-0.002015949620319958,18.727939389651038,27.967236044235328,False,False,0.0
1270,2016-12-30 05:45:00+00:00,industrial1,industrial,test,0,0,low,56.0,4,60,IA-GTPF,11,0,2016-12-30 06:45:00+00:00,30.75,30.75,True,False,56.0,22.692300544128102,-0.002015949620319958,21.453510307052674,31.9196542143059,22.692300544128102,-0.002015949620319958,21.453510307052674,31.9196542143059,22.692300544128102,-0.002015949620319958,21.453510307052674,31.9196542143059,False,False,0.0
1271,2016-12-30 06:00:00+00:00,industrial1,industrial,test,0,0,low,56.0,4,60,IA-GTPF,11,0,2016-12-30 07:00:00+00:00,37.375,37.375,True,False,56.0,24.16036658931318,-0.002015949620319958,23.729168241744368,38.87882037686842,24.16036658931318,-0.002015949620319958,23.729168241744368,38.87882037686842,24.16036658931318,-0.002015949620319958,23.729168241744368,38.87882037686842,False,False,0.0
1272,2016-12-30 06:15:00+00:00,industrial1,industrial,test,1,0,low,56.0,4,60,IA-GTPF,11,0,2016-12-30 07:15:00+00:00,31.125,31.125,True,False,56.0,25.513359230691677,-0.002015949620319958,25.889569427932997,33.396844724457694,25.513359230691677,-0.002015949620319958,25.889569427932997,33.396844724457694,25.513359230691677,-0.002015949620319958,25.889569427932997,33.396844724457694,False,False,0.0
1273,2016-12-30 06:30:00+00:00,industrial1,industrial,test,0,0,low,56.0,4,60,IA-GTPF,11,0,2016-12-30 07:30:00+00:00,25.5,25.5,True,False,56.0,26.510555357567775,-0.002015949620319958,26.53620426913997,34.70101995000081,26.510555357567775,-0.002015949620319958,26.53620426913997,34.70101995000081,26.510555357567775,-0.002015949620319958,26.53620426913997,34.70101995000081,False,False,0.0
1274,2016-12-30 06:45:00+00:00,industrial1,industrial,test,0,0,low,56.0,4,60,IA-GTPF,11,0,2016-12-30 07:45:00+00:00,25.75,25.75,True,False,56.0,27.196828840323327,-0.002015949620319958,26.70826869098122,40.35347620610211,27.196828840323327,-0.002015949620319958,26.70826869098122,40.35347620610211,27.196828840323327,-0.002015949620319958,26.70826869098122,40.35347620610211,False,False,0.0
1275,2016-12-30 07:00:00+00:00,industrial1,industrial,test,0,0,low,56.0,4,60,IA-GTPF,11,0,2016-12-30 08:00:00+00:00,23.25,23.25,True,False,56.0,30.75427628893998,-0.002015949620319958,32.39349415666724,42.39348930367104,30.75427628893998,-0.002015949620319958,32.39349415666724,42.39348930367104,30.75427628893998,-0.002015949620319958,32.39349415666724,42.39348930367104,False,False,0.0
1276,2016-12-30 07:15:00+00:00,industrial1,industrial,test,0,0,low,56.0,4,60,IA-GTPF,11,0,2016-12-30 08:15:00+00:00,22.875,22.875,True,False,56.0,31.03455688234607,-0.002015949620319958,32.55702034285585,42.48791756521707,31.03455688234607,-0.002015949620319958,32.55702034285585,42.48791756521707,31.03455688234607,-0.002015949620319958,32.55702034285585,42.48791756521707,False,False,0.0
1277,2016-12-30 07:30:00+00:00,industrial1,industrial,test,0,0,low,56.0,4,60,IA-GTPF,11,0,2016-12-30 08:30:00+00:00,23.875,23.875,True,False,56.0,31.234188540334337,-0.002015949620319958,33.61353218796104,42.68806512180718,31.234188540334337,-0.002015949620319958,33.61353218796104,42.68806512180718,31.234188540334337,-0.002015949620319958,33.61353218796104,42.68806512180718,False,False,0.0
1278,2016-12-30 07:45:00+00:00,industrial1,industrial,test,1,0,low,56.0,4,60,IA-GTPF,11,0,2016-12-30 08:45:00+00:00,28.625,28.625,True,False,56.0,30.55380567199908,-0.002015949620319958,32.55304451780556,40.902162473931256,30.55380567199908,-0.002015949620319958,32.55304451780556,40.902162473931256,30.55380567199908,-0.002015949620319958,32.55304451780556,40.902162473931256,False,False,0.0
1279,2016-12-30 08:00:00+00:00,industrial1,industrial,test,1,0,low,56.0,4,60,IA-GTPF,11,0,2016-12-30 09:00:00+00:00,28.5,28.5,True,False,56.0,28.999111774397036,-0.002015949620319958,28.65774081339606,44.85510758827853,28.999111774397036,-0.002015949620319958,28.65774081339606,44.85510758827853,28.999111774397036,-0.002015949620319958,28.65774081339606,44.85510758827853,False,False,0.0
1280,2016-12-30 08:15:00+00:00,industrial1,industrial,test,1,0,medium,56.0,4,60,IA-GTPF,11,0,2016-12-30 09:15:00+00:00,31.125,31.125,True,False,56.0,28.06698848615583,-0.002015949620319958,27.515386905416236,43.18657709319912,28.06698848615583,-0.002015949620319958,27.515386905416236,43.18657709319912,28.06698848615583,-0.002015949620319958,27.515386905416236,43.18657709319912,False,False,0.0
1281,2016-12-30 08:30:00+00:00,industrial1,industrial,test,1,0,medium,56.0,4,60,IA-GTPF,11,0,2016-12-30 09:30:00+00:00,32.25,32.25,True,False,56.0,27.71144443979975,-0.002015949620319958,27.107224022850442,44.026050646363245,27.71144443979975,-0.002015949620319958,27.107224022850442,44.026050646363245,27.71144443979975,-0.002015949620319958,27.107224022850442,44.026050646363245,False,False,0.0
1282,2016-12-30 08:45:00+00:00,industrial1,industrial,test,0,0,medium,56.0,4,60,IA-GTPF,11,0,2016-12-30 09:45:00+00:00,33.75,33.75,True,False,56.0,29.001791537937418,-0.002015949620319958,28.895547071801793,43.71594660646462,29.001791537937418,-0.002015949620319958,28.895547071801793,43.71594660646462,29.001791537937418,-0.002015949620319958,28.895547071801793,43.71594660646462,False,False,0.0
1283,2016-12-30 09:00:00+00:00,industrial1,industrial,test,1,0,medium,56.0,4,60,IA-GTPF,11,0,2016-12-30 10:00:00+00:00,40.25,40.25,True,False,56.0,30.54887287552424,-0.002015949620319958,30.57959765342306,48.249141779750595,30.54887287552424,-0.002015949620319958,30.57959765342306,48.249141779750595,30.54887287552424,-0.002015949620319958,30.57959765342306,48.249141779750595,False,False,0.0
1284,2016-12-30 09:15:00+00:00,industrial1,industrial,test,1,0,medium,56.0,4,60,IA-GTPF,11,0,2016-12-30 10:15:00+00:00,36.375,36.375,True,False,56.0,31.309917264053222,-0.002015949620319958,30.065466373780325,48.0961862298307,31.309917264053222,-0.002015949620319958,30.065466373780325,48.0961862298307,31.309917264053222,-0.002015949620319958,30.065466373780325,48.0961862298307,False,False,0.0
1285,2016-12-30 09:30:00+00:00,industrial1,industrial,test,1,0,medium,56.0,4,60,IA-GTPF,11,0,2016-12-30 10:30:00+00:00,42.375,42.375,True,False,56.0,33.82504972795466,-0.002015949620319958,31.721704532618094,47.71650091378847,33.82504972795466,-0.002015949620319958,31.721704532618094,47.71650091378847,33.82504972795466,-0.002015949620319958,31.721704532618094,47.71650091378847,False,False,0.0
1286,2016-12-30 09:45:00+00:00,industrial1,industrial,test,1,0,medium,56.0,4,60,IA-GTPF,11,0,2016-12-30 10:45:00+00:00,34.5,34.5,True,False,56.0,36.638276646604034,-0.002015949620319958,36.145643034095755,50.003802900700016,36.638276646604034,-0.002015949620319958,36.145643034095755,50.003802900700016,36.638276646604034,-0.002015949620319958,36.145643034095755,50.003802900700016,False,False,0.0
1287,2016-12-30 10:00:00+00:00,industrial1,industrial,test,0,0,medium,56.0,4,60,IA-GTPF,11,0,2016-12-30 11:00:00+00:00,30.125,30.125,True,False,56.0,38.976429303694026,-0.002015949620319958,39.75266611479321,52.813550298840326,38.976429303694026,-0.002015949620319958,39.75266611479321,52.813550298840326,38.976429303694026,-0.002015949620319958,39.75266611479321,52.813550298840326,False,False,0.0
1288,2016-12-30 10:15:00+00:00,industrial1,industrial,test,0,0,medium,56.0,4,60,IA-GTPF,11,0,2016-12-30 11:15:00+00:00,36.375,36.375,True,False,56.0,39.86987835074065,-0.002015949620319958,40.116377660595134,53.861288635590775,39.86987835074065,-0.002015949620319958,40.116377660595134,53.861288635590775,39.86987835074065,-0.002015949620319958,40.116377660595134,53.861288635590775,False,False,0.0
1289,2016-12-30 10:30:00+00:00,industrial1,industrial,test,0,0,medium,56.0,4,60,IA-GTPF,11,0,2016-12-30 11:30:00+00:00,33.5,33.5,True,False,56.0,40.19666740710149,-0.002015949620319958,40.244863733263486,63.89090101956336,40.19666740710149,-0.002015949620319958,40.244863733263486,63.89090101956336,40.19666740710149,-0.002015949620319958,40.244863733263486,63.89090101956336,False,False,0.0
1290,2016-12-30 10:45:00+00:00,industrial1,industrial,test,0,0,medium,56.0,4,60,IA-GTPF,11,0,2016-12-30 11:45:00+00:00,38.5,38.5,True,False,56.0,41.0332004524835,-0.002015949620319958,40.634228034869864,63.59035919932531,41.0332004524835,-0.002015949620319958,40.634228034869864,63.59035919932531,41.0332004524835,-0.002015949620319958,40.634228034869864,63.59035919932531,False,False,0.0
1291,2016-12-30 11:00:00+00:00,industrial1,industrial,test,0,0,medium,56.0,4,60,IA-GTPF,11,0,2016-12-30 12:00:00+00:00,43.625,43.625,True,False,56.0,36.533935566700194,-1.1486548333879587,35.48858167855341,53.31524575278065,36.533935566700194,-1.1486548333879587,35.48858167855341,53.31524575278065,36.533935566700194,-1.1486548333879587,35.48858167855341,53.31524575278065,False,False,0.0
1292,2016-12-30 11:15:00+00:00,industrial1,industrial,test,0,0,medium,56.0,4,60,IA-GTPF,11,0,2016-12-30 12:15:00+00:00,33.125,33.125,True,False,56.0,35.97458577628112,-1.1486548333879587,34.77857362042184,50.01268339573426,35.97458577628112,-1.1486548333879587,34.77857362042184,50.01268339573426,35.97458577628112,-1.1486548333879587,34.77857362042184,50.01268339573426,False,False,0.0
1293,2016-12-30 11:30:00+00:00,industrial1,industrial,test,1,0,medium,56.0,4,60,IA-GTPF,11,0,2016-12-30 12:30:00+00:00,44.625,44.625,True,False,56.0,35.23379982060019,-1.1486548333879587,34.5285679241253,48.29593499101494,35.23379982060019,-1.1486548333879587,34.5285679241253,48.29593499101494,35.23379982060019,-1.1486548333879587,34.5285679241253,48.29593499101494,False,False,0.0
1294,2016-12-30 11:45:00+00:00,industrial1,industrial,test,0,0,medium,56.0,4,60,IA-GTPF,11,0,2016-12-30 12:45:00+00:00,27.25,27.25,True,False,56.0,35.80885367384368,-1.1486548333879587,34.32968608161477,52.04410601871635,35.80885367384368,-1.1486548333879587,34.32968608161477,52.04410601871635,35.80885367384368,-1.1486548333879587,34.32968608161477,52.04410601871635,False,False,0.0
1295,2016-12-30 12:00:00+00:00,industrial1,industrial,test,0,0,medium,56.0,4,60,IA-GTPF,11,0,2016-12-30 13:00:00+00:00,43.0,43.0,True,False,56.0,41.07039029748622,-0.002015949620319958,41.42843517168958,60.15802708166201,41.07039029748622,-0.002015949620319958,41.42843517168958,60.15802708166201,41.07039029748622,-0.002015949620319958,41.42843517168958,60.15802708166201,False,False,0.0
1296,2016-12-30 12:15:00+00:00,industrial1,industrial,test,0,0,medium,56.0,4,60,IA-GTPF,11,0,2016-12-30 13:15:00+00:00,42.5,42.5,True,False,56.0,40.32003034323679,-0.002015949620319958,40.634228034869864,64.00523284503227,40.32003034323679,-0.002015949620319958,40.634228034869864,64.00523284503227,40.32003034323679,-0.002015949620319958,40.634228034869864,64.00523284503227,False,False,0.0
1297,2016-12-30 12:30:00+00:00,industrial1,industrial,test,0,0,medium,56.0,4,60,IA-GTPF,11,0,2016-12-30 13:30:00+00:00,33.875,33.875,True,False,56.0,41.82375712098497,-0.005884478404997355,41.84953386688623,64.59084127522354,41.82375712098497,-0.005884478404997355,41.84953386688623,64.59084127522354,41.82375712098497,-0.005884478404997355,41.84953386688623,64.59084127522354,False,False,0.0
1298,2016-12-30 12:45:00+00:00,industrial1,industrial,test,0,0,medium,56.0,4,60,IA-GTPF,11,0,2016-12-30 13:45:00+00:00,31.5,31.5,True,False,56.0,39.12416154520793,-0.002015949620319958,38.70978256365038,64.88232094619607,39.12416154520793,-0.002015949620319958,38.70978256365038,64.88232094619607,39.12416154520793,-0.002015949620319958,38.70978256365038,64.88232094619607,False,False,0.0
1299,2016-12-30 13:00:00+00:00,industrial1,industrial,test,0,0,medium,56.0,4,60,IA-GTPF,11,0,2016-12-30 14:00:00+00:00,36.875,36.875,True,False,56.0,38.997933288297965,0.1417153642860426,38.37575506962208,63.098671750920104,38.997933288297965,0.1417153642860426,38.37575506962208,63.098671750920104,38.997933288297965,0.1417153642860426,38.37575506962208,63.098671750920104,False,False,0.0
1300,2016-12-30 13:15:00+00:00,industrial1,industrial,test,1,0,medium,56.0,4,60,IA-GTPF,11,0,2016-12-30 14:15:00+00:00,32.875,32.875,True,False,56.0,40.36984755090677,-0.002015949620319958,40.483281813847285,60.87997920468895,40.36984755090677,-0.002015949620319958,40.483281813847285,60.87997920468895,40.36984755090677,-0.002015949620319958,40.483281813847285,60.87997920468895,False,False,0.0
1301,2016-12-30 13:30:00+00:00,industrial1,industrial,test,0,0,medium,56.0,4,60,IA-GTPF,11,0,2016-12-30 14:30:00+00:00,35.375,35.375,True,False,56.0,38.70955990621219,-0.002015949620319958,38.421727716748464,66.38259289828775,38.70955990621219,-0.002015949620319958,38.421727716748464,66.38259289828775,38.70955990621219,-0.002015949620319958,38.421727716748464,66.38259289828775,False,False,0.0
1302,2016-12-30 13:45:00+00:00,industrial1,industrial,test,1,0,medium,56.0,4,60,IA-GTPF,11,0,2016-12-30 14:45:00+00:00,40.875,40.875,True,False,56.0,38.897479352288784,-0.002015949620319958,40.144983031527055,60.85689042642459,38.897479352288784,-0.002015949620319958,40.144983031527055,60.85689042642459,38.897479352288784,-0.002015949620319958,40.144983031527055,60.85689042642459,False,False,0.0
1303,2016-12-30 14:00:00+00:00,industrial1,industrial,test,0,0,medium,56.0,4,60,IA-GTPF,11,0,2016-12-30 15:00:00+00:00,40.25,40.25,True,False,56.0,38.358955101434674,-0.002015949620319958,37.98955896998563,62.66943510199039,38.358955101434674,-0.002015949620319958,37.98955896998563,62.66943510199039,38.358955101434674,-0.002015949620319958,37.98955896998563,62.66943510199039,False,False,0.0
1304,2016-12-30 14:15:00+00:00,industrial1,industrial,test,0,0,medium,56.0,4,60,IA-GTPF,11,0,2016-12-30 15:15:00+00:00,39.25,39.25,True,False,56.0,35.6339486278461,-0.002015949620319958,35.84510485613999,51.73644438434778,35.6339486278461,-0.002015949620319958,35.84510485613999,51.73644438434778,35.6339486278461,-0.002015949620319958,35.84510485613999,51.73644438434778,False,False,0.0
1305,2016-12-30 14:30:00+00:00,industrial1,industrial,test,1,0,medium,56.0,4,60,IA-GTPF,11,0,2016-12-30 15:30:00+00:00,38.5,38.5,True,False,56.0,34.49683489488031,-0.002015949620319958,35.08817019902736,53.4762605246479,34.49683489488031,-0.002015949620319958,35.08817019902736,53.4762605246479,34.49683489488031,-0.002015949620319958,35.08817019902736,53.4762605246479,False,False,0.0
1306,2016-12-30 14:45:00+00:00,industrial1,industrial,test,0,0,medium,56.0,4,60,IA-GTPF,11,0,2016-12-30 15:45:00+00:00,31.625,31.625,True,False,56.0,35.55428680525817,-0.002015949620319958,35.763872519426634,58.5747963933289,35.55428680525817,-0.002015949620319958,35.763872519426634,58.5747963933289,35.55428680525817,-0.002015949620319958,35.763872519426634,58.5747963933289,False,False,0.0
1307,2016-12-30 15:00:00+00:00,industrial1,industrial,test,1,0,medium,56.0,4,60,IA-GTPF,11,0,2016-12-30 16:00:00+00:00,31.625,31.625,True,False,56.0,35.36853795379721,-0.002015949620319958,35.74900953664199,61.59392006677849,35.36853795379721,-0.002015949620319958,35.74900953664199,61.59392006677849,35.36853795379721,-0.002015949620319958,35.74900953664199,61.59392006677849,False,False,0.0
1308,2016-12-30 15:15:00+00:00,industrial1,industrial,test,1,0,low,56.0,4,60,IA-GTPF,11,0,2016-12-30 16:15:00+00:00,37.125,37.125,True,False,56.0,34.80781177806792,-0.002015949620319958,35.104887907563324,56.58808760092639,34.80781177806792,-0.002015949620319958,35.104887907563324,56.58808760092639,34.80781177806792,-0.002015949620319958,35.104887907563324,56.58808760092639,False,False,0.0
1309,2016-12-30 15:30:00+00:00,industrial1,industrial,test,1,0,low,56.0,4,60,IA-GTPF,11,0,2016-12-30 16:30:00+00:00,25.75,25.75,True,False,56.0,35.851050060085484,-0.002015949620319958,36.26457910119613,55.543643823266336,35.851050060085484,-0.002015949620319958,36.26457910119613,55.543643823266336,35.851050060085484,-0.002015949620319958,36.26457910119613,55.543643823266336,False,False,0.0
1310,2016-12-30 15:45:00+00:00,industrial1,industrial,test,0,0,low,56.0,4,60,IA-GTPF,11,0,2016-12-30 16:45:00+00:00,24.125,24.125,True,False,56.0,34.48233339679009,-0.002015949620319958,35.80920691160181,54.960668611395405,34.48233339679009,-0.002015949620319958,35.80920691160181,54.960668611395405,34.48233339679009,-0.002015949620319958,35.80920691160181,54.960668611395405,False,False,0.0
1311,2016-12-30 16:00:00+00:00,industrial1,industrial,test,0,0,low,56.0,4,60,IA-GTPF,11,0,2016-12-30 17:00:00+00:00,24.625,24.625,True,False,56.0,33.833159401645446,-0.002015949620319958,35.59484638320456,48.776930899196316,33.833159401645446,-0.002015949620319958,35.59484638320456,48.776930899196316,33.833159401645446,-0.002015949620319958,35.59484638320456,48.776930899196316,False,False,0.0
1312,2016-12-30 16:15:00+00:00,industrial1,industrial,test,0,0,low,56.0,4,60,IA-GTPF,11,0,2016-12-30 17:15:00+00:00,25.625,25.625,True,False,56.0,32.952212150002254,-0.002015949620319958,34.206084208449944,44.4720758694579,32.952212150002254,-0.002015949620319958,34.206084208449944,44.4720758694579,32.952212150002254,-0.002015949620319958,34.206084208449944,44.4720758694579,False,False,0.0
1313,2016-12-30 16:30:00+00:00,industrial1,industrial,test,0,0,low,56.0,4,60,IA-GTPF,11,0,2016-12-30 17:30:00+00:00,21.625,21.625,True,False,56.0,31.987875935558584,-0.002015949620319958,32.97181874320378,43.88871839136349,31.987875935558584,-0.002015949620319958,32.97181874320378,43.88871839136349,31.987875935558584,-0.002015949620319958,32.97181874320378,43.88871839136349,False,False,0.0
1314,2016-12-30 16:45:00+00:00,industrial1,industrial,test,1,0,low,56.0,4,60,IA-GTPF,11,0,2016-12-30 17:45:00+00:00,25.5,25.5,True,False,56.0,28.793896188227357,-0.002015949620319958,29.831876603621566,42.1302057394378,28.793896188227357,-0.002015949620319958,29.831876603621566,42.1302057394378,28.793896188227357,-0.002015949620319958,29.831876603621566,42.1302057394378,False,False,0.0
1315,2016-12-30 17:00:00+00:00,industrial1,industrial,test,1,0,low,56.0,4,60,IA-GTPF,11,0,2016-12-30 18:00:00+00:00,35.0,35.0,True,False,56.0,28.778554606481247,-0.002015949620319958,29.21295946999398,38.5347095264815,28.778554606481247,-0.002015949620319958,29.21295946999398,38.5347095264815,28.778554606481247,-0.002015949620319958,29.21295946999398,38.5347095264815,False,False,0.0
1316,2016-12-30 17:15:00+00:00,industrial1,industrial,test,1,0,low,56.0,4,60,IA-GTPF,11,0,2016-12-30 18:15:00+00:00,26.0,26.0,True,False,56.0,26.840418281307848,-0.002015949620319958,27.367034797270346,37.05738500255485,26.840418281307848,-0.002015949620319958,27.367034797270346,37.05738500255485,26.840418281307848,-0.002015949620319958,27.367034797270346,37.05738500255485,False,False,0.0
1317,2016-12-30 17:30:00+00:00,industrial1,industrial,test,0,0,low,56.0,4,60,IA-GTPF,11,0,2016-12-30 18:30:00+00:00,21.0,21.0,True,False,56.0,24.11648275975354,-0.002015949620319958,24.237523185701754,33.22084729251141,24.11648275975354,-0.002015949620319958,24.237523185701754,33.22084729251141,24.11648275975354,-0.002015949620319958,24.237523185701754,33.22084729251141,False,False,0.0
1318,2016-12-30 17:45:00+00:00,industrial1,industrial,test,0,0,low,56.0,4,60,IA-GTPF,11,0,2016-12-30 18:45:00+00:00,25.5,25.5,True,False,56.0,24.258194980725758,-0.002015949620319958,24.49594723823845,33.32493149146519,24.258194980725758,-0.002015949620319958,24.49594723823845,33.32493149146519,24.258194980725758,-0.002015949620319958,24.49594723823845,33.32493149146519,False,False,0.0
1319,2016-12-30 18:00:00+00:00,industrial1,industrial,test,0,0,low,56.0,4,60,IA-GTPF,11,0,2016-12-30 19:00:00+00:00,28.375,28.375,True,False,56.0,26.23444345380186,0.1849467488618819,26.121548744526393,38.93836603243035,26.23444345380186,0.1849467488618819,26.121548744526393,38.93836603243035,26.23444345380186,0.1849467488618819,26.121548744526393,38.93836603243035,False,False,0.0
1320,2016-12-30 18:15:00+00:00,industrial1,industrial,test,0,0,low,56.0,4,60,IA-GTPF,11,0,2016-12-30 19:15:00+00:00,24.875,24.875,True,False,56.0,25.49979714213028,0.0017408158141191347,25.80329272701348,36.740483318070986,25.49979714213028,0.0017408158141191347,25.80329272701348,36.740483318070986,25.49979714213028,0.0017408158141191347,25.80329272701348,36.740483318070986,False,False,0.0
1321,2016-12-30 18:30:00+00:00,industrial1,industrial,test,0,0,low,56.0,4,60,IA-GTPF,11,0,2016-12-30 19:30:00+00:00,20.375,20.375,True,False,56.0,24.522250752490734,0.0017408158141191347,24.76298927665512,36.53744470646012,24.522250752490734,0.0017408158141191347,24.76298927665512,36.53744470646012,24.522250752490734,0.0017408158141191347,24.76298927665512,36.53744470646012,False,False,0.0
1322,2016-12-30 18:45:00+00:00,industrial1,industrial,test,0,0,low,56.0,4,60,IA-GTPF,11,0,2016-12-30 19:45:00+00:00,20.25,20.25,True,False,56.0,24.608112488387352,0.0017408158141191347,24.90152734922515,34.599133599456195,24.608112488387352,0.0017408158141191347,24.90152734922515,34.599133599456195,24.608112488387352,0.0017408158141191347,24.90152734922515,34.599133599456195,False,False,0.0
1323,2016-12-30 19:00:00+00:00,industrial1,industrial,test,1,0,low,56.0,4,60,IA-GTPF,11,0,2016-12-30 20:00:00+00:00,19.875,19.875,True,False,56.0,23.052121556829004,0.0017408158141191347,23.517870198872686,35.96692158432423,23.052121556829004,0.0017408158141191347,23.517870198872686,35.96692158432423,23.052121556829004,0.0017408158141191347,23.517870198872686,35.96692158432423,False,False,0.0
1324,2016-12-30 19:15:00+00:00,industrial1,industrial,test,1,0,low,56.0,4,60,IA-GTPF,11,0,2016-12-30 20:15:00+00:00,19.0,19.0,True,False,56.0,22.284841324790005,0.0017408158141191347,22.70486672300274,32.519495228416034,22.284841324790005,0.0017408158141191347,22.70486672300274,32.519495228416034,22.284841324790005,0.0017408158141191347,22.70486672300274,32.519495228416034,False,False,0.0
1325,2016-12-30 19:30:00+00:00,industrial1,industrial,test,0,0,low,56.0,4,60,IA-GTPF,11,0,2016-12-30 20:30:00+00:00,20.875,20.875,True,False,56.0,21.310737709135086,0.0017408158141191347,20.488626360866228,29.452208665031232,21.310737709135086,0.0017408158141191347,20.488626360866228,29.452208665031232,21.310737709135086,0.0017408158141191347,20.488626360866228,29.452208665031232,False,False,0.0
1326,2016-12-30 19:45:00+00:00,industrial1,industrial,test,1,0,low,56.0,4,60,IA-GTPF,11,0,2016-12-30 20:45:00+00:00,21.625,21.625,True,False,56.0,21.044845003695983,0.0017408158141191347,20.689570409174785,28.834632525624674,21.044845003695983,0.0017408158141191347,20.689570409174785,28.834632525624674,21.044845003695983,0.0017408158141191347,20.689570409174785,28.834632525624674,False,False,0.0
1327,2016-12-30 20:00:00+00:00,industrial1,industrial,test,1,0,low,56.0,4,60,IA-GTPF,11,0,2016-12-30 21:00:00+00:00,17.375,17.375,True,False,56.0,21.13708573316726,0.0017408158141191347,21.34519955378005,28.53651760581651,21.13708573316726,0.0017408158141191347,21.34519955378005,28.53651760581651,21.13708573316726,0.0017408158141191347,21.34519955378005,28.53651760581651,False,False,0.0
1328,2016-12-30 20:15:00+00:00,industrial1,industrial,test,1,0,low,56.0,4,60,IA-GTPF,11,0,2016-12-30 21:15:00+00:00,23.25,23.25,True,False,56.0,20.642603004966503,0.0017408158141191347,20.907797862215478,28.304732619520486,20.642603004966503,0.0017408158141191347,20.907797862215478,28.304732619520486,20.642603004966503,0.0017408158141191347,20.907797862215478,28.304732619520486,False,False,0.0
1329,2016-12-30 20:30:00+00:00,industrial1,industrial,test,1,0,low,56.0,4,60,IA-GTPF,11,0,2016-12-30 21:30:00+00:00,17.0,17.0,True,False,56.0,20.784450248489367,0.0017408158141191347,21.156377071425872,28.332643684498507,20.784450248489367,0.0017408158141191347,21.156377071425872,28.332643684498507,20.784450248489367,0.0017408158141191347,21.156377071425872,28.332643684498507,False,False,0.0
1330,2016-12-30 20:45:00+00:00,industrial1,industrial,test,1,0,low,56.0,4,60,IA-GTPF,11,0,2016-12-30 21:45:00+00:00,15.625,15.625,True,False,56.0,20.788180167747203,0.0017408158141191347,21.131528889262572,27.763894093239454,20.788180167747203,0.0017408158141191347,21.131528889262572,27.763894093239454,20.788180167747203,0.0017408158141191347,21.131528889262572,27.763894093239454,False,False,0.0
1331,2016-12-30 21:00:00+00:00,industrial1,industrial,test,0,0,low,56.0,4,60,IA-GTPF,11,0,2016-12-30 22:00:00+00:00,14.125,14.125,True,False,56.0,18.61261800320163,0.0017408158141191347,17.565811564236114,22.805138853887282,18.61261800320163,0.0017408158141191347,17.565811564236114,22.805138853887282,18.61261800320163,0.0017408158141191347,17.565811564236114,22.805138853887282,False,False,0.0
1332,2016-12-30 21:15:00+00:00,industrial1,industrial,test,0,0,low,56.0,4,60,IA-GTPF,11,0,2016-12-30 22:15:00+00:00,15.125,15.125,True,False,56.0,19.29297459371595,0.0017408158141191347,18.04045087852715,30.827753839918344,19.29297459371595,0.0017408158141191347,18.04045087852715,30.827753839918344,19.29297459371595,0.0017408158141191347,18.04045087852715,30.827753839918344,False,False,0.0
1333,2016-12-30 21:30:00+00:00,industrial1,industrial,test,0,0,low,56.0,4,60,IA-GTPF,11,0,2016-12-30 22:30:00+00:00,16.0,16.0,True,False,56.0,18.533299438598693,0.0017408158141191347,17.18611903498448,23.271414024540125,18.533299438598693,0.0017408158141191347,17.18611903498448,23.271414024540125,18.533299438598693,0.0017408158141191347,17.18611903498448,23.271414024540125,False,False,0.0
1334,2016-12-30 21:45:00+00:00,industrial1,industrial,test,1,0,low,56.0,4,60,IA-GTPF,11,0,2016-12-30 22:45:00+00:00,16.625,16.625,True,False,56.0,17.94894885891996,0.0017408158141191347,17.005210369799112,24.72892995827961,17.94894885891996,0.0017408158141191347,17.005210369799112,24.72892995827961,17.94894885891996,0.0017408158141191347,17.005210369799112,24.72892995827961,False,False,0.0
1335,2016-12-30 22:00:00+00:00,industrial1,industrial,test,1,0,low,56.0,4,60,IA-GTPF,11,0,2016-12-30 23:00:00+00:00,15.625,15.625,True,False,56.0,16.83337939546007,0.0017408158141191347,15.469960848777987,20.63147429165215,16.83337939546007,0.0017408158141191347,15.469960848777987,20.63147429165215,16.83337939546007,0.0017408158141191347,15.469960848777987,20.63147429165215,False,False,0.0
1336,2016-12-30 22:15:00+00:00,industrial1,industrial,test,1,0,low,56.0,4,60,IA-GTPF,11,0,2016-12-30 23:15:00+00:00,18.0,18.0,True,False,56.0,16.529531100830095,0.0017408158141191347,15.094706158847067,22.890140328597766,16.529531100830095,0.0017408158141191347,15.094706158847067,22.890140328597766,16.529531100830095,0.0017408158141191347,15.094706158847067,22.890140328597766,False,False,0.0
1337,2016-12-30 22:30:00+00:00,industrial1,industrial,test,1,0,low,56.0,4,60,IA-GTPF,11,0,2016-12-30 23:30:00+00:00,18.375,18.375,True,False,56.0,16.20572815171802,0.0017408158141191347,14.549309701855941,22.769947897458948,16.20572815171802,0.0017408158141191347,14.549309701855941,22.769947897458948,16.20572815171802,0.0017408158141191347,14.549309701855941,22.769947897458948,False,False,0.0
1338,2016-12-30 22:45:00+00:00,industrial1,industrial,test,1,0,low,56.0,4,60,IA-GTPF,11,0,2016-12-30 23:45:00+00:00,21.375,21.375,True,False,56.0,16.756426914212454,0.0017408158141191347,14.896026089942744,23.05975671075709,16.756426914212454,0.0017408158141191347,14.896026089942744,23.05975671075709,16.756426914212454,0.0017408158141191347,14.896026089942744,23.05975671075709,False,False,0.0
