model,horizon_minutes,seed,method,condition,value,n,coverage,width,calibration_error,interval_score,pinball_0.05,pinball_0.5,pinball_0.95,mean_pinball,WIS_single_90_interval
QuantileHGB,15,0,native_interval,target_provenance,measured,32527,0.9069388508008731,13.714536735893171,0.0069388508008730865,15.228220275200833,0.5461939478887953,0.5155960426177694,0.21521706587124656,0.4256690187926037,0.8513380375852072
QuantileHGB,15,0,native_interval,target_provenance,supplier_interpolated,174,0.6436781609195402,1.8400372751245293,0.2563218390804598,6.67324026554807,0.06728499312575566,0.4872878193575124,0.26637702015164794,0.2736499442116387,0.5472998884232774
QuantileHGB,15,0,native_interval,site,industrial1,3802,0.9742240925828511,33.56407332012498,0.07422409258285112,34.95839460195945,1.1083616717176008,1.6396055276349732,0.6395580583803722,1.1291750859109821,2.258350171821964
QuantileHGB,15,0,native_interval,site,industrial2,3802,0.8819042609153077,3.2963342172253527,0.01809573908469231,4.426054208134257,0.11275251234983964,0.21705157020896748,0.10855019805687323,0.14611809353856012,0.29223618707712024
QuantileHGB,15,0,native_interval,site,industrial3,3802,0.9563387690689111,75.08396787326527,0.05633876906891111,81.0593670275212,3.3221482366595807,1.7743585198821554,0.73082011471648,1.9424422904194054,3.8848845808388113
QuantileHGB,15,0,native_interval,site,residential1,3802,0.948185165702262,0.8626231473017303,0.048185165702261945,1.15059651009094,0.01510278811992063,0.08262042510809577,0.042427037384626415,0.046716750204214265,0.0934335004084285
QuantileHGB,15,0,native_interval,site,residential2,3802,0.8692793266701736,0.6902430878566281,0.03072067332982642,1.2479506682247035,0.013632705484460675,0.0877288079399137,0.04876482792677452,0.05004211378371629,0.10008422756743257
QuantileHGB,15,0,native_interval,site,residential3,3802,0.9263545502367175,1.0351096027909146,0.02635455023671751,1.4472075693108037,0.023623418942953993,0.1327618639623602,0.04873695952258622,0.06837408080930014,0.13674816161860023
QuantileHGB,15,0,native_interval,site,residential4,2138,0.6164639850327409,2.1452931230747554,0.2835360149672591,6.5373705094878325,0.08353925164003595,0.5349193392703685,0.24332927383435574,0.2872626215815867,0.5745252431631734
QuantileHGB,15,0,native_interval,site,residential5,3775,0.9451655629139073,0.6235675988607401,0.045165562913907276,1.0583296180986852,0.011407627965156075,0.06118670372582625,0.0415088529397782,0.038034394876920175,0.07606878975384034
QuantileHGB,15,0,native_interval,site,residential6,3802,0.9176749079431878,0.9732068854604037,0.017674907943187823,1.2644084873125614,0.018892035322166975,0.11536174510128815,0.044328389043461126,0.05952738982230541,0.11905477964461082
QuantileHGB,15,0,native_interval,building_type,industrial,11406,0.93748904085569,37.31479180353853,0.03748904085568994,40.147938612538304,1.514420806909007,1.2103385392420323,0.49297612371790844,1.0725784899563158,2.1451569799126315
QuantileHGB,15,0,native_interval,building_type,residential,21121,0.890440793523034,0.9696615263120455,0.009559206476966065,1.7707936687110286,0.023321188361096003,0.14041338476556817,0.06521849507445546,0.07631768940037321,0.15263537880074637
QuantileHGB,15,0,native_interval,high_interpolation_regime,0,32051,0.9107984150260522,13.888082515547744,0.010798415026052166,15.35045302822928,0.5530442358403076,0.5151748630594286,0.21447841557115663,0.42756583815696425,0.8551316763139284
QuantileHGB,15,0,native_interval,high_interpolation_regime,1,476,0.6470588235294118,2.028999375160824,0.2529411764705882,6.997795974119452,0.08493642869988725,0.5439557611563751,0.2649533700060854,0.2979485199541159,0.5958970399082318
QuantileHGB,15,0,native_interval,weak_signal_regime,0,25177,0.8945863287921516,11.201251194868158,0.005413671207848414,12.824168006601367,0.4539267179323978,0.4386891856774355,0.18728168239767065,0.3599658620025013,0.7199317240050026
QuantileHGB,15,0,native_interval,weak_signal_regime,1,7350,0.9492517006802721,22.32365103063967,0.04925170068027207,23.46316231146325,0.8622500089244711,0.7790360340717538,0.3109081066486916,0.6507313832149721,1.3014627664299443
QuantileHGB,15,0,native_interval,pv_regime,high,623,0.913322632423756,17.215347115364043,0.013322632423755976,19.534819993356958,0.6406631777964668,0.6825691382697013,0.3360778218713813,0.5531033793125165,1.1062067586250328
QuantileHGB,15,0,native_interval,pv_regime,low,26497,0.9136128618334151,10.875874492684272,0.013612861833415035,12.0074958261933,0.42634492225234116,0.43590768379901235,0.17402986905732404,0.34542749170289255,0.690854983405785
QuantileHGB,15,0,native_interval,pv_regime,medium,5407,0.8734973182911041,27.222032314198312,0.026502681708895914,30.515167584418766,1.1226291803756911,0.8868699847352934,0.4031291988452474,0.8042094546520772,1.6084189093041548
Conformalized ExtraTrees,15,11,native_interval,target_provenance,measured,32527,0.9245242413994528,7.26235512229205,0.02452424139945275,12.58747752829709,0.30729439201584596,0.49547981869180985,0.32207948439900863,0.3749512317022215,0.7499024634044429
Conformalized ExtraTrees,15,11,native_interval,target_provenance,supplier_interpolated,174,0.9942528735632183,7.262355122292051,0.09425287356321832,7.316265730621928,0.22922976086146507,0.4918426231619397,0.1365835256696314,0.2858853032310121,0.5717706064620239
Conformalized ExtraTrees,15,11,native_interval,site,industrial1,3802,0.6386112572330352,7.262355122292051,0.2613887427669648,26.451859358682665,0.6371121139364303,1.6690705488650213,0.6854808539977034,0.997221172266385,1.9944423445327695
Conformalized ExtraTrees,15,11,native_interval,site,industrial2,3802,0.9994739610731194,7.262355122292051,0.09947396107311934,7.269686106886077,0.18740268228315599,0.17833888015772204,0.176081623061148,0.18060772850067533,0.3612154570013506
Conformalized ExtraTrees,15,11,native_interval,site,industrial3,3802,0.7201472908995266,7.262355122292049,0.17985270910047346,33.556954320654775,0.772471427401103,1.7247687548735655,0.905376288631636,1.1342054903021015,2.268410980604203
Conformalized ExtraTrees,15,11,native_interval,site,residential1,3802,1.0,7.262355122292051,0.09999999999999998,7.262355122292051,0.182075171452052,0.07942654835280276,0.18104258466255066,0.1475147681558018,0.2950295363116035
Conformalized ExtraTrees,15,11,native_interval,site,residential2,3802,0.9997369805365597,7.262355122292051,0.09973698053655966,7.283315823910284,0.18299077778776243,0.09095490270984243,0.18117501340775188,0.15170689796845224,0.3034137959369044
Conformalized ExtraTrees,15,11,native_interval,site,residential3,3802,1.0,7.262355122292051,0.09999999999999998,7.262355122292051,0.183414229132021,0.09193317786422217,0.17970352698258169,0.1516836446596083,0.30336728931921647
Conformalized ExtraTrees,15,11,native_interval,site,residential4,2138,0.9934518241347053,7.26235512229205,0.09345182413470532,7.342865061587974,0.2113678174881322,0.48187599141502374,0.15577543559126666,0.2830064148314742,0.5660128296629483
Conformalized ExtraTrees,15,11,native_interval,site,residential5,3775,1.0,7.26235512229205,0.09999999999999998,7.26235512229205,0.18239696167628536,0.05999755349383488,0.1807207944383173,0.14103843653614584,0.2820768730722916
Conformalized ExtraTrees,15,11,native_interval,site,residential6,3802,1.0,7.262355122292051,0.09999999999999998,7.262355122292051,0.18354773924414516,0.07390551134935176,0.1795700168704575,0.14567442248798482,0.2913488449759695
Conformalized ExtraTrees,15,11,native_interval,building_type,industrial,11406,0.7860775030685604,7.262355122292048,0.11392249693143963,22.42616659540784,0.5323287412068963,1.1907260612987698,0.5889795885634959,0.7706781303563873,1.5413562607127744
Conformalized ExtraTrees,15,11,native_interval,building_type,residential,21121,0.9992898063538658,7.262355122292051,0.09928980635386575,7.274277987580966,0.18576881146222063,0.12002512226763565,0.17794508791682787,0.16124634054889472,0.32249268109778934
Conformalized ExtraTrees,15,11,native_interval,high_interpolation_regime,0,32051,0.9236529281457677,7.26235512229205,0.023652928145767693,12.662332246612129,0.30848923561720715,0.49509826036776605,0.3246273767133994,0.37607162423279084,0.7521432484655818
Conformalized ExtraTrees,15,11,native_interval,high_interpolation_regime,1,476,0.9831932773109243,7.262355122292051,0.0831932773109243,7.54720740914722,0.2268407527989815,0.5211716797084673,0.15051961765837965,0.2995106833886095,0.599021366777219
Conformalized ExtraTrees,15,11,native_interval,weak_signal_regime,0,25177,0.9437979107915955,7.26235512229205,0.04379791079159545,11.974416080239742,0.29541443658192595,0.41797978256937396,0.3033063674300613,0.3389001955271204,0.6778003910542406
Conformalized ExtraTrees,15,11,native_interval,weak_signal_regime,1,7350,0.8585034013605443,7.262355122292049,0.04149659863945576,14.687484069486178,0.34798849241854046,0.7609517111346085,0.38638571105576874,0.49844197153630593,0.9968839430726116
Conformalized ExtraTrees,15,11,native_interval,pv_regime,high,623,0.85553772070626,7.26235512229205,0.044462279293740026,18.070735803958833,0.4888650220386005,0.7574324804578577,0.41467176815934126,0.5536564235519331,1.1073128471038665
Conformalized ExtraTrees,15,11,native_interval,pv_regime,low,26497,0.9432388572291203,7.26235512229205,0.04323885722912024,10.819671906890107,0.2565403025237329,0.4033181624845515,0.2844432928207726,0.31476725260968563,0.6295345052193713
Conformalized ExtraTrees,15,11,native_interval,pv_regime,medium,5407,0.8407619752173109,7.262355122292048,0.059238024782689136,20.618821276157927,0.5350940233767381,0.9169355050693716,0.4958470404311584,0.649292189625756,1.298584379251512
IA-GTPF,15,11,raw_quantiles_pre_clip,target_provenance,measured,32527,0.9115504042795216,13.62825489045512,0.011550404279521587,15.125297860616108,0.539640586153534,0.5075367132877536,0.2166243068772716,0.42126720210618646,0.8425344042123727
IA-GTPF,15,11,raw_quantiles_pre_clip,target_provenance,supplier_interpolated,174,0.47701149425287354,1.558309317160416,0.4229885057471265,8.24244088802517,0.06847795103725757,0.5249797545418403,0.343644093364001,0.31236726631436634,0.6247345326287327
IA-GTPF,15,11,raw_quantiles_pre_clip,site,industrial1,3802,0.9689637033140452,32.97725365791246,0.06896370331404522,34.4976865741604,1.0882509640567506,1.647329029332932,0.6366333646512699,1.1240711193469841,2.248142238693968
IA-GTPF,15,11,raw_quantiles_pre_clip,site,industrial2,3802,0.9068911099421357,3.1443662629710807,0.006891109942135709,3.974026925431022,0.09513624747130246,0.22190767680753512,0.1035650988002487,0.14020300769302876,0.2804060153860575
IA-GTPF,15,11,raw_quantiles_pre_clip,site,industrial3,3802,0.9555497106785902,75.2414644559801,0.05554971067859016,81.00653166368997,3.302587782546672,1.7470109920964298,0.7477388006378264,1.932445858426976,3.8648917168539523
IA-GTPF,15,11,raw_quantiles_pre_clip,site,residential1,3802,0.9384534455549711,0.823910479817406,0.0384534455549711,1.1353792949509904,0.014632833813885924,0.08513043413957226,0.04213613093366363,0.04729979962904061,0.0945995992580812
IA-GTPF,15,11,raw_quantiles_pre_clip,site,residential2,3802,0.8929510783798001,0.6927768822554116,0.007048921620199877,1.2545814404257534,0.013545251553435177,0.08736955504249246,0.04918382046785251,0.05003287568792671,0.1000657513758534
IA-GTPF,15,11,raw_quantiles_pre_clip,site,residential3,3802,0.9279326670173593,0.9739857535227047,0.027932667017359303,1.405275110671946,0.022696787179409546,0.10964280740103942,0.047566968354187784,0.05996885431154558,0.11993770862309117
IA-GTPF,15,11,raw_quantiles_pre_clip,site,residential4,2138,0.6000935453695042,2.146285942024785,0.2999064546304958,6.823968448911519,0.08959347218231235,0.5204505031066696,0.2516049502632637,0.28721630851741525,0.5744326170348305
IA-GTPF,15,11,raw_quantiles_pre_clip,site,residential5,3775,0.9475496688741721,0.6225195381839594,0.04754966887417211,1.0695279253427152,0.01141646328343879,0.06130679441779737,0.042059932983696986,0.03826106356164438,0.07652212712328875
IA-GTPF,15,11,raw_quantiles_pre_clip,site,residential6,3802,0.929510783798001,0.9141215767518222,0.029510783798000984,1.2276897035364667,0.018184681878079582,0.09016561999891377,0.04319980329874379,0.050516701725245715,0.10103340345049143
IA-GTPF,15,11,raw_quantiles_pre_clip,building_type,industrial,11406,0.943801507978257,37.121028125621216,0.04380150797825699,39.8260817210938,1.495324998024908,1.205415899412299,0.49597908802978175,1.0655733284889963,2.131146656977992
IA-GTPF,15,11,raw_quantiles_pre_clip,building_type,residential,21121,0.8941338004829317,0.9414232290610313,0.005866199517068349,1.7861027130090597,0.02354114001912285,0.13066014508849377,0.06576399563133015,0.07332176024631559,0.1466435204926312
IA-GTPF,15,11,raw_quantiles_pre_clip,high_interpolation_regime,0,32051,0.9159152600542885,13.801852982418987,0.01591526005428845,15.229764547645342,0.5462805135307574,0.5066595869838459,0.21520771385150983,0.4227159381220377,0.8454318762440752
IA-GTPF,15,11,raw_quantiles_pre_clip,high_interpolation_regime,1,476,0.6176470588235294,1.9391951309301267,0.2823529411764706,8.091134444704501,0.09254749294473585,0.5665971653183054,0.31200922929048913,0.32371796251784346,0.647435925035687
IA-GTPF,15,11,raw_quantiles_pre_clip,weak_signal_regime,0,25177,0.899908646780792,11.137164020817227,9.135321920805684e-05,12.725624812152919,0.44859244356745137,0.4326108487366055,0.1876887970401946,0.3562973631147505,0.7125947262295012
IA-GTPF,15,11,raw_quantiles_pre_clip,weak_signal_regime,1,7350,0.9514285714285714,22.16134262173037,0.05142857142857138,23.345239131521925,0.8515207338936426,0.7641909298597607,0.3157412226824538,0.6438176288119524,1.2876352576239047
IA-GTPF,15,11,raw_quantiles_pre_clip,pv_regime,high,623,0.9165329052969502,17.054600535295705,0.016532905296950173,19.28338146175406,0.6309856520692625,0.6984143576669934,0.33318342101844084,0.5541944769182322,1.1083889538364644
IA-GTPF,15,11,raw_quantiles_pre_clip,pv_regime,low,26497,0.9179152356870589,10.794060840434412,0.017915235687058884,11.90604274668194,0.4204110119659574,0.4212079217110366,0.1748911253681399,0.338836686348378,0.6776733726967558
IA-GTPF,15,11,raw_quantiles_pre_clip,pv_regime,medium,5407,0.87978546328833,27.122433992852564,0.02021453671167006,30.422156871232833,1.1134001665461206,0.9085977855940236,0.4077076770155211,0.8099018763852218,1.6198037527704436
IA-GTPF,15,11,dedicated_conformal_pre_clip,target_provenance,measured,32527,0.9115504042795216,13.62825489045512,0.011550404279521587,15.125297860616108,0.539640586153534,0.5075367132877536,0.2166243068772716,0.42126720210618646,0.8425344042123727
IA-GTPF,15,11,dedicated_conformal_pre_clip,target_provenance,supplier_interpolated,174,0.47701149425287354,1.558309317160416,0.4229885057471265,8.24244088802517,0.06847795103725757,0.5249797545418403,0.343644093364001,0.31236726631436634,0.6247345326287327
IA-GTPF,15,11,dedicated_conformal_pre_clip,site,industrial1,3802,0.9689637033140452,32.97725365791246,0.06896370331404522,34.4976865741604,1.0882509640567506,1.647329029332932,0.6366333646512699,1.1240711193469841,2.248142238693968
IA-GTPF,15,11,dedicated_conformal_pre_clip,site,industrial2,3802,0.9068911099421357,3.1443662629710807,0.006891109942135709,3.974026925431022,0.09513624747130246,0.22190767680753512,0.1035650988002487,0.14020300769302876,0.2804060153860575
IA-GTPF,15,11,dedicated_conformal_pre_clip,site,industrial3,3802,0.9555497106785902,75.2414644559801,0.05554971067859016,81.00653166368997,3.302587782546672,1.7470109920964298,0.7477388006378264,1.932445858426976,3.8648917168539523
IA-GTPF,15,11,dedicated_conformal_pre_clip,site,residential1,3802,0.9384534455549711,0.823910479817406,0.0384534455549711,1.1353792949509904,0.014632833813885924,0.08513043413957226,0.04213613093366363,0.04729979962904061,0.0945995992580812
IA-GTPF,15,11,dedicated_conformal_pre_clip,site,residential2,3802,0.8929510783798001,0.6927768822554116,0.007048921620199877,1.2545814404257534,0.013545251553435177,0.08736955504249246,0.04918382046785251,0.05003287568792671,0.1000657513758534
IA-GTPF,15,11,dedicated_conformal_pre_clip,site,residential3,3802,0.9279326670173593,0.9739857535227047,0.027932667017359303,1.405275110671946,0.022696787179409546,0.10964280740103942,0.047566968354187784,0.05996885431154558,0.11993770862309117
IA-GTPF,15,11,dedicated_conformal_pre_clip,site,residential4,2138,0.6000935453695042,2.146285942024785,0.2999064546304958,6.823968448911519,0.08959347218231235,0.5204505031066696,0.2516049502632637,0.28721630851741525,0.5744326170348305
IA-GTPF,15,11,dedicated_conformal_pre_clip,site,residential5,3775,0.9475496688741721,0.6225195381839594,0.04754966887417211,1.0695279253427152,0.01141646328343879,0.06130679441779737,0.042059932983696986,0.03826106356164438,0.07652212712328875
IA-GTPF,15,11,dedicated_conformal_pre_clip,site,residential6,3802,0.929510783798001,0.9141215767518222,0.029510783798000984,1.2276897035364667,0.018184681878079582,0.09016561999891377,0.04319980329874379,0.050516701725245715,0.10103340345049143
IA-GTPF,15,11,dedicated_conformal_pre_clip,building_type,industrial,11406,0.943801507978257,37.121028125621216,0.04380150797825699,39.8260817210938,1.495324998024908,1.205415899412299,0.49597908802978175,1.0655733284889963,2.131146656977992
IA-GTPF,15,11,dedicated_conformal_pre_clip,building_type,residential,21121,0.8941338004829317,0.9414232290610313,0.005866199517068349,1.7861027130090597,0.02354114001912285,0.13066014508849377,0.06576399563133015,0.07332176024631559,0.1466435204926312
IA-GTPF,15,11,dedicated_conformal_pre_clip,high_interpolation_regime,0,32051,0.9159152600542885,13.801852982418987,0.01591526005428845,15.229764547645342,0.5462805135307574,0.5066595869838459,0.21520771385150983,0.4227159381220377,0.8454318762440752
IA-GTPF,15,11,dedicated_conformal_pre_clip,high_interpolation_regime,1,476,0.6176470588235294,1.9391951309301267,0.2823529411764706,8.091134444704501,0.09254749294473585,0.5665971653183054,0.31200922929048913,0.32371796251784346,0.647435925035687
IA-GTPF,15,11,dedicated_conformal_pre_clip,weak_signal_regime,0,25177,0.899908646780792,11.137164020817227,9.135321920805684e-05,12.725624812152919,0.44859244356745137,0.4326108487366055,0.1876887970401946,0.3562973631147505,0.7125947262295012
IA-GTPF,15,11,dedicated_conformal_pre_clip,weak_signal_regime,1,7350,0.9514285714285714,22.16134262173037,0.05142857142857138,23.345239131521925,0.8515207338936426,0.7641909298597607,0.3157412226824538,0.6438176288119524,1.2876352576239047
IA-GTPF,15,11,dedicated_conformal_pre_clip,pv_regime,high,623,0.9165329052969502,17.054600535295705,0.016532905296950173,19.28338146175406,0.6309856520692625,0.6984143576669934,0.33318342101844084,0.5541944769182322,1.1083889538364644
IA-GTPF,15,11,dedicated_conformal_pre_clip,pv_regime,low,26497,0.9179152356870589,10.794060840434412,0.017915235687058884,11.90604274668194,0.4204110119659574,0.4212079217110366,0.1748911253681399,0.338836686348378,0.6776733726967558
IA-GTPF,15,11,dedicated_conformal_pre_clip,pv_regime,medium,5407,0.87978546328833,27.122433992852564,0.02021453671167006,30.422156871232833,1.1134001665461206,0.9085977855940236,0.4077076770155211,0.8099018763852218,1.6198037527704436
IA-GTPF,15,11,dedicated_conformal_post_clip,target_provenance,measured,32527,0.9099824760967812,13.552147544912271,0.009982476096781157,15.091030621510615,0.539640586153534,0.5074927319950239,0.21491094492199692,0.4206814210235182,0.8413628420470366
IA-GTPF,15,11,dedicated_conformal_post_clip,target_provenance,supplier_interpolated,174,0.47701149425287354,1.5462445658858859,0.4229885057471265,8.23037613675064,0.06847795103725757,0.5249797545418403,0.3430408558002745,0.31216618712645744,0.6243323742529149
IA-GTPF,15,11,dedicated_conformal_post_clip,site,industrial1,3802,0.9689637033140452,32.97725365791246,0.06896370331404522,34.4976865741604,1.0882509640567506,1.647329029332932,0.6366333646512699,1.1240711193469841,2.248142238693968
IA-GTPF,15,11,dedicated_conformal_post_clip,site,industrial2,3802,0.8940031562335613,2.5284260839851957,0.00599684376643872,3.6893166460091154,0.09513624747130246,0.22190767680753512,0.08932958482915335,0.13545783636933031,0.27091567273866063
IA-GTPF,15,11,dedicated_conformal_post_clip,site,industrial3,3802,0.9555497106785902,75.2414644559801,0.05554971067859016,81.00653166368997,3.302587782546672,1.7470109920964298,0.7477388006378264,1.932445858426976,3.8648917168539523
IA-GTPF,15,11,dedicated_conformal_post_clip,site,residential1,3802,0.9384534455549711,0.823910479817406,0.0384534455549711,1.1353792949509904,0.014632833813885924,0.08513043413957226,0.04213613093366363,0.04729979962904061,0.0945995992580812
IA-GTPF,15,11,dedicated_conformal_post_clip,site,residential2,3802,0.8924250394529195,0.683451415370452,0.0075749605470805115,1.2719779787868564,0.013545251553435177,0.0875336936729015,0.05005364738590767,0.050377530870748116,0.10075506174149622
IA-GTPF,15,11,dedicated_conformal_post_clip,site,residential3,3802,0.9279326670173593,0.9715489166180568,0.027932667017359303,1.4028382737672984,0.022696787179409546,0.1095500175887783,0.04744512650895539,0.05989731042571441,0.11979462085142882
IA-GTPF,15,11,dedicated_conformal_post_clip,site,residential4,2138,0.6000935453695042,2.107887881851487,0.2999064546304958,6.785570388738222,0.08959347218231235,0.5198661046150592,0.24968504725459875,0.2863815413506568,0.5727630827013136
IA-GTPF,15,11,dedicated_conformal_post_clip,site,residential5,3775,0.9475496688741721,0.620943233177585,0.04754966887417211,1.0679516203363408,0.01141646328343879,0.06118707167828843,0.04198111773337828,0.03819488423170184,0.07638976846340365
IA-GTPF,15,11,dedicated_conformal_post_clip,site,residential6,3802,0.929510783798001,0.9138656101789182,0.029510783798000984,1.2274337369635628,0.018184681878079582,0.09016550153534078,0.04318700497009859,0.05051239612783965,0.10102479225567927
IA-GTPF,15,11,dedicated_conformal_post_clip,building_type,industrial,11406,0.9395055234087323,36.91571473262592,0.03950552340873226,39.73117829461983,1.495324998024908,1.205415899412299,0.4912339167060833,1.06399160471443,2.12798320942886
IA-GTPF,15,11,dedicated_conformal_post_clip,building_type,residential,21121,0.8940391079967804,0.9350911866403199,0.005960892003219587,1.7845809098736818,0.02354114001912285,0.13059241252333986,0.06568790547456127,0.07327381933900799,0.14654763867801598
IA-GTPF,15,11,dedicated_conformal_post_clip,high_interpolation_regime,0,32051,0.9143240460516052,13.724859973074775,0.0143240460516052,15.195233025995364,0.5462805135307574,0.5066149525103938,0.2134811377690109,0.42212553460338736,0.8442510692067745
IA-GTPF,15,11,dedicated_conformal_post_clip,high_interpolation_regime,1,476,0.6176470588235294,1.922723101558424,0.2823529411764706,8.074662415332797,0.09254749294473585,0.5665971653183054,0.31118562782190407,0.32344342869498177,0.6468868573899635
IA-GTPF,15,11,dedicated_conformal_post_clip,weak_signal_regime,0,25177,0.8978829884418318,11.039719526671236,0.002117011558168236,12.682234936988051,0.44859244356745137,0.43255402784815106,0.18551930328195118,0.3555552582325179,0.7111105164650358
IA-GTPF,15,11,dedicated_conformal_post_clip,weak_signal_regime,1,7350,0.9514285714285714,22.158324444946903,0.05142857142857138,23.342220954738448,0.8515207338936426,0.7641909298597607,0.3155903138432802,0.6437673258655612,1.2875346517311221
IA-GTPF,15,11,dedicated_conformal_post_clip,pv_regime,high,623,0.9165329052969502,17.054600535295705,0.016532905296950173,19.28338146175406,0.6309856520692625,0.6984143576669934,0.33318342101844084,0.5541944769182322,1.1083889538364644
IA-GTPF,15,11,dedicated_conformal_post_clip,pv_regime,low,26497,0.9164056308261312,10.739749666901144,0.016405630826131223,11.897752794630138,0.4204110119659574,0.42120096387674194,0.17447662776554965,0.3386962012027497,0.6773924024054992
IA-GTPF,15,11,dedicated_conformal_post_clip,pv_regime,medium,5407,0.8777510634362863,26.930745355278834,0.02224893656371374,30.2566396478432,1.1134001665461206,0.9083673032982387,0.39943181584603965,0.8070664285634663,1.6141328571269327
IA-GTPF,15,11,adaptive_conformal_pre_clip,target_provenance,measured,32527,0.9341470163248993,13.7501890678353,0.03414701632489925,14.995458846746203,0.5411848437052158,0.5075367132877536,0.2085880986320946,0.4191032185416881,0.8382064370833757
IA-GTPF,15,11,adaptive_conformal_pre_clip,target_provenance,supplier_interpolated,174,0.8793103448275862,3.5217360463778618,0.020689655172413834,5.0676448572857025,0.11756361926769371,0.5249797545418403,0.1358186235965915,0.2594539991353752,0.5189079982707504
IA-GTPF,15,11,adaptive_conformal_pre_clip,site,industrial1,3802,0.9689637033140452,32.97725365791246,0.06896370331404522,34.4976865741604,1.0882509640567506,1.647329029332932,0.6366333646512699,1.1240711193469841,2.248142238693968
IA-GTPF,15,11,adaptive_conformal_pre_clip,site,industrial2,3802,0.9121514992109416,3.160825164488586,0.012151499210941608,3.975455528944889,0.09549617069344711,0.22190767680753512,0.10327660575379742,0.1402268177515932,0.2804536355031864
IA-GTPF,15,11,adaptive_conformal_pre_clip,site,industrial3,3802,0.9555497106785902,75.2414644559801,0.05554971067859016,81.00653166368997,3.302587782546672,1.7470109920964298,0.7477388006378264,1.932445858426976,3.8648917168539523
IA-GTPF,15,11,adaptive_conformal_pre_clip,site,residential1,3802,0.9384534455549711,0.823910479817406,0.0384534455549711,1.1353792949509904,0.014632833813885924,0.08513043413957226,0.04213613093366363,0.04729979962904061,0.0945995992580812
IA-GTPF,15,11,adaptive_conformal_pre_clip,site,residential2,3802,0.9042609153077328,0.714419630569923,0.00426091530773276,1.2540188480166468,0.013653926936561188,0.08736955504249246,0.049047015464271176,0.05002349914777494,0.10004699829554986
IA-GTPF,15,11,adaptive_conformal_pre_clip,site,residential3,3802,0.9279326670173593,0.9739857535227047,0.027932667017359303,1.405275110671946,0.022696787179409546,0.10964280740103942,0.047566968354187784,0.05996885431154558,0.11993770862309117
IA-GTPF,15,11,adaptive_conformal_pre_clip,site,residential4,2138,0.9144059869036483,3.933580656181206,0.014405986903648249,4.8470739492077906,0.1122539496328534,0.5204505031066696,0.13009974782753622,0.2542680668556864,0.5085361337113729
IA-GTPF,15,11,adaptive_conformal_pre_clip,site,residential5,3775,0.9475496688741721,0.6225195381839594,0.04754966887417211,1.0695279253427152,0.01141646328343879,0.06130679441779737,0.042059932983696986,0.03826106356164438,0.07652212712328875
IA-GTPF,15,11,adaptive_conformal_pre_clip,site,residential6,3802,0.929510783798001,0.9141358892498439,0.029510783798000984,1.2276987151092955,0.018184774644270464,0.09016561999891377,0.04320016111119433,0.050516851918126195,0.10103370383625238
IA-GTPF,15,11,adaptive_conformal_pre_clip,building_type,industrial,11406,0.945554971067859,37.12651442612705,0.045554971067858996,39.82655792226509,1.4954449724322896,1.205415899412299,0.49588292368096454,1.0655812651751844,2.1311625303503687
IA-GTPF,15,11,adaptive_conformal_pre_clip,building_type,residential,21121,0.9279863642819942,1.1262428987772226,0.02798636428199419,1.5858894108592512,0.0258545549754677,0.13066014508849377,0.05343991556749488,0.06998487187715212,0.13996974375430424
IA-GTPF,15,11,adaptive_conformal_pre_clip,high_interpolation_regime,0,32051,0.9348850269882375,13.898491924230498,0.03488502698823748,15.136597100407737,0.5473064107949381,0.5066595869838459,0.20952344422544888,0.42116314733474436,0.8423262946694886
IA-GTPF,15,11,adaptive_conformal_pre_clip,high_interpolation_regime,1,476,0.884453781512605,3.7643595503512355,0.015546218487395014,5.49205093055751,0.12899503951888358,0.5665971653183054,0.145607507008992,0.280399903948727,0.5607998078974539
IA-GTPF,15,11,adaptive_conformal_pre_clip,weak_signal_regime,0,25177,0.9284664574810343,11.291806072586166,0.02846645748103427,12.559911304020357,0.45060362699721673,0.4326108487366055,0.17739193820380122,0.35353547131254115,0.7070709426250823
IA-GTPF,15,11,adaptive_conformal_pre_clip,weak_signal_regime,1,7350,0.9536054421768707,22.171237866663525,0.05360544217687069,23.338286123373226,0.8514655638490647,0.7641909298597607,0.3154487423195969,0.6437017453428074,1.2874034906856149
IA-GTPF,15,11,adaptive_conformal_pre_clip,pv_regime,high,623,0.9373996789727127,17.201006379486177,0.03739967897271268,19.185364240467074,0.6246561381524396,0.6984143576669934,0.3346120738709142,0.5525608565634491,1.105121713126898
IA-GTPF,15,11,adaptive_conformal_pre_clip,pv_regime,low,26497,0.938445861795675,10.90152717256307,0.038445861795674996,11.799117147733693,0.42203602853941485,0.4212079217110366,0.1679198288472699,0.33705459303257373,0.6741091860651475
IA-GTPF,15,11,adaptive_conformal_pre_clip,pv_regime,medium,5407,0.912705751803218,27.312448186361266,0.01270575180321798,30.17636414329631,1.115455888463419,0.9085977855940236,0.3933623187013968,0.8058053309196133,1.611610661839226
QuantileForest,15,11,native_interval,target_provenance,measured,32527,0.9153011344421558,5.527512712321364,0.01530113444215575,6.953969915160263,0.13104147360223828,0.49082063342948856,0.21665702215577495,0.2795063763958339,0.5590127527916678
QuantileForest,15,11,native_interval,target_provenance,supplier_interpolated,174,0.3103448275862069,2.6553866812886677,0.5896551724137931,13.900518452150468,0.14487103154819087,0.6424462003510254,0.5501548910593326,0.44582404098618295,0.8916480819723658
QuantileForest,15,11,native_interval,site,industrial1,3802,0.9539715938979485,18.209271921187472,0.05397159389794848,20.246820585850426,0.3906049735398959,1.5719886612587088,0.621736055752626,0.8614432301837436,1.722886460367487
QuantileForest,15,11,native_interval,site,industrial2,3802,0.932140978432404,2.0448266964899453,0.03214097843240393,2.7398439243707404,0.05283076436263382,0.1850417406773002,0.08416143185590326,0.10734464563194575,0.2146892912638915
QuantileForest,15,11,native_interval,site,industrial3,3802,0.9563387690689111,21.711596889622545,0.05633876906891111,25.444984491464638,0.530395842882987,1.7364661968926662,0.7418533816902454,1.0029051404886329,2.0058102809772653
QuantileForest,15,11,native_interval,site,residential1,3802,0.9439768542872172,0.7832658104579518,0.043976854287217204,1.1589919574852416,0.015190421674135864,0.07854032373578328,0.04275917620012623,0.04549664053668179,0.09099328107336357
QuantileForest,15,11,native_interval,site,residential2,3802,0.9189900052603893,0.7011306833414496,0.018990005260389298,1.3388578601743748,0.013333436861107054,0.08646529309692445,0.053609456147611693,0.0511360620352144,0.10227212407042881
QuantileForest,15,11,native_interval,site,residential3,3802,0.9395055234087323,0.9978273046271529,0.03950552340873226,1.4244900496922317,0.02253312374538262,0.09399725473715488,0.04869137873922899,0.055073919073922166,0.1101478381478443
QuantileForest,15,11,native_interval,site,residential4,2138,0.5579981290926099,2.408463587340373,0.3420018709073901,8.540137199619405,0.11596719135580613,0.5546516336184318,0.31103966862516413,0.32721949786646737,0.6544389957329347
QuantileForest,15,11,native_interval,site,residential5,3775,0.9528476821192053,0.6029296558077676,0.05284768211920532,1.093262011072108,0.0120333151663053,0.05807406854460786,0.04262978538730011,0.03757905636607109,0.07515811273214218
QuantileForest,15,11,native_interval,site,residential6,3802,0.9258285113098369,0.8882330859802086,0.025828511309836877,1.2509301225021487,0.019041576857184352,0.07702392311247547,0.043504929267923126,0.04652347641252765,0.09304695282505528
QuantileForest,15,11,native_interval,building_type,industrial,11406,0.9474837804664212,13.988565169099987,0.04748378046642121,16.143883000561935,0.3246105269285056,1.164498866276225,0.4825836230995916,0.657231005434774,1.314462010869548
QuantileForest,15,11,native_interval,building_type,residential,21121,0.8979214999289806,0.9582799902903535,0.0020785000710193957,1.9911296778565593,0.02650813605953644,0.12701333624422856,0.07304834783329155,0.07552327337901886,0.1510465467580377
QuantileForest,15,11,native_interval,high_interpolation_regime,0,32051,0.9234345262238308,5.564480867658963,0.0234345262238308,6.798830217926398,0.13019832882677052,0.48680735115952384,0.20974318206954953,0.27558295401861466,0.5511659080372292
QuantileForest,15,11,native_interval,high_interpolation_regime,1,476,0.36764705882352944,3.038297698192389,0.5323529411764706,17.40015150348493,0.18781381225458527,0.7610511166955384,0.682193762919661,0.5436862306232616,1.0873724612465234
QuantileForest,15,11,native_interval,weak_signal_regime,0,25177,0.9045954641140723,4.423279810101391,0.004595464114072301,5.875750792086745,0.10713988329336753,0.4167294768102663,0.1866476563109698,0.23683900547153455,0.473678010943069
QuantileForest,15,11,native_interval,weak_signal_regime,1,7350,0.9519727891156463,9.309998668674051,0.05197278911564629,10.647347175244882,0.21291498914052923,0.7446156062461088,0.319452369621715,0.4256609883361177,0.8513219766722351
QuantileForest,15,11,native_interval,pv_regime,high,623,0.9213483146067416,7.8283147187506685,0.02134831460674158,10.056387596132359,0.1802936619138808,0.6989686237499978,0.3225257178927374,0.4005960011855387,0.8011920023710771
QuantileForest,15,11,native_interval,pv_regime,low,26497,0.9202551232214967,4.466188891197145,0.020255123221496696,5.686251812793213,0.10573647555530317,0.40396913418401326,0.1785761150843576,0.22942724160789138,0.4588544832157826
QuantileForest,15,11,native_interval,pv_regime,medium,5407,0.8903273534307379,10.46342868020059,0.009672646569262144,12.808957957175071,0.2493737132788585,0.8924533276291705,0.3910741845798953,0.5109670751626415,1.0219341503252826
Conformalized ExtraTrees,15,23,native_interval,target_provenance,measured,32527,0.9226488763181357,7.334925489674006,0.022648876318135724,12.701462929095111,0.3096666832796661,0.5036242450233903,0.3254064631750897,0.37956579715938205,0.7591315943187641
Conformalized ExtraTrees,15,23,native_interval,target_provenance,supplier_interpolated,174,0.9942528735632183,7.334925489674006,0.09425287356321832,7.3895031095298584,0.23232122742384578,0.5019409629646577,0.1371539280526473,0.29047203948038364,0.5809440789607673
Conformalized ExtraTrees,15,23,native_interval,site,industrial1,3802,0.6301946344029458,7.334925489674006,0.26980536559705426,26.336948935913462,0.6325301716992496,1.693569144270202,0.6843172750964238,1.0034721970219584,2.006944394043917
Conformalized ExtraTrees,15,23,native_interval,site,industrial2,3802,0.9992109416096792,7.334925489674006,0.09921094160967914,7.351063659011448,0.18882330977839493,0.17598245494585546,0.17872987317217764,0.181178545965476,0.362357091930952
Conformalized ExtraTrees,15,23,native_interval,site,industrial3,3802,0.7130457653866387,7.3349254896740055,0.18695423461336136,34.16089187266004,0.7858014675151705,1.767529835948804,0.9222431261178314,1.1585248098606022,2.3170496197212045
Conformalized ExtraTrees,15,23,native_interval,site,residential1,3802,1.0,7.334925489674006,0.09999999999999998,7.334925489674006,0.183960762185775,0.07943521011029787,0.1827855122979255,0.14872716153133278,0.29745432306266545
Conformalized ExtraTrees,15,23,native_interval,site,residential2,3802,0.9997369805365597,7.334925489674006,0.09973698053655966,7.355816356788168,0.18492078240881588,0.09039655667194925,0.18287003543059271,0.15272912483711928,0.30545824967423846
Conformalized ExtraTrees,15,23,native_interval,site,residential3,3802,1.0,7.334925489674006,0.09999999999999998,7.334925489674006,0.18505585196666058,0.09260475661205625,0.18169042251703987,0.15311701036525224,0.3062340207305044
Conformalized ExtraTrees,15,23,native_interval,site,residential4,2138,0.9929840972871843,7.3349254896740055,0.09298409728718426,7.418443527441096,0.21330935607613777,0.4886042823208022,0.1576128202959172,0.2865088195642857,0.5730176391285713
Conformalized ExtraTrees,15,23,native_interval,site,residential5,3775,1.0,7.3349254896740055,0.09999999999999998,7.3349254896740055,0.184335170648594,0.05998997881939706,0.18241110383510648,0.14224541776769917,0.2844908355353983
Conformalized ExtraTrees,15,23,native_interval,site,residential6,3802,1.0,7.334925489674006,0.09999999999999998,7.334925489674006,0.18520106174432255,0.07478180267984559,0.18154521273937793,0.14717602572118202,0.294352051442364
Conformalized ExtraTrees,15,23,native_interval,building_type,industrial,11406,0.7808171137997545,7.3349254896740055,0.11918288620024553,22.61630148919498,0.5357183163309385,1.212360478388287,0.5950967581288109,0.7810585176160121,1.5621170352320242
Conformalized ExtraTrees,15,23,native_interval,building_type,residential,21121,0.9992424601107902,7.3349254896740055,0.09924246011079019,7.347140282605879,0.18759173765290554,0.12088453204767832,0.1797652764773886,0.16274718205932415,0.3254943641186482
Conformalized ExtraTrees,15,23,native_interval,high_interpolation_regime,0,32051,0.9218121119465851,7.334925489674007,0.021812111946585055,12.77675422468802,0.3108252201178731,0.5029388249665759,0.3280124911165281,0.380592178733659,0.7611843574673179
Conformalized ExtraTrees,15,23,native_interval,high_interpolation_regime,1,476,0.9789915966386554,7.334925489674006,0.0789915966386554,7.631796300842497,0.23165772487342665,0.5497763421682642,0.14993209016869838,0.3104553857367964,0.6209107714735926
Conformalized ExtraTrees,15,23,native_interval,weak_signal_regime,0,25177,0.9430829725543155,7.334925489674006,0.04308297255431548,12.09406089994425,0.2977987957592456,0.4229575302213542,0.30690424923796705,0.3425535250728556,0.6851070501457112
Conformalized ExtraTrees,15,23,native_interval,weak_signal_regime,1,7350,0.8526530612244898,7.3349254896740055,0.04734693877551022,14.782083458065358,0.3503194457424727,0.7799434121758891,0.3887847271607955,0.5063491950263858,1.0126983900527715
Conformalized ExtraTrees,15,23,native_interval,pv_regime,high,623,0.8523274478330658,7.334925489674007,0.04767255216693422,18.72426592400163,0.5105503892647436,0.7786086711976529,0.42566290693533826,0.5716073224659116,1.1432146449318232
Conformalized ExtraTrees,15,23,native_interval,pv_regime,low,26497,0.9410499301807752,7.3349254896740055,0.041049930180775185,10.910915486792735,0.2596865081949821,0.41015762122085464,0.2858592661446548,0.31856779852016387,0.6371355970403277
Conformalized ExtraTrees,15,23,native_interval,pv_regime,medium,5407,0.8405770297762161,7.334925489674005,0.059422970223783955,20.78208606814807,0.5314484754731506,0.9299733912022734,0.5076558279342532,0.6563592315365591,1.312718463073118
IA-GTPF,15,23,raw_quantiles_pre_clip,target_provenance,measured,32527,0.9116426353490946,13.62825489045512,0.011642635349094599,15.13442097639395,0.5398168492997842,0.50847970330906,0.21690419951991355,0.4217335840429192,0.8434671680858384
IA-GTPF,15,23,raw_quantiles_pre_clip,target_provenance,supplier_interpolated,174,0.47701149425287354,1.558309317160416,0.4229885057471265,8.24215075131395,0.06847744672098291,0.5249198341099018,0.34363009084471463,0.31234245722519977,0.6246849144503996
IA-GTPF,15,23,raw_quantiles_pre_clip,site,industrial1,3802,0.9697527617043661,32.977253657912456,0.06975276170436606,34.49686348562318,1.0880199363979275,1.649423781212719,0.6368232378832321,1.1247556518312927,2.249511303662586
IA-GTPF,15,23,raw_quantiles_pre_clip,site,industrial2,3802,0.9079431877958969,3.1443662629710807,0.007943187795896867,3.9743134256601906,0.09513687378364896,0.22191195731712524,0.10357879749936064,0.14020920953337826,0.2804184190667565
IA-GTPF,15,23,raw_quantiles_pre_clip,site,industrial3,3802,0.9550236717517097,75.2414644559801,0.055023671751709635,81.08473370907744,3.3043199326328585,1.7530316140885112,0.7499167528210142,1.9357560998474612,3.8715121996949224
IA-GTPF,15,23,raw_quantiles_pre_clip,site,residential1,3802,0.9387164650184113,0.823910479817406,0.038716465018411306,1.1354959929987758,0.014633008404824167,0.08511210982454913,0.04214179124511464,0.04729563649149598,0.09459127298299193
IA-GTPF,15,23,raw_quantiles_pre_clip,site,residential2,3802,0.8926880589163598,0.6927768822554116,0.007311941083640194,1.2546370886974616,0.013543605070246694,0.08735895200814253,0.04918824936462641,0.05003026881433855,0.10006053762867706
IA-GTPF,15,23,raw_quantiles_pre_clip,site,residential3,3802,0.9279326670173593,0.9739857535227047,0.027932667017359303,1.405347968318982,0.022696733424820367,0.10964320584211097,0.04757066499112875,0.05997020141935336,0.11994040283870672
IA-GTPF,15,23,raw_quantiles_pre_clip,site,residential4,2138,0.5996258185219832,2.146285942024785,0.30037418147801687,6.8239865524312515,0.08960558791124858,0.5204389808719575,0.25159373971031407,0.2872127694978401,0.57442553899568
IA-GTPF,15,23,raw_quantiles_pre_clip,site,residential5,3775,0.9470198675496688,0.6225195381839594,0.0470198675496688,1.0696381277926554,0.01141650305302226,0.06129959666010684,0.04206540333661053,0.03826050101657988,0.07652100203315976
IA-GTPF,15,23,raw_quantiles_pre_clip,site,residential6,3802,0.9297738032614413,0.9141215767518222,0.0297738032614413,1.2277098334774008,0.01818557866933251,0.09015562090559212,0.04319991300453754,0.05051370419315406,0.1010274083863081
IA-GTPF,15,23,raw_quantiles_pre_clip,building_type,industrial,11406,0.9442398737506575,37.121028125621216,0.04423987375065752,39.85197020678693,1.4958255809381449,1.208122450872785,0.4967729294012023,1.0669069870707106,2.1338139741414213
IA-GTPF,15,23,raw_quantiles_pre_clip,building_type,residential,21121,0.8940391079967804,0.9414232290610313,0.005960892003219587,1.7861720051396348,0.023542260356687522,0.13065075682395763,0.06576633990029425,0.07331978569364646,0.14663957138729292
IA-GTPF,15,23,raw_quantiles_pre_clip,high_interpolation_regime,0,32051,0.9160088608779757,13.801852982418987,0.016008860877975706,15.23902805304561,0.5464594345255647,0.5076168176344835,0.2154919681267159,0.42318940676225464,0.8463788135245095
IA-GTPF,15,23,raw_quantiles_pre_clip,high_interpolation_regime,1,476,0.6176470588235294,1.9391951309301265,0.2823529411764706,8.090804560927058,0.0925447924269032,0.5665812763255575,0.31199543561944965,0.3237071681239701,0.6474143362479403
IA-GTPF,15,23,raw_quantiles_pre_clip,weak_signal_regime,0,25177,0.899948365571752,11.137164020817227,5.163442824807074e-05,12.737112677839693,0.44877753871619036,0.43376373662309775,0.18807809517579444,0.3568731235050275,0.7137462470100551
IA-GTPF,15,23,raw_quantiles_pre_clip,weak_signal_regime,1,7350,0.9517006802721089,22.16134262173037,0.051700680272108834,23.346261933223957,0.8516667435260616,0.764414926880825,0.31564635313513634,0.6439093411806743,1.2878186823613484
IA-GTPF,15,23,raw_quantiles_pre_clip,pv_regime,high,623,0.9229534510433387,17.054600535295705,0.02295345104333868,19.298986901600355,0.631467065307023,0.7011873241124865,0.33348227977299505,0.5553788897308348,1.1107577794616696
IA-GTPF,15,23,raw_quantiles_pre_clip,pv_regime,low,26497,0.9177642752009662,10.794060840434412,0.01776427520096613,11.909199999041832,0.42046289720173996,0.4217630704324924,0.17499710275035155,0.3390743567948613,0.6781487135897226
IA-GTPF,15,23,raw_quantiles_pre_clip,pv_regime,medium,5407,0.8803402996116145,27.122433992852564,0.019659700388385493,30.459768796903585,1.1141507838604214,0.9112305399226865,0.40883765598475813,0.8114063265892888,1.622812653178577
IA-GTPF,15,23,dedicated_conformal_pre_clip,target_provenance,measured,32527,0.9116426353490946,13.62825489045512,0.011642635349094599,15.13442097639395,0.5398168492997842,0.50847970330906,0.21690419951991355,0.4217335840429192,0.8434671680858384
IA-GTPF,15,23,dedicated_conformal_pre_clip,target_provenance,supplier_interpolated,174,0.47701149425287354,1.558309317160416,0.4229885057471265,8.24215075131395,0.06847744672098291,0.5249198341099018,0.34363009084471463,0.31234245722519977,0.6246849144503996
IA-GTPF,15,23,dedicated_conformal_pre_clip,site,industrial1,3802,0.9697527617043661,32.977253657912456,0.06975276170436606,34.49686348562318,1.0880199363979275,1.649423781212719,0.6368232378832321,1.1247556518312927,2.249511303662586
IA-GTPF,15,23,dedicated_conformal_pre_clip,site,industrial2,3802,0.9079431877958969,3.1443662629710807,0.007943187795896867,3.9743134256601906,0.09513687378364896,0.22191195731712524,0.10357879749936064,0.14020920953337826,0.2804184190667565
IA-GTPF,15,23,dedicated_conformal_pre_clip,site,industrial3,3802,0.9550236717517097,75.2414644559801,0.055023671751709635,81.08473370907744,3.3043199326328585,1.7530316140885112,0.7499167528210142,1.9357560998474612,3.8715121996949224
IA-GTPF,15,23,dedicated_conformal_pre_clip,site,residential1,3802,0.9387164650184113,0.823910479817406,0.038716465018411306,1.1354959929987758,0.014633008404824167,0.08511210982454913,0.04214179124511464,0.04729563649149598,0.09459127298299193
IA-GTPF,15,23,dedicated_conformal_pre_clip,site,residential2,3802,0.8926880589163598,0.6927768822554116,0.007311941083640194,1.2546370886974616,0.013543605070246694,0.08735895200814253,0.04918824936462641,0.05003026881433855,0.10006053762867706
IA-GTPF,15,23,dedicated_conformal_pre_clip,site,residential3,3802,0.9279326670173593,0.9739857535227047,0.027932667017359303,1.405347968318982,0.022696733424820367,0.10964320584211097,0.04757066499112875,0.05997020141935336,0.11994040283870672
IA-GTPF,15,23,dedicated_conformal_pre_clip,site,residential4,2138,0.5996258185219832,2.146285942024785,0.30037418147801687,6.8239865524312515,0.08960558791124858,0.5204389808719575,0.25159373971031407,0.2872127694978401,0.57442553899568
IA-GTPF,15,23,dedicated_conformal_pre_clip,site,residential5,3775,0.9470198675496688,0.6225195381839594,0.0470198675496688,1.0696381277926554,0.01141650305302226,0.06129959666010684,0.04206540333661053,0.03826050101657988,0.07652100203315976
IA-GTPF,15,23,dedicated_conformal_pre_clip,site,residential6,3802,0.9297738032614413,0.9141215767518222,0.0297738032614413,1.2277098334774008,0.01818557866933251,0.09015562090559212,0.04319991300453754,0.05051370419315406,0.1010274083863081
IA-GTPF,15,23,dedicated_conformal_pre_clip,building_type,industrial,11406,0.9442398737506575,37.121028125621216,0.04423987375065752,39.85197020678693,1.4958255809381449,1.208122450872785,0.4967729294012023,1.0669069870707106,2.1338139741414213
IA-GTPF,15,23,dedicated_conformal_pre_clip,building_type,residential,21121,0.8940391079967804,0.9414232290610313,0.005960892003219587,1.7861720051396348,0.023542260356687522,0.13065075682395763,0.06576633990029425,0.07331978569364646,0.14663957138729292
IA-GTPF,15,23,dedicated_conformal_pre_clip,high_interpolation_regime,0,32051,0.9160088608779757,13.801852982418987,0.016008860877975706,15.23902805304561,0.5464594345255647,0.5076168176344835,0.2154919681267159,0.42318940676225464,0.8463788135245095
IA-GTPF,15,23,dedicated_conformal_pre_clip,high_interpolation_regime,1,476,0.6176470588235294,1.9391951309301265,0.2823529411764706,8.090804560927058,0.0925447924269032,0.5665812763255575,0.31199543561944965,0.3237071681239701,0.6474143362479403
IA-GTPF,15,23,dedicated_conformal_pre_clip,weak_signal_regime,0,25177,0.899948365571752,11.137164020817227,5.163442824807074e-05,12.737112677839693,0.44877753871619036,0.43376373662309775,0.18807809517579444,0.3568731235050275,0.7137462470100551
IA-GTPF,15,23,dedicated_conformal_pre_clip,weak_signal_regime,1,7350,0.9517006802721089,22.16134262173037,0.051700680272108834,23.346261933223957,0.8516667435260616,0.764414926880825,0.31564635313513634,0.6439093411806743,1.2878186823613484
IA-GTPF,15,23,dedicated_conformal_pre_clip,pv_regime,high,623,0.9229534510433387,17.054600535295705,0.02295345104333868,19.298986901600355,0.631467065307023,0.7011873241124865,0.33348227977299505,0.5553788897308348,1.1107577794616696
IA-GTPF,15,23,dedicated_conformal_pre_clip,pv_regime,low,26497,0.9177642752009662,10.794060840434412,0.01776427520096613,11.909199999041832,0.42046289720173996,0.4217630704324924,0.17499710275035155,0.3390743567948613,0.6781487135897226
IA-GTPF,15,23,dedicated_conformal_pre_clip,pv_regime,medium,5407,0.8803402996116145,27.122433992852564,0.019659700388385493,30.459768796903585,1.1141507838604214,0.9112305399226865,0.40883765598475813,0.8114063265892888,1.622812653178577
IA-GTPF,15,23,dedicated_conformal_post_clip,target_provenance,measured,32527,0.9100747071663541,13.552149489094978,0.010074707166354058,15.100155681471161,0.5398168492997842,0.5084359954642597,0.21519093477377416,0.42114792651260596,0.8422958530252119
IA-GTPF,15,23,dedicated_conformal_post_clip,target_provenance,supplier_interpolated,174,0.47701149425287354,1.5462457943506807,0.4229885057471265,8.230087228504216,0.06847744672098291,0.5249198341099018,0.34302691470422786,0.3121413985117042,0.6242827970234084
IA-GTPF,15,23,dedicated_conformal_post_clip,site,industrial1,3802,0.9697527617043661,32.977253657912456,0.06975276170436606,34.49686348562318,1.0880199363979275,1.649423781212719,0.6368232378832321,1.1247556518312927,2.249511303662586
IA-GTPF,15,23,dedicated_conformal_post_clip,site,industrial2,3802,0.8950552340873225,2.5284443522524667,0.004944765912677562,3.689621414505554,0.09513687378364896,0.22191195731712524,0.0893441969416288,0.13546434268080101,0.27092868536160203
IA-GTPF,15,23,dedicated_conformal_post_clip,site,industrial3,3802,0.9550236717517097,75.2414644559801,0.055023671751709635,81.08473370907744,3.3043199326328585,1.7530316140885112,0.7499167528210142,1.9357560998474612,3.8715121996949224
IA-GTPF,15,23,dedicated_conformal_post_clip,site,residential1,3802,0.9387164650184113,0.823910479817406,0.038716465018411306,1.1354959929987758,0.014633008404824167,0.08511210982454913,0.04214179124511464,0.04729563649149598,0.09459127298299193
IA-GTPF,15,23,dedicated_conformal_post_clip,site,residential2,3802,0.8921620199894792,0.683447929235334,0.007837980010520829,1.2720301409234467,0.013543605070246694,0.08752517103310843,0.05005790197592566,0.050375559359760264,0.10075111871952053
IA-GTPF,15,23,dedicated_conformal_post_clip,site,residential3,3802,0.9279326670173593,0.9715491415027219,0.027932667017359303,1.4029113562989992,0.022696733424820367,0.10955044414043301,0.04744883439012961,0.05989867065179433,0.11979734130358864
IA-GTPF,15,23,dedicated_conformal_post_clip,site,residential4,2138,0.5996258185219832,2.107890194926616,0.30037418147801687,6.785590805333082,0.08960558791124858,0.519854682358305,0.24967395235540557,0.28637807420831973,0.5727561484166395
IA-GTPF,15,23,dedicated_conformal_post_clip,site,residential5,3775,0.9470198675496688,0.6209432322905848,0.0470198675496688,1.068061821899281,0.01141650305302226,0.06117993054387586,0.0419865880419418,0.03819434054627997,0.07638868109255995
IA-GTPF,15,23,dedicated_conformal_post_clip,site,residential6,3802,0.9297738032614413,0.9138659362564386,0.0297738032614413,1.227454192982017,0.01818557866933251,0.09015562090559212,0.04318713097976838,0.050509443518231,0.101018887036462
IA-GTPF,15,23,dedicated_conformal_post_clip,building_type,industrial,11406,0.9399438891811327,36.91572082204834,0.039943889181132675,39.75707286973539,1.4958255809381449,1.208122450872785,0.49202806254862513,1.0653253647865184,2.1306507295730364
IA-GTPF,15,23,dedicated_conformal_post_clip,building_type,residential,21121,0.8939444155106292,0.9350908922640456,0.006055584489370824,1.7846499076279831,0.023542260356687522,0.13058344537715966,0.06569023502471165,0.07327198025285293,0.14654396050570587
IA-GTPF,15,23,dedicated_conformal_post_clip,high_interpolation_regime,0,32051,0.9144176468752925,13.724861939462034,0.014417646875292456,15.204498497782886,0.5464594345255647,0.5075724606700261,0.2137654903635798,0.4225991285197235,0.845198257039447
IA-GTPF,15,23,dedicated_conformal_post_clip,high_interpolation_regime,1,476,0.6176470588235294,1.9227235506190845,0.2823529411764706,8.074332980616015,0.0925447924269032,0.5665812763255575,0.3111718566038975,0.3234326417854527,0.6468652835709056
IA-GTPF,15,23,dedicated_conformal_post_clip,weak_signal_regime,0,25177,0.8979227072327919,11.039722012955236,0.0020772927672081387,12.693725288958825,0.44877753871619036,0.43370726901107803,0.18590872573175096,0.35613117781967313,0.7122623556393464
IA-GTPF,15,23,dedicated_conformal_post_clip,weak_signal_regime,1,7350,0.9517006802721089,22.15832453219297,0.051700680272108834,23.343243843686558,0.8516667435260616,0.764414926880825,0.31549544865826634,0.6438590396883844,1.2877180793767684
IA-GTPF,15,23,dedicated_conformal_post_clip,pv_regime,high,623,0.9229534510433387,17.054600535295705,0.02295345104333868,19.298986901600355,0.631467065307023,0.7011873241124865,0.33348227977299505,0.5553788897308348,1.1107577794616696
IA-GTPF,15,23,dedicated_conformal_post_clip,pv_regime,low,26497,0.9162546703400385,10.739750629341074,0.01625467034003847,11.900911009429956,0.42046289720173996,0.4217564272438502,0.174582653269758,0.33893399257178275,0.6778679851435654
IA-GTPF,15,23,dedicated_conformal_post_clip,pv_regime,medium,5407,0.878305899759571,26.930752334502056,0.02169410024042906,30.294258552737176,1.1141507838604214,0.9110001606923616,0.4005621437764378,0.8085710294430736,1.6171420588861471
IA-GTPF,15,23,adaptive_conformal_pre_clip,target_provenance,measured,32527,0.9342392473944723,13.750175934589763,0.03423924739447226,15.004581500241796,0.5413597134322111,0.50847970330906,0.20886936157987882,0.4195695927737167,0.8391391855474333
IA-GTPF,15,23,adaptive_conformal_pre_clip,target_provenance,supplier_interpolated,174,0.8793103448275862,3.521441459709961,0.020689655172413834,5.069083596897585,0.11755575028472155,0.5249198341099018,0.13589842956015777,0.2594580046515937,0.5189160093031873
IA-GTPF,15,23,adaptive_conformal_pre_clip,site,industrial1,3802,0.9697527617043661,32.977253657912456,0.06975276170436606,34.49686348562318,1.0880199363979275,1.649423781212719,0.6368232378832321,1.1247556518312927,2.249511303662586
IA-GTPF,15,23,adaptive_conformal_pre_clip,site,industrial2,3802,0.9126775381378222,3.1607362469515254,0.01267753813782213,3.9757278254883164,0.09549566296988919,0.22191195731712524,0.1032907283045267,0.14023278286384702,0.28046556572769404
IA-GTPF,15,23,adaptive_conformal_pre_clip,site,industrial3,3802,0.9550236717517097,75.2414644559801,0.055023671751709635,81.08473370907744,3.3043199326328585,1.7530316140885112,0.7499167528210142,1.9357560998474612,3.8715121996949224
IA-GTPF,15,23,adaptive_conformal_pre_clip,site,residential1,3802,0.9387164650184113,0.823910479817406,0.038716465018411306,1.1354959929987758,0.014633008404824167,0.08511210982454913,0.04214179124511464,0.04729563649149598,0.09459127298299193
IA-GTPF,15,23,adaptive_conformal_pre_clip,site,residential2,3802,0.9042609153077328,0.7144426232657016,0.00426091530773276,1.2540835076265635,0.013650089734952546,0.08735895200814253,0.04905408564637565,0.05002104246315691,0.10004208492631382
IA-GTPF,15,23,adaptive_conformal_pre_clip,site,residential3,3802,0.9279326670173593,0.9739857535227047,0.027932667017359303,1.405347968318982,0.022696733424820367,0.10964320584211097,0.04757066499112875,0.05997020141935336,0.11994040283870672
IA-GTPF,15,23,adaptive_conformal_pre_clip,site,residential4,2138,0.9144059869036483,3.933452201210798,0.014405986903648249,4.847066986142153,0.11225016416767335,0.5204389808719575,0.13010318513943436,0.25426411005968835,0.5085282201193767
IA-GTPF,15,23,adaptive_conformal_pre_clip,site,residential5,3775,0.9470198675496688,0.6225195381839594,0.0470198675496688,1.0696381277926554,0.01141650305302226,0.06129959666010684,0.04206540333661053,0.03826050101657988,0.07652100203315976
IA-GTPF,15,23,adaptive_conformal_pre_clip,site,residential6,3802,0.9297738032614413,0.9141616909057152,0.0297738032614413,1.227734178298551,0.018186016969680183,0.09015562090559212,0.043200691945247394,0.050514109940173225,0.10102821988034644
IA-GTPF,15,23,adaptive_conformal_pre_clip,building_type,industrial,11406,0.9458179905312993,37.126484786948026,0.04581799053129931,39.85244167339631,1.4959451773335584,1.208122450872785,0.49667690633625766,1.0669148448475336,2.1338296896950673
IA-GTPF,15,23,adaptive_conformal_pre_clip,building_type,residential,21121,0.9279863642819942,1.1262386792515489,0.02798636428199419,1.585960547872099,0.025853733542112907,0.13065075682395763,0.053444293851492054,0.06998292807252086,0.1399658561450417
IA-GTPF,15,23,adaptive_conformal_pre_clip,high_interpolation_regime,0,32051,0.9349786278119248,13.898480030356493,0.034978627811924734,15.14584857561291,0.547483991363468,0.5076168176344835,0.2098084374171777,0.4216364154717098,0.8432728309434193
IA-GTPF,15,23,adaptive_conformal_pre_clip,high_interpolation_regime,1,476,0.884453781512605,3.764262965221057,0.015546218487395014,5.492499498730171,0.1289873773508849,0.5665812763255575,0.14563759758562372,0.28040208375402204,0.5608041675080441
IA-GTPF,15,23,adaptive_conformal_pre_clip,weak_signal_regime,0,25177,0.9285061762719943,11.291788361697218,0.028506176271994255,12.571399642042762,0.45078700612713424,0.43376373662309775,0.177782975975004,0.3541112395750787,0.7082224791501573
IA-GTPF,15,23,adaptive_conformal_pre_clip,weak_signal_regime,1,7350,0.9538775510204082,22.17124041387079,0.05387755102040814,23.339305261313516,0.8516112851083911,0.764414926880825,0.31535397795728487,0.6437933966488337,1.287586793297667
IA-GTPF,15,23,adaptive_conformal_pre_clip,pv_regime,high,623,0.9406099518459069,17.20098317249918,0.04060995184590688,19.20108931095781,0.6251433135214406,0.7011873241124865,0.33491115202644994,0.5537472632201257,1.1074945264402516
IA-GTPF,15,23,adaptive_conformal_pre_clip,pv_regime,low,26497,0.9383703815526286,10.901519620436568,0.03837038155262862,11.802289573815935,0.42208588900395727,0.4217630704324924,0.16802858968683973,0.3372925163744298,0.6745850327488596
IA-GTPF,15,23,adaptive_conformal_pre_clip,pv_regime,medium,5407,0.9132605881265027,27.312408863552147,0.01326058812650266,30.21388514522607,1.1162073818287073,0.9112305399226865,0.3944868754325962,0.8073082657279967,1.6146165314559935
QuantileForest,15,23,native_interval,target_provenance,measured,32527,0.9165001383466044,5.4999664656185505,0.016500138346604354,6.8807964990532655,0.1315350249170889,0.4826977714885644,0.21250480003557448,0.2755791988137426,0.5511583976274851
QuantileForest,15,23,native_interval,target_provenance,supplier_interpolated,174,0.3218390804597701,2.613621094236459,0.57816091954023,13.922947022739997,0.14353950607306018,0.603633133270446,0.5526078450639398,0.43326016146914864,0.8665203229382974
QuantileForest,15,23,native_interval,site,industrial1,3802,0.9531825355076275,18.308618680481633,0.053182535507627526,20.321039651982858,0.3971418973540397,1.58888997239903,0.6189100852451037,0.868313984999391,1.7366279699987819
QuantileForest,15,23,native_interval,site,industrial2,3802,0.9368753287743293,2.021505859589438,0.03687532877432931,2.652250090464373,0.05266120826735796,0.18282455428946123,0.07995129625586074,0.10514568627089331,0.21029137254178662
QuantileForest,15,23,native_interval,site,industrial3,3802,0.954497632824829,21.404054728626583,0.054497632824829,25.08268214789425,0.528577921653179,1.6602518463257805,0.7255561857415341,0.971461984573498,1.942923969146995
QuantileForest,15,23,native_interval,site,residential1,3802,0.9437138348237769,0.7665933040706352,0.04371383482377689,1.1426287686282157,0.015080890245940181,0.07849913705090053,0.04205054818547063,0.04521019182743711,0.09042038365487422
QuantileForest,15,23,native_interval,site,residential2,3802,0.9189900052603893,0.7085025816321029,0.018990005260389298,1.3268668941985182,0.013368896505956946,0.08668082386180691,0.052974448203968995,0.05100805619057761,0.10201611238115522
QuantileForest,15,23,native_interval,site,residential3,3802,0.9408206207259338,0.9933101552075817,0.04082062072593373,1.4221241702432026,0.02226526059520089,0.09415899895862458,0.048840947916959254,0.05508840249026157,0.11017680498052312
QuantileForest,15,23,native_interval,site,residential4,2138,0.5715622076707203,2.431257772026643,0.3284377923292797,8.186009716908345,0.11690688546907244,0.5397629151261226,0.29239360037634476,0.3163544669905133,0.6327089339810267
QuantileForest,15,23,native_interval,site,residential5,3775,0.952317880794702,0.611137905666605,0.05231788079470201,1.0872307081932029,0.01181215429777485,0.05803702841444455,0.04254938111188532,0.03746618794136824,0.07493237588273648
QuantileForest,15,23,native_interval,site,residential6,3802,0.9258285113098369,0.876934552751356,0.025828511309836877,1.2364385308037755,0.01874767915822389,0.07713430898824097,0.04307424738196493,0.04631874517614326,0.09263749035228648
QuantileForest,15,23,native_interval,building_type,industrial,11406,0.948185165702262,13.911393089565884,0.048185165702261945,16.018657296780493,0.32612700909152553,1.1439887910047573,0.4748058557474995,0.6483072186145941,1.2966144372291881
QuantileForest,15,23,native_interval,building_type,residential,21121,0.8993892334643246,0.9575332440502858,0.0006107665356753778,1.9460661236507377,0.026449272751300167,0.1255799565838869,0.07085403343123675,0.07429442092214127,0.14858884184428253
QuantileForest,15,23,native_interval,high_interpolation_regime,0,32051,0.9240897319896415,5.535213726214593,0.024089731989641483,6.74313281209708,0.13070947563016813,0.4796468823992606,0.20644716497468601,0.27226784100137164,0.5445356820027432
QuantileForest,15,23,native_interval,high_interpolation_regime,1,476,0.4054621848739496,3.1266262358627155,0.49453781512605044,16.150247823911787,0.18712258835216702,0.6881264399786425,0.6203898028434223,0.49854627705807725,0.9970925541161547
QuantileForest,15,23,native_interval,weak_signal_regime,0,25177,0.9065416848711125,4.394802122238301,0.0065416848711125075,5.787102625006067,0.10725411423183075,0.4107365301733116,0.1821010170184728,0.23336388714120504,0.4667277742824099
QuantileForest,15,23,native_interval,weak_signal_regime,1,7350,0.9506122448979591,9.28564301980692,0.050612244897959124,10.627181623799695,0.21470788047120387,0.7291968425898054,0.31665120071878117,0.42018530792659686,0.8403706158531934
QuantileForest,15,23,native_interval,pv_regime,high,623,0.9213483146067416,7.867501293442073,0.02134831460674158,10.079003529482055,0.18207843106591914,0.720942494039053,0.3218717454081839,0.4082975568377187,0.8165951136754371
QuantileForest,15,23,native_interval,pv_regime,low,26497,0.9213118466241461,4.438513933557992,0.02131184662414609,5.614090320651797,0.10586106561445761,0.3957436855725909,0.1748434504181324,0.22548273386839365,0.4509654677367872
QuantileForest,15,23,native_interval,pv_regime,medium,5407,0.8923617532827816,10.428824158290002,0.0076382467172184665,12.719788662757082,0.25152658356534136,0.8813654157213363,0.3844628495725129,0.5057849496197302,1.0115698992394602
Conformalized ExtraTrees,15,37,native_interval,target_provenance,measured,32527,0.9180065791496296,7.463996672691835,0.018006579149629554,13.181362843806328,0.33035903471031325,0.5218044818506934,0.3287091074800033,0.39362420801367,0.7872484160273397
Conformalized ExtraTrees,15,37,native_interval,target_provenance,supplier_interpolated,174,0.9942528735632183,7.463996672691834,0.09425287356321832,7.506151440697952,0.23496812683168078,0.4968679663915011,0.14033944520321703,0.29072517947546633,0.5814503589509326
Conformalized ExtraTrees,15,37,native_interval,site,industrial1,3802,0.6643871646501841,7.463996672691834,0.23561283534981592,25.981326566843027,0.6221624834244218,1.6703005710531398,0.6769038449177296,0.9897889664650972,1.9795779329301941
Conformalized ExtraTrees,15,37,native_interval,site,industrial2,3802,0.9992109416096792,7.463996672691834,0.09921094160967914,7.472204844670573,0.19059001434468956,0.177983804701537,0.18302022788883932,0.18386468231168862,0.3677293646233772
Conformalized ExtraTrees,15,37,native_interval,site,industrial3,3802,0.6383482377695949,7.4639966726918345,0.2616517622304051,37.79433903878248,0.9549359345205451,1.9469976880803905,0.9347810174185789,1.2789048800065048,2.5578097600130096
Conformalized ExtraTrees,15,37,native_interval,site,residential1,3802,1.0,7.463996672691834,0.09999999999999998,7.463996672691834,0.1870101432037975,0.08019402727013523,0.1861896904307944,0.15113128696824238,0.30226257393648465
Conformalized ExtraTrees,15,37,native_interval,site,residential2,3802,0.9997369805365597,7.463996672691834,0.09973698053655966,7.484515587531093,0.18811583282698227,0.08993967534374976,0.18610994654957252,0.15472181824010153,0.30944363648020295
Conformalized ExtraTrees,15,37,native_interval,site,residential3,3802,1.0,7.463996672691834,0.09999999999999998,7.463996672691834,0.18800897377750536,0.09259207327690058,0.18519085985708655,0.1552639689704975,0.31052793794099487
Conformalized ExtraTrees,15,37,native_interval,site,residential4,2138,0.9943872778297475,7.4639966726918345,0.09438727782974743,7.529805433365209,0.21533658142775142,0.484640785647684,0.1611536902405092,0.2870436857719815,0.574087371543963
Conformalized ExtraTrees,15,37,native_interval,site,residential5,3775,1.0,7.4639966726918345,0.09999999999999998,7.4639966726918345,0.18745854699959236,0.06008634514205009,0.18574128663499956,0.14442872625888067,0.28885745251776124
Conformalized ExtraTrees,15,37,native_interval,site,residential6,3802,1.0,7.463996672691834,0.09999999999999998,7.463996672691834,0.18825675888216487,0.07396123668959055,0.18494307475242702,0.1490536901080608,0.2981073802161215
Conformalized ExtraTrees,15,37,native_interval,building_type,industrial,11406,0.7673154480098194,7.463996672691835,0.1326845519901806,23.74929015009869,0.5892294774298855,1.265094021278356,0.5982350300750492,0.8175195095944302,1.6350390191888604
Conformalized ExtraTrees,15,37,native_interval,building_type,residential,21121,0.999384498840017,7.463996672691835,0.09938449884001699,7.474351866316121,0.1905609063234262,0.12040490386139754,0.18315668699237997,0.1647074990590679,0.32941499811813574
Conformalized ExtraTrees,15,37,native_interval,high_interpolation_regime,0,32051,0.9170384699385354,7.4639966726918345,0.017038469938535417,13.262924541897641,0.3318135707149899,0.5217278279874824,0.33133265637989234,0.3949580183607882,0.7899160367215764
Conformalized ExtraTrees,15,37,native_interval,high_interpolation_regime,1,476,0.9831932773109243,7.463996672691834,0.0831932773109243,7.689484722956151,0.23241925847944672,0.5269658956527414,0.15205497766836104,0.3038133772668497,0.6076267545336994
Conformalized ExtraTrees,15,37,native_interval,weak_signal_regime,0,25177,0.9388727807125551,7.4639966726918345,0.038872780712555066,12.47397835235947,0.31443939501477014,0.4374015982269692,0.30925952260320344,0.3537001719483143,0.7074003438966286
Conformalized ExtraTrees,15,37,native_interval,weak_signal_regime,1,7350,0.846530612244898,7.463996672691836,0.053469387755102016,15.604467516072669,0.3848908399640123,0.8109216792649113,0.39533253583962114,0.5303816850228482,1.0607633700456964
Conformalized ExtraTrees,15,37,native_interval,pv_regime,high,623,0.8571428571428571,7.463996672691833,0.04285714285714293,18.727505513509424,0.5089630951425518,0.7763691571407841,0.4274121805329195,0.5709148109387518,1.1418296218775037
Conformalized ExtraTrees,15,37,native_interval,pv_regime,low,26497,0.936672076084085,7.4639966726918345,0.03667207608408496,11.185428511616216,0.26919163948480623,0.4229893364583493,0.2900797860960047,0.3274202540130534,0.6548405080261067
Conformalized ExtraTrees,15,37,native_interval,pv_regime,medium,5407,0.8335491030146107,7.463996672691836,0.06645089698538931,22.323405587807883,0.6095308752209428,0.9767168389350686,0.5066394041694515,0.697629039441821,1.395258078883642
IA-GTPF,15,37,raw_quantiles_pre_clip,target_provenance,measured,32527,0.9114581732099487,13.62825489045512,0.011458173209948685,15.13628967432505,0.5399415818931476,0.5083397209777452,0.21687290182310495,0.42171806823133257,0.8434361364626649
IA-GTPF,15,37,raw_quantiles_pre_clip,target_provenance,supplier_interpolated,174,0.47701149425287354,1.558309317160416,0.4229885057471265,8.23632860869445,0.06844823511759181,0.5247077646867948,0.34336819531713064,0.3121747317071724,0.6243494634143448
IA-GTPF,15,37,raw_quantiles_pre_clip,site,industrial1,3802,0.9697527617043661,32.977253657912456,0.06975276170436606,34.49525089440742,1.0888898370006779,1.648505686669456,0.6358727077196936,1.1244227437966092,2.248845487593218
IA-GTPF,15,37,raw_quantiles_pre_clip,site,industrial2,3802,0.9074171488690163,3.1443662629710807,0.007417148869016232,3.973454561898134,0.09511460899404825,0.22182863949847445,0.1035581191008585,0.14016712253112706,0.28033424506225413
IA-GTPF,15,37,raw_quantiles_pre_clip,site,industrial3,3802,0.9563387690689111,75.2414644559801,0.05633876906891111,81.10532419033702,3.3045796932748814,1.753013750854679,0.750686516241969,1.9360933201238433,3.8721866402476857
IA-GTPF,15,37,raw_quantiles_pre_clip,site,residential1,3802,0.9384534455549711,0.8239104798174058,0.0384534455549711,1.1353587651546408,0.014618340535879671,0.08504412667089858,0.0421495977218524,0.047270688309543556,0.09454137661908707
IA-GTPF,15,37,raw_quantiles_pre_clip,site,residential2,3802,0.8918990005260389,0.6927768822554116,0.008100999473961146,1.2545526497479145,0.013546486184816124,0.08734716284370414,0.049181146302579616,0.050024931777033294,0.10004986355406659
IA-GTPF,15,37,raw_quantiles_pre_clip,site,residential3,3802,0.927669647553919,0.9739857535227046,0.027669647553918986,1.4051457430592456,0.022683402018529128,0.10962170965501053,0.04757388513443316,0.05995966560265761,0.11991933120531519
IA-GTPF,15,37,raw_quantiles_pre_clip,site,residential4,2138,0.5996258185219832,2.146285942024785,0.30037418147801687,6.8216554747098055,0.08963500611597947,0.5203565876846465,0.2514477676195109,0.2871464538067123,0.5742929076134246
IA-GTPF,15,37,raw_quantiles_pre_clip,site,residential5,3775,0.9464900662251655,0.6225195381839594,0.046490066225165494,1.0694455276129526,0.01139779025189007,0.061279910030623594,0.04207448612875759,0.03825072880375708,0.07650145760751416
IA-GTPF,15,37,raw_quantiles_pre_clip,site,residential6,3802,0.9292477643345608,0.9141215767518222,0.029247764334560777,1.2275039279317759,0.018172453916880747,0.09014446284190157,0.043202742479708074,0.0505065530794968,0.10101310615899357
IA-GTPF,15,37,raw_quantiles_pre_clip,building_type,industrial,11406,0.9445028932140979,37.121028125621216,0.04450289321409784,39.85800988221418,1.4961947130898692,1.20778269234087,0.4967057810208404,1.06689439548386,2.1337887909677193
IA-GTPF,15,37,raw_quantiles_pre_clip,building_type,residential,21121,0.8936129918090999,0.9414232290610312,0.006387008190900101,1.7857882448859352,0.02353500955141153,0.13061865988367774,0.06575440269288525,0.07330269070932484,0.14660538141864968
IA-GTPF,15,37,raw_quantiles_pre_clip,high_interpolation_regime,0,32051,0.9158216592306012,13.801852982418987,0.015821659230601193,15.240981938090506,0.5465862303948322,0.5074775184934637,0.2154628665096931,0.42317553846599637,0.8463510769319927
IA-GTPF,15,37,raw_quantiles_pre_clip,high_interpolation_regime,1,476,0.6176470588235294,1.9391951309301265,0.2823529411764706,8.086937266874202,0.09253059633118627,0.5663952920359552,0.31181626701252385,0.3235807184598884,0.6471614369197768
IA-GTPF,15,37,raw_quantiles_pre_clip,weak_signal_regime,0,25177,0.899590896453112,11.137164020817227,0.0004091035468880566,12.740028295577186,0.4488958352061287,0.43338280731693096,0.18810557957273075,0.3567947406985968,0.7135894813971935
IA-GTPF,15,37,raw_quantiles_pre_clip,weak_signal_regime,1,7350,0.952108843537415,22.16134262173037,0.05210884353741496,23.344544467894426,0.8518135226195527,0.7651002944795576,0.31541370077516906,0.6441091726247598,1.2882183452495195
IA-GTPF,15,37,raw_quantiles_pre_clip,pv_regime,high,623,0.9197431781701445,17.054600535295705,0.019743178170144482,19.316158539865864,0.6313581629554441,0.7035424015448276,0.33444976403784926,0.5564501095127069,1.1129002190254138
IA-GTPF,15,37,raw_quantiles_pre_clip,pv_regime,low,26497,0.9177265350794429,10.794060840434412,0.017726535079442884,11.909129000208718,0.4204549931024496,0.42201040325398204,0.17500145690798652,0.33915561775480607,0.6783112355096118
IA-GTPF,15,37,raw_quantiles_pre_clip,pv_regime,medium,5407,0.87978546328833,27.122433992852564,0.02021453671167006,30.469379757333826,1.11495242213456,0.9089050366302813,0.40851656573213174,0.810791341498991,1.6215826829979816
IA-GTPF,15,37,dedicated_conformal_pre_clip,target_provenance,measured,32527,0.9114581732099487,13.62825489045512,0.011458173209948685,15.13628967432505,0.5399415818931476,0.5083397209777452,0.21687290182310495,0.42171806823133257,0.8434361364626649
IA-GTPF,15,37,dedicated_conformal_pre_clip,target_provenance,supplier_interpolated,174,0.47701149425287354,1.558309317160416,0.4229885057471265,8.23632860869445,0.06844823511759181,0.5247077646867948,0.34336819531713064,0.3121747317071724,0.6243494634143448
IA-GTPF,15,37,dedicated_conformal_pre_clip,site,industrial1,3802,0.9697527617043661,32.977253657912456,0.06975276170436606,34.49525089440742,1.0888898370006779,1.648505686669456,0.6358727077196936,1.1244227437966092,2.248845487593218
IA-GTPF,15,37,dedicated_conformal_pre_clip,site,industrial2,3802,0.9074171488690163,3.1443662629710807,0.007417148869016232,3.973454561898134,0.09511460899404825,0.22182863949847445,0.1035581191008585,0.14016712253112706,0.28033424506225413
IA-GTPF,15,37,dedicated_conformal_pre_clip,site,industrial3,3802,0.9563387690689111,75.2414644559801,0.05633876906891111,81.10532419033702,3.3045796932748814,1.753013750854679,0.750686516241969,1.9360933201238433,3.8721866402476857
IA-GTPF,15,37,dedicated_conformal_pre_clip,site,residential1,3802,0.9384534455549711,0.8239104798174058,0.0384534455549711,1.1353587651546408,0.014618340535879671,0.08504412667089858,0.0421495977218524,0.047270688309543556,0.09454137661908707
IA-GTPF,15,37,dedicated_conformal_pre_clip,site,residential2,3802,0.8918990005260389,0.6927768822554116,0.008100999473961146,1.2545526497479145,0.013546486184816124,0.08734716284370414,0.049181146302579616,0.050024931777033294,0.10004986355406659
IA-GTPF,15,37,dedicated_conformal_pre_clip,site,residential3,3802,0.927669647553919,0.9739857535227046,0.027669647553918986,1.4051457430592456,0.022683402018529128,0.10962170965501053,0.04757388513443316,0.05995966560265761,0.11991933120531519
IA-GTPF,15,37,dedicated_conformal_pre_clip,site,residential4,2138,0.5996258185219832,2.146285942024785,0.30037418147801687,6.8216554747098055,0.08963500611597947,0.5203565876846465,0.2514477676195109,0.2871464538067123,0.5742929076134246
IA-GTPF,15,37,dedicated_conformal_pre_clip,site,residential5,3775,0.9464900662251655,0.6225195381839594,0.046490066225165494,1.0694455276129526,0.01139779025189007,0.061279910030623594,0.04207448612875759,0.03825072880375708,0.07650145760751416
IA-GTPF,15,37,dedicated_conformal_pre_clip,site,residential6,3802,0.9292477643345608,0.9141215767518222,0.029247764334560777,1.2275039279317759,0.018172453916880747,0.09014446284190157,0.043202742479708074,0.0505065530794968,0.10101310615899357
IA-GTPF,15,37,dedicated_conformal_pre_clip,building_type,industrial,11406,0.9445028932140979,37.121028125621216,0.04450289321409784,39.85800988221418,1.4961947130898692,1.20778269234087,0.4967057810208404,1.06689439548386,2.1337887909677193
IA-GTPF,15,37,dedicated_conformal_pre_clip,building_type,residential,21121,0.8936129918090999,0.9414232290610312,0.006387008190900101,1.7857882448859352,0.02353500955141153,0.13061865988367774,0.06575440269288525,0.07330269070932484,0.14660538141864968
IA-GTPF,15,37,dedicated_conformal_pre_clip,high_interpolation_regime,0,32051,0.9158216592306012,13.801852982418987,0.015821659230601193,15.240981938090506,0.5465862303948322,0.5074775184934637,0.2154628665096931,0.42317553846599637,0.8463510769319927
IA-GTPF,15,37,dedicated_conformal_pre_clip,high_interpolation_regime,1,476,0.6176470588235294,1.9391951309301265,0.2823529411764706,8.086937266874202,0.09253059633118627,0.5663952920359552,0.31181626701252385,0.3235807184598884,0.6471614369197768
IA-GTPF,15,37,dedicated_conformal_pre_clip,weak_signal_regime,0,25177,0.899590896453112,11.137164020817227,0.0004091035468880566,12.740028295577186,0.4488958352061287,0.43338280731693096,0.18810557957273075,0.3567947406985968,0.7135894813971935
IA-GTPF,15,37,dedicated_conformal_pre_clip,weak_signal_regime,1,7350,0.952108843537415,22.16134262173037,0.05210884353741496,23.344544467894426,0.8518135226195527,0.7651002944795576,0.31541370077516906,0.6441091726247598,1.2882183452495195
IA-GTPF,15,37,dedicated_conformal_pre_clip,pv_regime,high,623,0.9197431781701445,17.054600535295705,0.019743178170144482,19.316158539865864,0.6313581629554441,0.7035424015448276,0.33444976403784926,0.5564501095127069,1.1129002190254138
IA-GTPF,15,37,dedicated_conformal_pre_clip,pv_regime,low,26497,0.9177265350794429,10.794060840434412,0.017726535079442884,11.909129000208718,0.4204549931024496,0.42201040325398204,0.17500145690798652,0.33915561775480607,0.6783112355096118
IA-GTPF,15,37,dedicated_conformal_pre_clip,pv_regime,medium,5407,0.87978546328833,27.122433992852564,0.02021453671167006,30.469379757333826,1.11495242213456,0.9089050366302813,0.40851656573213174,0.810791341498991,1.6215826829979816
IA-GTPF,15,37,dedicated_conformal_post_clip,target_provenance,measured,32527,0.9098902450272082,13.552143012879188,0.009890245027208144,15.102017903186471,0.5399415818931476,0.5082957585989143,0.21515931326617602,0.42113221791941263,0.8422644358388253
IA-GTPF,15,37,dedicated_conformal_post_clip,target_provenance,supplier_interpolated,174,0.47701149425287354,1.5462423821458386,0.4229885057471265,8.224261673679871,0.06844823511759181,0.5247077646867948,0.34276484856640177,0.31197361612359614,0.6239472322471923
IA-GTPF,15,37,dedicated_conformal_post_clip,site,industrial1,3802,0.9697527617043661,32.977253657912456,0.06975276170436606,34.49525089440742,1.0888898370006779,1.648505686669456,0.6358727077196936,1.1244227437966092,2.248845487593218
IA-GTPF,15,37,dedicated_conformal_post_clip,site,industrial2,3802,0.8945291951604418,2.528395070447246,0.0054708048395581965,3.6887132689382764,0.09511460899404825,0.22182863949847445,0.08932105445286562,0.13542143431512943,0.2708428686302589
IA-GTPF,15,37,dedicated_conformal_post_clip,site,industrial3,3802,0.9563387690689111,75.2414644559801,0.05633876906891111,81.10532419033702,3.3045796932748814,1.753013750854679,0.750686516241969,1.9360933201238433,3.8721866402476857
IA-GTPF,15,37,dedicated_conformal_post_clip,site,residential1,3802,0.9384534455549711,0.8239104798174058,0.0384534455549711,1.1353587651546408,0.014618340535879671,0.08504412667089858,0.0421495977218524,0.047270688309543556,0.09454137661908707
IA-GTPF,15,37,dedicated_conformal_post_clip,site,residential2,3802,0.8913729615991584,0.6834495485112321,0.008627038400841669,1.2719473212497976,0.013546486184816124,0.08751163526547773,0.05005087987767377,0.05036966710932254,0.10073933421864507
IA-GTPF,15,37,dedicated_conformal_post_clip,site,residential3,3802,0.927669647553919,0.9715485168592264,0.027669647553918986,1.4027085063957674,0.022683402018529128,0.10952886987289565,0.04745202330125926,0.05988809839756134,0.11977619679512268
IA-GTPF,15,37,dedicated_conformal_post_clip,site,residential4,2138,0.5996258185219832,2.1078856706907367,0.30037418147801687,6.7832552033757585,0.08963500611597947,0.5197720114705066,0.24952775405280841,0.2863115905464315,0.5726231810928629
IA-GTPF,15,37,dedicated_conformal_post_clip,site,residential5,3775,0.9464900662251655,0.6209391430681462,0.046490066225165494,1.0678651324971398,0.01139779025189007,0.06116008663660653,0.04199546637296694,0.03818444775382118,0.07636889550764234
IA-GTPF,15,37,dedicated_conformal_post_clip,site,residential6,3802,0.9292477643345608,0.9138654222088436,0.029247764334560777,1.2272477733887972,0.018172453916880747,0.0901444222490639,0.04318993475255915,0.05050227030616793,0.10100454061233584
IA-GTPF,15,37,dedicated_conformal_post_clip,building_type,industrial,11406,0.940206908644573,36.91570439477994,0.04020690864457299,39.76309611789423,1.4961947130898692,1.20778269234087,0.4919600928048428,1.0653124994118606,2.1306249988237207
IA-GTPF,15,37,dedicated_conformal_post_clip,building_type,residential,21121,0.8935182993229487,0.9350897899276234,0.0064817006770513386,1.7842650450378612,0.02353500955141153,0.13055095644651887,0.06567824270048155,0.07325473623280399,0.14650947246560794
IA-GTPF,15,37,dedicated_conformal_post_clip,high_interpolation_regime,0,32051,0.914230445227918,13.724855385590162,0.014230445227917943,15.206445828955912,0.5465862303948322,0.5074329032148067,0.21373606105296342,0.42258506488753417,0.8451701297750683
IA-GTPF,15,37,dedicated_conformal_post_clip,high_interpolation_regime,1,476,0.6176470588235294,1.9227223033005076,0.2823529411764706,8.070464439244583,0.09253059633118627,0.5663952920359552,0.3109926256310429,0.3233061713327281,0.6466123426654561
IA-GTPF,15,37,dedicated_conformal_post_clip,weak_signal_regime,0,25177,0.8975652381141518,11.039713716863561,0.0024347618858482356,12.696632610604642,0.4488958352061287,0.4333260108639686,0.1859357953241036,0.3560525471314003,0.7121050942628004
IA-GTPF,15,37,dedicated_conformal_post_clip,weak_signal_regime,1,7350,0.952108843537415,22.158324289856793,0.05210884353741496,23.34152613602085,0.8518135226195527,0.7651002944795576,0.31526278418148995,0.6440588670935334,1.2881177341870667
IA-GTPF,15,37,dedicated_conformal_post_clip,pv_regime,high,623,0.9197431781701445,17.054600535295705,0.019743178170144482,19.316158539865864,0.6313581629554441,0.7035424015448276,0.33444976403784926,0.5564501095127069,1.1129002190254138
IA-GTPF,15,37,dedicated_conformal_post_clip,pv_regime,low,26497,0.9162169302185154,10.739746021731921,0.016216930218515335,11.90083540298769,0.4204549931024496,0.4220034646344374,0.1745867770469351,0.339015078261274,0.6780301565225479
IA-GTPF,15,37,dedicated_conformal_post_clip,pv_regime,medium,5407,0.8777510634362863,26.93073595498454,0.02224893656371374,30.303853133649906,1.11495242213456,0.908674573953352,0.40024023454793556,0.8079557435452824,1.6159114870905642
IA-GTPF,15,37,adaptive_conformal_pre_clip,target_provenance,measured,32527,0.9341777600147569,13.750173027806797,0.03417776001475692,15.006523855978756,0.5414786440884856,0.5083397209777452,0.20884754871045239,0.41955530459222773,0.8391106091844551
IA-GTPF,15,37,adaptive_conformal_pre_clip,target_provenance,supplier_interpolated,174,0.8793103448275862,3.5208318250670474,0.020689655172413834,5.066950135169722,0.1175112978152576,0.5247077646867948,0.13583620894322854,0.259351757148427,0.5187035142968538
IA-GTPF,15,37,adaptive_conformal_pre_clip,site,industrial1,3802,0.9697527617043661,32.977253657912456,0.06975276170436606,34.49525089440742,1.0888898370006779,1.648505686669456,0.6358727077196936,1.1244227437966092,2.248845487593218
IA-GTPF,15,37,adaptive_conformal_pre_clip,site,industrial2,3802,0.9126775381378222,3.1606907397870896,0.01267753813782213,3.9748213782341058,0.09546988607719273,0.22182863949847445,0.1032711828345126,0.14018990280339325,0.2803798056067865
IA-GTPF,15,37,adaptive_conformal_pre_clip,site,industrial3,3802,0.9563387690689111,75.2414644559801,0.05633876906891111,81.10532419033702,3.3045796932748814,1.753013750854679,0.750686516241969,1.9360933201238433,3.8721866402476857
IA-GTPF,15,37,adaptive_conformal_pre_clip,site,residential1,3802,0.9384534455549711,0.8239104798174058,0.0384534455549711,1.1353587651546408,0.014618340535879671,0.08504412667089858,0.0421495977218524,0.047270688309543556,0.09454137661908707
IA-GTPF,15,37,adaptive_conformal_pre_clip,site,residential2,3802,0.9039978958442925,0.7150553657142202,0.003997895844292443,1.253946586086121,0.013652059022281936,0.08734716284370414,0.049045270282024135,0.050014830716003406,0.10002966143200681
IA-GTPF,15,37,adaptive_conformal_pre_clip,site,residential3,3802,0.927669647553919,0.9739857535227046,0.027669647553918986,1.4051457430592456,0.022683402018529128,0.10962170965501053,0.04757388513443316,0.05995966560265761,0.11991933120531519
IA-GTPF,15,37,adaptive_conformal_pre_clip,site,residential4,2138,0.9144059869036483,3.9323453911704154,0.014405986903648249,4.846002809357887,0.11219838876298163,0.5203565876846465,0.13010175170491278,0.2542189093841803,0.5084378187683606
IA-GTPF,15,37,adaptive_conformal_pre_clip,site,residential5,3775,0.9464900662251655,0.6225195381839594,0.046490066225165494,1.0694455276129526,0.01139779025189007,0.061279910030623594,0.04207448612875759,0.03825072880375708,0.07650145760751416
IA-GTPF,15,37,adaptive_conformal_pre_clip,site,residential6,3802,0.9292477643345608,0.914191986115249,0.029247764334560777,1.227546075092549,0.01817333727571899,0.09014446284190157,0.04320396647890849,0.05050725553217635,0.10101451106435268
IA-GTPF,15,37,adaptive_conformal_pre_clip,building_type,industrial,11406,0.9462563563036998,37.12646961789322,0.04625635630369973,39.85846548765951,1.4963131387842508,1.20778269234087,0.4966101355987251,1.0669019889079487,2.1338039778158966
IA-GTPF,15,37,adaptive_conformal_pre_clip,building_type,residential,21121,0.9276549405804649,1.1262423944785538,0.027654940580464915,1.585698788465345,0.025838179787557484,0.13061865988367774,0.053446759635709815,0.06996786643564834,0.1399357328712967
IA-GTPF,15,37,adaptive_conformal_pre_clip,high_interpolation_regime,0,32051,0.9349162272627999,13.898491963391361,0.03491622726279986,15.147835140454383,0.5476053267768678,0.5074775184934637,0.2097864302458515,0.42162309183872765,0.8432461836774553
IA-GTPF,15,37,adaptive_conformal_pre_clip,high_interpolation_regime,1,476,0.884453781512605,3.7632608336450875,0.015546218487395014,5.491465077137701,0.12894438601003858,0.5663952920359552,0.1456288678468465,0.28032284863094675,0.5606456972618934
IA-GTPF,15,37,adaptive_conformal_pre_clip,weak_signal_regime,0,25177,0.9283075823171942,11.29177352815571,0.028307582317194213,12.574408225454379,0.450898047534591,0.43338280731693096,0.17782236373812815,0.3540344061965501,0.7080688123930999
IA-GTPF,15,37,adaptive_conformal_pre_clip,weak_signal_regime,1,7350,0.9542857142857143,22.171278361509568,0.05428571428571427,23.337595315803544,0.8517572399303088,0.7651002944795576,0.31512252585986855,0.643993353423245,1.2879867068464899
IA-GTPF,15,37,adaptive_conformal_pre_clip,pv_regime,high,623,0.9406099518459069,17.20086936512169,0.04060995184590688,19.218044382930827,0.6250245201320842,0.7035424015448276,0.33587769901445746,0.5548148735637898,1.1096297471275793
IA-GTPF,15,37,adaptive_conformal_pre_clip,pv_regime,low,26497,0.9384081216741518,10.901541986498279,0.03840812167415175,11.802283467746998,0.4220727993042204,0.42201040325398204,0.16804137408312947,0.337374858880444,0.6747497177608879
IA-GTPF,15,37,adaptive_conformal_pre_clip,pv_regime,medium,5407,0.912705751803218,27.312294885288686,0.01270575180321798,30.223646156456983,1.1170006689587482,0.9089050366302813,0.39418163886410146,0.806695781484377,1.6133915629687534
QuantileForest,15,37,native_interval,target_provenance,measured,32527,0.915823777169736,5.523808862736283,0.01582377716973593,6.936611735004691,0.13302592527843793,0.4827826104117063,0.2138046614717968,0.27653773238731366,0.5530754647746272
QuantileForest,15,37,native_interval,target_provenance,supplier_interpolated,174,0.2988505747126437,2.5897951107430246,0.6011494252873564,14.214631842211265,0.14330371376788378,0.5541047586783922,0.5674278783426796,0.42161211692965184,0.8432242338593037
QuantileForest,15,37,native_interval,site,industrial1,3802,0.9521304576538664,18.05690532432339,0.05213045765386637,20.230828717450947,0.3984774710440452,1.5790270530138124,0.6130639648285026,0.8635228296287867,1.7270456592575731
QuantileForest,15,37,native_interval,site,industrial2,3802,0.9300368227248816,2.060241441923605,0.030036822724881618,2.764024909364701,0.05325963821376061,0.18711877230725446,0.08494160725447449,0.10844000592516319,0.21688001185032635
QuantileForest,15,37,native_interval,site,industrial3,3802,0.957127827459232,21.86235745760059,0.05712782745923195,25.531406630835775,0.5410360333763351,1.6758137765732137,0.7355342981654543,0.9841280360383345,1.9682560720766682
QuantileForest,15,37,native_interval,site,residential1,3802,0.9452919516044187,0.7676303101984512,0.04529195160441868,1.1610185311581276,0.015032931151680685,0.0784027683951371,0.04301799540622572,0.04548456498434783,0.09096912996869566
QuantileForest,15,37,native_interval,site,residential2,3802,0.9182009468700684,0.6952923218253487,0.018200946870068346,1.3216793199661516,0.013426499012676908,0.08646781921585764,0.052657466985630695,0.050850595071388414,0.10170119014277683
QuantileForest,15,37,native_interval,site,residential3,3802,0.9387164650184113,0.9882096827450176,0.038716465018411306,1.4338882119219334,0.02235648019515383,0.0933818484292942,0.04933793040094287,0.0550254196751303,0.1100508393502606
QuantileForest,15,37,native_interval,site,residential4,2138,0.5729653882132835,2.44452638630001,0.32703461178671656,8.1599274447466,0.1142170275327964,0.5257233012301223,0.29377934470453354,0.3112398911558174,0.6224797823116349
QuantileForest,15,37,native_interval,site,residential5,3775,0.9554966887417219,0.5903505125717967,0.05549668874172187,1.0813427642279605,0.01188709923469578,0.058038565157130254,0.04218003897670227,0.03736856778950943,0.07473713557901886
QuantileForest,15,37,native_interval,site,residential6,3802,0.9226722777485534,0.8660389688415452,0.022672277748553404,1.2392094638023234,0.018447892575957477,0.07684686984118107,0.04351258061415872,0.04626911434376576,0.09253822868753149
QuantileForest,15,37,native_interval,building_type,industrial,11406,0.94643170261266,13.99316807461586,0.04643170261265994,16.175420085883808,0.33092438087804693,1.1473198672980935,0.47784662341614387,0.6520302905307614,1.3040605810615225
QuantileForest,15,37,native_interval,building_type,residential,21121,0.8992945409781734,0.9500902333769496,0.0007054590218266155,1.9473665264384694,0.026154575220716254,0.12391172588700902,0.07121375110120723,0.07376001740297751,0.147520034805955
QuantileForest,15,37,native_interval,high_interpolation_regime,0,32051,0.9234657264983932,5.558923158682688,0.02346572649839318,6.810827751283979,0.1322563099190906,0.4805877887853496,0.20828507764510845,0.2737097254498495,0.547419450899699
QuantileForest,15,37,native_interval,high_interpolation_regime,1,476,0.4012605042016807,3.1594216791686507,0.49873949579831933,15.406154722888333,0.18484723175415652,0.6305688035763256,0.58546050439026,0.4669588465735807,0.9339176931471614
QuantileForest,15,37,native_interval,weak_signal_regime,0,25177,0.9055487150971124,4.421562211481289,0.005548715097112411,5.851897069989728,0.108211320901724,0.40908660677252445,0.1843835325977625,0.2338938200906703,0.46778764018134056
QuantileForest,15,37,native_interval,weak_signal_regime,1,7350,0.9510204081632653,9.299491031259684,0.05102040816326525,10.652239098417178,0.2180269177127953,0.7352240095441799,0.31458503720806374,0.42261198815501294,0.8452239763100259
QuantileForest,15,37,native_interval,pv_regime,high,623,0.9213483146067416,7.865094716263731,0.02134831460674158,10.051574561282322,0.17767806699062738,0.7067124738350848,0.32490066107348897,0.40309706729973377,0.8061941345994675
QuantileForest,15,37,native_interval,pv_regime,low,26497,0.9210099256519606,4.452740701225315,0.02100992565196058,5.673670625654384,0.10769499606139302,0.3955812811316689,0.1759885352213263,0.2264216041381294,0.4528432082762586
QuantileForest,15,37,native_interval,pv_regime,medium,5407,0.8897725171074533,10.502812374629851,0.010227482892546713,12.766744661522939,0.2520152626517218,0.8843112431138308,0.38632197042442545,0.507549492063326,1.015098984126652
Conformalized ExtraTrees,15,53,native_interval,target_provenance,measured,32527,0.9259999385126203,7.271825725650544,0.02599993851262028,12.706227598880583,0.3079014412638463,0.494558871277398,0.32740993868018303,0.37662341707380914,0.7532468341476183
Conformalized ExtraTrees,15,53,native_interval,target_provenance,supplier_interpolated,174,0.9942528735632183,7.271825725650542,0.09425287356321832,7.313025083343668,0.2282574988923566,0.4789239955796337,0.13739375527482697,0.2815250832489391,0.5630501664978781
Conformalized ExtraTrees,15,53,native_interval,site,industrial1,3802,0.6538663861125723,7.271825725650545,0.24613361388742772,26.618267643762152,0.6146293023847418,1.653246273299014,0.7162840798033658,0.9947198851623739,1.989439770324748
Conformalized ExtraTrees,15,53,native_interval,site,industrial2,3802,0.9989479221462388,7.271825725650545,0.09894792214623882,7.286018412497489,0.18654589857654574,0.1789115209042837,0.17775502204832888,0.1810708138430528,0.3621416276861054
Conformalized ExtraTrees,15,53,native_interval,site,industrial3,3802,0.7185691741188848,7.271825725650545,0.18143082588111525,34.33409672698342,0.8003462301829656,1.731847774477176,0.9163586061662055,1.1495175369421158,2.299035073884231
Conformalized ExtraTrees,15,53,native_interval,site,residential1,3802,1.0,7.271825725650545,0.09999999999999998,7.271825725650545,0.1824412895600711,0.07926993149547568,0.1811499967224562,0.147620405926001,0.2952408118520019
Conformalized ExtraTrees,15,53,native_interval,site,residential2,3802,0.9994739610731194,7.271825725650545,0.09947396107311934,7.294398716066748,0.183264926841982,0.09052647371114833,0.18145500896135555,0.1517488031714953,0.3034976063429905
Conformalized ExtraTrees,15,53,native_interval,site,residential3,3802,1.0,7.271825725650545,0.09999999999999998,7.271825725650545,0.18339437230043576,0.09200454520083766,0.18019691398209162,0.15186527716112166,0.3037305543222433
Conformalized ExtraTrees,15,53,native_interval,site,residential4,2138,0.9929840972871843,7.271825725650544,0.09298409728718426,7.355586299023347,0.21111203193252753,0.4829981493166082,0.15666728301863994,0.2835924880892586,0.5671849761785169
Conformalized ExtraTrees,15,53,native_interval,site,residential5,3775,1.0,7.271825725650544,0.09999999999999998,7.271825725650544,0.1825617290654459,0.060490507065091716,0.18102955721708147,0.1413605977825397,0.2827211955650793
Conformalized ExtraTrees,15,53,native_interval,site,residential6,3802,1.0,7.271825725650545,0.09999999999999998,7.271825725650545,0.18356580984692591,0.073592402172006,0.18002547643560146,0.14572789615151113,0.29145579230302215
Conformalized ExtraTrees,15,53,native_interval,building_type,industrial,11406,0.7904611607925653,7.271825725650545,0.10953883920743468,22.74612759441435,0.5338404770480842,1.1880018562268246,0.6034659026726334,0.7751027453158473,1.5502054906316947
Conformalized ExtraTrees,15,53,native_interval,building_type,residential,21121,0.9991951138677146,7.271825725650543,0.09919511386771462,7.284367869272222,0.18588730167978207,0.12007799033742558,0.1783310917838292,0.16143212793367898,0.32286425586735784
Conformalized ExtraTrees,15,53,native_interval,high_interpolation_regime,0,32051,0.9252129418738885,7.271825725650545,0.02521294187388845,12.782625312293222,0.3091070947006594,0.49411988599022594,0.3300241709140018,0.3777503838682958,0.7555007677365912
Conformalized ExtraTrees,15,53,native_interval,high_interpolation_regime,1,476,0.9789915966386554,7.271825725650544,0.0789915966386554,7.562061395963616,0.22671993222330228,0.5241175213596497,0.1513831375748787,0.30074019705261024,0.6014803941052204
Conformalized ExtraTrees,15,53,native_interval,weak_signal_regime,0,25177,0.9441950987011956,7.271825725650544,0.044195098701195534,12.098404762538758,0.29730466735618316,0.4192342931887282,0.3076155707707549,0.3413848437718887,0.6827696875437774
Conformalized ExtraTrees,15,53,native_interval,weak_signal_regime,1,7350,0.8636734693877551,7.271825725650544,0.03632653061224489,14.78828957855108,0.34420007754591897,0.7525788580173222,0.3952144013816351,0.4973311123149588,0.9946622246299174
Conformalized ExtraTrees,15,53,native_interval,pv_regime,high,623,0.8491171749598716,7.271825725650543,0.05088282504012842,18.79660674044012,0.508553408831604,0.7798834183781063,0.4312769281904019,0.5732379184667041,1.146475836933408
Conformalized ExtraTrees,15,53,native_interval,pv_regime,low,26497,0.9453900441559422,7.271825725650545,0.045390044155942166,10.872631816539224,0.25266680037736144,0.3990825084450366,0.2909647904495998,0.31423803309066595,0.6284760661813318
Conformalized ExtraTrees,15,53,native_interval,pv_regime,medium,5407,0.8398372480118365,7.271825725650546,0.060162751988163565,20.990022908573096,0.5554594408522453,0.9295653430963994,0.49404170457640967,0.6596888295083515,1.3193776590167028
IA-GTPF,15,53,raw_quantiles_pre_clip,target_provenance,measured,32527,0.9120423033172441,13.62825489045512,0.012042303317244096,15.129280245093218,0.5397504975386872,0.5080579014896203,0.21671351471597386,0.4215073045814271,0.8430146091628541
IA-GTPF,15,53,raw_quantiles_pre_clip,target_provenance,supplier_interpolated,174,0.47701149425287354,1.558309317160416,0.4229885057471265,8.25098129632459,0.0685181808084017,0.5252669797824785,0.3440308840078278,0.3126053481995693,0.6252106963991385
IA-GTPF,15,53,raw_quantiles_pre_clip,site,industrial1,3802,0.9697527617043661,32.977253657912456,0.06975276170436606,34.496544719339944,1.0889003607521066,1.6478878198980969,0.6359268752148909,1.1242383519550314,2.2484767039100624
IA-GTPF,15,53,raw_quantiles_pre_clip,site,industrial2,3802,0.9087322461862177,3.1443662629710807,0.008732246186217707,3.9753867725344776,0.09516264154078678,0.22198127534795314,0.10360669708593716,0.1402502046582257,0.2805004093164513
IA-GTPF,15,53,raw_quantiles_pre_clip,site,industrial3,3802,0.95528669121515,75.2414644559801,0.05528669121514995,81.0372640626499,3.302784340479372,1.7505898834634062,0.749078862653123,1.9341510288653005,3.8683020577306007
IA-GTPF,15,53,raw_quantiles_pre_clip,site,residential1,3802,0.9387164650184113,0.8239104798174058,0.038716465018411306,1.1357036274461623,0.014652954627560647,0.08519716232016303,0.042132226744747495,0.04732744789749039,0.09465489579498078
IA-GTPF,15,53,raw_quantiles_pre_clip,site,residential2,3802,0.8932140978432404,0.6927768822554116,0.006785902156759671,1.2547481434842942,0.013548521584071615,0.08745356378195121,0.049188885590143124,0.05006365698538865,0.1001273139707773
IA-GTPF,15,53,raw_quantiles_pre_clip,site,residential3,3802,0.9281956864807995,0.9739857535227047,0.02819568648079951,1.405594046722265,0.022712767767008632,0.10967010351464586,0.04756693456910464,0.05998326861691971,0.11996653723383942
IA-GTPF,15,53,raw_quantiles_pre_clip,site,residential4,2138,0.6000935453695042,2.146285942024785,0.2999064546304958,6.826939387762215,0.08956869403130575,0.5205500111740172,0.25177827535680497,0.2872989935207093,0.5745979870414186
IA-GTPF,15,53,raw_quantiles_pre_clip,site,residential5,3775,0.9478145695364238,0.6225195381839594,0.04781456953642382,1.0698746291890044,0.011439122784985057,0.06132677224024028,0.042054608674465185,0.03827350123323017,0.07654700246646035
IA-GTPF,15,53,raw_quantiles_pre_clip,site,residential6,3802,0.930299842188322,0.9141215767518222,0.030299842188321935,1.2279846656775266,0.018204714429689947,0.09015940068375863,0.04319451885418641,0.05051954465587833,0.10103908931175665
IA-GTPF,15,53,raw_quantiles_pre_clip,building_type,industrial,11406,0.944590566368578,37.121028125621216,0.044590566368577944,39.836398518174775,1.4956157809240884,1.2068196595698188,0.4962041449846502,1.0662131951595193,2.132426390319038
IA-GTPF,15,53,raw_quantiles_pre_clip,building_type,residential,21121,0.894465224184461,0.9414232290610312,0.0055347758155390725,1.7866643167390612,0.02355337513473435,0.13070471685524018,0.06577984070221872,0.07334597756406441,0.14669195512812885
IA-GTPF,15,53,raw_quantiles_pre_clip,high_interpolation_regime,0,32051,0.9164144644472871,13.801852982418987,0.016414464447287114,15.233733637587523,0.5463917906268375,0.5071850261003474,0.2152948912525388,0.42295723599324125,0.8459144719864824
IA-GTPF,15,53,raw_quantiles_pre_clip,high_interpolation_regime,1,476,0.6176470588235294,1.9391951309301265,0.2823529411764706,8.096012003843382,0.0925654455044341,0.566832122291269,0.3122351546877351,0.3238775741611461,0.6477551483222921
IA-GTPF,15,53,raw_quantiles_pre_clip,weak_signal_regime,0,25177,0.900345553481352,11.137164020817227,0.00034555348135201225,12.73116029163471,0.44868854214002923,0.433058593582527,0.18786947244170638,0.35653886938808754,0.713077738776175
IA-GTPF,15,53,raw_quantiles_pre_clip,weak_signal_regime,1,7350,0.952108843537415,22.161342621730373,0.05210884353741496,23.343901478865313,0.8516779602695731,0.7649636940306939,0.31551711367369284,0.6440529226579866,1.288105845315973
IA-GTPF,15,53,raw_quantiles_pre_clip,pv_regime,high,623,0.92776886035313,17.054600535295705,0.027768860353129976,19.27709304095897,0.6305298523441756,0.7040600500125576,0.33332479970377327,0.5559715673535021,1.1119431347070041
IA-GTPF,15,53,raw_quantiles_pre_clip,pv_regime,low,26497,0.9179529758085822,10.794060840434412,0.017952975808582128,11.911437508797805,0.42049822369915313,0.4216666112361175,0.17507365174073725,0.3390794955586693,0.6781589911173386
IA-GTPF,15,53,raw_quantiles_pre_clip,pv_regime,medium,5407,0.881265026817089,27.122433992852564,0.018734973182911063,30.42040131256043,1.1136864993663764,0.9088347979788516,0.4073335662616456,0.8099516212022911,1.6199032424045823
IA-GTPF,15,53,dedicated_conformal_pre_clip,target_provenance,measured,32527,0.9120423033172441,13.62825489045512,0.012042303317244096,15.129280245093218,0.5397504975386872,0.5080579014896203,0.21671351471597386,0.4215073045814271,0.8430146091628541
IA-GTPF,15,53,dedicated_conformal_pre_clip,target_provenance,supplier_interpolated,174,0.47701149425287354,1.558309317160416,0.4229885057471265,8.25098129632459,0.0685181808084017,0.5252669797824785,0.3440308840078278,0.3126053481995693,0.6252106963991385
IA-GTPF,15,53,dedicated_conformal_pre_clip,site,industrial1,3802,0.9697527617043661,32.977253657912456,0.06975276170436606,34.496544719339944,1.0889003607521066,1.6478878198980969,0.6359268752148909,1.1242383519550314,2.2484767039100624
IA-GTPF,15,53,dedicated_conformal_pre_clip,site,industrial2,3802,0.9087322461862177,3.1443662629710807,0.008732246186217707,3.9753867725344776,0.09516264154078678,0.22198127534795314,0.10360669708593716,0.1402502046582257,0.2805004093164513
IA-GTPF,15,53,dedicated_conformal_pre_clip,site,industrial3,3802,0.95528669121515,75.2414644559801,0.05528669121514995,81.0372640626499,3.302784340479372,1.7505898834634062,0.749078862653123,1.9341510288653005,3.8683020577306007
IA-GTPF,15,53,dedicated_conformal_pre_clip,site,residential1,3802,0.9387164650184113,0.8239104798174058,0.038716465018411306,1.1357036274461623,0.014652954627560647,0.08519716232016303,0.042132226744747495,0.04732744789749039,0.09465489579498078
IA-GTPF,15,53,dedicated_conformal_pre_clip,site,residential2,3802,0.8932140978432404,0.6927768822554116,0.006785902156759671,1.2547481434842942,0.013548521584071615,0.08745356378195121,0.049188885590143124,0.05006365698538865,0.1001273139707773
IA-GTPF,15,53,dedicated_conformal_pre_clip,site,residential3,3802,0.9281956864807995,0.9739857535227047,0.02819568648079951,1.405594046722265,0.022712767767008632,0.10967010351464586,0.04756693456910464,0.05998326861691971,0.11996653723383942
IA-GTPF,15,53,dedicated_conformal_pre_clip,site,residential4,2138,0.6000935453695042,2.146285942024785,0.2999064546304958,6.826939387762215,0.08956869403130575,0.5205500111740172,0.25177827535680497,0.2872989935207093,0.5745979870414186
IA-GTPF,15,53,dedicated_conformal_pre_clip,site,residential5,3775,0.9478145695364238,0.6225195381839594,0.04781456953642382,1.0698746291890044,0.011439122784985057,0.06132677224024028,0.042054608674465185,0.03827350123323017,0.07654700246646035
IA-GTPF,15,53,dedicated_conformal_pre_clip,site,residential6,3802,0.930299842188322,0.9141215767518222,0.030299842188321935,1.2279846656775266,0.018204714429689947,0.09015940068375863,0.04319451885418641,0.05051954465587833,0.10103908931175665
IA-GTPF,15,53,dedicated_conformal_pre_clip,building_type,industrial,11406,0.944590566368578,37.121028125621216,0.044590566368577944,39.836398518174775,1.4956157809240884,1.2068196595698188,0.4962041449846502,1.0662131951595193,2.132426390319038
IA-GTPF,15,53,dedicated_conformal_pre_clip,building_type,residential,21121,0.894465224184461,0.9414232290610312,0.0055347758155390725,1.7866643167390612,0.02355337513473435,0.13070471685524018,0.06577984070221872,0.07334597756406441,0.14669195512812885
IA-GTPF,15,53,dedicated_conformal_pre_clip,high_interpolation_regime,0,32051,0.9164144644472871,13.801852982418987,0.016414464447287114,15.233733637587523,0.5463917906268375,0.5071850261003474,0.2152948912525388,0.42295723599324125,0.8459144719864824
IA-GTPF,15,53,dedicated_conformal_pre_clip,high_interpolation_regime,1,476,0.6176470588235294,1.9391951309301265,0.2823529411764706,8.096012003843382,0.0925654455044341,0.566832122291269,0.3122351546877351,0.3238775741611461,0.6477551483222921
IA-GTPF,15,53,dedicated_conformal_pre_clip,weak_signal_regime,0,25177,0.900345553481352,11.137164020817227,0.00034555348135201225,12.73116029163471,0.44868854214002923,0.433058593582527,0.18786947244170638,0.35653886938808754,0.713077738776175
IA-GTPF,15,53,dedicated_conformal_pre_clip,weak_signal_regime,1,7350,0.952108843537415,22.161342621730373,0.05210884353741496,23.343901478865313,0.8516779602695731,0.7649636940306939,0.31551711367369284,0.6440529226579866,1.288105845315973
IA-GTPF,15,53,dedicated_conformal_pre_clip,pv_regime,high,623,0.92776886035313,17.054600535295705,0.027768860353129976,19.27709304095897,0.6305298523441756,0.7040600500125576,0.33332479970377327,0.5559715673535021,1.1119431347070041
IA-GTPF,15,53,dedicated_conformal_pre_clip,pv_regime,low,26497,0.9179529758085822,10.794060840434412,0.017952975808582128,11.911437508797805,0.42049822369915313,0.4216666112361175,0.17507365174073725,0.3390794955586693,0.6781589911173386
IA-GTPF,15,53,dedicated_conformal_pre_clip,pv_regime,medium,5407,0.881265026817089,27.122433992852564,0.018734973182911063,30.42040131256043,1.1136864993663764,0.9088347979788516,0.4073335662616456,0.8099516212022911,1.6199032424045823
IA-GTPF,15,53,dedicated_conformal_post_clip,target_provenance,measured,32527,0.9104743751345037,13.55216486108888,0.010474375134503666,15.095030322164332,0.5397504975386872,0.5080105781636541,0.21500101856952952,0.42092069809062355,0.8418413961812473
IA-GTPF,15,53,dedicated_conformal_post_clip,target_provenance,supplier_interpolated,174,0.47701149425287354,1.546249849667355,0.4229885057471265,8.23892182883153,0.0685181808084017,0.5252669797824785,0.34342791063317474,0.312404357074685,0.6248087141493698
IA-GTPF,15,53,dedicated_conformal_post_clip,site,industrial1,3802,0.9697527617043661,32.977253657912456,0.06975276170436606,34.496544719339944,1.0889003607521066,1.6478878198980969,0.6359268752148909,1.1242383519550314,2.2484767039100624
IA-GTPF,15,53,dedicated_conformal_post_clip,site,industrial2,3802,0.8958442924776433,2.528502282813236,0.004155707522356722,3.6907526919406095,0.09516264154078678,0.22198127534795314,0.08937499305624376,0.13550630331499455,0.2710126066299891
IA-GTPF,15,53,dedicated_conformal_post_clip,site,industrial3,3802,0.95528669121515,75.2414644559801,0.05528669121514995,81.0372640626499,3.302784340479372,1.7505898834634062,0.749078862653123,1.9341510288653005,3.8683020577306007
IA-GTPF,15,53,dedicated_conformal_post_clip,site,residential1,3802,0.9387164650184113,0.8239104798174058,0.038716465018411306,1.1357036274461623,0.014652954627560647,0.08519716232016303,0.042132226744747495,0.04732744789749039,0.09465489579498078
IA-GTPF,15,53,dedicated_conformal_post_clip,site,residential2,3802,0.8926880589163598,0.6835129468940615,0.007311941083640194,1.2722062133690069,0.013548521584071615,0.08758838753636661,0.050061789084378736,0.05039956606827232,0.10079913213654462
IA-GTPF,15,53,dedicated_conformal_post_clip,site,residential3,3802,0.9281956864807995,0.9715498838752641,0.02819568648079951,1.4031581770748243,0.022712767767008632,0.10957743460953566,0.04744514108673261,0.059911781154425636,0.11982356230885127
IA-GTPF,15,53,dedicated_conformal_post_clip,site,residential4,2138,0.6000935453695042,2.1078950031792774,0.2999064546304958,6.788548448916708,0.08956869403130575,0.5199660427001689,0.24985872841452958,0.2864644883820014,0.5729289767640028
IA-GTPF,15,53,dedicated_conformal_post_clip,site,residential5,3775,0.9478145695364238,0.6209480922250572,0.04781456953642382,1.068303183230102,0.011439122784985057,0.06120729304456593,0.041976036376520066,0.03820748406869035,0.0764149681373807
IA-GTPF,15,53,dedicated_conformal_post_clip,site,residential6,3802,0.930299842188322,0.913866227397384,0.030299842188321935,1.2277293163230887,0.018204714429689947,0.09015940068375863,0.0431817513864645,0.05051528883330436,0.10103057766660871
IA-GTPF,15,53,dedicated_conformal_post_clip,building_type,industrial,11406,0.9402945817990531,36.91574013223527,0.0402945817990531,39.74152049131015,1.4956157809240884,1.2068196595698188,0.4914602436414191,1.0646318947117754,2.129263789423551
IA-GTPF,15,53,dedicated_conformal_post_clip,building_type,residential,21121,0.8943705316983097,0.9351041375106527,0.00562946830169031,1.7851554644740162,0.02355337513473435,0.13063183745446844,0.06570439808896648,0.07329653689272309,0.14659307378544614
IA-GTPF,15,53,dedicated_conformal_post_clip,high_interpolation_regime,0,32051,0.9148232504446039,13.724877517734802,0.014823250444603864,15.19921966059757,0.5463917906268375,0.5071369999600179,0.21356919240304123,0.4223659943299656,0.844731988659931
IA-GTPF,15,53,dedicated_conformal_post_clip,high_interpolation_regime,1,476,0.6176470588235294,1.9227250330247592,0.2823529411764706,8.079541905938017,0.0925654455044341,0.566832122291269,0.31141164979246677,0.32360307252938997,0.6472061450587799
IA-GTPF,15,53,dedicated_conformal_post_clip,weak_signal_regime,0,25177,0.8983198951423919,11.03974178846345,0.0016801048576081667,12.687792678262056,0.44868854214002923,0.4329974550106678,0.18570109177307367,0.35579569630792357,0.7115913926158471
IA-GTPF,15,53,dedicated_conformal_post_clip,weak_signal_regime,1,7350,0.952108843537415,22.15832482020322,0.05210884353741496,23.34088367733816,0.8516779602695731,0.7649636940306939,0.3153662235973351,0.6440026259658673,1.2880052519317347
IA-GTPF,15,53,dedicated_conformal_post_clip,pv_regime,high,623,0.92776886035313,17.054600535295705,0.027768860353129976,19.27709304095897,0.6305298523441756,0.7040600500125576,0.33332479970377327,0.5559715673535021,1.1119431347070041
IA-GTPF,15,53,dedicated_conformal_post_clip,pv_regime,low,26497,0.9164433709476545,10.73976571075257,0.016443370947654468,11.903163600597429,0.42049822369915313,0.4216555164654686,0.17465995633071837,0.33893789883178,0.67787579766356
IA-GTPF,15,53,dedicated_conformal_post_clip,pv_regime,medium,5407,0.8792306269650453,26.930770901671515,0.02076937303495474,30.25490963556348,1.1136864993663764,0.9086044839995994,0.39905898241179827,0.807116655259258,1.6142333105185156
IA-GTPF,15,53,adaptive_conformal_pre_clip,target_provenance,measured,32527,0.9344544532234759,13.750197078829851,0.034454453223475845,14.999349522536328,0.5413007026620493,0.5080579014896203,0.20866677346476725,0.41934179253881226,0.8386835850776245
IA-GTPF,15,53,adaptive_conformal_pre_clip,target_provenance,supplier_interpolated,174,0.8793103448275862,3.52238959854206,0.020689655172413834,5.071482019867033,0.1176201878429428,0.5252669797824785,0.13595391315040892,0.2596136935919434,0.5192273871838867
IA-GTPF,15,53,adaptive_conformal_pre_clip,site,industrial1,3802,0.9697527617043661,32.977253657912456,0.06975276170436606,34.496544719339944,1.0889003607521066,1.6478878198980969,0.6359268752148909,1.1242383519550314,2.2484767039100624
IA-GTPF,15,53,adaptive_conformal_pre_clip,site,industrial2,3802,0.912414518674382,3.1608676220375176,0.012414518674381925,3.976831927248151,0.09552634943967649,0.22198127534795314,0.10331524692273113,0.14027429057012025,0.28054858114024045
IA-GTPF,15,53,adaptive_conformal_pre_clip,site,industrial3,3802,0.95528669121515,75.2414644559801,0.05528669121514995,81.0372640626499,3.302784340479372,1.7505898834634062,0.749078862653123,1.9341510288653005,3.8683020577306007
IA-GTPF,15,53,adaptive_conformal_pre_clip,site,residential1,3802,0.9387164650184113,0.8239104798174058,0.038716465018411306,1.1357036274461623,0.014652954627560647,0.08519716232016303,0.042132226744747495,0.04732744789749039,0.09465489579498078
IA-GTPF,15,53,adaptive_conformal_pre_clip,site,residential2,3802,0.9045239347711731,0.7137053531766181,0.004523934771173077,1.2542567848108215,0.013654877462789872,0.08745356378195121,0.04905796177775123,0.050055467674164106,0.1001109353483282
IA-GTPF,15,53,adaptive_conformal_pre_clip,site,residential3,3802,0.9281956864807995,0.9739857535227047,0.02819568648079951,1.405594046722265,0.022712767767008632,0.10967010351464586,0.04756693456910464,0.05998326861691971,0.11996653723383942
IA-GTPF,15,53,adaptive_conformal_pre_clip,site,residential4,2138,0.9144059869036483,3.934897041012937,0.014405986903648249,4.848493428828879,0.11231704962680718,0.5205500111740172,0.13010762181463684,0.25432489420515375,0.5086497884103075
IA-GTPF,15,53,adaptive_conformal_pre_clip,site,residential5,3775,0.9478145695364238,0.6225195381839594,0.04781456953642382,1.0698746291890044,0.011439122784985057,0.06132677224024028,0.042054608674465185,0.03827350123323017,0.07654700246646035
IA-GTPF,15,53,adaptive_conformal_pre_clip,site,residential6,3802,0.930299842188322,0.9141359949567731,0.030299842188321935,1.22799374380657,0.018204807881018338,0.09015940068375863,0.04319487930931018,0.05051969595802905,0.10103939191605808
IA-GTPF,15,53,adaptive_conformal_pre_clip,building_type,industrial,11406,0.9458179905312993,37.12652857864337,0.04581799053129931,39.83688023641266,1.495737016890385,1.2068196595698188,0.49610699493024835,1.0662212237968174,2.1324424475936343
IA-GTPF,15,53,adaptive_conformal_pre_clip,building_type,residential,21121,0.9283177879835235,1.126247593158106,0.028317787983523468,1.5863068009571666,0.025875268256083685,0.13070471685524018,0.053440071791774686,0.07000668563436618,0.14001337126873237
IA-GTPF,15,53,adaptive_conformal_pre_clip,high_interpolation_regime,0,32051,0.9351970297338617,13.898481377999117,0.03519702973386163,15.140521029786298,0.54742322866663,0.5071850261003474,0.20960282282268505,0.4214036925298874,0.8428073850597751
IA-GTPF,15,53,adaptive_conformal_pre_clip,high_interpolation_regime,1,476,0.884453781512605,3.765617094220105,0.015546218487395014,5.493702508106062,0.12904633087041684,0.566832122291269,0.14563879453488637,0.28050574923219074,0.5610114984643815
IA-GTPF,15,53,adaptive_conformal_pre_clip,weak_signal_regime,0,25177,0.9286253326448742,11.291829752950894,0.028625332644874213,12.565331895264489,0.45070724541511,0.433058593582527,0.1775593493481144,0.35377506278191717,0.7075501255638342
IA-GTPF,15,53,adaptive_conformal_pre_clip,weak_signal_regime,1,7350,0.954421768707483,22.171192203136577,0.05442176870748294,23.336936162240153,0.8516233520642518,0.7649636940306939,0.31522345604775626,0.6439368340475673,1.2878736680951346
IA-GTPF,15,53,adaptive_conformal_pre_clip,pv_regime,high,623,0.9406099518459069,17.20115902925352,0.04060995184590688,19.179350488109694,0.6242128539030801,0.7040600500125576,0.3347546705024047,0.5543425248060141,1.108685049612028
IA-GTPF,15,53,adaptive_conformal_pre_clip,pv_regime,low,26497,0.9384836019171982,10.901507555834828,0.03848360191719813,11.804439553890795,0.4221279722842791,0.4216666112361175,0.16809400541026062,0.33729619631021907,0.6745923926204381
IA-GTPF,15,53,adaptive_conformal_pre_clip,pv_regime,medium,5407,0.9140003698908822,27.312574921567993,0.014000369890882158,30.174379823562496,1.1157533689458687,0.9088347979788516,0.39296562223225645,0.8058512630523257,1.6117025261046514
QuantileForest,15,53,native_interval,target_provenance,measured,32527,0.9156085713407324,5.508237876342975,0.015608571340732347,6.939444859524901,0.13227127383606532,0.4839315237379604,0.21470096914017986,0.27696792223806854,0.553935844476137
QuantileForest,15,53,native_interval,target_provenance,supplier_interpolated,174,0.3045977011494253,2.5916711481397408,0.5954022988505747,14.747994579217009,0.14457248616551008,0.6102774519145907,0.5928272427953403,0.44922572695848034,0.8984514539169606
QuantileForest,15,53,native_interval,site,industrial1,3802,0.9537085744345082,18.006503622676966,0.05370857443450816,20.153941307413426,0.38959506772388147,1.5898926982589339,0.6181019976467902,0.8658632545432018,1.7317265090864034
QuantileForest,15,53,native_interval,site,industrial2,3802,0.9279326670173593,2.0295190989502436,0.027932667017359303,2.7594195936171944,0.052156321046772564,0.1864777814340738,0.0858146586340872,0.10814958703831119,0.21629917407662236
QuantileForest,15,53,native_interval,site,industrial3,3802,0.9558127301420305,21.78349706693577,0.055812730142030476,25.494785111768618,0.5447719186821526,1.666068987964391,0.7299673369062788,0.9802694145176075,1.960538829035215
QuantileForest,15,53,native_interval,site,residential1,3802,0.9442398737506575,0.7809247254431473,0.04423987375065752,1.1472078618094812,0.015043763958112603,0.07854471237233047,0.04231662913236149,0.045301701820934855,0.09060340364186968
QuantileForest,15,53,native_interval,site,residential2,3802,0.9239873750657549,0.7269978590623816,0.02398737506575488,1.334896205807695,0.013333092206646767,0.08648701886543617,0.05341171808373799,0.051077276385273644,0.10215455277054726
QuantileForest,15,53,native_interval,site,residential3,3802,0.9408206207259338,0.9894224771863245,0.04082062072593373,1.4199739953909496,0.02250480274666266,0.09352250943254678,0.048493897022884834,0.05484040306736476,0.10968080613472951
QuantileForest,15,53,native_interval,site,residential4,2138,0.567820392890552,2.4062983557215394,0.33217960710944805,8.420663175119605,0.11289728271872065,0.5421858151963477,0.30813587603725967,0.32107299131744266,0.6421459826348853
QuantileForest,15,53,native_interval,site,residential5,3775,0.951523178807947,0.5939464598361852,0.05152317880794699,1.0836529935592103,0.011946667657949937,0.058003359428765375,0.042235982020010596,0.037395336368908634,0.07479067273781725
QuantileForest,15,53,native_interval,site,residential6,3802,0.9226722777485534,0.8645237960875434,0.022672277748553404,1.2471549422554284,0.018858753573780616,0.07667191973416503,0.04349899353899083,0.046343222282312156,0.09268644456462431
QuantileForest,15,53,native_interval,building_type,industrial,11406,0.9458179905312993,13.939839929520996,0.04581799053129931,16.13604867093308,0.3288411024842689,1.1474798225524663,0.4779613310623855,0.6514274186997069,1.3028548373994135
QuantileForest,15,53,native_interval,building_type,residential,21121,0.8992945409781734,0.9549092925378304,0.0007054590218266155,1.9729914211023991,0.026117423849729,0.12559470747555548,0.07253214720539097,0.07474809284355849,0.14949618568711695
QuantileForest,15,53,native_interval,high_interpolation_regime,0,32051,0.9236841284203301,5.544545771141619,0.023684128420330075,6.791759107064418,0.13146043071218574,0.48067780005765876,0.20812752464103523,0.27342191847029323,0.5468438369405864
QuantileForest,15,53,native_interval,high_interpolation_regime,1,476,0.37184873949579833,3.063480867537665,0.5281512605042017,16.883722279926126,0.18686861199460356,0.7030178633962576,0.6573175020017027,0.5157346591308546,1.0314693182617092
QuantileForest,15,53,native_interval,weak_signal_regime,0,25177,0.9044763077411924,4.402855173006407,0.004476307741192342,5.875747877455557,0.10797924052517287,0.41278001928340824,0.18580815334760512,0.23552247105206206,0.47104494210412406
QuantileForest,15,53,native_interval,weak_signal_regime,1,7350,0.9537414965986395,9.294662409935462,0.05374149659863947,10.58307736531536,0.21548222930114547,0.7276568880443905,0.3136716389646227,0.4189369187700529,0.8378738375401055
QuantileForest,15,53,native_interval,pv_regime,high,623,0.9213483146067416,7.715234982651809,0.02134831460674158,9.824168283730257,0.17660200119230982,0.7062413084300566,0.3146064129942033,0.39914990753885654,0.798299815077713
QuantileForest,15,53,native_interval,pv_regime,low,26497,0.9207080046797751,4.451284429996858,0.02070800467977507,5.681297151206359,0.10747157506381069,0.3985451367420663,0.17659328249650744,0.22753666476746148,0.4550733295349229
QuantileForest,15,53,native_interval,pv_regime,medium,5407,0.8899574625485481,10.433545120767365,0.010042537451451894,12.772616143792789,0.24869435044518148,0.8767527000588464,0.3899364567444583,0.5051278357494954,1.0102556714989908
Conformalized ExtraTrees,15,71,native_interval,target_provenance,measured,32527,0.9267070433793464,7.205754263952186,0.026707043379346374,12.492012582726016,0.29872444357813366,0.48766412395132197,0.3258761855581672,0.37075491769587426,0.7415098353917485
Conformalized ExtraTrees,15,71,native_interval,target_provenance,supplier_interpolated,174,0.9942528735632183,7.205754263952185,0.09425287356321832,7.261999365095972,0.2274318145746869,0.48812740745796823,0.1356681536801119,0.28374245857092234,0.5674849171418447
Conformalized ExtraTrees,15,71,native_interval,site,industrial1,3802,0.6546554445028933,7.205754263952187,0.24534455549710676,25.98952832643171,0.5687479843999451,1.6235926309241833,0.7307284319216407,0.974356349081923,1.9487126981638456
Conformalized ExtraTrees,15,71,native_interval,site,industrial2,3802,0.9992109416096792,7.205754263952187,0.09921094160967914,7.218473076362103,0.18782524319146887,0.17447667059551397,0.1730984106266365,0.1784667748045398,0.35693354960907947
Conformalized ExtraTrees,15,71,native_interval,site,industrial3,3802,0.7233035244608101,7.205754263952189,0.17669647553918988,33.56713931611971,0.7753295881061885,1.7076740729373934,0.9030273776997972,1.1286770129144597,2.2573540258289193
Conformalized ExtraTrees,15,71,native_interval,site,residential1,3802,1.0,7.205754263952187,0.09999999999999998,7.205754263952187,0.18072163537466734,0.07947696451509775,0.17956607782294218,0.14658822590423579,0.29317645180847146
Conformalized ExtraTrees,15,71,native_interval,site,residential2,3802,0.9994739610731194,7.205754263952187,0.09947396107311934,7.230463333027025,0.18179673999052814,0.09011484815930168,0.17972642666082328,0.1505460049368844,0.30109200987376866
Conformalized ExtraTrees,15,71,native_interval,site,residential3,3802,1.0,7.205754263952187,0.09999999999999998,7.205754263952187,0.1818564892610157,0.0920051810234069,0.17843122393659383,0.15076429807367214,0.3015285961473442
Conformalized ExtraTrees,15,71,native_interval,site,residential4,2138,0.9934518241347053,7.205754263952187,0.09345182413470532,7.2814926060771565,0.20937050987317787,0.4809751588817855,0.15470412043068008,0.28168326306188113,0.5633665261237623
Conformalized ExtraTrees,15,71,native_interval,site,residential5,3775,1.0,7.205754263952187,0.09999999999999998,7.205754263952187,0.18090799872661295,0.0607697462902227,0.17937971447099657,0.1403524864959441,0.28070497299188807
Conformalized ExtraTrees,15,71,native_interval,site,residential6,3802,1.0,7.205754263952187,0.09999999999999998,7.205754263952187,0.18202009215491774,0.07393271912279954,0.1782676210426918,0.14474014410680303,0.2894802882136059
Conformalized ExtraTrees,15,71,native_interval,building_type,industrial,11406,0.7923899701911274,7.205754263952187,0.10761002980887258,22.258380239637845,0.5106342718992009,1.16858112481903,0.6022847400826914,0.7605000456003074,1.521000091200615
Conformalized ExtraTrees,15,71,native_interval,building_type,residential,21121,0.9992424601107902,7.205754263952187,0.09924246011079019,7.217868863454374,0.18428651441615784,0.11994766583394685,0.17660692875656106,0.1602803696688886,0.3205607393377771
Conformalized ExtraTrees,15,71,native_interval,high_interpolation_regime,0,32051,0.9258681476396993,7.205754263952187,0.025868147639699246,12.56677072467384,0.2998260341328454,0.4871851238426288,0.3285125021008466,0.37184122002544023,0.7436824400508805
Conformalized ExtraTrees,15,71,native_interval,high_interpolation_regime,1,476,0.9831932773109243,7.205754263952187,0.0831932773109243,7.458245339932619,0.22454990813891954,0.5199171333709135,0.14836235885771157,0.29760980012251487,0.5952196002450297
Conformalized ExtraTrees,15,71,native_interval,weak_signal_regime,0,25177,0.9450291933113556,7.205754263952187,0.045029193311355575,11.912113688198033,0.2907657062162556,0.4136734538173786,0.30483997819364644,0.33642637940909353,0.6728527588181868
Conformalized ExtraTrees,15,71,native_interval,weak_signal_regime,1,7350,0.8639455782312925,7.205754263952187,0.036054421768707545,14.478422714362878,0.3259866382121482,0.7411148861230624,0.39793449750599585,0.4883453406137355,0.9766906812274709
Conformalized ExtraTrees,15,71,native_interval,pv_regime,high,623,0.8587479935794543,7.205754263952185,0.04125200642054572,18.17633727162421,0.4955157043830167,0.7567530030050916,0.4133011591981941,0.5551899555287675,1.1103799110575348
Conformalized ExtraTrees,15,71,native_interval,pv_regime,low,26497,0.9450503830622334,7.205754263952188,0.04505038306223341,10.763485899317132,0.24919042357512095,0.396428373358744,0.2889838713907357,0.3115342227748669,0.6230684455497337
Conformalized ExtraTrees,15,71,native_interval,pv_regime,medium,5407,0.8446458294803033,7.205754263952188,0.05535417051969671,20.307702845182394,0.5187913887489098,0.9037601683014311,0.49659375351020996,0.6397151035201837,1.2794302070403671
IA-GTPF,15,71,raw_quantiles_pre_clip,target_provenance,measured,32527,0.9117348664186675,13.62825489045512,0.0117348664186675,15.137730609246193,0.5397241497185228,0.5086119891366143,0.2171623807437869,0.421832839866308,0.843665679732616
IA-GTPF,15,71,raw_quantiles_pre_clip,target_provenance,supplier_interpolated,174,0.47701149425287354,1.558309317160416,0.4229885057471265,8.242145452717498,0.06847640295820988,0.5249257547765573,0.34363086967766504,0.3123443424708108,0.6246886849416216
IA-GTPF,15,71,raw_quantiles_pre_clip,site,industrial1,3802,0.9697527617043661,32.97725365791246,0.06975276170436606,34.4916014755871,1.0876846827498592,1.648041652790737,0.6368953910294964,1.1242072421900309,2.2484144843800618
IA-GTPF,15,71,raw_quantiles_pre_clip,site,industrial2,3802,0.9076801683324566,3.1443662629710807,0.0076801683324565495,3.9741963730005554,0.09513286943870805,0.22188919592574782,0.10357694921131978,0.14019967152525856,0.280399343050517
IA-GTPF,15,71,raw_quantiles_pre_clip,site,industrial3,3802,0.9560757496054708,75.2414644559801,0.05607574960547079,81.11864194617989,3.30387094702102,1.755602833518477,0.7520611502879747,1.9371783102758238,3.8743566205516475
IA-GTPF,15,71,raw_quantiles_pre_clip,site,residential1,3802,0.9387164650184113,0.823910479817406,0.038716465018411306,1.13549525689902,0.01463208291221857,0.08510438711805039,0.042142679932732456,0.04729304998766714,0.09458609997533429
IA-GTPF,15,71,raw_quantiles_pre_clip,site,residential2,3802,0.8926880589163598,0.6927768822554116,0.007311941083640194,1.2546256114302985,0.013543065349656802,0.08734830805154047,0.04918821522185814,0.050026529541018466,0.10005305908203693
IA-GTPF,15,71,raw_quantiles_pre_clip,site,residential3,3802,0.9279326670173593,0.9739857535227047,0.027932667017359303,1.4053209147606687,0.022694968794994035,0.10964031603020026,0.04757107694303943,0.059968787256077905,0.11993757451215577
IA-GTPF,15,71,raw_quantiles_pre_clip,site,residential4,2138,0.5996258185219832,2.146285942024785,0.30037418147801687,6.823753966895543,0.08960821261135414,0.5204298969258965,0.2515794857334231,0.28720586509022455,0.5744117301804491
IA-GTPF,15,71,raw_quantiles_pre_clip,site,residential5,3775,0.9470198675496688,0.6225195381839594,0.0470198675496688,1.0696125320752972,0.011414031208543507,0.0612968405380821,0.042066595395221375,0.03825915571394899,0.07651831142789797
IA-GTPF,15,71,raw_quantiles_pre_clip,site,residential6,3802,0.9297738032614413,0.9141215767518222,0.0297738032614413,1.2276908148683827,0.018184963827983645,0.09015012876088788,0.043199576915435516,0.050511556501435684,0.10102311300287135
IA-GTPF,15,71,raw_quantiles_pre_clip,building_type,industrial,11406,0.9445028932140979,37.121028125621216,0.04450289321409784,39.86147993158918,1.4955628330698627,1.208511227411654,0.4975111635095969,1.0671950746637047,2.134390149327409
IA-GTPF,15,71,raw_quantiles_pre_clip,building_type,residential,21121,0.8940391079967804,0.9414232290610313,0.005960892003219587,1.7861333945951727,0.023541392164174908,0.13064452965244677,0.06576527756558376,0.07331706646073514,0.1466341329214703
IA-GTPF,15,71,raw_quantiles_pre_clip,high_interpolation_regime,0,32051,0.916102461701663,13.801852982418987,0.016102461701662962,15.242390771676165,0.5463653692212712,0.5077513022377461,0.21575416936253727,0.42329028027385157,0.8465805605477029
IA-GTPF,15,71,raw_quantiles_pre_clip,high_interpolation_regime,1,476,0.6176470588235294,1.9391951309301267,0.2823529411764706,8.090539714197565,0.09254405248619216,0.5665655097156578,0.31198293322368603,0.32369749847517865,0.6473949969503573
IA-GTPF,15,71,raw_quantiles_pre_clip,weak_signal_regime,0,25177,0.900027803153672,11.137164020817227,2.780315367201247e-05,12.740442271988679,0.44869602462966507,0.43383624583558184,0.18832608896976885,0.3569527864783386,0.7139055729566771
IA-GTPF,15,71,raw_quantiles_pre_clip,weak_signal_regime,1,7350,0.9518367346938775,22.161342621730377,0.051836734693877506,23.349503189808427,0.8515357286793623,0.7647519740468312,0.31593943081105935,0.6440757111790844,1.2881514223581683
IA-GTPF,15,71,raw_quantiles_pre_clip,pv_regime,high,623,0.9213483146067416,17.054600535295705,0.02134831460674158,19.293126445575624,0.630501344692211,0.7008344891746657,0.33415497758657037,0.5551636038178157,1.1103272076356312
IA-GTPF,15,71,raw_quantiles_pre_clip,pv_regime,low,26497,0.9179152356870589,10.794060840434412,0.017915235687058884,11.91407274249542,0.42040384408671727,0.4220814500736323,0.17529979303805385,0.3392616957328011,0.6785233914656024
IA-GTPF,15,71,raw_quantiles_pre_clip,pv_regime,medium,5407,0.8803402996116145,27.122433992852564,0.019659700388385493,30.456474994166097,1.113993790158201,0.910506769241687,0.40882995955010376,0.8111101729833305,1.6222203459666613
IA-GTPF,15,71,dedicated_conformal_pre_clip,target_provenance,measured,32527,0.9117348664186675,13.62825489045512,0.0117348664186675,15.137730609246193,0.5397241497185228,0.5086119891366143,0.2171623807437869,0.421832839866308,0.843665679732616
IA-GTPF,15,71,dedicated_conformal_pre_clip,target_provenance,supplier_interpolated,174,0.47701149425287354,1.558309317160416,0.4229885057471265,8.242145452717498,0.06847640295820988,0.5249257547765573,0.34363086967766504,0.3123443424708108,0.6246886849416216
IA-GTPF,15,71,dedicated_conformal_pre_clip,site,industrial1,3802,0.9697527617043661,32.97725365791246,0.06975276170436606,34.4916014755871,1.0876846827498592,1.648041652790737,0.6368953910294964,1.1242072421900309,2.2484144843800618
IA-GTPF,15,71,dedicated_conformal_pre_clip,site,industrial2,3802,0.9076801683324566,3.1443662629710807,0.0076801683324565495,3.9741963730005554,0.09513286943870805,0.22188919592574782,0.10357694921131978,0.14019967152525856,0.280399343050517
IA-GTPF,15,71,dedicated_conformal_pre_clip,site,industrial3,3802,0.9560757496054708,75.2414644559801,0.05607574960547079,81.11864194617989,3.30387094702102,1.755602833518477,0.7520611502879747,1.9371783102758238,3.8743566205516475
IA-GTPF,15,71,dedicated_conformal_pre_clip,site,residential1,3802,0.9387164650184113,0.823910479817406,0.038716465018411306,1.13549525689902,0.01463208291221857,0.08510438711805039,0.042142679932732456,0.04729304998766714,0.09458609997533429
IA-GTPF,15,71,dedicated_conformal_pre_clip,site,residential2,3802,0.8926880589163598,0.6927768822554116,0.007311941083640194,1.2546256114302985,0.013543065349656802,0.08734830805154047,0.04918821522185814,0.050026529541018466,0.10005305908203693
IA-GTPF,15,71,dedicated_conformal_pre_clip,site,residential3,3802,0.9279326670173593,0.9739857535227047,0.027932667017359303,1.4053209147606687,0.022694968794994035,0.10964031603020026,0.04757107694303943,0.059968787256077905,0.11993757451215577
IA-GTPF,15,71,dedicated_conformal_pre_clip,site,residential4,2138,0.5996258185219832,2.146285942024785,0.30037418147801687,6.823753966895543,0.08960821261135414,0.5204298969258965,0.2515794857334231,0.28720586509022455,0.5744117301804491
IA-GTPF,15,71,dedicated_conformal_pre_clip,site,residential5,3775,0.9470198675496688,0.6225195381839594,0.0470198675496688,1.0696125320752972,0.011414031208543507,0.0612968405380821,0.042066595395221375,0.03825915571394899,0.07651831142789797
IA-GTPF,15,71,dedicated_conformal_pre_clip,site,residential6,3802,0.9297738032614413,0.9141215767518222,0.0297738032614413,1.2276908148683827,0.018184963827983645,0.09015012876088788,0.043199576915435516,0.050511556501435684,0.10102311300287135
IA-GTPF,15,71,dedicated_conformal_pre_clip,building_type,industrial,11406,0.9445028932140979,37.121028125621216,0.04450289321409784,39.86147993158918,1.4955628330698627,1.208511227411654,0.4975111635095969,1.0671950746637047,2.134390149327409
IA-GTPF,15,71,dedicated_conformal_pre_clip,building_type,residential,21121,0.8940391079967804,0.9414232290610313,0.005960892003219587,1.7861333945951727,0.023541392164174908,0.13064452965244677,0.06576527756558376,0.07331706646073514,0.1466341329214703
IA-GTPF,15,71,dedicated_conformal_pre_clip,high_interpolation_regime,0,32051,0.916102461701663,13.801852982418987,0.016102461701662962,15.242390771676165,0.5463653692212712,0.5077513022377461,0.21575416936253727,0.42329028027385157,0.8465805605477029
IA-GTPF,15,71,dedicated_conformal_pre_clip,high_interpolation_regime,1,476,0.6176470588235294,1.9391951309301267,0.2823529411764706,8.090539714197565,0.09254405248619216,0.5665655097156578,0.31198293322368603,0.32369749847517865,0.6473949969503573
IA-GTPF,15,71,dedicated_conformal_pre_clip,weak_signal_regime,0,25177,0.900027803153672,11.137164020817227,2.780315367201247e-05,12.740442271988679,0.44869602462966507,0.43383624583558184,0.18832608896976885,0.3569527864783386,0.7139055729566771
IA-GTPF,15,71,dedicated_conformal_pre_clip,weak_signal_regime,1,7350,0.9518367346938775,22.161342621730377,0.051836734693877506,23.349503189808427,0.8515357286793623,0.7647519740468312,0.31593943081105935,0.6440757111790844,1.2881514223581683
IA-GTPF,15,71,dedicated_conformal_pre_clip,pv_regime,high,623,0.9213483146067416,17.054600535295705,0.02134831460674158,19.293126445575624,0.630501344692211,0.7008344891746657,0.33415497758657037,0.5551636038178157,1.1103272076356312
IA-GTPF,15,71,dedicated_conformal_pre_clip,pv_regime,low,26497,0.9179152356870589,10.794060840434412,0.017915235687058884,11.91407274249542,0.42040384408671727,0.4220814500736323,0.17529979303805385,0.3392616957328011,0.6785233914656024
IA-GTPF,15,71,dedicated_conformal_pre_clip,pv_regime,medium,5407,0.8803402996116145,27.122433992852564,0.019659700388385493,30.456474994166097,1.113993790158201,0.910506769241687,0.40882995955010376,0.8111101729833305,1.6222203459666613
IA-GTPF,15,71,dedicated_conformal_post_clip,target_provenance,measured,32527,0.9101669382359271,13.552146126255641,0.01016693823592707,15.103461951484068,0.5397241497185228,0.5085694924238522,0.21544894785568072,0.4212475299993519,0.8424950599987037
IA-GTPF,15,71,dedicated_conformal_post_clip,target_provenance,supplier_interpolated,174,0.47701149425287354,1.5462453465205317,0.4229885057471265,8.230081482077614,0.06847640295820988,0.5249257547765573,0.3430276711456708,0.3121432762934793,0.6242865525869586
IA-GTPF,15,71,dedicated_conformal_post_clip,site,industrial1,3802,0.9697527617043661,32.97725365791246,0.06975276170436606,34.4916014755871,1.0876846827498592,1.648041652790737,0.6368953910294964,1.1242072421900309,2.2484144843800618
IA-GTPF,15,71,dedicated_conformal_post_clip,site,industrial2,3802,0.8947922146238821,2.528437777189276,0.005207785376117879,3.689497786782728,0.09513286943870805,0.22188919592574782,0.0893420199004284,0.13545469508829475,0.2709093901765895
IA-GTPF,15,71,dedicated_conformal_post_clip,site,industrial3,3802,0.9560757496054708,75.2414644559801,0.05607574960547079,81.11864194617989,3.30387094702102,1.755602833518477,0.7520611502879747,1.9371783102758238,3.8743566205516475
IA-GTPF,15,71,dedicated_conformal_post_clip,site,residential1,3802,0.9387164650184113,0.823910479817406,0.038716465018411306,1.13549525689902,0.01463208291221857,0.08510438711805039,0.042142679932732456,0.04729304998766714,0.09458609997533429
IA-GTPF,15,71,dedicated_conformal_post_clip,site,residential2,3802,0.8921620199894792,0.6834268577821008,0.007837980010520829,1.2719975922030502,0.013543065349656802,0.08752493983240343,0.05005681426049573,0.05037493981418532,0.10074987962837062
IA-GTPF,15,71,dedicated_conformal_post_clip,site,residential3,3802,0.9279326670173593,0.9715490595222424,0.027932667017359303,1.4028842207602061,0.022694968794994035,0.10954754408096233,0.04744924224301631,0.05989725170632423,0.11979450341264843
IA-GTPF,15,71,dedicated_conformal_post_clip,site,residential4,2138,0.5996258185219832,2.1078895058859155,0.30037418147801687,6.785357530756674,0.08960821261135414,0.519845561965824,0.2496596639264796,0.2863711461678859,0.5727422923357718
IA-GTPF,15,71,dedicated_conformal_post_clip,site,residential5,3775,0.9470198675496688,0.6209426956061886,0.0470198675496688,1.0680356894975265,0.011414031208543507,0.06117715378014357,0.04198775326633283,0.03819297941833997,0.07638595883667994
IA-GTPF,15,71,dedicated_conformal_post_clip,site,residential6,3802,0.9297738032614413,0.9138658152208732,0.0297738032614413,1.2274350533374339,0.018184963827983645,0.09015012876088788,0.04318678883888807,0.0505072938092532,0.10101458761850639
IA-GTPF,15,71,dedicated_conformal_post_clip,building_type,industrial,11406,0.940206908644573,36.915718630360615,0.04020690864457299,39.766580402849904,1.4955628330698627,1.208511227411654,0.4927661870726331,1.0656134158513832,2.1312268317027665
IA-GTPF,15,71,dedicated_conformal_post_clip,building_type,residential,21121,0.8939444155106292,0.9350868969662469,0.006055584489370824,1.784607301785722,0.023541392164174908,0.13057908338683366,0.06568897292511121,0.07326981615870659,0.14653963231741315
IA-GTPF,15,71,dedicated_conformal_post_clip,high_interpolation_regime,0,32051,0.9145112476989797,13.724858529111259,0.014511247698979712,15.20785780606267,0.5463653692212712,0.5077081743922495,0.21402752108186257,0.4227003548984611,0.8454007097969222
IA-GTPF,15,71,dedicated_conformal_post_clip,high_interpolation_regime,1,476,0.6176470588235294,1.9227233869164668,0.2823529411764706,8.074067970183904,0.09254405248619216,0.5665655097156578,0.31115934602300305,0.32342296940828436,0.6468459388165686
IA-GTPF,15,71,dedicated_conformal_post_clip,weak_signal_regime,0,25177,0.8980021448147119,11.0397176776767,0.0019978551852881665,12.69705054782927,0.44869602462966507,0.4337813429251472,0.18615650276179863,0.356211290105537,0.7124225802110739
IA-GTPF,15,71,dedicated_conformal_post_clip,weak_signal_regime,1,7350,0.9518367346938775,22.158324500387895,0.051836734693877506,23.346485068465945,0.8515357286793623,0.7647519740468312,0.3157885247439353,0.6440254091567096,1.2880508183134192
IA-GTPF,15,71,dedicated_conformal_post_clip,pv_regime,high,623,0.9213483146067416,17.054600535295705,0.02134831460674158,19.293126445575624,0.630501344692211,0.7008344891746657,0.33415497758657037,0.5551636038178157,1.1103272076356312
IA-GTPF,15,71,dedicated_conformal_post_clip,pv_regime,low,26497,0.9164056308261312,10.739746970628259,0.016405630826131223,11.905780094170732,0.42040384408671727,0.42207629510829947,0.17488516062181936,0.33912176660561205,0.6782435332112242
IA-GTPF,15,71,dedicated_conformal_post_clip,pv_regime,medium,5407,0.878305899759571,26.93075003412078,0.02169410024042906,30.290962449618416,1.113993790158201,0.9102763828056616,0.40055433232271975,0.8082748350955274,1.6165496701910547
IA-GTPF,15,71,adaptive_conformal_pre_clip,target_provenance,measured,32527,0.934362222153903,13.750179684581166,0.034362222153902944,15.007900451883774,0.5412664766289847,0.5086119891366143,0.2091285459652042,0.41966900391026773,0.8393380078205354
IA-GTPF,15,71,adaptive_conformal_pre_clip,target_provenance,supplier_interpolated,174,0.8793103448275862,3.5213989062409183,0.020689655172413834,5.068890291485274,0.11755364268522242,0.5249257547765573,0.1358908718890413,0.25945675645027366,0.5189135129005474
IA-GTPF,15,71,adaptive_conformal_pre_clip,site,industrial1,3802,0.9697527617043661,32.97725365791246,0.06975276170436606,34.4916014755871,1.0876846827498592,1.648041652790737,0.6368953910294964,1.1242072421900309,2.2484144843800618
IA-GTPF,15,71,adaptive_conformal_pre_clip,site,industrial2,3802,0.9126775381378222,3.160739805707149,0.01267753813782213,3.9756043168398754,0.09549144047717764,0.22188919592574782,0.10328877536481616,0.14022313725591387,0.28044627451182774
IA-GTPF,15,71,adaptive_conformal_pre_clip,site,industrial3,3802,0.9560757496054708,75.2414644559801,0.05607574960547079,81.11864194617989,3.30387094702102,1.755602833518477,0.7520611502879747,1.9371783102758238,3.8743566205516475
IA-GTPF,15,71,adaptive_conformal_pre_clip,site,residential1,3802,0.9387164650184113,0.823910479817406,0.038716465018411306,1.13549525689902,0.01463208291221857,0.08510438711805039,0.042142679932732456,0.04729304998766714,0.09458609997533429
IA-GTPF,15,71,adaptive_conformal_pre_clip,site,residential2,3802,0.9042609153077328,0.7145218573993674,0.00426091530773276,1.2540635453797475,0.013649399375231139,0.08734830805154047,0.04905377789375627,0.05001716177350929,0.10003432354701856
IA-GTPF,15,71,adaptive_conformal_pre_clip,site,residential3,3802,0.9279326670173593,0.9739857535227047,0.027932667017359303,1.4053209147606687,0.022694968794994035,0.10964031603020026,0.04757107694303943,0.059968787256077905,0.11993757451215577
IA-GTPF,15,71,adaptive_conformal_pre_clip,site,residential4,2138,0.9144059869036483,3.9333549516555095,0.014405986903648249,4.846998588949304,0.11224516764699827,0.5204298969258965,0.13010476180046698,0.25425994212445385,0.5085198842489078
IA-GTPF,15,71,adaptive_conformal_pre_clip,site,residential5,3775,0.9470198675496688,0.6225195381839594,0.0470198675496688,1.0696125320752972,0.011414031208543507,0.0612968405380821,0.042066595395221375,0.03825915571394899,0.07651831142789797
IA-GTPF,15,71,adaptive_conformal_pre_clip,site,residential6,3802,0.9297738032614413,0.9141656669589824,0.0297738032614413,1.2277174961332058,0.018185460539423128,0.09015012876088788,0.043200414267237176,0.050512001189182726,0.10102400237836544
IA-GTPF,15,71,adaptive_conformal_pre_clip,building_type,industrial,11406,0.9461686831492198,37.126485973199905,0.046168683149219736,39.861949246202286,1.4956823567493525,1.208511227411654,0.49741510556076235,1.067202896573923,2.134405793147846
IA-GTPF,15,71,adaptive_conformal_pre_clip,building_type,residential,21121,0.9279863642819942,1.1262438137424113,0.02798636428199419,1.5859374507002622,0.02585207727985758,0.13064452965244677,0.05344479525515558,0.06998046739581998,0.13996093479163993
IA-GTPF,15,71,adaptive_conformal_pre_clip,high_interpolation_regime,0,32051,0.9351034289101744,13.898484966746645,0.03510342891017437,15.149218780874405,0.5473894164200132,0.5077513022377461,0.21007152262370743,0.42173741376048896,0.8434748275209777
IA-GTPF,15,71,adaptive_conformal_pre_clip,high_interpolation_regime,1,476,0.884453781512605,3.7641868301992547,0.015546218487395014,5.49236733743257,0.12898424292677593,0.5665655097156578,0.14563412394485264,0.28039462552909544,0.5607892510581909
IA-GTPF,15,71,adaptive_conformal_pre_clip,weak_signal_regime,0,25177,0.9286253326448742,11.29179167023085,0.028625332644874213,12.574740977234486,0.4507048276703295,0.43383624583558184,0.1780322211913949,0.35419109823243544,0.7083821964648708
IA-GTPF,15,71,adaptive_conformal_pre_clip,weak_signal_regime,1,7350,0.9540136054421768,22.171245676050265,0.054013605442176815,23.342547539400126,0.8514801685789254,0.7647519740468312,0.31564720839108124,0.6439597836722794,1.2879195673445583
IA-GTPF,15,71,adaptive_conformal_pre_clip,pv_regime,high,623,0.9406099518459069,17.200972186296518,0.04060995184590688,19.19519816844712,0.6241760811923961,0.7008344891746657,0.33558382722996005,0.5535314658656739,1.1070629317313478
IA-GTPF,15,71,adaptive_conformal_pre_clip,pv_regime,low,26497,0.9385213420387214,10.901526272697353,0.03852134203872137,11.807166710485234,0.42202640375759487,0.4220814500736323,0.16833193176666694,0.33747992853263137,0.6749598570652627
IA-GTPF,15,71,adaptive_conformal_pre_clip,pv_regime,medium,5407,0.9132605881265027,27.31240008889348,0.01326058812650266,30.210629408498942,1.1160494481899632,0.910506769241687,0.39448202223498385,0.8070127465555448,1.6140254931110893
QuantileForest,15,71,native_interval,target_provenance,measured,32527,0.917791373320626,5.527609594868932,0.01779137332062597,6.909413040711897,0.13201666581068036,0.48363105265258377,0.21345398622491468,0.2763672348960596,0.5527344697921192
QuantileForest,15,71,native_interval,target_provenance,supplier_interpolated,174,0.3103448275862069,2.5806857557207175,0.5896551724137931,14.0310243504207,0.14279341341737042,0.596018833016533,0.5587578041036648,0.4325233501791894,0.8650467003583788
QuantileForest,15,71,native_interval,site,industrial1,3802,0.9521304576538664,18.133477409677358,0.05213045765386637,20.331952384945048,0.39556686078451264,1.5909131249089086,0.6210307584627403,0.8691702480520539,1.7383404961041073
QuantileForest,15,71,native_interval,site,industrial2,3802,0.9310889005786428,1.974671089994881,0.031088900578642775,2.6749664151657817,0.05113855815068914,0.18455189899479935,0.08260976260759999,0.10610007325102949,0.21220014650205896
QuantileForest,15,71,native_interval,site,industrial3,3802,0.9581799053129931,21.886824361522553,0.05817990531299311,25.33510132464105,0.5392393553636209,1.6681545508070548,0.7275157108684321,0.9783032056797025,1.956606411359405
QuantileForest,15,71,native_interval,site,residential1,3802,0.9476591267753813,0.7909195302625444,0.04765912677538131,1.164819431945795,0.015072687194571218,0.07863735539168938,0.04316828440271855,0.04562610899632638,0.09125221799265276
QuantileForest,15,71,native_interval,site,residential2,3802,0.9192530247238295,0.7109201324122424,0.019253024723829504,1.3338220770808882,0.01331632111125684,0.08655079093236187,0.053374782742787584,0.051080631595468766,0.10216126319093753
QuantileForest,15,71,native_interval,site,residential3,3802,0.9426617569700158,0.9847404397421665,0.04266175697001573,1.4198145055770999,0.02264114496558988,0.0934914268702763,0.04834958031326514,0.05482738404971044,0.10965476809942087
QuantileForest,15,71,native_interval,site,residential4,2138,0.5837231057062675,2.3962723516871045,0.3162768942937325,8.020783275226636,0.10976816060424809,0.5336722461318385,0.2912710031570839,0.31157046996439014,0.6231409399287804
QuantileForest,15,71,native_interval,site,residential5,3775,0.953907284768212,0.5877085913806317,0.05390728476821194,1.0906458667709726,0.011918880185453173,0.05789306326837846,0.04261341315309547,0.0374751188689757,0.0749502377379514
QuantileForest,15,71,native_interval,site,residential6,3802,0.9255654918463966,0.877396818590476,0.02556549184639656,1.2578971341164362,0.018897768051019857,0.07769287565161546,0.04399708865480198,0.0468625774524791,0.09372515490495818
QuantileForest,15,71,native_interval,building_type,industrial,11406,0.9471330878485008,13.998324287064928,0.04713308784850079,16.114006708250624,0.3286482580996075,1.1478731915702542,0.4770520773129242,0.6511911756609287,1.302382351321857
QuantileForest,15,71,native_interval,building_type,residential,21121,0.9019459305904076,0.9531589637819781,0.0019459305904075963,1.938644830307715,0.02582946152833088,0.12491954105299345,0.07110277998705489,0.07395059418945975,0.1479011883789195
QuantileForest,15,71,native_interval,high_interpolation_regime,0,32051,0.9252753424230133,5.564882515397466,0.025275342423013325,6.783920676915742,0.13128095448855245,0.4808185813341999,0.2079150793572348,0.27333820505999573,0.5466764101199914
QuantileForest,15,71,native_interval,high_interpolation_regime,1,476,0.41386554621848737,3.017873511129267,0.48613445378151265,15.35932008279299,0.18155507670463403,0.673006090941499,0.5864109274350155,0.48032403169371624,0.9606480633874322
QuantileForest,15,71,native_interval,weak_signal_regime,0,25177,0.9076538110179926,4.416768640342743,0.007653811017992562,5.801750706775459,0.10714245877140349,0.41089495717803287,0.1829450765673695,0.23366083083893527,0.46732166167787054
QuantileForest,15,71,native_interval,weak_signal_regime,1,7350,0.9525170068027211,9.332731052298303,0.05251700680272109,10.703646317108868,0.21722182371923457,0.7327843418720081,0.31796049213620914,0.42265555257581733,0.8453111051516345
QuantileForest,15,71,native_interval,pv_regime,high,623,0.9261637239165329,7.828509322089874,0.026163723916532877,9.931790143212888,0.180262562781576,0.7014258344121025,0.31632694437906866,0.39933844719091577,0.7986768943818313
QuantileForest,15,71,native_interval,pv_regime,low,26497,0.9222176095407028,4.46123157603872,0.022217609540702732,5.657588670114035,0.10661752378484134,0.3969319532049366,0.17626190972086053,0.22660379557021282,0.4532075911404256
QuantileForest,15,71,native_interval,pv_regime,medium,5407,0.8951359348992047,10.48828239584646,0.0048640651007952895,12.695736216756554,0.2509262038994151,0.8834053986907066,0.3838606069384129,0.5060640698428449,1.0121281396856896
QuantileHGB,60,0,native_interval,target_provenance,measured,32504,0.9051809008122077,14.645944821288717,0.005180900812207678,17.69931453534958,0.5533751834595402,0.7285605284176208,0.3315905433079391,0.5378420850617001,1.0756841701234
QuantileHGB,60,0,native_interval,target_provenance,supplier_interpolated,174,0.5459770114942529,1.8492363446261812,0.3540229885057471,8.069658529646006,0.08079624485740927,0.5622808594247419,0.322686681624891,0.3219212619690141,0.6438425239380282
QuantileHGB,60,0,native_interval,site,industrial1,3799,0.9655172413793104,35.416870003937774,0.06551724137931036,37.957160017113786,1.1197600058530504,2.1157320195940943,0.7780979950026395,1.337863340149928,2.675726680299856
QuantileHGB,60,0,native_interval,site,industrial2,3799,0.8154777573045539,2.9449449746768543,0.08452224269544617,6.02825923729211,0.12186688408902423,0.29952177996511004,0.17954607777558126,0.20031158060990517,0.4006231612198103
QuantileHGB,60,0,native_interval,site,industrial3,3799,0.9510397473019215,80.24033655386133,0.05103974730192151,95.82585943561679,3.33486865810612,2.7657985988239813,1.456424313674721,2.519030523534941,5.038061047069881
QuantileHGB,60,0,native_interval,site,residential1,3799,0.961042379573572,1.18187898833057,0.06104237957357195,1.584078465410621,0.02183866531973517,0.08912914983068225,0.05736525795079593,0.056111024367071126,0.11222204873414221
QuantileHGB,60,0,native_interval,site,residential2,3799,0.9018162674387997,0.8402701502523189,0.0018162674387997013,1.5783729102057613,0.014995242233775725,0.12704600450459952,0.06392340327651236,0.06865488333829586,0.13730976667659175
QuantileHGB,60,0,native_interval,site,residential3,3799,0.9168202158462754,1.312595610832773,0.016820215846275355,1.9896117223054992,0.030340124424031646,0.19126054139163548,0.06914046169124335,0.09691370916897017,0.1938274183379403
QuantileHGB,60,0,native_interval,site,residential4,2138,0.7095416276894294,2.3796347972181153,0.1904583723105706,6.3980473306477395,0.09226900619226312,0.5562064404571171,0.22763336034012385,0.2920362689965013,0.5840725379930027
QuantileHGB,60,0,native_interval,site,residential5,3773,0.8937185263715876,0.7741916713051794,0.006281473628412471,1.2633275040393965,0.012462245738601163,0.12096126326511324,0.05070412946336869,0.0613758794890277,0.12275175897805539
QuantileHGB,60,0,native_interval,site,residential6,3799,0.9460384311660963,1.2647636546394956,0.046038431166096294,1.615484163973631,0.026668870818720516,0.2118738958056,0.05410533737996108,0.0975493680014272,0.1950987360028544
QuantileHGB,60,0,native_interval,building_type,industrial,11397,0.9106782486619286,39.534050510825324,0.010678248661928569,46.603759563340894,1.5254985160160646,1.7270174661277289,0.8046894621509806,1.3524018147649246,2.704803629529849
QuantileHGB,60,0,native_interval,building_type,residential,21107,0.902212536125456,1.2072874780543097,0.0022125361254560216,2.091982371422114,0.028464508273738764,0.18943067959580334,0.07613461029736697,0.09800993272230302,0.19601986544460606
QuantileHGB,60,0,native_interval,high_interpolation_regime,0,31751,0.9118767912821644,14.946361583297126,0.011876791282164345,17.939625972551763,0.564467857118279,0.732548664958965,0.33251344150930934,0.5431766545288511,1.0863533090577022
QuantileHGB,60,0,native_interval,high_interpolation_regime,1,753,0.6228419654714475,1.9785708365225472,0.2771580345285525,7.566341836005076,0.08564147650255029,0.5603967524226381,0.29267561529770353,0.312904614740964,0.6258092294819281
QuantileHGB,60,0,native_interval,weak_signal_regime,0,25159,0.8950673715171509,11.871941989014175,0.004932628482849144,14.887834172759979,0.4576124908377528,0.6158205906901861,0.28677921780024634,0.4534040997760618,0.9068081995521234
QuantileHGB,60,0,native_interval,weak_signal_regime,1,7345,0.9398230088495575,24.14780149347324,0.03982300884955747,27.32954386719326,0.8813933704808542,1.114731269504691,0.48508382287880897,0.8270694876214514,1.6541389752429023
QuantileHGB,60,0,native_interval,pv_regime,high,629,0.8855325914149443,19.282649281548235,0.014467408585055685,23.419837041944213,0.6535733011055531,0.9216216719568897,0.5174185509916576,0.6975378413513669,1.3950756827027335
QuantileHGB,60,0,native_interval,pv_regime,low,26491,0.9106866482956476,11.408020977259817,0.010686648295647583,14.148127292706233,0.4324334807200177,0.6049968407748091,0.2749728839152941,0.43746773513670695,0.8749354702734138
QuantileHGB,60,0,native_interval,pv_regime,medium,5384,0.8803863298662704,30.0358693098969,0.01961367013372961,34.50397512008525,1.1367410882279925,1.3139784686218419,0.5884576677762706,1.0130590748753683,2.026118149750736
Conformalized ExtraTrees,60,11,native_interval,target_provenance,measured,32504,0.9153027319714496,9.98127103813261,0.015302731971449601,20.439855133423723,0.5202630910189673,0.7706829518450155,0.5017296656522193,0.5975585695054008,1.1951171390108015
Conformalized ExtraTrees,60,11,native_interval,target_provenance,supplier_interpolated,174,0.9827586206896551,9.98127103813261,0.08275862068965512,10.20015675449038,0.30590365646420675,0.5880656782274597,0.20410418126031257,0.36602450531732633,0.7320490106346526
Conformalized ExtraTrees,60,11,native_interval,site,industrial1,3799,0.6088444327454593,9.98127103813261,0.2911555672545407,34.069443343225174,0.9697000127770885,2.2884073099495477,0.7337721543841705,1.3306264923702689,2.6612529847405377
Conformalized ExtraTrees,60,11,native_interval,site,industrial2,3799,0.9984206370097394,9.98127103813261,0.09842063700973935,10.003325487539346,0.2543757524776455,0.31405075846940395,0.2457905218993221,0.2714056776154572,0.5428113552309143
Conformalized ExtraTrees,60,11,native_interval,site,industrial3,3799,0.6717557251908397,9.98127103813261,0.22824427480916032,75.30636190840471,1.7798344830175055,3.1154773954379564,1.9854836124027313,2.293598496952731,4.587196993905462
Conformalized ExtraTrees,60,11,native_interval,site,residential1,3799,1.0,9.98127103813261,0.09999999999999998,9.98127103813261,0.2521603532271524,0.09374496704773665,0.24690319867947838,0.19760283965145584,0.3952056793029115
Conformalized ExtraTrees,60,11,native_interval,site,residential2,3799,0.9994735456699131,9.98127103813261,0.09947354566991307,10.008270447690448,0.2536529216324872,0.09863476386998199,0.24676060075203557,0.19968276208483493,0.39936552416966964
Conformalized ExtraTrees,60,11,native_interval,site,residential3,3799,1.0,9.98127103813261,0.09999999999999998,9.98127103813261,0.2584713585362532,0.14431172572309275,0.24059219337037757,0.2144584258765745,0.4289168517531489
Conformalized ExtraTrees,60,11,native_interval,site,residential4,2138,0.9943872778297475,9.98127103813261,0.09438727782974743,10.017975911811545,0.30679930859265153,0.6153632350244242,0.194099486997926,0.3720873435383339,0.7441746870766678
Conformalized ExtraTrees,60,11,native_interval,site,residential5,3773,1.0,9.981271038132608,0.09999999999999998,9.981271038132608,0.2531395145073917,0.07402633383094527,0.2459240373992391,0.19102996191252533,0.38205992382505055
Conformalized ExtraTrees,60,11,native_interval,site,residential6,3799,1.0,9.98127103813261,0.09999999999999998,9.98127103813261,0.25907524217315053,0.11945328817403894,0.2399883097334802,0.2061722800268899,0.4123445600537797
Conformalized ExtraTrees,60,11,native_interval,building_type,industrial,11397,0.7596735983153462,9.98127103813261,0.14032640168465382,39.79304357972308,1.0013034160907464,1.9059784879523025,0.9883487628954081,1.2985435556461522,2.597087111292305
Conformalized ExtraTrees,60,11,native_interval,building_type,residential,21107,0.9993367129388354,9.98127103813261,0.09933671293883539,9.9898485610793,0.2605190921160882,0.15766531669957798,0.23897333593787715,0.21905258158451446,0.4381051631690287
Conformalized ExtraTrees,60,11,native_interval,high_interpolation_regime,0,31751,0.9134515448332337,9.981271038132608,0.01345154483323363,20.68701287393232,0.5252481989361112,0.7738669511785801,0.5091024447605051,0.6027391982917322,1.2054783965834641
Conformalized ExtraTrees,60,11,native_interval,high_interpolation_regime,1,753,0.9933598937583001,9.981271038132608,0.09335989375830012,10.018201190676788,0.31006101734401426,0.6364264274890957,0.19084904218982546,0.3791121623409785,0.7582243246819568
Conformalized ExtraTrees,60,11,native_interval,weak_signal_regime,0,25159,0.9406971660240868,9.98127103813261,0.040697166024086795,19.156216584227874,0.48550252920655723,0.6400357670596427,0.4723083000048367,0.5326155320903455,1.065231064180691
Conformalized ExtraTrees,60,11,native_interval,weak_signal_regime,1,7345,0.8283185840707965,9.98127103813261,0.07168141592920352,24.83673222793951,0.6393292550269212,1.218191804399841,0.6025073563700547,0.8200094719322722,1.6400189438645445
Conformalized ExtraTrees,60,11,native_interval,pv_regime,high,629,0.8457869634340223,9.98127103813261,0.05421303656597776,25.20496634574022,0.6772449158198115,1.0958529037779394,0.5830034014671999,0.785367073688317,1.5707341473766336
Conformalized ExtraTrees,60,11,native_interval,pv_regime,low,26491,0.9385451662828885,9.98127103813261,0.03854516628288851,16.64555822524126,0.3779794423157386,0.5983841062035542,0.45429846894632475,0.4768873391552058,0.9537746783104115
Conformalized ExtraTrees,60,11,native_interval,pv_regime,medium,5384,0.8090638930163447,9.98127103813261,0.09093610698365528,38.55231138195912,1.2020042815831384,1.580459478613616,0.725611287514818,1.1693583492371908,2.3387166984743817
IA-GTPF,60,11,raw_quantiles_pre_clip,target_provenance,measured,32504,0.9251476741324145,14.653551520303273,0.025147674132414477,17.695447064279307,0.561512887676044,0.7338139726615092,0.3232594655379216,0.5395287752918249,1.0790575505836497
IA-GTPF,60,11,raw_quantiles_pre_clip,target_provenance,supplier_interpolated,174,0.7011494252873564,2.1742957014832047,0.19885057471264367,6.719229573739393,0.08326675669930456,0.5507460187513908,0.2526947219876652,0.29556916581278686,0.5911383316255736
IA-GTPF,60,11,raw_quantiles_pre_clip,site,industrial1,3799,0.9476177941563569,33.94812411268494,0.04761779415635692,37.800257133949515,1.1291356801410328,2.119418286719864,0.7608771765564433,1.33647704780578,2.67295409561156
IA-GTPF,60,11,raw_quantiles_pre_clip,site,industrial2,3799,0.839957883653593,3.173184245897028,0.06004211634640699,6.354217273440045,0.1307882104784837,0.3198184612192323,0.18692265319351858,0.21250977496374487,0.42501954992748964
IA-GTPF,60,11,raw_quantiles_pre_clip,site,industrial3,3799,0.9539352461173993,80.67354154924452,0.053935246117399305,95.22401453972441,3.353934850357668,2.8159620716211875,1.407265876628554,2.5257209328691363,5.051441865738273
IA-GTPF,60,11,raw_quantiles_pre_clip,site,residential1,3799,0.9660436957093972,1.4000168475365058,0.06604369570939717,1.7687995665756633,0.029984111335841022,0.08882814879674193,0.058455866992942175,0.05908937570850837,0.11817875141701677
IA-GTPF,60,11,raw_quantiles_pre_clip,site,residential2,3799,0.9428797051855752,0.9443952194314325,0.04287970518557516,1.6699911424577556,0.019343891190299892,0.12326367270481514,0.06415566593258791,0.06892107660923431,0.13784215321846863
IA-GTPF,60,11,raw_quantiles_pre_clip,site,residential3,3799,0.9339299815740985,1.4429849670710406,0.03392998157409843,2.1058830101370045,0.035443846586836296,0.2036274048742551,0.06985030392001396,0.10297385179370178,0.20594770358740355
IA-GTPF,60,11,raw_quantiles_pre_clip,site,residential4,2138,0.755378858746492,2.5899431299327853,0.144621141253508,5.917304490379403,0.09511858377456348,0.5248426230679919,0.20074664074440673,0.2735692825289874,0.5471385650579746
IA-GTPF,60,11,raw_quantiles_pre_clip,site,residential5,3773,0.9541478929234031,0.9295776200184229,0.05414789292340305,1.417793893656222,0.020237784861731008,0.09280637826955054,0.0506519098210801,0.05456535765078722,0.10913071530157442
IA-GTPF,60,11,raw_quantiles_pre_clip,site,residential6,3799,0.9584101079231376,1.4118156650868228,0.05841010792313761,1.739716516694938,0.032007526948217374,0.22000519019428447,0.05497829888652957,0.1023303386763438,0.2046606773526876
IA-GTPF,60,11,raw_quantiles_pre_clip,building_type,industrial,11397,0.9138369746424497,39.2649499692755,0.013836974642449706,46.45949631570466,1.5379529136590617,1.751732939853428,0.785021902126172,1.3582359185462203,2.7164718370924406
IA-GTPF,60,11,raw_quantiles_pre_clip,building_type,residential,21107,0.9312550338750177,1.364305861377966,0.03125503387501771,2.1639234314326337,0.0342713575614633,0.18417534713034434,0.0739248140101684,0.09745717290065868,0.1949143458013174
IA-GTPF,60,11,raw_quantiles_pre_clip,high_interpolation_regime,0,31751,0.929923466977418,14.942741380580813,0.02992346697741799,17.96462845566746,0.5727183784787441,0.7385410586782745,0.32551304430462913,0.5455908271538825,1.091181654307765
IA-GTPF,60,11,raw_quantiles_pre_clip,high_interpolation_regime,1,753,0.7237715803452855,2.4595711037398673,0.17622841965471447,6.345143800049186,0.08902213272712617,0.5344916511232449,0.2282350572753332,0.28391628037523475,0.5678325607504695
IA-GTPF,60,11,raw_quantiles_pre_clip,weak_signal_regime,0,25159,0.9191939266266544,11.995138572289335,0.019193926626654423,14.873866005531488,0.4655725398602865,0.6199765503147799,0.2781207604162881,0.45455661686378485,0.9091132337275695
IA-GTPF,60,11,raw_quantiles_pre_clip,weak_signal_regime,1,7345,0.9455411844792376,23.759475462996622,0.045541184479237606,27.360274546517072,0.8901396011813726,1.1237439534404559,0.47787412614448105,0.8305858935887698,1.6611717871775395
IA-GTPF,60,11,raw_quantiles_pre_clip,pv_regime,high,629,0.9220985691573926,19.39274293493844,0.02209856915739261,23.50441633007464,0.6555022068364547,0.958022606795411,0.5197186096672772,0.7110811410997142,1.4221622821994284
IA-GTPF,60,11,raw_quantiles_pre_clip,pv_regime,low,26491,0.9306934430561322,11.38056575988851,0.030693443056132197,14.1670175668417,0.4403562632666555,0.607289061287989,0.26799461507542965,0.43854664654335807,0.8770932930867161
IA-GTPF,60,11,raw_quantiles_pre_clip,pv_regime,medium,5384,0.8982169390787519,30.204018529839292,0.0017830609212481363,34.37779924638079,1.1466616349786458,1.3301631918899082,0.5722283273403942,1.0163510514029828,2.0327021028059655
IA-GTPF,60,11,dedicated_conformal_pre_clip,target_provenance,measured,32504,0.9251476741324145,14.653551520303273,0.025147674132414477,17.695447064279307,0.561512887676044,0.7338139726615092,0.3232594655379216,0.5395287752918249,1.0790575505836497
IA-GTPF,60,11,dedicated_conformal_pre_clip,target_provenance,supplier_interpolated,174,0.7011494252873564,2.1742957014832047,0.19885057471264367,6.719229573739393,0.08326675669930456,0.5507460187513908,0.2526947219876652,0.29556916581278686,0.5911383316255736
IA-GTPF,60,11,dedicated_conformal_pre_clip,site,industrial1,3799,0.9476177941563569,33.94812411268494,0.04761779415635692,37.800257133949515,1.1291356801410328,2.119418286719864,0.7608771765564433,1.33647704780578,2.67295409561156
IA-GTPF,60,11,dedicated_conformal_pre_clip,site,industrial2,3799,0.839957883653593,3.173184245897028,0.06004211634640699,6.354217273440045,0.1307882104784837,0.3198184612192323,0.18692265319351858,0.21250977496374487,0.42501954992748964
IA-GTPF,60,11,dedicated_conformal_pre_clip,site,industrial3,3799,0.9539352461173993,80.67354154924452,0.053935246117399305,95.22401453972441,3.353934850357668,2.8159620716211875,1.407265876628554,2.5257209328691363,5.051441865738273
IA-GTPF,60,11,dedicated_conformal_pre_clip,site,residential1,3799,0.9660436957093972,1.4000168475365058,0.06604369570939717,1.7687995665756633,0.029984111335841022,0.08882814879674193,0.058455866992942175,0.05908937570850837,0.11817875141701677
IA-GTPF,60,11,dedicated_conformal_pre_clip,site,residential2,3799,0.9428797051855752,0.9443952194314325,0.04287970518557516,1.6699911424577556,0.019343891190299892,0.12326367270481514,0.06415566593258791,0.06892107660923431,0.13784215321846863
IA-GTPF,60,11,dedicated_conformal_pre_clip,site,residential3,3799,0.9339299815740985,1.4429849670710406,0.03392998157409843,2.1058830101370045,0.035443846586836296,0.2036274048742551,0.06985030392001396,0.10297385179370178,0.20594770358740355
IA-GTPF,60,11,dedicated_conformal_pre_clip,site,residential4,2138,0.755378858746492,2.5899431299327853,0.144621141253508,5.917304490379403,0.09511858377456348,0.5248426230679919,0.20074664074440673,0.2735692825289874,0.5471385650579746
IA-GTPF,60,11,dedicated_conformal_pre_clip,site,residential5,3773,0.9541478929234031,0.9295776200184229,0.05414789292340305,1.417793893656222,0.020237784861731008,0.09280637826955054,0.0506519098210801,0.05456535765078722,0.10913071530157442
IA-GTPF,60,11,dedicated_conformal_pre_clip,site,residential6,3799,0.9584101079231376,1.4118156650868228,0.05841010792313761,1.739716516694938,0.032007526948217374,0.22000519019428447,0.05497829888652957,0.1023303386763438,0.2046606773526876
IA-GTPF,60,11,dedicated_conformal_pre_clip,building_type,industrial,11397,0.9138369746424497,39.2649499692755,0.013836974642449706,46.45949631570466,1.5379529136590617,1.751732939853428,0.785021902126172,1.3582359185462203,2.7164718370924406
IA-GTPF,60,11,dedicated_conformal_pre_clip,building_type,residential,21107,0.9312550338750177,1.364305861377966,0.03125503387501771,2.1639234314326337,0.0342713575614633,0.18417534713034434,0.0739248140101684,0.09745717290065868,0.1949143458013174
IA-GTPF,60,11,dedicated_conformal_pre_clip,high_interpolation_regime,0,31751,0.929923466977418,14.942741380580813,0.02992346697741799,17.96462845566746,0.5727183784787441,0.7385410586782745,0.32551304430462913,0.5455908271538825,1.091181654307765
IA-GTPF,60,11,dedicated_conformal_pre_clip,high_interpolation_regime,1,753,0.7237715803452855,2.4595711037398673,0.17622841965471447,6.345143800049186,0.08902213272712617,0.5344916511232449,0.2282350572753332,0.28391628037523475,0.5678325607504695
IA-GTPF,60,11,dedicated_conformal_pre_clip,weak_signal_regime,0,25159,0.9191939266266544,11.995138572289335,0.019193926626654423,14.873866005531488,0.4655725398602865,0.6199765503147799,0.2781207604162881,0.45455661686378485,0.9091132337275695
IA-GTPF,60,11,dedicated_conformal_pre_clip,weak_signal_regime,1,7345,0.9455411844792376,23.759475462996622,0.045541184479237606,27.360274546517072,0.8901396011813726,1.1237439534404559,0.47787412614448105,0.8305858935887698,1.6611717871775395
IA-GTPF,60,11,dedicated_conformal_pre_clip,pv_regime,high,629,0.9220985691573926,19.39274293493844,0.02209856915739261,23.50441633007464,0.6555022068364547,0.958022606795411,0.5197186096672772,0.7110811410997142,1.4221622821994284
IA-GTPF,60,11,dedicated_conformal_pre_clip,pv_regime,low,26491,0.9306934430561322,11.38056575988851,0.030693443056132197,14.1670175668417,0.4403562632666555,0.607289061287989,0.26799461507542965,0.43854664654335807,0.8770932930867161
IA-GTPF,60,11,dedicated_conformal_pre_clip,pv_regime,medium,5384,0.8982169390787519,30.204018529839292,0.0017830609212481363,34.37779924638079,1.1466616349786458,1.3301631918899082,0.5722283273403942,1.0163510514029828,2.0327021028059655
IA-GTPF,60,11,dedicated_conformal_post_clip,target_provenance,measured,32504,0.9251476741324145,14.652475661306733,0.025147674132414477,17.694371205282764,0.5615103977229998,0.7338139726615092,0.3232081625411387,0.5395108443085492,1.0790216886170987
IA-GTPF,60,11,dedicated_conformal_post_clip,target_provenance,supplier_interpolated,174,0.7011494252873564,2.1694774229439022,0.19885057471264367,6.714411295200091,0.08326675669930456,0.5507460187513908,0.2524538080607001,0.2954888611704652,0.5909777223409304
IA-GTPF,60,11,dedicated_conformal_post_clip,site,industrial1,3799,0.9476177941563569,33.94812411268494,0.04761779415635692,37.800257133949515,1.1291356801410328,2.119418286719864,0.7608771765564433,1.33647704780578,2.67295409561156
IA-GTPF,60,11,dedicated_conformal_post_clip,site,industrial2,3799,0.839957883653593,3.173184245897028,0.06004211634640699,6.354217273440045,0.1307882104784837,0.3198184612192323,0.18692265319351858,0.21250977496374487,0.42501954992748964
IA-GTPF,60,11,dedicated_conformal_post_clip,site,industrial3,3799,0.9539352461173993,80.67354154924452,0.053935246117399305,95.22401453972441,3.353934850357668,2.8159620716211875,1.407265876628554,2.5257209328691363,5.051441865738273
IA-GTPF,60,11,dedicated_conformal_post_clip,site,residential1,3799,0.9660436957093972,1.3999109550172841,0.06604369570939717,1.7686936740564418,0.029978816709879945,0.08882814879674193,0.058455866992942175,0.05908761083318801,0.118175221666376
IA-GTPF,60,11,dedicated_conformal_post_clip,site,residential2,3799,0.9428797051855752,0.9440435237773054,0.04287970518557516,1.6696394468036284,0.019340621419454352,0.12326367270481514,0.0641413509207271,0.06891521501499887,0.13783043002999773
IA-GTPF,60,11,dedicated_conformal_post_clip,site,residential3,3799,0.9339299815740985,1.4424197402021715,0.03392998157409843,2.105317783268135,0.035443846586836296,0.2036274048742551,0.06982204257657049,0.10296443134588729,0.20592886269177457
IA-GTPF,60,11,dedicated_conformal_post_clip,site,residential4,2138,0.755378858746492,2.5766504007433184,0.144621141253508,5.904011761189936,0.09511858377456348,0.5248426230679919,0.20008200428493336,0.27334773704249626,0.5466954740849924
IA-GTPF,60,11,dedicated_conformal_post_clip,site,residential5,3773,0.9541478929234031,0.9291385368176114,0.05414789292340305,1.4173548104554101,0.02022495759158144,0.09280637826955054,0.0506427829311891,0.05455803959744036,0.1091160791948807
IA-GTPF,60,11,dedicated_conformal_post_clip,site,residential6,3799,0.9584101079231376,1.4115504556752987,0.05841010792313761,1.7394513072834143,0.032007526948217374,0.22000519019428447,0.05496503841595338,0.10232591851948507,0.20465183703897014
IA-GTPF,60,11,dedicated_conformal_post_clip,building_type,industrial,11397,0.9138369746424497,39.2649499692755,0.013836974642449706,46.45949631570466,1.5379529136590617,1.751732939853428,0.785021902126172,1.3582359185462203,2.7164718370924406
IA-GTPF,60,11,dedicated_conformal_post_clip,building_type,residential,21107,0.9312550338750177,1.3626490782811966,0.03125503387501771,2.1622666483358643,0.03426752312579065,0.18417534713034434,0.0738458092910026,0.09742955984904585,0.1948591196980917
IA-GTPF,60,11,dedicated_conformal_post_clip,high_interpolation_regime,0,31751,0.929923466977418,14.941964150698727,0.02992346697741799,17.96385122578538,0.5727158294745005,0.7385410586782745,0.32547673181476855,0.5455778733225145,1.091155746645029
IA-GTPF,60,11,dedicated_conformal_post_clip,high_interpolation_regime,1,753,0.7237715803452855,2.445903248710127,0.17622841965471447,6.331475945019447,0.08902213272712617,0.5344916511232449,0.2275516645238462,0.28368848279140574,0.5673769655828115
IA-GTPF,60,11,dedicated_conformal_post_clip,weak_signal_regime,0,25159,0.9191939266266544,11.993748623530498,0.019193926626654423,14.872476056772655,0.46556932298228093,0.6199765503147799,0.278054479856352,0.4545334510511376,0.9090669021022753
IA-GTPF,60,11,dedicated_conformal_post_clip,weak_signal_regime,1,7345,0.9455411844792376,23.759475462996622,0.045541184479237606,27.360274546517072,0.8901396011813726,1.1237439534404559,0.47787412614448105,0.8305858935887698,1.6611717871775395
IA-GTPF,60,11,dedicated_conformal_post_clip,pv_regime,high,629,0.9220985691573926,19.39274293493844,0.02209856915739261,23.50441633007464,0.6555022068364547,0.958022606795411,0.5197186096672772,0.7110811410997142,1.4221622821994284
IA-GTPF,60,11,dedicated_conformal_post_clip,pv_regime,low,26491,0.9306934430561322,11.380275032646017,0.030693443056132197,14.166726839599207,0.440353208137225,0.607289061287989,0.2679831338427354,0.43854180108931645,0.877083602178633
IA-GTPF,60,11,dedicated_conformal_post_clip,pv_regime,medium,5384,0.8982169390787519,30.19895388172588,0.0017830609212481363,34.372734598267385,1.1466616349786458,1.3301631918899082,0.5719750949347238,1.0162666406010925,2.032533281202185
IA-GTPF,60,11,adaptive_conformal_pre_clip,target_provenance,measured,32504,0.9417302485847896,14.836576694281097,0.041730248584789575,17.619752319674248,0.5658449327286529,0.7338139726615092,0.31514268325505995,0.5382671962150739,1.0765343924301478
IA-GTPF,60,11,adaptive_conformal_pre_clip,target_provenance,supplier_interpolated,174,0.8793103448275862,3.4043904064282478,0.020689655172413834,5.8268974475686965,0.11215681178384793,0.5507460187513908,0.17918806059458692,0.2806969637099419,0.5613939274198837
IA-GTPF,60,11,adaptive_conformal_pre_clip,site,industrial1,3799,0.9476177941563569,33.94812411268494,0.04761779415635692,37.800257133949515,1.1291356801410328,2.119418286719864,0.7608771765564433,1.33647704780578,2.67295409561156
IA-GTPF,60,11,adaptive_conformal_pre_clip,site,industrial2,3799,0.9002369044485391,4.061829216201792,0.000236904448539077,6.131081437276164,0.1530043347361028,0.3198184612192323,0.15354973712770542,0.2087908443610135,0.41758168872202694
IA-GTPF,60,11,adaptive_conformal_pre_clip,site,industrial3,3799,0.9539352461173993,80.67354154924452,0.053935246117399305,95.22401453972441,3.353934850357668,2.8159620716211875,1.407265876628554,2.5257209328691363,5.051441865738273
IA-GTPF,60,11,adaptive_conformal_pre_clip,site,residential1,3799,0.9660436957093972,1.4000168475365058,0.06604369570939717,1.7687995665756633,0.029984111335841022,0.08882814879674193,0.058455866992942175,0.05908937570850837,0.11817875141701677
IA-GTPF,60,11,adaptive_conformal_pre_clip,site,residential2,3799,0.9428797051855752,0.9443952194314325,0.04287970518557516,1.6699911424577556,0.019343891190299892,0.12326367270481514,0.06415566593258791,0.06892107660923431,0.13784215321846863
IA-GTPF,60,11,adaptive_conformal_pre_clip,site,residential3,3799,0.9339299815740985,1.4442259794734862,0.03392998157409843,2.1067308581212703,0.035474871896897436,0.2036274048742551,0.06986167100916608,0.10298798259343954,0.20597596518687908
IA-GTPF,60,11,adaptive_conformal_pre_clip,site,residential4,2138,0.9003741814780168,3.791240326691693,0.0003741814780168218,5.16150004157284,0.12144780322375984,0.5248426230679919,0.13662719885488223,0.2609725417155446,0.5219450834310893
IA-GTPF,60,11,adaptive_conformal_pre_clip,site,residential5,3773,0.9541478929234031,0.9295776200184229,0.05414789292340305,1.417793893656222,0.020237784861731008,0.09280637826955054,0.0506519098210801,0.05456535765078722,0.10913071530157442
IA-GTPF,60,11,adaptive_conformal_pre_clip,site,residential6,3799,0.9584101079231376,1.4118156650868228,0.05841010792313761,1.739716516694938,0.032007526948217374,0.22000519019428447,0.05497829888652957,0.1023303386763438,0.2046606773526876
IA-GTPF,60,11,adaptive_conformal_pre_clip,building_type,industrial,11397,0.9339299815740985,39.56116495937708,0.03392998157409843,46.38511770365004,1.5453582884116015,1.751732939853428,0.773897596770901,1.356996275011977,2.713992550023953
IA-GTPF,60,11,adaptive_conformal_pre_clip,building_type,residential,21107,0.9459421045150898,1.486212717529358,0.04594210451508973,2.087518023887449,0.036943918149671205,0.18417534713034434,0.06743198304470129,0.09618374944157228,0.19236749888314456
IA-GTPF,60,11,adaptive_conformal_pre_clip,high_interpolation_regime,0,31751,0.9431513968063998,15.100702562879688,0.04315139680639979,17.913293950629395,0.5764804925975687,0.7385410586782745,0.31918420493390115,0.5447352520699148,1.0894705041398294
IA-GTPF,60,11,adaptive_conformal_pre_clip,high_interpolation_regime,1,753,0.8818061088977424,3.6994446174234095,0.018193891102257664,5.242275129160641,0.11738588704744375,0.5344916511232449,0.14472786941058838,0.2655351358604257,0.5310702717208514
IA-GTPF,60,11,adaptive_conformal_pre_clip,weak_signal_regime,0,25159,0.9398227274533963,12.221551852939829,0.03982272745339632,14.77257862289034,0.47091817479063997,0.6199765503147799,0.26771075635387725,0.45286849381976574,0.9057369876395316
IA-GTPF,60,11,adaptive_conformal_pre_clip,weak_signal_regime,1,7345,0.9482641252552757,23.793882342110237,0.04826412525527568,27.3722428625451,0.8909997731592129,1.1237439534404559,0.4776123699680423,0.8307853655225702,1.6615707310451404
IA-GTPF,60,11,adaptive_conformal_pre_clip,pv_regime,high,629,0.9348171701112877,19.67687663886698,0.03481717011128771,23.550712815312778,0.6601262379581601,0.958022606795411,0.517409402807479,0.7118527491870167,1.4237054983740327
IA-GTPF,60,11,adaptive_conformal_pre_clip,pv_regime,low,26491,0.9457174134611755,11.539761949149508,0.04571741346117553,14.115143772719808,0.4443359214789377,0.607289061287989,0.2614212671570529,0.43768208330799313,0.8753641666159863
IA-GTPF,60,11,adaptive_conformal_pre_clip,pv_regime,medium,5384,0.9229197622585439,30.492477650472857,0.022919762258543863,34.17064586826516,1.1526934238183337,1.3301631918899082,0.5558388695949248,1.0128984951010553,2.0257969902021107
QuantileForest,60,11,native_interval,target_provenance,measured,32504,0.9245015998031012,7.711534579181664,0.02450159980310118,9.62048488579308,0.16992962368647893,0.7454388598191171,0.3110946206031753,0.40882103470292375,0.8176420694058474
QuantileForest,60,11,native_interval,target_provenance,supplier_interpolated,174,0.4942528735632184,1.9575585026497861,0.4057471264367816,10.17171381398258,0.09257638164174062,0.5454173945266093,0.4160093090573884,0.35133436174191274,0.7026687234838257
QuantileForest,60,11,native_interval,site,industrial1,3799,0.9576204264280074,23.324627584530273,0.057620426428007354,25.32802945678638,0.442150384603584,2.0733263844015726,0.8242510882357358,1.1132426190802975,2.226485238160594
QuantileForest,60,11,native_interval,site,industrial2,3799,0.889181363516715,2.775774475672415,0.010818636483285071,4.720340556154828,0.07010800093251067,0.35009356430180255,0.16590902687523076,0.19537019736984798,0.39074039473969596
QuantileForest,60,11,native_interval,site,industrial3,3799,0.9528823374572256,33.108470627607026,0.05288233745722559,40.2505411773946,0.7822203519428642,3.095714944174144,1.2303067069268667,1.7027473343479584,3.405494668695917
QuantileForest,60,11,native_interval,site,residential1,3799,0.9568307449328771,1.0866381927534123,0.0568307449328771,1.5540017284696594,0.019694349288825727,0.09578702026434564,0.058005737134657266,0.05782903556260954,0.11565807112521909
QuantileForest,60,11,native_interval,site,residential2,3799,0.931824164253751,0.9224641132154662,0.03182416425375101,1.6584116327147458,0.014827763452790837,0.09686284289077529,0.06809281818294648,0.0599278081755042,0.11985561635100839
QuantileForest,60,11,native_interval,site,residential3,3799,0.9231376678073178,1.419450941160277,0.02313766780731774,2.1665432820124897,0.031522590110905774,0.15916941463471826,0.07680457398971875,0.08916552624511426,0.1783310524902285
QuantileForest,60,11,native_interval,site,residential4,2138,0.7221702525724977,2.3928952873246403,0.17782974742750235,6.66263762380173,0.09355440678527717,0.5541789917779757,0.23957747440480945,0.2957702909893541,0.5915405819787081
QuantileForest,60,11,native_interval,site,residential5,3773,0.9491121123774185,0.8212935631824982,0.049112112377418526,1.3182693253450448,0.015082415261906627,0.07887269021498633,0.050831051005345636,0.048262052160746194,0.09652410432149239
QuantileForest,60,11,native_interval,site,residential6,3799,0.9494603843116609,1.1796230841538262,0.04946038431166089,1.5755386743912896,0.025753794155282204,0.11675926838453059,0.05302313956428231,0.06517873403469837,0.13035746806939671
QuantileForest,60,11,native_interval,building_type,industrial,11397,0.9332280424673159,19.73629089593657,0.03322804246731592,23.432970396778604,0.4314929124929863,1.8397116309591732,0.7401556073459444,1.0037867169327013,2.007573433865402
QuantileForest,60,11,native_interval,building_type,residential,21107,0.9197896432463164,1.218610537770962,0.01978964324631638,2.162253144252261,0.028695113688479924,0.15457200177755653,0.07941754352413313,0.08756155299672319,0.17512310599344638
QuantileForest,60,11,native_interval,high_interpolation_regime,0,31751,0.9320651318068722,7.843104925636725,0.032065131806872205,9.638546361436426,0.17168638318724536,0.7494531960090541,0.31024093488457605,0.41046017136029184,0.8209203427205836
QuantileForest,60,11,native_interval,high_interpolation_regime,1,753,0.6055776892430279,2.1637390011011037,0.2944223107569721,8.858904655843695,0.09585409791113253,0.5761703493719801,0.34709113488105225,0.3397051940547216,0.6794103881094432
QuantileForest,60,11,native_interval,weak_signal_regime,0,25159,0.9166898525378592,6.161956545673829,0.01668985253785915,8.10755985478383,0.13941035742800018,0.6261950286603878,0.2659676353111915,0.3438576737998598,0.6877153475997196
QuantileForest,60,11,native_interval,weak_signal_regime,1,7345,0.9512593601089177,13.01934039879005,0.05125936010891763,14.802742320124143,0.2744679790026214,1.1538875389372205,0.4656691370035862,0.6313415516478094,1.2626831032956185
QuantileForest,60,11,native_interval,pv_regime,high,629,0.918918918918919,11.216506960172225,0.018918918918918948,12.797998594462713,0.22769222397335828,0.898973030781261,0.4122077057497777,0.5129576535014656,1.0259153070029312
QuantileForest,60,11,native_interval,pv_regime,low,26491,0.9308066890642105,5.91865230927679,0.03080668906421047,7.651454893594583,0.12950761506454125,0.6002995418017192,0.25306512961518807,0.32762409549381616,0.6552481909876324
QuantileForest,60,11,native_interval,pv_regime,medium,5384,0.8941307578008916,16.123610467815944,0.005869242199108449,18.93752006420636,0.3620705514025457,1.4416336369483334,0.5848054518077727,0.7961698800528839,1.5923397601057676
Conformalized ExtraTrees,60,23,native_interval,target_provenance,measured,32504,0.9029657888259907,9.790341677936098,0.002965788825990634,21.668141062290253,0.5829878209064739,0.8152299151315456,0.5004192322080386,0.6328789894153527,1.2657579788307056
Conformalized ExtraTrees,60,23,native_interval,target_provenance,supplier_interpolated,174,0.9827586206896551,9.7903416779361,0.08275862068965512,9.976071845246905,0.29971868033812715,0.577336200359587,0.1990849119242182,0.35871326420731076,0.7174265284146215
Conformalized ExtraTrees,60,23,native_interval,site,industrial1,3799,0.491181889971045,9.790341677936098,0.408818110028955,46.545505784134626,1.6015402859601187,2.774758146101291,0.7257350032466126,1.7006778117693404,3.4013556235386813
Conformalized ExtraTrees,60,23,native_interval,site,industrial2,3799,0.995788365359305,9.790341677936098,0.09578836535930502,9.862173014090143,0.27017190147104314,0.32067695752442327,0.22293674923346418,0.27126186940964353,0.542523738819287
Conformalized ExtraTrees,60,23,native_interval,site,industrial3,3799,0.6864964464332719,9.790341677936098,0.21350355356672812,74.54120634699864,1.6984899443721386,3.011549077294644,2.0285703729777937,2.246203131548192,4.492406263096385
Conformalized ExtraTrees,60,23,native_interval,site,residential1,3799,1.0,9.790341677936098,0.09999999999999998,9.790341677936098,0.24691364576701846,0.09402093922622969,0.24260343812978669,0.19451267437434494,0.3890253487486897
Conformalized ExtraTrees,60,23,native_interval,site,residential2,3799,0.9994735456699131,9.790341677936098,0.09947354566991307,9.817769878331163,0.24860915651011364,0.09934127750629371,0.24227933740644475,0.19674325714095073,0.3934865142819013
Conformalized ExtraTrees,60,23,native_interval,site,residential3,3799,1.0,9.790341677936098,0.09999999999999998,9.790341677936098,0.25273405798686016,0.14347181052713598,0.236783025909945,0.2109962981413137,0.42199259628262725
Conformalized ExtraTrees,60,23,native_interval,site,residential4,2138,0.9943872778297475,9.790341677936098,0.09438727782974743,9.826590926056085,0.30035440831032695,0.6036852443370637,0.19097513799247742,0.36500493021328934,0.7300098604265784
Conformalized ExtraTrees,60,23,native_interval,site,residential5,3773,1.0,9.790341677936096,0.09999999999999998,9.790341677936096,0.24819724308048877,0.07411777214691655,0.24131984081631636,0.1878782853479072,0.3757565706958143
Conformalized ExtraTrees,60,23,native_interval,site,residential6,3799,1.0,9.790341677936098,0.09999999999999998,9.790341677936098,0.2540153979389902,0.11788428056249471,0.23550168595781493,0.20246712148643328,0.4049342429728664
Conformalized ExtraTrees,60,23,native_interval,building_type,industrial,11397,0.724488900587874,9.790341677936098,0.17551109941212606,43.64962838174113,1.1900673772677666,2.0356613936401193,0.9924140418192899,1.4060476042423922,2.8120952084847843
Conformalized ExtraTrees,60,23,native_interval,building_type,residential,21107,0.9993367129388354,9.7903416779361,0.09933671293883539,9.79895022608512,0.25518729483220226,0.15624201725111678,0.2347602164720539,0.21539650951845765,0.43079301903691514
Conformalized ExtraTrees,60,23,native_interval,high_interpolation_regime,0,31751,0.9008220213536582,9.790341677936096,0.0008220213536581644,21.949247722747927,0.5896360362388892,0.819971837113632,0.5078263498985072,0.6391447410836761,1.278289482167352
Conformalized ExtraTrees,60,23,native_interval,high_interpolation_regime,1,753,0.9933598937583001,9.790341677936098,0.09335989375830012,9.81499687080072,0.30265915554190903,0.6152820202401554,0.18809068799812712,0.36867728792673055,0.7373545758534609
Conformalized ExtraTrees,60,23,native_interval,weak_signal_regime,0,25159,0.9370006757025319,9.790341677936098,0.03700067570253185,19.523134746038174,0.5050231304756866,0.6499444757192312,0.47113360682622213,0.5420337376737133,1.0840674753474264
Conformalized ExtraTrees,60,23,native_interval,weak_signal_regime,1,7345,0.7863852961198093,9.790341677936096,0.11361470388019068,29.015481281566778,0.8500420954535376,1.3813859900361642,0.6007319686248015,0.944053351371501,1.888106702743002
Conformalized ExtraTrees,60,23,native_interval,pv_regime,high,629,0.8600953895071543,9.790341677936098,0.03990461049284577,26.912058605525456,0.7523847502349422,1.1108392378709417,0.5932181800413306,0.8188140560490714,1.6376281120981433
Conformalized ExtraTrees,60,23,native_interval,pv_regime,low,26491,0.9237854365633611,9.790341677936098,0.023785436563361073,18.088991779146358,0.45311598521726776,0.6497047082451665,0.4513336037400502,0.5180514324008282,1.0361028648016564
Conformalized ExtraTrees,60,23,native_interval,pv_regime,medium,5384,0.8055349182763745,9.7903416779361,0.09446508172362555,38.66606445104767,1.20220849897021,1.5951314737541298,0.7310947235821735,1.1761448987688377,2.3522897975376758
IA-GTPF,60,23,raw_quantiles_pre_clip,target_provenance,measured,32504,0.9252092050209205,14.653551520303273,0.0252092050209205,17.688857275081922,0.5612017721262766,0.7329799447471703,0.32324109162781944,0.5391409361670888,1.0782818723341776
IA-GTPF,60,23,raw_quantiles_pre_clip,target_provenance,supplier_interpolated,174,0.7011494252873564,2.1742957014832047,0.19885057471264367,6.717593056402879,0.08325606300858439,0.5506332393426725,0.25262358981155963,0.2955042973876055,0.5910085947752108
IA-GTPF,60,23,raw_quantiles_pre_clip,site,industrial1,3799,0.9476177941563569,33.94812411268494,0.04761779415635692,37.795186356684084,1.128285560979688,2.1189058617553633,0.761473756854517,1.3362217265298562,2.672443453059712
IA-GTPF,60,23,raw_quantiles_pre_clip,site,industrial2,3799,0.8402211108186365,3.1731842458970276,0.05977888918136354,6.353343570685578,0.13077783232653759,0.31975192960989823,0.18688934620774134,0.21247303604805903,0.424946072096118
IA-GTPF,60,23,raw_quantiles_pre_clip,site,industrial3,3799,0.9539352461173993,80.67354154924452,0.053935246117399305,95.17559280972364,3.3522130551635287,2.8094518882528536,1.406566585322654,2.522743842913012,5.045487685826024
IA-GTPF,60,23,raw_quantiles_pre_clip,site,residential1,3799,0.9660436957093972,1.4000168475365058,0.06604369570939717,1.768534349443334,0.029966670117530108,0.08881266175715467,0.05846004735463665,0.05907979307644048,0.11815958615288093
IA-GTPF,60,23,raw_quantiles_pre_clip,site,residential2,3799,0.9428797051855752,0.9443952194314325,0.04287970518557516,1.6692980100685797,0.019323079503927858,0.12321516312067263,0.06414182099950115,0.0688933545413672,0.1377867090827344
IA-GTPF,60,23,raw_quantiles_pre_clip,site,residential3,3799,0.9339299815740985,1.4429849670710406,0.03392998157409843,2.105647896914375,0.03543276422831931,0.20364653455859386,0.06984963061739946,0.10297630980143753,0.20595261960287506
IA-GTPF,60,23,raw_quantiles_pre_clip,site,residential4,2138,0.755378858746492,2.5899431299327853,0.144621141253508,5.916275011410562,0.09510733624863861,0.5248075797947376,0.20070641432188954,0.2735404434550886,0.5470808869101772
IA-GTPF,60,23,raw_quantiles_pre_clip,site,residential5,3773,0.9541478929234031,0.9295776200184228,0.05414789292340305,1.4176415644625497,0.020226084549440946,0.09278514012946203,0.050655993673686554,0.05455573945086317,0.10911147890172633
IA-GTPF,60,23,raw_quantiles_pre_clip,site,residential6,3799,0.9586733350881811,1.4118156650868228,0.05867333508818107,1.7396250328425438,0.031995220172668544,0.22004412223854414,0.05498603146945868,0.10234179129355712,0.2046835825871142
IA-GTPF,60,23,raw_quantiles_pre_clip,building_type,industrial,11397,0.9139247170307976,39.2649499692755,0.013924717030797562,46.441374245697766,1.537092149489918,1.7493698932060384,0.7849765627949709,1.357146201830309,2.714292403660618
IA-GTPF,60,23,raw_quantiles_pre_clip,building_type,residential,21107,0.9313024115222438,1.3643058613779657,0.03130241152224378,2.1635606477019604,0.03425703195413378,0.18416693282763077,0.07392100043096426,0.09744832173757628,0.19489664347515254
IA-GTPF,60,23,raw_quantiles_pre_clip,high_interpolation_regime,0,31751,0.9299864571194608,14.942741380580813,0.029986457119460797,17.95791385230898,0.5724002148194431,0.7376885229174686,0.3254954777960059,0.5451947385109726,1.090389477021945
IA-GTPF,60,23,raw_quantiles_pre_clip,high_interpolation_regime,1,753,0.7237715803452855,2.4595711037398673,0.17622841965471447,6.343816925100052,0.08900820778267735,0.5344380251121885,0.2281826384723253,0.28387629045573043,0.5677525809114607
IA-GTPF,60,23,raw_quantiles_pre_clip,weak_signal_regime,0,25159,0.9192734210421718,11.995138572289335,0.01927342104217178,14.861806073827275,0.4652637498083148,0.6190077136769416,0.27782655388304905,0.45403267245610185,0.9080653449122035
IA-GTPF,60,23,raw_quantiles_pre_clip,weak_signal_regime,1,7345,0.9455411844792376,23.759475462996622,0.045541184479237606,27.372421764171868,0.8898205200497079,1.1233716889943972,0.4788005681588855,0.8306642590676635,1.661328518135327
IA-GTPF,60,23,raw_quantiles_pre_clip,pv_regime,high,629,0.9220985691573926,19.39274293493844,0.02209856915739261,23.468974809269948,0.6543147960754733,0.9517274760285913,0.5191339443880244,0.7083920721640297,1.4167841443280589
IA-GTPF,60,23,raw_quantiles_pre_clip,pv_regime,low,26491,0.9307311917254917,11.38056575988851,0.030731191725491658,14.162897753952208,0.44022185594765545,0.6066188598525942,0.2679230317499551,0.43825458251673494,0.8765091650334699
IA-GTPF,60,23,raw_quantiles_pre_clip,pv_regime,medium,5384,0.8984026745913819,30.204018529839285,0.0015973254086181221,34.36242706431724,1.1455834339806252,1.3291610931064193,0.5725379192352371,1.0157608154407605,2.0315216308815205
IA-GTPF,60,23,dedicated_conformal_pre_clip,target_provenance,measured,32504,0.9252092050209205,14.653551520303273,0.0252092050209205,17.688857275081922,0.5612017721262766,0.7329799447471703,0.32324109162781944,0.5391409361670888,1.0782818723341776
IA-GTPF,60,23,dedicated_conformal_pre_clip,target_provenance,supplier_interpolated,174,0.7011494252873564,2.1742957014832047,0.19885057471264367,6.717593056402879,0.08325606300858439,0.5506332393426725,0.25262358981155963,0.2955042973876055,0.5910085947752108
IA-GTPF,60,23,dedicated_conformal_pre_clip,site,industrial1,3799,0.9476177941563569,33.94812411268494,0.04761779415635692,37.795186356684084,1.128285560979688,2.1189058617553633,0.761473756854517,1.3362217265298562,2.672443453059712
IA-GTPF,60,23,dedicated_conformal_pre_clip,site,industrial2,3799,0.8402211108186365,3.1731842458970276,0.05977888918136354,6.353343570685578,0.13077783232653759,0.31975192960989823,0.18688934620774134,0.21247303604805903,0.424946072096118
IA-GTPF,60,23,dedicated_conformal_pre_clip,site,industrial3,3799,0.9539352461173993,80.67354154924452,0.053935246117399305,95.17559280972364,3.3522130551635287,2.8094518882528536,1.406566585322654,2.522743842913012,5.045487685826024
IA-GTPF,60,23,dedicated_conformal_pre_clip,site,residential1,3799,0.9660436957093972,1.4000168475365058,0.06604369570939717,1.768534349443334,0.029966670117530108,0.08881266175715467,0.05846004735463665,0.05907979307644048,0.11815958615288093
IA-GTPF,60,23,dedicated_conformal_pre_clip,site,residential2,3799,0.9428797051855752,0.9443952194314325,0.04287970518557516,1.6692980100685797,0.019323079503927858,0.12321516312067263,0.06414182099950115,0.0688933545413672,0.1377867090827344
IA-GTPF,60,23,dedicated_conformal_pre_clip,site,residential3,3799,0.9339299815740985,1.4429849670710406,0.03392998157409843,2.105647896914375,0.03543276422831931,0.20364653455859386,0.06984963061739946,0.10297630980143753,0.20595261960287506
IA-GTPF,60,23,dedicated_conformal_pre_clip,site,residential4,2138,0.755378858746492,2.5899431299327853,0.144621141253508,5.916275011410562,0.09510733624863861,0.5248075797947376,0.20070641432188954,0.2735404434550886,0.5470808869101772
IA-GTPF,60,23,dedicated_conformal_pre_clip,site,residential5,3773,0.9541478929234031,0.9295776200184228,0.05414789292340305,1.4176415644625497,0.020226084549440946,0.09278514012946203,0.050655993673686554,0.05455573945086317,0.10911147890172633
IA-GTPF,60,23,dedicated_conformal_pre_clip,site,residential6,3799,0.9586733350881811,1.4118156650868228,0.05867333508818107,1.7396250328425438,0.031995220172668544,0.22004412223854414,0.05498603146945868,0.10234179129355712,0.2046835825871142
IA-GTPF,60,23,dedicated_conformal_pre_clip,building_type,industrial,11397,0.9139247170307976,39.2649499692755,0.013924717030797562,46.441374245697766,1.537092149489918,1.7493698932060384,0.7849765627949709,1.357146201830309,2.714292403660618
IA-GTPF,60,23,dedicated_conformal_pre_clip,building_type,residential,21107,0.9313024115222438,1.3643058613779657,0.03130241152224378,2.1635606477019604,0.03425703195413378,0.18416693282763077,0.07392100043096426,0.09744832173757628,0.19489664347515254
IA-GTPF,60,23,dedicated_conformal_pre_clip,high_interpolation_regime,0,31751,0.9299864571194608,14.942741380580813,0.029986457119460797,17.95791385230898,0.5724002148194431,0.7376885229174686,0.3254954777960059,0.5451947385109726,1.090389477021945
IA-GTPF,60,23,dedicated_conformal_pre_clip,high_interpolation_regime,1,753,0.7237715803452855,2.4595711037398673,0.17622841965471447,6.343816925100052,0.08900820778267735,0.5344380251121885,0.2281826384723253,0.28387629045573043,0.5677525809114607
IA-GTPF,60,23,dedicated_conformal_pre_clip,weak_signal_regime,0,25159,0.9192734210421718,11.995138572289335,0.01927342104217178,14.861806073827275,0.4652637498083148,0.6190077136769416,0.27782655388304905,0.45403267245610185,0.9080653449122035
IA-GTPF,60,23,dedicated_conformal_pre_clip,weak_signal_regime,1,7345,0.9455411844792376,23.759475462996622,0.045541184479237606,27.372421764171868,0.8898205200497079,1.1233716889943972,0.4788005681588855,0.8306642590676635,1.661328518135327
IA-GTPF,60,23,dedicated_conformal_pre_clip,pv_regime,high,629,0.9220985691573926,19.39274293493844,0.02209856915739261,23.468974809269948,0.6543147960754733,0.9517274760285913,0.5191339443880244,0.7083920721640297,1.4167841443280589
IA-GTPF,60,23,dedicated_conformal_pre_clip,pv_regime,low,26491,0.9307311917254917,11.38056575988851,0.030731191725491658,14.162897753952208,0.44022185594765545,0.6066188598525942,0.2679230317499551,0.43825458251673494,0.8765091650334699
IA-GTPF,60,23,dedicated_conformal_pre_clip,pv_regime,medium,5384,0.8984026745913819,30.204018529839285,0.0015973254086181221,34.36242706431724,1.1455834339806252,1.3291610931064193,0.5725379192352371,1.0157608154407605,2.0315216308815205
IA-GTPF,60,23,dedicated_conformal_post_clip,target_provenance,measured,32504,0.9252092050209205,14.652476064950744,0.0252092050209205,17.687781819729388,0.5611993060985697,0.7329799447471703,0.32318978488789996,0.5391230119112133,1.0782460238224265
IA-GTPF,60,23,dedicated_conformal_post_clip,target_provenance,supplier_interpolated,174,0.7011494252873564,2.1694757132439646,0.19885057471264367,6.712773068163639,0.08325606300858439,0.5506332393426725,0.2523825903995976,0.2954239642502848,0.5908479285005697
IA-GTPF,60,23,dedicated_conformal_post_clip,site,industrial1,3799,0.9476177941563569,33.94812411268494,0.04761779415635692,37.795186356684084,1.128285560979688,2.1189058617553633,0.761473756854517,1.3362217265298562,2.672443453059712
IA-GTPF,60,23,dedicated_conformal_post_clip,site,industrial2,3799,0.8402211108186365,3.1731842458970276,0.05977888918136354,6.353343570685578,0.13077783232653759,0.31975192960989823,0.18688934620774134,0.21247303604805903,0.424946072096118
IA-GTPF,60,23,dedicated_conformal_post_clip,site,industrial3,3799,0.9539352461173993,80.67354154924452,0.053935246117399305,95.17559280972364,3.3522130551635287,2.8094518882528536,1.406566585322654,2.522743842913012,5.045487685826024
IA-GTPF,60,23,dedicated_conformal_post_clip,site,residential1,3799,0.9660436957093972,1.399911111631019,0.06604369570939717,1.7684286135378473,0.02996138332225577,0.08881266175715467,0.05846004735463665,0.059078030811349026,0.11815606162269804
IA-GTPF,60,23,dedicated_conformal_post_clip,site,residential2,3799,0.9428797051855752,0.9440463014342722,0.04287970518557516,1.6689490920714194,0.01931996055299873,0.12321516312067263,0.06412749405057228,0.06888753924141454,0.13777507848282908
IA-GTPF,60,23,dedicated_conformal_post_clip,site,residential3,3799,0.9339299815740985,1.4424196618953038,0.03392998157409843,2.105082591738638,0.03543276422831931,0.20364653455859386,0.06982136535861264,0.1029668880485086,0.2059337760970172
IA-GTPF,60,23,dedicated_conformal_post_clip,site,residential4,2138,0.755378858746492,2.576650054952233,0.144621141253508,5.902981936430009,0.09510733624863861,0.5248075797947376,0.20004176057286188,0.27331889220541267,0.5466377844108254
IA-GTPF,60,23,dedicated_conformal_post_clip,site,residential5,3773,0.9541478929234031,0.9291391863393431,0.05414789292340305,1.4172031307834698,0.02021330364969011,0.09278514012946203,0.05064685288948341,0.05454843222287851,0.10909686444575702
IA-GTPF,60,23,dedicated_conformal_post_clip,site,residential6,3799,0.9586733350881811,1.4115506027914182,0.05867333508818107,1.7393599705471392,0.031995220172668544,0.22004412223854414,0.05497277835468846,0.1023373735886337,0.2046747471772674
IA-GTPF,60,23,dedicated_conformal_post_clip,building_type,industrial,11397,0.9139247170307976,39.2649499692755,0.013924717030797562,46.441374245697766,1.537092149489918,1.7493698932060384,0.7849765627949709,1.357146201830309,2.714292403660618
IA-GTPF,60,23,dedicated_conformal_post_clip,building_type,residential,21107,0.9313024115222438,1.362649699878055,0.03130241152224378,2.16190448620205,0.03425323436259605,0.18416693282763077,0.07384198994750647,0.0974207190459111,0.19484143809182217
IA-GTPF,60,23,dedicated_conformal_post_clip,high_interpolation_regime,0,31751,0.9299864571194608,14.941964630637655,0.029986457119460797,17.95713710236582,0.5723976903079449,0.7376885229174686,0.3254591648103463,0.5451817926785866,1.0903635853571731
IA-GTPF,60,23,dedicated_conformal_post_clip,high_interpolation_regime,1,753,0.7237715803452855,2.445900435302472,0.17622841965471447,6.3301462566626565,0.08900820778267735,0.5344380251121885,0.2274991050504555,0.2836484459817738,0.5672968919635476
IA-GTPF,60,23,dedicated_conformal_post_clip,weak_signal_regime,0,25159,0.9192734210421718,11.99374914501565,0.01927342104217178,14.86041664655359,0.46526056384048675,0.6190077136769416,0.277760268487193,0.45400951533487377,0.9080190306697474
IA-GTPF,60,23,dedicated_conformal_post_clip,weak_signal_regime,1,7345,0.9455411844792376,23.759475462996622,0.045541184479237606,27.372421764171868,0.8898205200497079,1.1233716889943972,0.4788005681588855,0.8306642590676635,1.661328518135327
IA-GTPF,60,23,dedicated_conformal_post_clip,pv_regime,high,629,0.9220985691573926,19.39274293493844,0.02209856915739261,23.468974809269948,0.6543147960754733,0.9517274760285913,0.5191339443880244,0.7083920721640297,1.4167841443280589
IA-GTPF,60,23,dedicated_conformal_post_clip,pv_regime,low,26491,0.9307311917254917,11.38027551226085,0.030731191725491658,14.162607506324548,0.4402188301742008,0.6066188598525942,0.2679115451420267,0.4382497450562739,0.8764994901125479
IA-GTPF,60,23,dedicated_conformal_post_clip,pv_regime,medium,5384,0.8984026745913819,30.198953958725948,0.0015973254086181221,34.357362493203894,1.1455834339806252,1.3291610931064193,0.5722846906795701,1.015676405922205,2.031352811844409
IA-GTPF,60,23,adaptive_conformal_pre_clip,target_provenance,measured,32504,0.9417610140290426,14.836435967922034,0.04176101402904253,17.613232733441613,0.5655302650147626,0.7329799447471703,0.31513137165731814,0.5378805271397503,1.0757610542795006
IA-GTPF,60,23,adaptive_conformal_pre_clip,target_provenance,supplier_interpolated,174,0.8793103448275862,3.404010125501988,0.020689655172413834,5.826468378241664,0.11213490137003361,0.5506332393426725,0.17918851754204967,0.2806522194182519,0.5613044388365037
IA-GTPF,60,23,adaptive_conformal_pre_clip,site,industrial1,3799,0.9476177941563569,33.94812411268494,0.04761779415635692,37.795186356684084,1.128285560979688,2.1189058617553633,0.761473756854517,1.3362217265298562,2.672443453059712
IA-GTPF,60,23,adaptive_conformal_pre_clip,site,industrial2,3799,0.9002369044485391,4.060924987692785,0.000236904448539077,6.130472051824762,0.15297135087143152,0.31975192960989823,0.15355225171980666,0.20875851073371213,0.41751702146742425
IA-GTPF,60,23,adaptive_conformal_pre_clip,site,industrial3,3799,0.9539352461173993,80.67354154924452,0.053935246117399305,95.17559280972364,3.3522130551635287,2.8094518882528536,1.406566585322654,2.522743842913012,5.045487685826024
IA-GTPF,60,23,adaptive_conformal_pre_clip,site,residential1,3799,0.9660436957093972,1.4000168475365058,0.06604369570939717,1.768534349443334,0.029966670117530108,0.08881266175715467,0.05846004735463665,0.05907979307644048,0.11815958615288093
IA-GTPF,60,23,adaptive_conformal_pre_clip,site,residential2,3799,0.9428797051855752,0.9443952194314325,0.04287970518557516,1.6692980100685797,0.019323079503927858,0.12321516312067263,0.06414182099950115,0.0688933545413672,0.1377867090827344
IA-GTPF,60,23,adaptive_conformal_pre_clip,site,residential3,3799,0.9339299815740985,1.4442175223318097,0.03392998157409843,2.106490420031659,0.035463578109838544,0.20364653455859386,0.06986094289174445,0.10299035185339228,0.20598070370678456
IA-GTPF,60,23,adaptive_conformal_pre_clip,site,residential4,2138,0.9003741814780168,3.7907226107010272,0.0003741814780168218,5.161077655635586,0.12142309581805123,0.5248075797947376,0.13663078696372818,0.260953820858839,0.5219076417176781
IA-GTPF,60,23,adaptive_conformal_pre_clip,site,residential5,3773,0.9541478929234031,0.9295776200184228,0.05414789292340305,1.4176415644625497,0.020226084549440946,0.09278514012946203,0.050655993673686554,0.05455573945086317,0.10911147890172633
IA-GTPF,60,23,adaptive_conformal_pre_clip,site,residential6,3799,0.9586733350881811,1.4118156650868228,0.05867333508818107,1.7396250328425438,0.031995220172668544,0.22004412223854414,0.05498603146945868,0.10234179129355712,0.2046835825871142
IA-GTPF,60,23,adaptive_conformal_pre_clip,building_type,industrial,11397,0.9339299815740985,39.560863549874085,0.03392998157409843,46.36708373941083,1.5444899890048829,1.7493698932060384,0.7738641979656591,1.3559080267255268,2.7118160534510536
IA-GTPF,60,23,adaptive_conformal_pre_clip,building_type,residential,21107,0.9459894821623158,1.4861587541300463,0.0459894821623158,2.0872157762695287,0.03692819109069017,0.18416693282763077,0.0674325977227863,0.09617590721370241,0.1923518144274048
IA-GTPF,60,23,adaptive_conformal_pre_clip,high_interpolation_regime,0,31751,0.9431828918774212,15.100569301355252,0.04318289187742119,17.90662898735037,0.5761589295670786,0.7376885229174686,0.31917251980044,0.5443399907616624,1.0886799815233246
IA-GTPF,60,23,adaptive_conformal_pre_clip,high_interpolation_regime,1,753,0.8818061088977424,3.698989128827554,0.018193891102257664,5.241885511852024,0.11736196727162362,0.5344380251121885,0.14473230832097758,0.2655107669015966,0.5310215338031932
IA-GTPF,60,23,adaptive_conformal_pre_clip,weak_signal_regime,0,25159,0.939862474661155,12.22137980935464,0.039862474661155,14.76060856258006,0.4706050397163196,0.6190077136769416,0.26742538841268343,0.45234604726864824,0.9046920945372964
IA-GTPF,60,23,adaptive_conformal_pre_clip,weak_signal_regime,1,7345,0.9482641252552757,23.793848887377045,0.04826412525527568,27.384392912434915,0.8906798556592184,1.1233716889943972,0.47853978996252766,0.8308637782053813,1.661727556410762
IA-GTPF,60,23,adaptive_conformal_pre_clip,pv_regime,high,629,0.9348171701112877,19.676673364805296,0.03481717011128771,23.515518890209254,0.6589260438296787,0.9517274760285913,0.5168499006807842,0.7091678068463514,1.4183356136927028
IA-GTPF,60,23,adaptive_conformal_pre_clip,pv_regime,low,26491,0.9457174134611755,11.53964029092482,0.04571741346117553,14.111078982378507,0.44419845024478416,0.6066188598525942,0.26135549887414133,0.4373909363238399,0.8747818726476798
IA-GTPF,60,23,adaptive_conformal_pre_clip,pv_regime,medium,5384,0.9231054977711739,30.492250410101377,0.023105497771173877,34.15539785729115,1.1516103467749634,1.3291610931064193,0.5561595460895945,1.0123103286569923,2.024620657313984
QuantileForest,60,23,native_interval,target_provenance,measured,32504,0.9253937976864386,7.73354126516374,0.02539379768643857,9.621758512843186,0.17005497129162125,0.7405431375159812,0.31103295435053824,0.40721035438604697,0.8144207087720936
QuantileForest,60,23,native_interval,target_provenance,supplier_interpolated,174,0.45977011494252873,1.9891280245292857,0.4402298850574713,10.486306396029049,0.09528616678475332,0.5425061258243558,0.42902915301669914,0.3556071485419361,0.7112142970838722
QuantileForest,60,23,native_interval,site,industrial1,3799,0.9618320610687023,23.311690205745172,0.061832061068702315,25.087910259350114,0.44436695592030573,2.0687102698697797,0.8100285570472004,1.1077019276124285,2.215403855224857
QuantileForest,60,23,native_interval,site,industrial2,3799,0.8931297709923665,2.784476831087086,0.006870229007633566,4.784398703153316,0.07250016563662416,0.34947271172929306,0.16671976952104173,0.19623088229565297,0.39246176459130594
QuantileForest,60,23,native_interval,site,industrial3,3799,0.9531455646222691,33.316169318912735,0.05314556462226905,40.451196851678105,0.7789153362671847,3.0672685343358066,1.2436445063167216,1.6966094589732377,3.3932189179464753
QuantileForest,60,23,native_interval,site,residential1,3799,0.9534087917873124,1.0815789786161234,0.05340879178731239,1.5558561167676328,0.01991851886194364,0.09675624712549002,0.05787428697643803,0.05818301765462389,0.11636603530924779
QuantileForest,60,23,native_interval,site,residential2,3799,0.9328770729139247,0.8963272768281643,0.03287707291392472,1.6300009617114406,0.014819624125923449,0.09653559197766466,0.06668042395964861,0.05934521335441225,0.11869042670882447
QuantileForest,60,23,native_interval,site,residential3,3799,0.9255067122927086,1.4105618660736268,0.025506712292708622,2.1562412529910606,0.031083591679675223,0.15772519130650453,0.07672847096987784,0.08851241798535253,0.17702483597070504
QuantileForest,60,23,native_interval,site,residential4,2138,0.7235734331150608,2.416735247722745,0.17642656688493918,6.6572029521964495,0.09336072026726698,0.543408163423247,0.23949942734255558,0.2920894370110232,0.5841788740220463
QuantileForest,60,23,native_interval,site,residential5,3773,0.9448714550755367,0.8067702870640828,0.04487145507553669,1.3332928726711277,0.015148443707062273,0.07803321158148425,0.05151619992649415,0.048232618405013555,0.09646523681002711
QuantileForest,60,23,native_interval,site,residential6,3799,0.9520926559620952,1.2055395685802577,0.052092655962095225,1.5868372286759842,0.02578893433769161,0.11625274376433505,0.053552927096107636,0.06519820173271144,0.13039640346542283
QuantileForest,60,23,native_interval,building_type,industrial,11397,0.9360357988944459,19.804112118581664,0.03603579889444586,23.441168604727178,0.43192748594137154,1.8284838386449596,0.7401309442949879,1.000180756293773,2.0003615125875456
QuantileForest,60,23,native_interval,building_type,residential,21107,0.9196475103046383,1.2158790670112742,0.019647510304638294,2.159787753512071,0.028653490765577605,0.1530953632815107,0.07933589691002597,0.08702825031903809,0.17405650063807618
QuantileForest,60,23,native_interval,high_interpolation_regime,0,31751,0.933104469150578,7.8664077299247,0.033104469150577964,9.634441409659987,0.17182260702340532,0.7447019718438089,0.3098994634595942,0.40880801410893614,0.817616028217872
QuantileForest,60,23,native_interval,high_interpolation_regime,1,753,0.600265604249668,2.1310935591540865,0.299734395750332,9.086971451979709,0.09552083833030037,0.5651817182027561,0.35882773426868503,0.3398434302672471,0.6796868605344945
QuantileForest,60,23,native_interval,weak_signal_regime,0,25159,0.9174847966930323,6.190478246984825,0.017484796693032267,8.100700327661961,0.13983484024005594,0.6210209961844976,0.2652001761430423,0.34201867085586524,0.6840373417117304
QuantileForest,60,23,native_interval,weak_signal_regime,1,7345,0.9524846834581348,13.019031050645474,0.05248468345813473,14.831874630062313,0.27356869179895044,1.1499451189671448,0.46802503970416554,0.6305129501567536,1.261025900313507
QuantileForest,60,23,native_interval,pv_regime,high,629,0.918918918918919,11.533890070902334,0.018918918918918948,13.243667124759193,0.23148100653276918,0.9149256413338924,0.43070234970519095,0.5257029991906176,1.051405998381235
QuantileForest,60,23,native_interval,pv_regime,low,26491,0.9309954324110075,5.904199361323312,0.03099543241100744,7.5991501122860585,0.12858142239036052,0.5991814381419737,0.2513760832239425,0.3263796479187589,0.6527592958375178
QuantileForest,60,23,native_interval,pv_regime,medium,5384,0.8985884101040119,16.290502070480823,0.001411589895988108,19.150498970173004,0.366941822661721,1.4157151626302766,0.5905831258469297,0.7910800370463091,1.5821600740926176
Conformalized ExtraTrees,60,37,native_interval,target_provenance,measured,32504,0.9025966034949545,9.714192662137563,0.002596603494954497,22.002293127928628,0.590618847151499,0.8210763476476914,0.5094958092449327,0.640397001348041,1.280794002696082
Conformalized ExtraTrees,60,37,native_interval,target_provenance,supplier_interpolated,174,0.9827586206896551,9.714192662137563,0.08275862068965512,9.88344303641057,0.29759547181318063,0.5712632369484475,0.1965766800073482,0.3551451295896588,0.7102902591793173
Conformalized ExtraTrees,60,37,native_interval,site,industrial1,3799,0.6296393787838905,9.714192662137563,0.2703606212161095,31.075370322484655,0.7778446316696623,2.1617570887201776,0.7759238844545704,1.2385085349481368,2.4770170698962737
Conformalized ExtraTrees,60,37,native_interval,site,industrial2,3799,0.9973677283495657,9.714192662137563,0.09736772834956564,9.758564253061257,0.2518044956481103,0.30408076691346025,0.23612371700495272,0.2640029931888411,0.5280059863776821
Conformalized ExtraTrees,60,37,native_interval,site,industrial3,3799,0.5433008686496447,9.714192662137565,0.35669913135035536,93.39407743334,2.6165536637194684,3.696753759105424,2.0531502079475326,2.788819210257475,5.57763842051495
Conformalized ExtraTrees,60,37,native_interval,site,residential1,3799,1.0,9.714192662137563,0.09999999999999998,9.714192662137563,0.24513328036243834,0.09480575894863792,0.24057635274444006,0.19350513068517214,0.38701026137034406
Conformalized ExtraTrees,60,37,native_interval,site,residential2,3799,0.9994735456699131,9.714192662137563,0.09947354566991307,9.742550902854434,0.24673641598251966,0.09909371492966391,0.24039112916020228,0.1954070866907953,0.3908141733815904
Conformalized ExtraTrees,60,37,native_interval,site,residential3,3799,1.0,9.714192662137563,0.09999999999999998,9.714192662137563,0.2513947337951234,0.1432638129223818,0.234314899311755,0.20965781534308672,0.41931563068617334
Conformalized ExtraTrees,60,37,native_interval,site,residential4,2138,0.9943872778297475,9.714192662137565,0.09438727782974743,9.754005913874536,0.29703655144528385,0.5957327917044279,0.19066374424844315,0.3611443624660517,0.7222887249321032
Conformalized ExtraTrees,60,37,native_interval,site,residential5,3773,1.0,9.714192662137565,0.09999999999999998,9.714192662137565,0.24643343927841524,0.07390748409271093,0.23927619382846319,0.1865390390665298,0.37307807813305943
Conformalized ExtraTrees,60,37,native_interval,site,residential6,3799,1.0,9.714192662137563,0.09999999999999998,9.714192662137563,0.2519166941753617,0.11665361591081969,0.23379293893151662,0.200787749672566,0.40157549934513187
Conformalized ExtraTrees,60,37,native_interval,building_type,industrial,11397,0.7234359919277003,9.714192662137565,0.17656400807229977,44.74267066962863,1.215400930345747,2.054197204913021,1.0217326031356853,1.4304435794648178,2.860887158929635
Conformalized ExtraTrees,60,37,native_interval,building_type,residential,21107,0.9993367129388354,9.714192662137565,0.09933671293883539,9.723329616166891,0.25325961077660714,0.1552366541690845,0.2329068700317377,0.21380104499247646,0.4276020899849527
Conformalized ExtraTrees,60,37,native_interval,high_interpolation_regime,0,31751,0.9004440805014016,9.714192662137563,0.00044408050140154476,22.29286442650452,0.5974966192298073,0.825938149447336,0.5171466020954189,0.6468604569241875,1.2937209138483745
Conformalized ExtraTrees,60,37,native_interval,high_interpolation_regime,1,753,0.9933598937583001,9.714192662137563,0.09335989375830012,9.75006298040801,0.30061069142989477,0.6160736000507252,0.18689245759050596,0.367858916357042,0.735717832714084
Conformalized ExtraTrees,60,37,native_interval,weak_signal_regime,0,25159,0.9314360666163202,9.714192662137563,0.031436066616320146,20.435293086641202,0.547897948544436,0.6793421202796588,0.47386670578762446,0.5670355915372397,1.1340711830744792
Conformalized ExtraTrees,60,37,native_interval,weak_signal_regime,1,7345,0.8038121170864534,9.714192662137563,0.09618788291354663,27.369774957574702,0.7369517386498113,1.3065619060346667,0.6315370092289242,0.8916835513044674,1.7833671026089348
Conformalized ExtraTrees,60,37,native_interval,pv_regime,high,629,0.8426073131955485,9.714192662137563,0.05739268680445153,24.77611379297741,0.6539384241817292,1.0793171716289958,0.5848672654671415,0.7727076204259555,1.545415240851911
Conformalized ExtraTrees,60,37,native_interval,pv_regime,low,26491,0.9246536559586275,9.714192662137561,0.024653655958627452,17.6761970779742,0.4200197335197705,0.6385007379576989,0.46379012037893996,0.5074368639521364,1.0148737279042725
Conformalized ExtraTrees,60,37,native_interval,pv_regime,medium,5384,0.8010772659732541,9.714192662137565,0.0989227340267459,42.964008815340776,1.422623510090969,1.689237008497125,0.7255769306760704,1.2791458164213882,2.5582916328427765
IA-GTPF,60,37,raw_quantiles_pre_clip,target_provenance,measured,32504,0.9250246123554025,14.653551520303271,0.02502461235540243,17.71657152903178,0.5614716277336895,0.7332833530310199,0.32435694871789944,0.539703976494203,1.0794079529884058
IA-GTPF,60,37,raw_quantiles_pre_clip,target_provenance,supplier_interpolated,174,0.7011494252873564,2.1742957014832047,0.19885057471264367,6.7215688790398955,0.08328631895250135,0.5509047842570294,0.25279212499949344,0.29566107606967473,0.5913221521393496
IA-GTPF,60,37,raw_quantiles_pre_clip,site,industrial1,3799,0.9476177941563569,33.94812411268494,0.04761779415635692,37.80322790727493,1.1292580964396541,2.1181837330494755,0.7609032989240931,1.3361150428044075,2.672230085608815
IA-GTPF,60,37,raw_quantiles_pre_clip,site,industrial2,3799,0.839957883653593,3.1731842458970276,0.06004211634640699,6.355471995171101,0.13081491988390465,0.3199003248843441,0.18695867987465054,0.21255797488096642,0.4251159497619328
IA-GTPF,60,37,raw_quantiles_pre_clip,site,industrial3,3799,0.9534087917873124,80.67354154924452,0.05340879178731239,95.40041573594165,3.353405807897291,2.812779453844717,1.4166149788997924,2.5276000802139333,5.055200160427867
IA-GTPF,60,37,raw_quantiles_pre_clip,site,residential1,3799,0.9660436957093972,1.4000168475365058,0.06604369570939717,1.768293114927981,0.029964852732919062,0.08882440157299476,0.058449803013480024,0.05907968577313128,0.11815937154626255
IA-GTPF,60,37,raw_quantiles_pre_clip,site,residential2,3799,0.9426164780205317,0.9443952194314323,0.0426164780205317,1.6688173919141522,0.019320688397175025,0.1231844137022174,0.06412018119853263,0.06887509443264168,0.13775018886528337
IA-GTPF,60,37,raw_quantiles_pre_clip,site,residential3,3799,0.9339299815740985,1.4429849670710408,0.03392998157409843,2.1063062552050886,0.035462670306000664,0.2035647749012882,0.06985264245425378,0.10296002922051421,0.20592005844102837
IA-GTPF,60,37,raw_quantiles_pre_clip,site,residential4,2138,0.754911131898971,2.5899431299327853,0.14508886810102906,5.918915582121931,0.09513889675547182,0.5248818914460444,0.2008068823506248,0.2736092235173803,0.5472184470347605
IA-GTPF,60,37,raw_quantiles_pre_clip,site,residential5,3773,0.9541478929234031,0.9295776200184229,0.05414789292340305,1.418137451683437,0.020257172198502146,0.09283757218956776,0.05064970038566973,0.054581481591246546,0.10916296318249308
IA-GTPF,60,37,raw_quantiles_pre_clip,site,residential6,3799,0.9584101079231376,1.4118156650868228,0.05841010792313761,1.739838449754768,0.032027377580144185,0.21989310682026908,0.05496454490759425,0.10229500976933582,0.20459001953867165
IA-GTPF,60,37,raw_quantiles_pre_clip,building_type,industrial,11397,0.9136614898657541,39.2649499692755,0.013661489865754106,46.51970521279589,1.537826274740283,1.750287837259512,0.7881589858995119,1.358757699299769,2.717515398599538
IA-GTPF,60,37,raw_quantiles_pre_clip,building_type,residential,21107,0.9311602785805657,1.3643058613779657,0.031160278580565692,2.1639437470703586,0.03427619911123509,0.18413851450578525,0.07392098824228285,0.09744523395310106,0.1948904679062021
IA-GTPF,60,37,raw_quantiles_pre_clip,high_interpolation_regime,0,31751,0.9297974866933325,14.942741380580813,0.029797486693332487,17.986205718149602,0.5726756637260527,0.737995565360694,0.32663462218142775,0.5457686170893915,1.0915372341787828
IA-GTPF,60,37,raw_quantiles_pre_clip,high_interpolation_regime,1,753,0.7237715803452855,2.4595711037398673,0.17622841965471447,6.347175594529595,0.08904221632131523,0.5345881954221429,0.22831656340516462,0.2839823250495409,0.5679646500990819
IA-GTPF,60,37,raw_quantiles_pre_clip,weak_signal_regime,0,25159,0.9190349377956198,11.995138572289335,0.019034937795619822,14.895661000757,0.4655242642557231,0.6194440479414105,0.27925878578212704,0.4547423659930869,0.9094847319861735
IA-GTPF,60,37,raw_quantiles_pre_clip,weak_signal_regime,1,7345,0.9455411844792376,23.759475462996626,0.045541184479237606,27.37910222758387,0.8901223721505936,1.1232197828131145,0.47883273922860004,0.8307249647307694,1.6614499294615384
IA-GTPF,60,37,raw_quantiles_pre_clip,pv_regime,high,629,0.9220985691573926,19.39274293493844,0.02209856915739261,23.5900415702594,0.6558024898891935,0.9568237080093143,0.5236995886237767,0.7121085955074283,1.4242171910148562
IA-GTPF,60,37,raw_quantiles_pre_clip,pv_regime,low,26491,0.9306179457174134,11.380565759888512,0.030617945717413386,14.18812531405697,0.4404037248188005,0.6067015973320141,0.26900254088404807,0.43870262101162094,0.8774052420232419
IA-GTPF,60,37,raw_quantiles_pre_clip,pv_regime,medium,5384,0.8978454680534919,30.204018529839285,0.0021545319465081647,34.39147049354988,1.1461439352787333,1.3299903379754876,0.5734295893987611,1.016521287550994,2.033042575101988
IA-GTPF,60,37,dedicated_conformal_pre_clip,target_provenance,measured,32504,0.9250246123554025,14.653551520303271,0.02502461235540243,17.71657152903178,0.5614716277336895,0.7332833530310199,0.32435694871789944,0.539703976494203,1.0794079529884058
IA-GTPF,60,37,dedicated_conformal_pre_clip,target_provenance,supplier_interpolated,174,0.7011494252873564,2.1742957014832047,0.19885057471264367,6.7215688790398955,0.08328631895250135,0.5509047842570294,0.25279212499949344,0.29566107606967473,0.5913221521393496
IA-GTPF,60,37,dedicated_conformal_pre_clip,site,industrial1,3799,0.9476177941563569,33.94812411268494,0.04761779415635692,37.80322790727493,1.1292580964396541,2.1181837330494755,0.7609032989240931,1.3361150428044075,2.672230085608815
IA-GTPF,60,37,dedicated_conformal_pre_clip,site,industrial2,3799,0.839957883653593,3.1731842458970276,0.06004211634640699,6.355471995171101,0.13081491988390465,0.3199003248843441,0.18695867987465054,0.21255797488096642,0.4251159497619328
IA-GTPF,60,37,dedicated_conformal_pre_clip,site,industrial3,3799,0.9534087917873124,80.67354154924452,0.05340879178731239,95.40041573594165,3.353405807897291,2.812779453844717,1.4166149788997924,2.5276000802139333,5.055200160427867
IA-GTPF,60,37,dedicated_conformal_pre_clip,site,residential1,3799,0.9660436957093972,1.4000168475365058,0.06604369570939717,1.768293114927981,0.029964852732919062,0.08882440157299476,0.058449803013480024,0.05907968577313128,0.11815937154626255
IA-GTPF,60,37,dedicated_conformal_pre_clip,site,residential2,3799,0.9426164780205317,0.9443952194314323,0.0426164780205317,1.6688173919141522,0.019320688397175025,0.1231844137022174,0.06412018119853263,0.06887509443264168,0.13775018886528337
IA-GTPF,60,37,dedicated_conformal_pre_clip,site,residential3,3799,0.9339299815740985,1.4429849670710408,0.03392998157409843,2.1063062552050886,0.035462670306000664,0.2035647749012882,0.06985264245425378,0.10296002922051421,0.20592005844102837
IA-GTPF,60,37,dedicated_conformal_pre_clip,site,residential4,2138,0.754911131898971,2.5899431299327853,0.14508886810102906,5.918915582121931,0.09513889675547182,0.5248818914460444,0.2008068823506248,0.2736092235173803,0.5472184470347605
IA-GTPF,60,37,dedicated_conformal_pre_clip,site,residential5,3773,0.9541478929234031,0.9295776200184229,0.05414789292340305,1.418137451683437,0.020257172198502146,0.09283757218956776,0.05064970038566973,0.054581481591246546,0.10916296318249308
IA-GTPF,60,37,dedicated_conformal_pre_clip,site,residential6,3799,0.9584101079231376,1.4118156650868228,0.05841010792313761,1.739838449754768,0.032027377580144185,0.21989310682026908,0.05496454490759425,0.10229500976933582,0.20459001953867165
IA-GTPF,60,37,dedicated_conformal_pre_clip,building_type,industrial,11397,0.9136614898657541,39.2649499692755,0.013661489865754106,46.51970521279589,1.537826274740283,1.750287837259512,0.7881589858995119,1.358757699299769,2.717515398599538
IA-GTPF,60,37,dedicated_conformal_pre_clip,building_type,residential,21107,0.9311602785805657,1.3643058613779657,0.031160278580565692,2.1639437470703586,0.03427619911123509,0.18413851450578525,0.07392098824228285,0.09744523395310106,0.1948904679062021
IA-GTPF,60,37,dedicated_conformal_pre_clip,high_interpolation_regime,0,31751,0.9297974866933325,14.942741380580813,0.029797486693332487,17.986205718149602,0.5726756637260527,0.737995565360694,0.32663462218142775,0.5457686170893915,1.0915372341787828
IA-GTPF,60,37,dedicated_conformal_pre_clip,high_interpolation_regime,1,753,0.7237715803452855,2.4595711037398673,0.17622841965471447,6.347175594529595,0.08904221632131523,0.5345881954221429,0.22831656340516462,0.2839823250495409,0.5679646500990819
IA-GTPF,60,37,dedicated_conformal_pre_clip,weak_signal_regime,0,25159,0.9190349377956198,11.995138572289335,0.019034937795619822,14.895661000757,0.4655242642557231,0.6194440479414105,0.27925878578212704,0.4547423659930869,0.9094847319861735
IA-GTPF,60,37,dedicated_conformal_pre_clip,weak_signal_regime,1,7345,0.9455411844792376,23.759475462996626,0.045541184479237606,27.37910222758387,0.8901223721505936,1.1232197828131145,0.47883273922860004,0.8307249647307694,1.6614499294615384
IA-GTPF,60,37,dedicated_conformal_pre_clip,pv_regime,high,629,0.9220985691573926,19.39274293493844,0.02209856915739261,23.5900415702594,0.6558024898891935,0.9568237080093143,0.5236995886237767,0.7121085955074283,1.4242171910148562
IA-GTPF,60,37,dedicated_conformal_pre_clip,pv_regime,low,26491,0.9306179457174134,11.380565759888512,0.030617945717413386,14.18812531405697,0.4404037248188005,0.6067015973320141,0.26900254088404807,0.43870262101162094,0.8774052420232419
IA-GTPF,60,37,dedicated_conformal_pre_clip,pv_regime,medium,5384,0.8978454680534919,30.204018529839285,0.0021545319465081647,34.39147049354988,1.1461439352787333,1.3299903379754876,0.5734295893987611,1.016521287550994,2.033042575101988
IA-GTPF,60,37,dedicated_conformal_post_clip,target_provenance,measured,32504,0.9250246123554025,14.652471908035798,0.02502461235540243,17.715491916764307,0.5614691627109663,0.7332833530310199,0.3243054331272492,0.5396859829564118,1.0793719659128234
IA-GTPF,60,37,dedicated_conformal_post_clip,target_provenance,supplier_interpolated,174,0.7011494252873564,2.1694789050577934,0.19885057471264367,6.716752082614485,0.08328631895250135,0.5509047842570294,0.2525512851782229,0.2955807961292512,0.5911615922585025
IA-GTPF,60,37,dedicated_conformal_post_clip,site,industrial1,3799,0.9476177941563569,33.94812411268494,0.04761779415635692,37.80322790727493,1.1292580964396541,2.1181837330494755,0.7609032989240931,1.3361150428044075,2.672230085608815
IA-GTPF,60,37,dedicated_conformal_post_clip,site,industrial2,3799,0.839957883653593,3.1731842458970276,0.06004211634640699,6.355471995171101,0.13081491988390465,0.3199003248843441,0.18695867987465054,0.21255797488096642,0.4251159497619328
IA-GTPF,60,37,dedicated_conformal_post_clip,site,industrial3,3799,0.9534087917873124,80.67354154924452,0.05340879178731239,95.40041573594165,3.353405807897291,2.812779453844717,1.4166149788997924,2.5276000802139333,5.055200160427867
IA-GTPF,60,37,dedicated_conformal_post_clip,site,residential1,3799,0.9660436957093972,1.3999108192511263,0.06604369570939717,1.7681870866426013,0.029959551318650086,0.08882440157299476,0.058449803013480024,0.05907791863504162,0.11815583727008322
IA-GTPF,60,37,dedicated_conformal_post_clip,site,residential2,3799,0.9426164780205317,0.9440117051709433,0.0426164780205317,1.6684338776536634,0.019317690352449714,0.1231844137022174,0.06410400353023349,0.0688687025283002,0.13773740505660037
IA-GTPF,60,37,dedicated_conformal_post_clip,site,residential3,3799,0.9339299815740985,1.4424198080852504,0.03392998157409843,2.1057410962192984,0.035462670306000664,0.2035647749012882,0.06982438450496427,0.10295060990408438,0.20590121980816875
IA-GTPF,60,37,dedicated_conformal_post_clip,site,residential4,2138,0.754911131898971,2.5766507822807148,0.14508886810102906,5.905623234469861,0.09513889675547182,0.5248818914460444,0.20014226496802126,0.2733876843898458,0.5467753687796916
IA-GTPF,60,37,dedicated_conformal_post_clip,site,residential5,3773,0.9541478929234031,0.9291382096285907,0.05414789292340305,1.4176980412936049,0.02024429293693768,0.09283757218956776,0.050640609127742583,0.05457415808474934,0.10914831616949867
IA-GTPF,60,37,dedicated_conformal_post_clip,site,residential6,3799,0.9584101079231376,1.4115503396479747,0.05841010792313761,1.73957312431592,0.032027377580144185,0.21989310682026908,0.05495127863565186,0.10229058767868837,0.20458117535737666
IA-GTPF,60,37,dedicated_conformal_post_clip,building_type,industrial,11397,0.9136614898657541,39.2649499692755,0.013661489865754106,46.51970521279589,1.537826274740283,1.750287837259512,0.7881589858995119,1.358757699299769,2.717515398599538
IA-GTPF,60,37,dedicated_conformal_post_clip,building_type,residential,21107,0.9311602785805657,1.3626432983826602,0.031160278580565692,2.1622811840750527,0.03427240306733487,0.18413851450578525,0.0738416561364178,0.09741752456984598,0.19483504913969193
IA-GTPF,60,37,dedicated_conformal_post_clip,high_interpolation_regime,0,31751,0.9297974866933325,14.9419602491989,0.029797486693332487,17.985424586767692,0.5726731402433716,0.737995565360694,0.3265980890950131,0.5457555982330262,1.0915111964660527
IA-GTPF,60,37,dedicated_conformal_post_clip,high_interpolation_regime,1,753,0.7237715803452855,2.4459057456590645,0.17622841965471447,6.333510236448793,0.08904221632131523,0.5345881954221429,0.2276332955011245,0.2837545690815275,0.5675091381630549
IA-GTPF,60,37,dedicated_conformal_post_clip,weak_signal_regime,0,25159,0.9190349377956198,11.993743774517485,0.019034937795619822,14.894266202985152,0.46552107958627664,0.6194440479414105,0.2791922305629811,0.454719119363556,0.9094382387271119
IA-GTPF,60,37,dedicated_conformal_post_clip,weak_signal_regime,1,7345,0.9455411844792376,23.759475462996626,0.045541184479237606,27.37910222758387,0.8901223721505936,1.1232197828131145,0.47883273922860004,0.8307249647307694,1.6614499294615384
IA-GTPF,60,37,dedicated_conformal_post_clip,pv_regime,high,629,0.9220985691573926,19.39274293493844,0.02209856915739261,23.5900415702594,0.6558024898891935,0.9568237080093143,0.5236995886237767,0.7121085955074283,1.4242171910148562
IA-GTPF,60,37,dedicated_conformal_post_clip,pv_regime,low,26491,0.9306179457174134,11.38027043276372,0.030617945717413386,14.187829986932178,0.44040070027844336,0.6067015973320141,0.2689907990681657,0.43869769889287435,0.8773953977857487
IA-GTPF,60,37,dedicated_conformal_post_clip,pv_regime,medium,5384,0.8978454680534919,30.198953855567538,0.0021545319465081647,34.38640581927814,1.1461439352787333,1.3299903379754876,0.5731763556851738,1.0164368763131317,2.032873752626263
IA-GTPF,60,37,adaptive_conformal_pre_clip,target_provenance,measured,32504,0.9416071868077776,14.836713346997875,0.04160718680777753,17.64077875940155,0.5658066821174571,0.7332833530310199,0.3162322558526206,0.5384407636670326,1.076881527334065
IA-GTPF,60,37,adaptive_conformal_pre_clip,target_provenance,supplier_interpolated,174,0.8793103448275862,3.40517528544876,0.020689655172413834,5.827110865649857,0.11219747812644905,0.5509047842570294,0.17915806515604393,0.28075344251317413,0.5615068850263482
IA-GTPF,60,37,adaptive_conformal_pre_clip,site,industrial1,3799,0.9476177941563569,33.94812411268494,0.04761779415635692,37.80322790727493,1.1292580964396541,2.1181837330494755,0.7609032989240931,1.3361150428044075,2.672230085608815
IA-GTPF,60,37,adaptive_conformal_pre_clip,site,industrial2,3799,0.8999736772834956,4.06255427568003,2.6322716504378896e-05,6.132205650405589,0.1530491706284797,0.3199003248843441,0.1535611118917998,0.20883686913487454,0.41767373826974913
IA-GTPF,60,37,adaptive_conformal_pre_clip,site,industrial3,3799,0.9534087917873124,80.67354154924452,0.05340879178731239,95.40041573594165,3.353405807897291,2.812779453844717,1.4166149788997924,2.5276000802139333,5.055200160427867
IA-GTPF,60,37,adaptive_conformal_pre_clip,site,residential1,3799,0.9660436957093972,1.4000168475365058,0.06604369570939717,1.768293114927981,0.029964852732919062,0.08882440157299476,0.058449803013480024,0.05907968577313128,0.11815937154626255
IA-GTPF,60,37,adaptive_conformal_pre_clip,site,residential2,3799,0.9426164780205317,0.9443952194314323,0.0426164780205317,1.6688173919141522,0.019320688397175025,0.1231844137022174,0.06412018119853263,0.06887509443264168,0.13775018886528337
IA-GTPF,60,37,adaptive_conformal_pre_clip,site,residential3,3799,0.9339299815740985,1.4442333108460184,0.03392998157409843,2.107158719238726,0.0354938789003751,0.2035647749012882,0.06986405706156122,0.10297423695440817,0.20594847390881635
IA-GTPF,60,37,adaptive_conformal_pre_clip,site,residential4,2138,0.9003741814780168,3.792016475926544,0.0003741814780168218,5.161844557257357,0.1214813325184794,0.5248818914460444,0.1366108953443885,0.26099137310297077,0.5219827462059414
IA-GTPF,60,37,adaptive_conformal_pre_clip,site,residential5,3773,0.9541478929234031,0.9295776200184229,0.05414789292340305,1.418137451683437,0.020257172198502146,0.09283757218956776,0.05064970038566973,0.054581481591246546,0.10916296318249308
IA-GTPF,60,37,adaptive_conformal_pre_clip,site,residential6,3799,0.9584101079231376,1.4118156650868228,0.05841010792313761,1.739838449754768,0.032027377580144185,0.21989310682026908,0.05496454490759425,0.10229500976933582,0.20459001953867165
IA-GTPF,60,37,adaptive_conformal_pre_clip,building_type,industrial,11397,0.933666754409055,39.56140664586983,0.03366675440905498,46.44528309787406,1.5452376916551414,1.750287837259512,0.7770264632385617,1.3575173307177384,2.715034661435477
IA-GTPF,60,37,adaptive_conformal_pre_clip,building_type,residential,21107,0.9458947268678637,1.4862926558885923,0.04589472686786367,2.087410874549552,0.036950131413852165,0.18413851450578525,0.06742041231362544,0.0961696860777543,0.19233937215550856
IA-GTPF,60,37,adaptive_conformal_pre_clip,high_interpolation_regime,0,31751,0.9430254165223143,15.10082484302249,0.043025416522314286,17.93480874156487,0.5764405028932432,0.737995565360694,0.32029993418500025,0.5449120008129792,1.0898240016259584
IA-GTPF,60,37,adaptive_conformal_pre_clip,high_interpolation_regime,1,753,0.8818061088977424,3.700187304132598,0.018193891102257664,5.242709750546989,0.11742096704177611,0.5345881954221429,0.14471452048557343,0.2655745609831641,0.5311491219663282
IA-GTPF,60,37,adaptive_conformal_pre_clip,weak_signal_regime,0,25159,0.9396637386223617,12.221721235921514,0.03966373862236172,14.794256502020557,0.4708736079568238,0.6194440479414105,0.2688392171442041,0.4530522910141461,0.9061045820282921
IA-GTPF,60,37,adaptive_conformal_pre_clip,weak_signal_regime,1,7345,0.9482641252552757,23.793906883086397,0.04826412525527568,27.391037911674992,0.890983157652838,1.1232197828131145,0.47856873793091204,0.8309238927989547,1.6618477855979095
IA-GTPF,60,37,adaptive_conformal_pre_clip,pv_regime,high,629,0.9348171701112877,19.67779118935798,0.03481717011128771,23.63726015016599,0.6604404417650911,0.9568237080093143,0.5214225657432088,0.7128955718392046,1.4257911436784092
IA-GTPF,60,37,adaptive_conformal_pre_clip,pv_regime,low,26491,0.9456419161224567,11.539858237317674,0.045641916122456716,14.136122465258056,0.44438580970513075,0.6067015973320141,0.2624203135577723,0.43783590686497237,0.8756718137299447
IA-GTPF,60,37,adaptive_conformal_pre_clip,pv_regime,medium,5384,0.9225482912332839,30.492722029704733,0.022548291233283835,34.18425258803537,1.1521803255529282,1.3299903379754876,0.5570323038488406,1.0130676557924188,2.0261353115848375
QuantileForest,60,37,native_interval,target_provenance,measured,32504,0.9250861432439085,7.807969703443933,0.025086143243908454,9.689342963122806,0.1678192371011437,0.7373008916703224,0.3166479110549968,0.40725601327548766,0.8145120265509752
QuantileForest,60,37,native_interval,target_provenance,supplier_interpolated,174,0.4885057471264368,1.9624192360678687,0.4114942528735632,10.340947350497384,0.09306339321533233,0.5417421880014233,0.42398397430953694,0.3529298518420975,0.705859703684195
QuantileForest,60,37,native_interval,site,industrial1,3799,0.9584101079231376,23.875631034744536,0.05841010792313761,25.745759197986747,0.44020182354519805,2.0500161337163183,0.84708613635414,1.1124346978718853,2.22486939574377
QuantileForest,60,37,native_interval,site,industrial2,3799,0.8854961832061069,2.7671938861841037,0.01450381679389312,4.795285867213514,0.07229449458707918,0.3391498385319101,0.16746979877359658,0.19297137729752864,0.3859427545950573
QuantileForest,60,37,native_interval,site,industrial3,3799,0.9568307449328771,33.2647929796201,0.0568307449328771,40.256459706392015,0.7634936535315946,3.06145344167489,1.2493293317880074,1.6914254756648308,3.382850951329661
QuantileForest,60,37,native_interval,site,residential1,3799,0.9539352461173993,1.0849077238034404,0.053935246117399305,1.5641827484667385,0.019757902007910732,0.09647393124075329,0.05845123541542623,0.05822768955469675,0.1164553791093935
QuantileForest,60,37,native_interval,site,residential2,3799,0.9305080284285339,0.923527283557309,0.03050802842853384,1.6526313732785196,0.014879433593548505,0.09717148069488654,0.06775213507037753,0.05993434978627086,0.11986869957254169
QuantileForest,60,37,native_interval,site,residential3,3799,0.9291918926033167,1.4442841380128983,0.02919189260331667,2.17437273276609,0.031520799823107286,0.159852437266098,0.07719783681519725,0.08952369130146752,0.17904738260293498
QuantileForest,60,37,native_interval,site,residential4,2138,0.7305893358278766,2.457374264692197,0.16941066417212347,6.6744813214025775,0.09405335095875164,0.547903746120805,0.23967071511137727,0.293875937396978,0.587751874793956
QuantileForest,60,37,native_interval,site,residential5,3773,0.948051948051948,0.8476125444501331,0.04805194805194801,1.342653389663082,0.015186500544775244,0.0789090496350434,0.05194616893837889,0.048680573039399176,0.09736114607879835
QuantileForest,60,37,native_interval,site,residential6,3799,0.9478810213214004,1.2193783877757947,0.047881021321400374,1.6229775944770937,0.025688626744235096,0.11746371328284579,0.055460252979619616,0.06620419766890016,0.13240839533780033
QuantileForest,60,37,native_interval,building_type,industrial,11397,0.9335790120207073,19.96920596684958,0.03357901202070723,23.599168257197423,0.42532999055462395,1.8168731379743728,0.754628422305248,0.9989438502780815,1.9978877005561626
QuantileForest,60,37,native_interval,building_type,residential,21107,0.9205003079547069,1.2413515343988726,0.02050030795470692,2.1785513358632023,0.028772946434098893,0.15437177378870673,0.08015462035906126,0.0877664468606223,0.17553289372124456
QuantileForest,60,37,native_interval,high_interpolation_regime,0,31751,0.9322855973040219,7.940202751578922,0.03228559730402192,9.70505470219728,0.16949765595933056,0.7413492196171322,0.3157550791505336,0.4088673182423321,0.8177346364846642
QuantileForest,60,37,native_interval,high_interpolation_regime,1,753,0.6215139442231076,2.232230644567477,0.27848605577689245,9.026841731577562,0.09704702306888441,0.5665990847126043,0.3542950635099938,0.3393137237638275,0.678627447527655
QuantileForest,60,37,native_interval,weak_signal_regime,0,25159,0.9170078301999285,6.236904423593531,0.017007830199928464,8.161047789198593,0.13797586631677908,0.6212095087394762,0.2700765231431508,0.343087299399802,0.686174598799604
QuantileForest,60,37,native_interval,weak_signal_regime,1,7345,0.9527569775357386,13.1893762896599,0.0527569775357386,14.924248106861306,0.27004243186817295,1.1349514162662595,0.4761699734748927,0.6270546072031083,1.2541092144062165
QuantileForest,60,37,native_interval,pv_regime,high,629,0.9125596184419714,11.441017438558971,0.012559618441971399,13.082248151579998,0.22981251450159326,0.9047734142399022,0.42429989307740706,0.5196286072729676,1.039257214545935
QuantileForest,60,37,native_interval,pv_regime,low,26491,0.9321278924917896,6.010735446533904,0.0321278924917896,7.697340167537874,0.12849303509971446,0.59130627494014,0.2563739732771795,0.3253910944390113,0.6507821888780225
QuantileForest,60,37,native_interval,pv_regime,medium,5384,0.8919019316493314,16.226496017414267,0.008098068350668619,19.094247995496662,0.3540741861603894,1.4360756270163473,0.6006382136144442,0.796929342263727,1.5938586845274534
Conformalized ExtraTrees,60,53,native_interval,target_provenance,measured,32504,0.905734678808762,9.73940170092967,0.005734678808761995,20.809624913334215,0.550055411775143,0.7890619157115062,0.49042583389156785,0.6098477204594057,1.2196954409188117
Conformalized ExtraTrees,60,53,native_interval,target_provenance,supplier_interpolated,174,0.9827586206896551,9.73940170092967,0.08275862068965512,9.89850504166787,0.2937431435536683,0.5377744354702901,0.20118210852972532,0.3442332291845613,0.6884664583691226
Conformalized ExtraTrees,60,53,native_interval,site,industrial1,3799,0.538036325348776,9.739401700929673,0.36196367465122403,38.54959176170465,1.2463940942258802,2.4948758195517096,0.6810854938593528,1.4741184692123142,2.9482369384246283
Conformalized ExtraTrees,60,53,native_interval,site,industrial2,3799,0.9971045011845222,9.739401700929673,0.09710450118452219,9.789468659385923,0.2564199600756977,0.28833917049535723,0.2330534728935986,0.2592708678215511,0.5185417356431022
Conformalized ExtraTrees,60,53,native_interval,site,industrial3,3799,0.6617530929191893,9.739401700929669,0.23824690708081075,75.54674354948119,1.8001499037933566,3.1192474471080054,1.9771872736807035,2.2988615415273554,4.59772308305471
Conformalized ExtraTrees,60,53,native_interval,site,residential1,3799,1.0,9.739401700929673,0.09999999999999998,9.739401700929673,0.2448141125442661,0.09704620361186453,0.24215597250221754,0.1946720962194494,0.3893441924388987
Conformalized ExtraTrees,60,53,native_interval,site,residential2,3799,0.9994735456699131,9.739401700929673,0.09947354566991307,9.767089465166102,0.2464616999371688,0.10169916060624225,0.24189277332113637,0.19668454462151583,0.3933690892430315
Conformalized ExtraTrees,60,53,native_interval,site,residential3,3799,1.0,9.739401700929673,0.09999999999999998,9.739401700929673,0.2506256001299506,0.14644125702400504,0.23634448491653307,0.21113711402349622,0.4222742280469924
Conformalized ExtraTrees,60,53,native_interval,site,residential4,2138,0.9948550046772685,9.739401700929673,0.09485500467726848,9.77641824955285,0.29312173279820397,0.5644054306979133,0.1956991796794387,0.35107544772518534,0.7021508954503707
Conformalized ExtraTrees,60,53,native_interval,site,residential5,3773,1.0,9.73940170092967,0.09999999999999998,9.73940170092967,0.24649008900120012,0.07371991361074037,0.24047999604528356,0.18689666621907466,0.3737933324381493
Conformalized ExtraTrees,60,53,native_interval,site,residential6,3799,1.0,9.739401700929673,0.09999999999999998,9.739401700929673,0.25160731521501745,0.11266272454604906,0.23536276983146626,0.1998776031975109,0.3997552063950216
Conformalized ExtraTrees,60,53,native_interval,building_type,industrial,11397,0.7322979731508291,9.739401700929669,0.1677020268491709,41.29526799019059,1.1009879860316447,1.967487479051691,0.963775413477885,1.3440836261870734,2.688167252374147
Conformalized ExtraTrees,60,53,native_interval,building_type,residential,21107,0.9993840905860615,9.73940170092967,0.09938409058606146,9.748134689857066,0.2525721811501679,0.1527556597116921,0.23483455334268566,0.21338746473484857,0.426774929469697
Conformalized ExtraTrees,60,53,native_interval,high_interpolation_regime,0,31751,0.9036250826745614,9.739401700929673,0.0036250826745614084,21.071570358961356,0.5561969883962498,0.7948435102908877,0.49738152955181814,0.616140676079652,1.232281352159304
Conformalized ExtraTrees,60,53,native_interval,high_interpolation_regime,1,753,0.9946879150066401,9.73940170092967,0.09468791500664009,9.764432557282019,0.2910896756572684,0.545275183321146,0.1971319522068326,0.344498937061749,0.6889978741234978
Conformalized ExtraTrees,60,53,native_interval,weak_signal_regime,0,25159,0.9351325569378751,9.73940170092967,0.03513255693787509,19.367542107151593,0.5037413323779301,0.6469177826967518,0.4646357729796497,0.5384316293514438,1.0768632587028877
Conformalized ExtraTrees,60,53,native_interval,weak_signal_regime,1,7345,0.8050374404356705,9.73940170092967,0.09496255956432953,25.749224820856146,0.7086961093319137,1.2759515334811744,0.5787651317108939,0.8544709248413275,1.7089418496826545
Conformalized ExtraTrees,60,53,native_interval,pv_regime,high,629,0.8473767885532592,9.73940170092967,0.05262321144674087,26.48385177413139,0.7374586988643309,1.1208165216759527,0.586733889842239,0.8150030367941742,1.6300060735883484
Conformalized ExtraTrees,60,53,native_interval,pv_regime,low,26491,0.9275603034993016,9.739401700929673,0.02756030349930161,17.108540468783048,0.4120481532432118,0.6221600011376501,0.44337887019594063,0.4925290081922675,0.9850580163845349
Conformalized ExtraTrees,60,53,native_interval,pv_regime,medium,5384,0.8051634472511144,9.739401700929669,0.09483655274888558,38.35723622930071,1.2072013289724481,1.5715145479225747,0.7106604824925873,1.1631254531292035,2.326250906258407
IA-GTPF,60,53,raw_quantiles_pre_clip,target_provenance,measured,32504,0.9252707359094265,14.653551520303273,0.025270735909426523,17.697197612412012,0.5612622216627624,0.7343607178964663,0.32359765895783826,0.539740199505689,1.079480399011378
IA-GTPF,60,53,raw_quantiles_pre_clip,target_provenance,supplier_interpolated,174,0.7068965517241379,2.1742957014832047,0.19310344827586212,6.710362774317678,0.08321025031922245,0.5501371925212267,0.2523078883966616,0.29521844374570355,0.5904368874914071
IA-GTPF,60,53,raw_quantiles_pre_clip,site,industrial1,3799,0.9476177941563569,33.94812411268494,0.04761779415635692,37.802841651687736,1.1282366341445271,2.1193527647236494,0.7619054484398601,1.336498282436012,2.672996564872024
IA-GTPF,60,53,raw_quantiles_pre_clip,site,industrial2,3799,0.8402211108186365,3.1731842458970276,0.05977888918136354,6.350150647507296,0.13072953641398982,0.3196132471299005,0.186777995961375,0.21237359316842178,0.42474718633684344
IA-GTPF,60,53,raw_quantiles_pre_clip,site,industrial3,3799,0.9531455646222691,80.67354154924452,0.05314556462226905,95.25001800070692,3.3531294151732958,2.8212421293594616,1.4093714848620507,2.5279143431316027,5.055828686263205
IA-GTPF,60,53,raw_quantiles_pre_clip,site,residential1,3799,0.9660436957093972,1.4000168475365058,0.06604369570939717,1.7676251174374775,0.029905914517858543,0.0886964901818384,0.058475341354015366,0.05902591535123743,0.11805183070247484
IA-GTPF,60,53,raw_quantiles_pre_clip,site,residential2,3799,0.9436693866807054,0.9443952194314326,0.04366938668070541,1.667909995559618,0.019268641756005345,0.12314407355093163,0.06412685802197558,0.06884652444297085,0.1376930488859417
IA-GTPF,60,53,raw_quantiles_pre_clip,site,residential3,3799,0.9341932087391419,1.4429849670710406,0.03419320873914189,2.104524595054286,0.03538276803974033,0.20367706852060027,0.069843461712974,0.10296776609110486,0.20593553218220972
IA-GTPF,60,53,raw_quantiles_pre_clip,site,residential4,2138,0.755378858746492,2.5899431299327853,0.144621141253508,5.911340772150743,0.09505656341197272,0.5246148049805306,0.2005104751955645,0.2733939478626893,0.5467878957253786
IA-GTPF,60,53,raw_quantiles_pre_clip,site,residential5,3773,0.9544129340047708,0.9295776200184228,0.05441293400477076,1.4169371017056152,0.02017234495100422,0.0926693526480139,0.050674510134276575,0.0545054025777649,0.10901080515552976
IA-GTPF,60,53,raw_quantiles_pre_clip,site,residential6,3799,0.9586733350881811,1.4118156650868228,0.05867333508818107,1.7389939399925458,0.031940420528811,0.22013967899937592,0.055009276470816326,0.10236312533300108,0.20472625066600214
IA-GTPF,60,53,raw_quantiles_pre_clip,building_type,industrial,11397,0.9136614898657541,39.2649499692755,0.013661489865754106,46.467670099967314,1.5373651952439373,1.7534027137376702,0.7860183097544287,1.3589287395786787,2.7178574791573578
IA-GTPF,60,53,raw_quantiles_pre_clip,building_type,residential,21107,0.931539299758374,1.3643058613779657,0.031539299758373995,2.1622056694230567,0.0342026873895519,0.18411569839572245,0.07390759608160095,0.09740866062229177,0.1948173212445835
IA-GTPF,60,53,raw_quantiles_pre_clip,high_interpolation_regime,0,31751,0.9300494472615036,14.942741380580813,0.030049447261503603,17.966597700785613,0.5724633748179055,0.7391094805636624,0.3258665102213753,0.5458131218676477,1.0916262437352955
IA-GTPF,60,53,raw_quantiles_pre_clip,high_interpolation_regime,1,753,0.7237715803452855,2.4595711037398673,0.17622841965471447,6.337672770512581,0.08895436797225956,0.5341243786585612,0.2279292705533696,0.28366933906139674,0.5673386781227937
IA-GTPF,60,53,raw_quantiles_pre_clip,weak_signal_regime,0,25159,0.919352915457689,11.995138572289335,0.019352915457689024,14.872901395451478,0.46536169169608893,0.6202674011588794,0.2782833780764852,0.45463749031048445,0.9092749806209688
IA-GTPF,60,53,raw_quantiles_pre_clip,weak_signal_regime,1,7345,0.9455411844792376,23.759475462996622,0.045541184479237606,27.371325389472595,0.8897525461599086,1.125167219707352,0.4788137233137214,0.8312444963936607,1.6624889927873214
IA-GTPF,60,53,raw_quantiles_pre_clip,pv_regime,high,629,0.9220985691573926,19.39274293493844,0.02209856915739261,23.550267620019806,0.6551007667687708,0.9536348905686837,0.5224126142322196,0.7103827571898913,1.4207655143797826
IA-GTPF,60,53,raw_quantiles_pre_clip,pv_regime,low,26491,0.9309954324110075,11.38056575988851,0.03099543241100744,14.17240813330196,0.4402357467807991,0.6072095038356063,0.268384659884299,0.43860997016690145,0.877219940333803
IA-GTPF,60,53,raw_quantiles_pre_clip,pv_regime,medium,5384,0.8974739970282318,30.204018529839285,0.002526002971768193,34.35648755600768,1.1457882062887674,1.3343680279030452,0.5720361715116165,1.0173974685678095,2.0347949371356195
IA-GTPF,60,53,dedicated_conformal_pre_clip,target_provenance,measured,32504,0.9252707359094265,14.653551520303273,0.025270735909426523,17.697197612412012,0.5612622216627624,0.7343607178964663,0.32359765895783826,0.539740199505689,1.079480399011378
IA-GTPF,60,53,dedicated_conformal_pre_clip,target_provenance,supplier_interpolated,174,0.7068965517241379,2.1742957014832047,0.19310344827586212,6.710362774317678,0.08321025031922245,0.5501371925212267,0.2523078883966616,0.29521844374570355,0.5904368874914071
IA-GTPF,60,53,dedicated_conformal_pre_clip,site,industrial1,3799,0.9476177941563569,33.94812411268494,0.04761779415635692,37.802841651687736,1.1282366341445271,2.1193527647236494,0.7619054484398601,1.336498282436012,2.672996564872024
IA-GTPF,60,53,dedicated_conformal_pre_clip,site,industrial2,3799,0.8402211108186365,3.1731842458970276,0.05977888918136354,6.350150647507296,0.13072953641398982,0.3196132471299005,0.186777995961375,0.21237359316842178,0.42474718633684344
IA-GTPF,60,53,dedicated_conformal_pre_clip,site,industrial3,3799,0.9531455646222691,80.67354154924452,0.05314556462226905,95.25001800070692,3.3531294151732958,2.8212421293594616,1.4093714848620507,2.5279143431316027,5.055828686263205
IA-GTPF,60,53,dedicated_conformal_pre_clip,site,residential1,3799,0.9660436957093972,1.4000168475365058,0.06604369570939717,1.7676251174374775,0.029905914517858543,0.0886964901818384,0.058475341354015366,0.05902591535123743,0.11805183070247484
IA-GTPF,60,53,dedicated_conformal_pre_clip,site,residential2,3799,0.9436693866807054,0.9443952194314326,0.04366938668070541,1.667909995559618,0.019268641756005345,0.12314407355093163,0.06412685802197558,0.06884652444297085,0.1376930488859417
IA-GTPF,60,53,dedicated_conformal_pre_clip,site,residential3,3799,0.9341932087391419,1.4429849670710406,0.03419320873914189,2.104524595054286,0.03538276803974033,0.20367706852060027,0.069843461712974,0.10296776609110486,0.20593553218220972
IA-GTPF,60,53,dedicated_conformal_pre_clip,site,residential4,2138,0.755378858746492,2.5899431299327853,0.144621141253508,5.911340772150743,0.09505656341197272,0.5246148049805306,0.2005104751955645,0.2733939478626893,0.5467878957253786
IA-GTPF,60,53,dedicated_conformal_pre_clip,site,residential5,3773,0.9544129340047708,0.9295776200184228,0.05441293400477076,1.4169371017056152,0.02017234495100422,0.0926693526480139,0.050674510134276575,0.0545054025777649,0.10901080515552976
IA-GTPF,60,53,dedicated_conformal_pre_clip,site,residential6,3799,0.9586733350881811,1.4118156650868228,0.05867333508818107,1.7389939399925458,0.031940420528811,0.22013967899937592,0.055009276470816326,0.10236312533300108,0.20472625066600214
IA-GTPF,60,53,dedicated_conformal_pre_clip,building_type,industrial,11397,0.9136614898657541,39.2649499692755,0.013661489865754106,46.467670099967314,1.5373651952439373,1.7534027137376702,0.7860183097544287,1.3589287395786787,2.7178574791573578
IA-GTPF,60,53,dedicated_conformal_pre_clip,building_type,residential,21107,0.931539299758374,1.3643058613779657,0.031539299758373995,2.1622056694230567,0.0342026873895519,0.18411569839572245,0.07390759608160095,0.09740866062229177,0.1948173212445835
IA-GTPF,60,53,dedicated_conformal_pre_clip,high_interpolation_regime,0,31751,0.9300494472615036,14.942741380580813,0.030049447261503603,17.966597700785613,0.5724633748179055,0.7391094805636624,0.3258665102213753,0.5458131218676477,1.0916262437352955
IA-GTPF,60,53,dedicated_conformal_pre_clip,high_interpolation_regime,1,753,0.7237715803452855,2.4595711037398673,0.17622841965471447,6.337672770512581,0.08895436797225956,0.5341243786585612,0.2279292705533696,0.28366933906139674,0.5673386781227937
IA-GTPF,60,53,dedicated_conformal_pre_clip,weak_signal_regime,0,25159,0.919352915457689,11.995138572289335,0.019352915457689024,14.872901395451478,0.46536169169608893,0.6202674011588794,0.2782833780764852,0.45463749031048445,0.9092749806209688
IA-GTPF,60,53,dedicated_conformal_pre_clip,weak_signal_regime,1,7345,0.9455411844792376,23.759475462996622,0.045541184479237606,27.371325389472595,0.8897525461599086,1.125167219707352,0.4788137233137214,0.8312444963936607,1.6624889927873214
IA-GTPF,60,53,dedicated_conformal_pre_clip,pv_regime,high,629,0.9220985691573926,19.39274293493844,0.02209856915739261,23.550267620019806,0.6551007667687708,0.9536348905686837,0.5224126142322196,0.7103827571898913,1.4207655143797826
IA-GTPF,60,53,dedicated_conformal_pre_clip,pv_regime,low,26491,0.9309954324110075,11.38056575988851,0.03099543241100744,14.17240813330196,0.4402357467807991,0.6072095038356063,0.268384659884299,0.43860997016690145,0.877219940333803
IA-GTPF,60,53,dedicated_conformal_pre_clip,pv_regime,medium,5384,0.8974739970282318,30.204018529839285,0.002526002971768193,34.35648755600768,1.1457882062887674,1.3343680279030452,0.5720361715116165,1.0173974685678095,2.0347949371356195
IA-GTPF,60,53,dedicated_conformal_post_clip,target_provenance,measured,32504,0.9252707359094265,14.652476653683411,0.025270735909426523,17.696122745792152,0.5612598090583576,0.7343607178964663,0.32354632823125007,0.5397222850620246,1.0794445701240492
IA-GTPF,60,53,dedicated_conformal_post_clip,target_provenance,supplier_interpolated,174,0.7068965517241379,2.1694667737332134,0.19310344827586212,6.705533846567688,0.08321025031922245,0.5501371925212267,0.252066442009162,0.29513796161653705,0.590275923233074
IA-GTPF,60,53,dedicated_conformal_post_clip,site,industrial1,3799,0.9476177941563569,33.94812411268494,0.04761779415635692,37.802841651687736,1.1282366341445271,2.1193527647236494,0.7619054484398601,1.336498282436012,2.672996564872024
IA-GTPF,60,53,dedicated_conformal_post_clip,site,industrial2,3799,0.8402211108186365,3.1731842458970276,0.05977888918136354,6.350150647507296,0.13072953641398982,0.3196132471299005,0.186777995961375,0.21237359316842178,0.42474718633684344
IA-GTPF,60,53,dedicated_conformal_post_clip,site,industrial3,3799,0.9531455646222691,80.67354154924452,0.05314556462226905,95.25001800070692,3.3531294151732958,2.8212421293594616,1.4093714848620507,2.5279143431316027,5.055828686263205
IA-GTPF,60,53,dedicated_conformal_post_clip,site,residential1,3799,0.9660436957093972,1.3999119305175,0.06604369570939717,1.7675202004184716,0.029900668666908253,0.0886964901818384,0.058475341354015366,0.05902416673425401,0.11804833346850797
IA-GTPF,60,53,dedicated_conformal_post_clip,site,residential2,3799,0.9436693866807054,0.9440500318814188,0.04366938668070541,1.6675648080096046,0.019265712868136452,0.12314407355093163,0.0641125275323438,0.06884077131713728,0.13768154263427457
IA-GTPF,60,53,dedicated_conformal_post_clip,site,residential3,3799,0.9341932087391419,1.4424192524520634,0.03419320873914189,2.1039588804353087,0.03538276803974033,0.20367706852060027,0.06981517598202515,0.10295833751412192,0.20591667502824385
IA-GTPF,60,53,dedicated_conformal_post_clip,site,residential4,2138,0.755378858746492,2.5766446622554167,0.144621141253508,5.898042304473376,0.09505656341197272,0.5246148049805306,0.19984555181169608,0.2731723067347331,0.5463446134694663
IA-GTPF,60,53,dedicated_conformal_post_clip,site,residential5,3773,0.9544129340047708,0.9291428788965084,0.05441293400477076,1.416502360583701,0.020159791688136888,0.0926693526480139,0.050665326341048186,0.05449815689239965,0.1089963137847993
IA-GTPF,60,53,dedicated_conformal_post_clip,site,residential6,3799,0.9586733350881811,1.411550867674474,0.05867333508818107,1.738729142580197,0.031940420528811,0.22013967899937592,0.05499603660019889,0.10235871204279527,0.2047174240855905
IA-GTPF,60,53,dedicated_conformal_post_clip,building_type,industrial,11397,0.9136614898657541,39.2649499692755,0.013661489865754106,46.467670099967314,1.5373651952439373,1.7534027137376702,0.7860183097544287,1.3589287395786787,2.7178574791573578
IA-GTPF,60,53,dedicated_conformal_post_clip,building_type,residential,21107,0.931539299758374,1.3626506065046105,0.031539299758373995,2.1605504145497014,0.034198972067925305,0.18411569839572245,0.07382854865955979,0.09738107304106917,0.19476214608213835
IA-GTPF,60,53,dedicated_conformal_post_clip,high_interpolation_regime,0,31751,0.9300494472615036,14.941965642547508,0.030049447261503603,17.965821962752308,0.5724609049966851,0.7391094805636624,0.32583019314093065,0.545800192900426,1.091600385800852
IA-GTPF,60,53,dedicated_conformal_post_clip,high_interpolation_regime,1,753,0.7237715803452855,2.445883180344825,0.17622841965471447,6.323984847117539,0.08895436797225956,0.5341243786585612,0.2272448743836175,0.28344120700481273,0.5668824140096256
IA-GTPF,60,53,dedicated_conformal_post_clip,weak_signal_regime,0,25159,0.919352915457689,11.993749905624846,0.019352915457689024,14.871512728786987,0.465358574748135,0.6202674011588794,0.2782170616912146,0.4546143458660763,0.9092286917321523
IA-GTPF,60,53,dedicated_conformal_post_clip,weak_signal_regime,1,7345,0.9455411844792376,23.759475462996622,0.045541184479237606,27.371325389472595,0.8897525461599086,1.125167219707352,0.4788137233137214,0.8312444963936607,1.6624889927873214
IA-GTPF,60,53,dedicated_conformal_post_clip,pv_regime,high,629,0.9220985691573926,19.39274293493844,0.02209856915739261,23.550267620019806,0.6551007667687708,0.9536348905686837,0.5224126142322196,0.7103827571898913,1.4207655143797826
IA-GTPF,60,53,dedicated_conformal_post_clip,pv_regime,low,26491,0.9309954324110075,11.380276514431854,0.03099543241100744,14.172118887845299,0.4402327865568146,0.6072095038356063,0.2683731578354505,0.43860514940929046,0.8772102988185808
IA-GTPF,60,53,dedicated_conformal_post_clip,pv_regime,medium,5384,0.8974739970282318,30.198952581990188,0.002526002971768193,34.351421608158574,1.1457882062887674,1.3343680279030452,0.5717828741191615,1.0173130361036582,2.0346260722073164
IA-GTPF,60,53,adaptive_conformal_pre_clip,target_provenance,measured,32504,0.9418225449175486,14.836064255291678,0.041822544917548554,17.621876044979274,0.5655818276356877,0.7343607178964663,0.3155119746132762,0.5384848400484766,1.0769696800969533
IA-GTPF,60,53,adaptive_conformal_pre_clip,target_provenance,supplier_interpolated,174,0.8793103448275862,3.402383608965066,0.020689655172413834,5.823815503622719,0.1120394862564975,0.5501371925212267,0.17915128892463852,0.2804426559007876,0.5608853118015751
IA-GTPF,60,53,adaptive_conformal_pre_clip,site,industrial1,3799,0.9476177941563569,33.94812411268494,0.04761779415635692,37.802841651687736,1.1282366341445271,2.1193527647236494,0.7619054484398601,1.336498282436012,2.672996564872024
IA-GTPF,60,53,adaptive_conformal_pre_clip,site,industrial2,3799,0.9002369044485391,4.059118017434193,0.000236904448539077,6.128314754498066,0.15287788070241898,0.3196132471299005,0.1535378570224844,0.20867632828493465,0.41735265656986925
IA-GTPF,60,53,adaptive_conformal_pre_clip,site,industrial3,3799,0.9531455646222691,80.67354154924452,0.05314556462226905,95.25001800070692,3.3531294151732958,2.8212421293594616,1.4093714848620507,2.5279143431316027,5.055828686263205
IA-GTPF,60,53,adaptive_conformal_pre_clip,site,residential1,3799,0.9660436957093972,1.4000168475365058,0.06604369570939717,1.7676251174374775,0.029905914517858543,0.0886964901818384,0.058475341354015366,0.05902591535123743,0.11805183070247484
IA-GTPF,60,53,adaptive_conformal_pre_clip,site,residential2,3799,0.9436693866807054,0.9443952194314326,0.04366938668070541,1.667909995559618,0.019268641756005345,0.12314407355093163,0.06412685802197558,0.06884652444297085,0.1376930488859417
IA-GTPF,60,53,adaptive_conformal_pre_clip,site,residential3,3799,0.9341932087391419,1.4441733024618348,0.03419320873914189,2.1053392760312155,0.03541247642451018,0.20367706852060027,0.06985448737705063,0.10298134410738702,0.20596268821477404
IA-GTPF,60,53,adaptive_conformal_pre_clip,site,residential4,2138,0.9003741814780168,3.7883608351918303,0.0003741814780168218,5.158958806143703,0.1213194494917088,0.5246148049805306,0.13662849081547646,0.2608542484292386,0.5217084968584772
IA-GTPF,60,53,adaptive_conformal_pre_clip,site,residential5,3773,0.9544129340047708,0.9295776200184228,0.05441293400477076,1.4169371017056152,0.02017234495100422,0.0926693526480139,0.050674510134276575,0.0545054025777649,0.10901080515552976
IA-GTPF,60,53,adaptive_conformal_pre_clip,site,residential6,3799,0.9586733350881811,1.4118156650868228,0.05867333508818107,1.7389939399925458,0.031940420528811,0.22013967899937592,0.055009276470816326,0.10236312533300108,0.20472625066600214
IA-GTPF,60,53,adaptive_conformal_pre_clip,building_type,industrial,11397,0.933666754409055,39.56026122645454,0.03366675440905498,46.39372480229758,1.544747976673414,1.7534027137376702,0.7749382634414651,1.3576963179508497,2.7153926359016993
IA-GTPF,60,53,adaptive_conformal_pre_clip,building_type,residential,21107,0.946226370398446,1.4859115628037234,0.046226370398446015,2.0861409671777493,0.03686829181425538,0.18411569839572245,0.06743875654463212,0.09614091558486998,0.19228183116974
IA-GTPF,60,53,adaptive_conformal_pre_clip,high_interpolation_regime,0,31751,0.9432458820194639,15.100237172350342,0.04324588201946389,17.915529495661584,0.5762140996508333,0.7391094805636624,0.31956237513224606,0.5449619851155806,1.0899239702311612
IA-GTPF,60,53,adaptive_conformal_pre_clip,high_interpolation_regime,1,753,0.8818061088977424,3.6969483329415693,0.018193891102257664,5.239683863552779,0.11726141760528454,0.5341243786585612,0.1447227755723545,0.2653695239454001,0.5307390478908002
IA-GTPF,60,53,adaptive_conformal_pre_clip,weak_signal_regime,0,25159,0.9399419690766724,12.220921959865953,0.03994196907667236,14.772086158481011,0.470692059766894,0.6202674011588794,0.26791224815715675,0.4529572363609767,0.9059144727219531
IA-GTPF,60,53,adaptive_conformal_pre_clip,weak_signal_regime,1,7345,0.9482641252552757,23.793772221338763,0.04826412525527568,27.383327883564668,0.890609965118462,1.125167219707352,0.47855642905977136,0.8314445379618619,1.6628890759237234
IA-GTPF,60,53,adaptive_conformal_pre_clip,pv_regime,high,629,0.9348171701112877,19.676200006855627,0.03481717011128771,23.59660552988109,0.65970505679994,0.9536348905686837,0.5201252196941148,0.7111550556875795,1.4223101113751586
IA-GTPF,60,53,adaptive_conformal_pre_clip,pv_regime,low,26491,0.9459816541466913,11.539301967863196,0.04598165414669131,14.120888773178375,0.44420376556717395,0.6072095038356063,0.261840673091745,0.43775131416484175,0.8755026283296835
IA-GTPF,60,53,adaptive_conformal_pre_clip,pv_regime,medium,5384,0.9221768202080238,30.49172628510858,0.022176820208023806,34.149838335334806,1.1518044745734068,1.3343680279030452,0.5556874421933342,1.013953314889929,2.0279066297798574
QuantileForest,60,53,native_interval,target_provenance,measured,32504,0.9242862416933301,7.634539389637816,0.024286241693330046,9.543832497700507,0.16697884777817817,0.7375101258087596,0.31021277710684736,0.4049005835645951,0.8098011671291899
QuantileForest,60,53,native_interval,target_provenance,supplier_interpolated,174,0.4885057471264368,1.9960794771919699,0.4114942528735632,10.130560499773281,0.09042961432052668,0.5433417549456,0.41609841066813735,0.3499565933114213,0.6999131866228429
QuantileForest,60,53,native_interval,site,industrial1,3799,0.9615688339036589,23.791718469077065,0.06156883390365886,25.359420663646283,0.43827394896621064,2.0593867580097314,0.8296970842161043,1.1091192637306821,2.2182385274613634
QuantileForest,60,53,native_interval,site,industrial2,3799,0.8883916820215846,2.767245946342323,0.011608317978415439,4.781151220363925,0.06835245531397817,0.3554758322761944,0.17070510570421815,0.1981777977647969,0.3963555955295938
QuantileForest,60,53,native_interval,site,industrial3,3799,0.9523558831271387,32.0341990139121,0.05235588312713868,39.558819724845414,0.7632076576614261,3.0386025972726594,1.2147333285808453,1.672181194504977,3.344362389009953
QuantileForest,60,53,native_interval,site,residential1,3799,0.9534087917873124,1.066639115890352,0.05340879178731239,1.5545454392607383,0.019887229834091632,0.09648869427480249,0.057840042128945335,0.05807198874594649,0.11614397749189297
QuantileForest,60,53,native_interval,site,residential2,3799,0.9273493024480126,0.88827287421101,0.02734930244801259,1.6774096810798296,0.014887623140757313,0.09689029601760654,0.06898286091323422,0.060253593357199355,0.1205071867143987
QuantileForest,60,53,native_interval,site,residential3,3799,0.9212950776520137,1.4008575139723896,0.02129507765201366,2.1951607822660164,0.03124286149956448,0.15932994967639397,0.07851517761373637,0.0896959962632316,0.1793919925264632
QuantileForest,60,53,native_interval,site,residential4,2138,0.7347988774555659,2.4414740699946154,0.1652011225444341,6.44615678684302,0.09253990842966302,0.5483955992135355,0.22976793091248804,0.2902344795185622,0.5804689590371244
QuantileForest,60,53,native_interval,site,residential5,3773,0.9477869069705804,0.8244972491169376,0.04778690697058041,1.3400956248269973,0.015156834059607844,0.07854083112689932,0.05184794718174204,0.04851520412274973,0.09703040824549945
QuantileForest,60,53,native_interval,site,residential6,3799,0.9489339299815741,1.1788292772346416,0.04893392998157409,1.5712201806974704,0.025675838496417906,0.11728593625981762,0.05288517053845565,0.06528231509823039,0.13056463019646075
QuantileForest,60,53,native_interval,building_type,industrial,11397,0.9341054663507941,19.53105447644383,0.034105466350794034,23.23313053628521,0.42327802064720493,1.817821729186195,0.7383785061670559,0.9931594186668186,1.986318837333637
QuantileForest,60,53,native_interval,building_type,residential,21107,0.9189842232434737,1.2108608733006718,0.018984223243473708,2.152117438916698,0.02858676585330498,0.15418178243013503,0.07901910609252995,0.08726255145865665,0.1745251029173133
QuantileForest,60,53,native_interval,high_interpolation_regime,0,31751,0.9311517747472521,7.763568964468524,0.03115177474725206,9.570905515952216,0.16873597328950285,0.741487940034254,0.3098093025081082,0.4066777386106217,0.8133554772212431
QuantileForest,60,53,native_interval,high_interpolation_regime,1,753,0.6347941567065073,2.1938779946182114,0.2652058432934927,8.4022715381918,0.09288788880066104,0.5697816006113243,0.32722568810892894,0.3299650591736381,0.6599301183472761
QuantileForest,60,53,native_interval,weak_signal_regime,0,25159,0.91637187487579,6.094508314418371,0.01637187487578995,8.036255694283057,0.13684094173192188,0.6214600141977022,0.2649718429822311,0.34109093297061843,0.6821818659412368
QuantileForest,60,53,native_interval,weak_signal_regime,1,7345,0.9513955071477196,12.909643790106989,0.051395507147719566,14.707770523184454,0.27021092105493266,1.1350192827893715,0.46517760510429035,0.6234692696495315,1.2469385392990628
QuantileForest,60,53,native_interval,pv_regime,high,629,0.904610492845787,11.189360391331713,0.004610492845786962,13.183015205858917,0.2278587550438892,0.9309499018106313,0.43129200524905703,0.5300335540345259,1.0600671080690514
QuantileForest,60,53,native_interval,pv_regime,low,26491,0.9300894643463818,5.8367376206137385,0.030089464346381822,7.59127670013653,0.12720170905056413,0.5937550302524206,0.2523621259562625,0.32443962175308244,0.6488792435061647
QuantileForest,60,53,native_interval,pv_regime,medium,5384,0.8980312035661219,16.064997088960137,0.0019687964338781505,18.72587367709049,0.35558262199123375,1.4222320086612492,0.5807110618632912,0.7861752308385914,1.5723504616771826
Conformalized ExtraTrees,60,71,native_interval,target_provenance,measured,32504,0.9129953236524735,9.790796847536853,0.012995323652473467,20.320730201609344,0.5191197895774263,0.762825888988256,0.49691672050304114,0.5929541330229078,1.1859082660458153
Conformalized ExtraTrees,60,71,native_interval,target_provenance,supplier_interpolated,174,0.9827586206896551,9.790796847536853,0.08275862068965512,10.02313181111319,0.3002638071339442,0.5771642442760145,0.2008927834217155,0.35944027827722475,0.7188805565544495
Conformalized ExtraTrees,60,71,native_interval,site,industrial1,3799,0.5759410371150303,9.790796847536853,0.3240589628849697,35.44183574647495,1.0506634018518197,2.3598397969201907,0.7214283854719284,1.3773105280813132,2.7546210561626263
Conformalized ExtraTrees,60,71,native_interval,site,industrial2,3799,0.9968412740194789,9.790796847536853,0.09684127401947884,9.826288079756617,0.2597510536977263,0.2916080767186699,0.23156335029010483,0.2609741602355003,0.5219483204710005
Conformalized ExtraTrees,60,71,native_interval,site,industrial3,3799,0.6870229007633588,9.790796847536853,0.2129770992366412,74.1472491075693,1.7189747396402184,3.0098155014108223,1.9883877157382461,2.2390593189297623,4.478118637859525
Conformalized ExtraTrees,60,71,native_interval,site,residential1,3799,1.0,9.790796847536853,0.09999999999999998,9.790796847536853,0.24603004691967217,0.09653750577022745,0.24350979545717075,0.19535911604902345,0.39071823209804674
Conformalized ExtraTrees,60,71,native_interval,site,residential2,3799,0.9994735456699131,9.790796847536853,0.09947354566991307,9.817917584295117,0.2476555546026032,0.10187261767075485,0.24324032461215284,0.19758949896183697,0.3951789979236738
Conformalized ExtraTrees,60,71,native_interval,site,residential3,3799,1.0,9.790796847536853,0.09999999999999998,9.790796847536853,0.25165658902064336,0.14611523586065261,0.2378832533561995,0.21188502607916515,0.42377005215833025
Conformalized ExtraTrees,60,71,native_interval,site,residential4,2138,0.9934518241347053,9.790796847536853,0.09345182413470532,9.832252393699443,0.2982499823232474,0.5915684154010057,0.19336263736172493,0.36106034502865936,0.7221206900573184
Conformalized ExtraTrees,60,71,native_interval,site,residential5,3773,1.0,9.790796847536853,0.09999999999999998,9.790796847536853,0.24759302147494575,0.07404302659482513,0.24194682090189715,0.18786095632388933,0.3757219126477785
Conformalized ExtraTrees,60,71,native_interval,site,residential6,3799,1.0,9.790796847536853,0.09999999999999998,9.790796847536853,0.25307664485236253,0.11444161158304465,0.2364631975244803,0.2013271513199625,0.4026543026399249
Conformalized ExtraTrees,60,71,native_interval,building_type,industrial,11397,0.753268403965956,9.790796847536855,0.14673159603404407,39.80512431126696,1.0097963983965883,1.8870877916832278,0.9804598171667597,1.2924480024155252,2.5848960048310508
Conformalized ExtraTrees,60,71,native_interval,building_type,residential,21107,0.9992419576443834,9.790796847536853,0.09924195764438337,9.799877419699657,0.25417255355563306,0.15576600814234723,0.23582131742934995,0.21525329304244342,0.4305065860848867
Conformalized ExtraTrees,60,71,native_interval,high_interpolation_regime,0,31751,0.9111838997196938,9.790796847536852,0.011183899719693802,20.569528475653094,0.5242262844691506,0.7660369848546162,0.5042501393135043,0.5981711362124237,1.1963422724248474
Conformalized ExtraTrees,60,71,native_interval,high_interpolation_regime,1,753,0.9893758300132802,9.790796847536853,0.0893758300132802,9.82990151746171,0.3037993124099056,0.6274268121585062,0.18769576346318007,0.37297396267719723,0.7459479253543945
Conformalized ExtraTrees,60,71,native_interval,weak_signal_regime,0,25159,0.9400214634921896,9.790796847536853,0.0400214634921896,19.050110094330396,0.4844505374142041,0.6304170542186404,0.468054967302316,0.5276408529783868,1.0552817059567734
Conformalized ExtraTrees,60,71,native_interval,weak_signal_regime,1,7345,0.8204220558202859,9.790796847536853,0.07957794417971409,24.67301492305673,0.6378731885120085,1.2163689623672564,0.5957775576408281,0.8166732361733643,1.6333464723467286
Conformalized ExtraTrees,60,71,native_interval,pv_regime,high,629,0.8505564387917329,9.790796847536853,0.049443561208267095,25.10627907678448,0.6561298272848075,1.085836483784616,0.5991841265544168,0.7803834792079467,1.5607669584158934
Conformalized ExtraTrees,60,71,native_interval,pv_regime,low,26491,0.9348457966856668,9.790796847536853,0.034845796685666786,16.729618540472845,0.3837180244064329,0.5951733334234048,0.45276290261720975,0.4772180868156825,0.9544361736313646
Conformalized ExtraTrees,60,71,native_interval,pv_regime,medium,5384,0.812778603268945,9.790796847536853,0.087221396731055,37.431062440220366,1.169333171343185,1.5499934568451579,0.702219950667834,1.1405155262853923,2.281031052570785
IA-GTPF,60,71,raw_quantiles_pre_clip,target_provenance,measured,32504,0.9255476249077037,14.653551520303273,0.02554762490770368,17.658976955916554,0.560830376830898,0.7324256092888568,0.32211847096492985,0.5384581523615616,1.0769163047231232
IA-GTPF,60,71,raw_quantiles_pre_clip,target_provenance,supplier_interpolated,174,0.7068965517241379,2.1742957014832047,0.19310344827586212,6.715501682547891,0.08324820983863583,0.5504823447569442,0.25252687428875875,0.2954191429614463,0.5908382859228924
IA-GTPF,60,71,raw_quantiles_pre_clip,site,industrial1,3799,0.9478810213214004,33.94812411268494,0.047881021321400374,37.78503904211878,1.1285135693769417,2.1192146227756505,0.7607383827289981,1.33615552496053,2.6723110499210603
IA-GTPF,60,71,raw_quantiles_pre_clip,site,industrial2,3799,0.8415372466438537,3.173184245897028,0.05846275335614637,6.320264965620419,0.1305500517806801,0.3191760555518232,0.18546319650034088,0.21172976794428142,0.42345953588856283
IA-GTPF,60,71,raw_quantiles_pre_clip,site,industrial3,3799,0.9544617004474861,80.67354154924452,0.054461700447486106,94.97343449000797,3.349256368767714,2.8055054938840067,1.399415355732685,2.5180590727948022,5.036118145589603
IA-GTPF,60,71,raw_quantiles_pre_clip,site,residential1,3799,0.9660436957093972,1.4000168475365058,0.06604369570939717,1.7677497364970882,0.029923086874829943,0.08883172632513434,0.058464399950024504,0.05907307104999626,0.11814614209999248
IA-GTPF,60,71,raw_quantiles_pre_clip,site,residential2,3799,0.943406159515662,0.9443952194314325,0.04340615951566196,1.6667019393869809,0.019265424044542755,0.12301487731483898,0.06406967292480631,0.06878332476139602,0.13756664952279204
IA-GTPF,60,71,raw_quantiles_pre_clip,site,residential3,3799,0.9341932087391419,1.4429849670710406,0.03419320873914189,2.1054572191362753,0.03541380796170472,0.20370351437998158,0.06985905299510908,0.10299212511226513,0.20598425022453024
IA-GTPF,60,71,raw_quantiles_pre_clip,site,residential4,2138,0.754911131898971,2.5899431299327853,0.14508886810102906,5.9051066883123315,0.09499702520073086,0.5243533231886544,0.20025830921488577,0.27320288586809033,0.5464057717361805
IA-GTPF,60,71,raw_quantiles_pre_clip,site,residential5,3773,0.9541478929234031,0.9295776200184229,0.05414789292340305,1.4176164900165211,0.02021434889386323,0.09275631394248351,0.05066647560696286,0.054545712814436535,0.10909142562887304
IA-GTPF,60,71,raw_quantiles_pre_clip,site,residential6,3799,0.9589365622532245,1.4118156650868228,0.05893656225322452,1.7392367500773471,0.031967975546259346,0.2199232877740059,0.05499386195760805,0.10229504175929109,0.20459008351858213
IA-GTPF,60,71,raw_quantiles_pre_clip,building_type,industrial,11397,0.9146266561375801,39.2649499692755,0.014626656137580074,46.35957949924905,1.5361066633084453,1.74796539073716,0.7818723116540081,1.355314788566538,2.710629577133076
IA-GTPF,60,71,raw_quantiles_pre_clip,building_type,residential,21107,0.9314445444639219,1.3643058613779657,0.031444544463921864,2.161712200794534,0.03421722304378457,0.1840716561374705,0.07386838699594217,0.09738575539239909,0.19477151078479815
IA-GTPF,60,71,raw_quantiles_pre_clip,high_interpolation_regime,0,31751,0.9303643979717174,14.942741380580813,0.030364397971717416,17.927460045707672,0.5720211123739997,0.7371369263516144,0.32435188991138425,0.5445033095456661,1.089006619091332
IA-GTPF,60,71,raw_quantiles_pre_clip,high_interpolation_regime,1,753,0.7224435590969456,2.4595711037398673,0.17755644090305445,6.338118278681782,0.08896179219740939,0.5337682015071697,0.2279441217366798,0.28355803848041966,0.5671160769608393
IA-GTPF,60,71,raw_quantiles_pre_clip,weak_signal_regime,0,25159,0.919710640327517,11.995138572289335,0.019710640327517015,14.833481611532374,0.46485496504645246,0.6183961797311753,0.2768191155301664,0.45335675343593146,0.9067135068718627
IA-GTPF,60,71,raw_quantiles_pre_clip,weak_signal_regime,1,7345,0.9455411844792376,23.759475462996622,0.045541184479237606,27.33721213214006,0.889577195766891,1.1230132768506962,0.4772834108401122,0.8299579611525664,1.6599159223051332
IA-GTPF,60,71,raw_quantiles_pre_clip,pv_regime,high,629,0.9205087440381559,19.39274293493844,0.020508744038155835,23.506240001603324,0.6544467717598357,0.9599767737584967,0.5208652283203308,0.7117629246128877,1.4235258492257754
IA-GTPF,60,71,raw_quantiles_pre_clip,pv_regime,low,26491,0.9309954324110075,11.38056575988851,0.03099543241100744,14.145841522364112,0.44016402445289626,0.605694222758795,0.2671280516653094,0.4376620996256669,0.8753241992513338
IA-GTPF,60,71,raw_quantiles_pre_clip,pv_regime,medium,5384,0.899331352154532,30.204018529839292,0.0006686478454680511,34.26160368595014,1.1436103969711926,1.329400252326834,0.5694697873263151,1.014160145541447,2.028320291082894
IA-GTPF,60,71,dedicated_conformal_pre_clip,target_provenance,measured,32504,0.9255476249077037,14.653551520303273,0.02554762490770368,17.658976955916554,0.560830376830898,0.7324256092888568,0.32211847096492985,0.5384581523615616,1.0769163047231232
IA-GTPF,60,71,dedicated_conformal_pre_clip,target_provenance,supplier_interpolated,174,0.7068965517241379,2.1742957014832047,0.19310344827586212,6.715501682547891,0.08324820983863583,0.5504823447569442,0.25252687428875875,0.2954191429614463,0.5908382859228924
IA-GTPF,60,71,dedicated_conformal_pre_clip,site,industrial1,3799,0.9478810213214004,33.94812411268494,0.047881021321400374,37.78503904211878,1.1285135693769417,2.1192146227756505,0.7607383827289981,1.33615552496053,2.6723110499210603
IA-GTPF,60,71,dedicated_conformal_pre_clip,site,industrial2,3799,0.8415372466438537,3.173184245897028,0.05846275335614637,6.320264965620419,0.1305500517806801,0.3191760555518232,0.18546319650034088,0.21172976794428142,0.42345953588856283
IA-GTPF,60,71,dedicated_conformal_pre_clip,site,industrial3,3799,0.9544617004474861,80.67354154924452,0.054461700447486106,94.97343449000797,3.349256368767714,2.8055054938840067,1.399415355732685,2.5180590727948022,5.036118145589603
IA-GTPF,60,71,dedicated_conformal_pre_clip,site,residential1,3799,0.9660436957093972,1.4000168475365058,0.06604369570939717,1.7677497364970882,0.029923086874829943,0.08883172632513434,0.058464399950024504,0.05907307104999626,0.11814614209999248
IA-GTPF,60,71,dedicated_conformal_pre_clip,site,residential2,3799,0.943406159515662,0.9443952194314325,0.04340615951566196,1.6667019393869809,0.019265424044542755,0.12301487731483898,0.06406967292480631,0.06878332476139602,0.13756664952279204
IA-GTPF,60,71,dedicated_conformal_pre_clip,site,residential3,3799,0.9341932087391419,1.4429849670710406,0.03419320873914189,2.1054572191362753,0.03541380796170472,0.20370351437998158,0.06985905299510908,0.10299212511226513,0.20598425022453024
IA-GTPF,60,71,dedicated_conformal_pre_clip,site,residential4,2138,0.754911131898971,2.5899431299327853,0.14508886810102906,5.9051066883123315,0.09499702520073086,0.5243533231886544,0.20025830921488577,0.27320288586809033,0.5464057717361805
IA-GTPF,60,71,dedicated_conformal_pre_clip,site,residential5,3773,0.9541478929234031,0.9295776200184229,0.05414789292340305,1.4176164900165211,0.02021434889386323,0.09275631394248351,0.05066647560696286,0.054545712814436535,0.10909142562887304
IA-GTPF,60,71,dedicated_conformal_pre_clip,site,residential6,3799,0.9589365622532245,1.4118156650868228,0.05893656225322452,1.7392367500773471,0.031967975546259346,0.2199232877740059,0.05499386195760805,0.10229504175929109,0.20459008351858213
IA-GTPF,60,71,dedicated_conformal_pre_clip,building_type,industrial,11397,0.9146266561375801,39.2649499692755,0.014626656137580074,46.35957949924905,1.5361066633084453,1.74796539073716,0.7818723116540081,1.355314788566538,2.710629577133076
IA-GTPF,60,71,dedicated_conformal_pre_clip,building_type,residential,21107,0.9314445444639219,1.3643058613779657,0.031444544463921864,2.161712200794534,0.03421722304378457,0.1840716561374705,0.07386838699594217,0.09738575539239909,0.19477151078479815
IA-GTPF,60,71,dedicated_conformal_pre_clip,high_interpolation_regime,0,31751,0.9303643979717174,14.942741380580813,0.030364397971717416,17.927460045707672,0.5720211123739997,0.7371369263516144,0.32435188991138425,0.5445033095456661,1.089006619091332
IA-GTPF,60,71,dedicated_conformal_pre_clip,high_interpolation_regime,1,753,0.7224435590969456,2.4595711037398673,0.17755644090305445,6.338118278681782,0.08896179219740939,0.5337682015071697,0.2279441217366798,0.28355803848041966,0.5671160769608393
IA-GTPF,60,71,dedicated_conformal_pre_clip,weak_signal_regime,0,25159,0.919710640327517,11.995138572289335,0.019710640327517015,14.833481611532374,0.46485496504645246,0.6183961797311753,0.2768191155301664,0.45335675343593146,0.9067135068718627
IA-GTPF,60,71,dedicated_conformal_pre_clip,weak_signal_regime,1,7345,0.9455411844792376,23.759475462996622,0.045541184479237606,27.33721213214006,0.889577195766891,1.1230132768506962,0.4772834108401122,0.8299579611525664,1.6599159223051332
IA-GTPF,60,71,dedicated_conformal_pre_clip,pv_regime,high,629,0.9205087440381559,19.39274293493844,0.020508744038155835,23.506240001603324,0.6544467717598357,0.9599767737584967,0.5208652283203308,0.7117629246128877,1.4235258492257754
IA-GTPF,60,71,dedicated_conformal_pre_clip,pv_regime,low,26491,0.9309954324110075,11.38056575988851,0.03099543241100744,14.145841522364112,0.44016402445289626,0.605694222758795,0.2671280516653094,0.4376620996256669,0.8753241992513338
IA-GTPF,60,71,dedicated_conformal_pre_clip,pv_regime,medium,5384,0.899331352154532,30.204018529839292,0.0006686478454680511,34.26160368595014,1.1436103969711926,1.329400252326834,0.5694697873263151,1.014160145541447,2.028320291082894
IA-GTPF,60,71,dedicated_conformal_post_clip,target_provenance,measured,32504,0.9255476249077037,14.652457808697141,0.02554762490770368,17.657883244310423,0.5608279954574336,0.7324256092888568,0.3220661667580878,0.5384399238347927,1.0768798476695856
IA-GTPF,60,71,dedicated_conformal_post_clip,target_provenance,supplier_interpolated,174,0.7068965517241379,2.169472004094013,0.19310344827586212,6.710677985158699,0.08324820983863583,0.5504823447569442,0.2522856894192992,0.29533874800495974,0.5906774960099195
IA-GTPF,60,71,dedicated_conformal_post_clip,site,industrial1,3799,0.9478810213214004,33.94812411268494,0.047881021321400374,37.78503904211878,1.1285135693769417,2.1192146227756505,0.7607383827289981,1.33615552496053,2.6723110499210603
IA-GTPF,60,71,dedicated_conformal_post_clip,site,industrial2,3799,0.8415372466438537,3.173184245897028,0.05846275335614637,6.320264965620419,0.1305500517806801,0.3191760555518232,0.18546319650034088,0.21172976794428142,0.42345953588856283
IA-GTPF,60,71,dedicated_conformal_post_clip,site,industrial3,3799,0.9544617004474861,80.67354154924452,0.054461700447486106,94.97343449000797,3.349256368767714,2.8055054938840067,1.399415355732685,2.5180590727948022,5.036118145589603
IA-GTPF,60,71,dedicated_conformal_post_clip,site,residential1,3799,0.9660436957093972,1.3999114514004802,0.06604369570939717,1.7676443403610624,0.029917817068028665,0.08883172632513434,0.058464399950024504,0.05907131444772917,0.1181426288954583
IA-GTPF,60,71,dedicated_conformal_post_clip,site,residential2,3799,0.943406159515662,0.9440597048691739,0.04340615951566196,1.666366424824722,0.019262930224911972,0.12301487731483898,0.06405539101632417,0.06877773285202504,0.13755546570405006
IA-GTPF,60,71,dedicated_conformal_post_clip,site,residential3,3799,0.9341932087391419,1.4424194920105733,0.03419320873914189,2.104891744075808,0.03541380796170472,0.20370351437998158,0.06983077924208572,0.10298270052792402,0.205965401055848
IA-GTPF,60,71,dedicated_conformal_post_clip,site,residential4,2138,0.754911131898971,2.576344748879538,0.14508886810102906,5.891508307259084,0.09499702520073086,0.5243533231886544,0.1995783901622234,0.27297624618386956,0.545952492367739
IA-GTPF,60,71,dedicated_conformal_post_clip,site,residential5,3773,0.9541478929234031,0.9291409525922215,0.05414789292340305,1.4171798225903198,0.02020165073688633,0.09275631394248351,0.05065734039262968,0.05453843502399985,0.10907687004799967
IA-GTPF,60,71,dedicated_conformal_post_clip,site,residential6,3799,0.9589365622532245,1.4115508960272525,0.05893656225322452,1.7389719810177768,0.031967975546259346,0.2199232877740059,0.05498062350462954,0.10229062894163159,0.20458125788326317
IA-GTPF,60,71,dedicated_conformal_post_clip,building_type,industrial,11397,0.9146266561375801,39.2649499692755,0.014626656137580074,46.35957949924905,1.5361066633084453,1.74796539073716,0.7818723116540081,1.355314788566538,2.710629577133076
IA-GTPF,60,71,dedicated_conformal_post_clip,building_type,residential,21107,0.9314445444639219,1.3626215859221595,0.031444544463921864,2.1600279253387273,0.034213555816651905,0.1840716561374705,0.07378784045028451,0.09735768413480232,0.1947153682696046
IA-GTPF,60,71,dedicated_conformal_post_clip,high_interpolation_regime,0,31751,0.9303643979717174,14.941952921045836,0.030364397971717416,17.9266715861727,0.5720186745243858,0.7371369263516144,0.3243149047842493,0.5444901685534165,1.0889803371068327
IA-GTPF,60,71,dedicated_conformal_post_clip,high_interpolation_regime,1,753,0.7224435590969456,2.4456061324906466,0.17755644090305445,6.324153307432563,0.08896179219740939,0.5337682015071697,0.2272458731742188,0.28332528895959935,0.5666505779191986
IA-GTPF,60,71,dedicated_conformal_post_clip,weak_signal_regime,0,25159,0.919710640327517,11.993725558972201,0.019710640327517015,14.832068598215242,0.4648518884471008,0.6183961797311753,0.2767515414636615,0.4533332032139792,0.9066664064279585
IA-GTPF,60,71,dedicated_conformal_post_clip,weak_signal_regime,1,7345,0.9455411844792376,23.759475462996622,0.045541184479237606,27.33721213214006,0.889577195766891,1.1230132768506962,0.4772834108401122,0.8299579611525664,1.6599159223051332
IA-GTPF,60,71,dedicated_conformal_post_clip,pv_regime,high,629,0.9205087440381559,19.39274293493844,0.020508744038155835,23.506240001603324,0.6544467717598357,0.9599767737584967,0.5208652283203308,0.7117629246128877,1.4235258492257754
IA-GTPF,60,71,dedicated_conformal_post_clip,pv_regime,low,26491,0.9309954324110075,11.380277661607012,0.03099543241100744,14.14555342408261,0.44016110254873675,0.605694222758795,0.26711656865539396,0.4376572979876419,0.8753145959752837
IA-GTPF,60,71,dedicated_conformal_post_clip,pv_regime,medium,5384,0.899331352154532,30.198833167567653,0.0006686478454680511,34.2564183236785,1.1436103969711926,1.329400252326834,0.569210519212733,1.0140737228369199,2.0281474456738393
IA-GTPF,60,71,adaptive_conformal_pre_clip,target_provenance,measured,32504,0.9420071375830666,14.83539942661714,0.04200713758306662,17.585956408032065,0.5651331824582354,0.7324256092888568,0.3141646379433678,0.5372411432301534,1.0744822864603065
IA-GTPF,60,71,adaptive_conformal_pre_clip,target_provenance,supplier_interpolated,174,0.8793103448275862,3.4028559735206447,0.020689655172413834,5.82427909841386,0.11209448525059991,0.5504823447569442,0.17911946967009318,0.2805654332258791,0.5611308664517581
IA-GTPF,60,71,adaptive_conformal_pre_clip,site,industrial1,3799,0.9478810213214004,33.94812411268494,0.047881021321400374,37.78503904211878,1.1285135693769417,2.1192146227756505,0.7607383827289981,1.33615552496053,2.6723110499210603
IA-GTPF,60,71,adaptive_conformal_pre_clip,site,industrial2,3799,0.9005001316135826,4.053481093544875,0.0005001316135825329,6.11656200564777,0.15255670134951937,0.3191760555518232,0.1532713989328692,0.20833471861140393,0.41666943722280786
IA-GTPF,60,71,adaptive_conformal_pre_clip,site,industrial3,3799,0.9544617004474861,80.67354154924452,0.054461700447486106,94.97343449000797,3.349256368767714,2.8055054938840067,1.399415355732685,2.5180590727948022,5.036118145589603
IA-GTPF,60,71,adaptive_conformal_pre_clip,site,residential1,3799,0.9660436957093972,1.4000168475365058,0.06604369570939717,1.7677497364970882,0.029923086874829943,0.08883172632513434,0.058464399950024504,0.05907307104999626,0.11814614209999248
IA-GTPF,60,71,adaptive_conformal_pre_clip,site,residential2,3799,0.943406159515662,0.9443952194314325,0.04340615951566196,1.6667019393869809,0.019265424044542755,0.12301487731483898,0.06406967292480631,0.06878332476139602,0.13756664952279204
IA-GTPF,60,71,adaptive_conformal_pre_clip,site,residential3,3799,0.9341932087391419,1.4441991747809042,0.03419320873914189,2.1062881900918784,0.035444163154451314,0.20370351437998158,0.06987024635014265,0.10300597462819185,0.20601194925638366
IA-GTPF,60,71,adaptive_conformal_pre_clip,site,residential4,2138,0.9003741814780168,3.788223694723277,0.0003741814780168218,5.155457856618304,0.1212551229657966,0.5243533231886544,0.1365177698651186,0.26070873867318983,0.5214174773463797
IA-GTPF,60,71,adaptive_conformal_pre_clip,site,residential5,3773,0.9541478929234031,0.9295776200184229,0.05414789292340305,1.4176164900165211,0.02021434889386323,0.09275631394248351,0.05066647560696286,0.054545712814436535,0.10909142562887304
IA-GTPF,60,71,adaptive_conformal_pre_clip,site,residential6,3799,0.9589365622532245,1.4118156650868228,0.05893656225322452,1.7392367500773471,0.031967975546259346,0.2199232877740059,0.05499386195760805,0.10229504175929109,0.20459008351858213
IA-GTPF,60,71,adaptive_conformal_pre_clip,building_type,industrial,11397,0.9342809511274897,39.558382251824774,0.034280951127489634,46.29167851259151,1.543442213164725,1.74796539073716,0.7711417124648507,1.3541831054555786,2.7083662109111573
IA-GTPF,60,71,adaptive_conformal_pre_clip,building_type,residential,21107,0.94617899275122,1.4859023280767785,0.04617899275121995,2.0859272790386476,0.03688245886123635,0.1840716561374705,0.06741390509069604,0.0961226733631343,0.19224534672626858
IA-GTPF,60,71,adaptive_conformal_pre_clip,high_interpolation_regime,0,31751,0.9434348524455922,15.099558410387507,0.0434348524455922,17.87875415857161,0.5757567359305817,0.7371369263516144,0.3181809719979991,0.5436915447600651,1.0873830895201297
IA-GTPF,60,71,adaptive_conformal_pre_clip,high_interpolation_regime,1,753,0.8818061088977424,3.696871015338216,0.018193891102257664,5.239845681098071,0.11718039852667503,0.5337682015071697,0.14481188552822855,0.2652534951873578,0.5305069903747155
IA-GTPF,60,71,adaptive_conformal_pre_clip,weak_signal_regime,0,25159,0.9401804523232243,12.220088944826706,0.040180452323224314,14.735693898699886,0.47016427567116004,0.6183961797311753,0.26662041926383434,0.4517269582220566,0.9034539164441132
IA-GTPF,60,71,adaptive_conformal_pre_clip,weak_signal_regime,1,7345,0.9482641252552757,23.793683485346282,0.04826412525527568,27.349027132645848,0.8904323963256325,1.1230132768506962,0.47701896030665997,0.830154877827663,1.6603097556553257
IA-GTPF,60,71,adaptive_conformal_pre_clip,pv_regime,high,629,0.9348171701112877,19.67724234459832,0.03481717011128771,23.551325241089987,0.6589755107334065,0.9599767737584967,0.5185907513210932,0.7125143452709987,1.4250286905419973
IA-GTPF,60,71,adaptive_conformal_pre_clip,pv_regime,low,26491,0.9459061568079725,11.53889015300969,0.0459061568079725,14.094820719234788,0.4441218165767613,0.605694222758795,0.2606192193849781,0.4368117529068449,0.8736235058136897
IA-GTPF,60,71,adaptive_conformal_pre_clip,pv_regime,medium,5384,0.9236627043090639,30.489617103386234,0.02366270430906392,34.06653934561289,1.149584383996321,1.329400252326834,0.5537425832843244,1.010909073202493,2.0218181464049856
QuantileForest,60,71,native_interval,target_provenance,measured,32504,0.9275473787841496,7.653367168240602,0.02754737878414959,9.479976611837753,0.16789612718763147,0.7434739786600102,0.3061027034042564,0.4058242697506327,0.8116485395012653
QuantileForest,60,71,native_interval,target_provenance,supplier_interpolated,174,0.4827586206896552,2.1227815173509117,0.41724137931034483,10.610751514433666,0.10183881390727778,0.5421394906076935,0.4286987618144056,0.35755902210979223,0.7151180442195848
QuantileForest,60,71,native_interval,site,industrial1,3799,0.9620952882337457,23.2662974817683,0.06209528823374566,25.00411912271407,0.441020682515655,2.0587394228665477,0.8091852736200492,1.1029817930007506,2.2059635860015008
QuantileForest,60,71,native_interval,site,industrial2,3799,0.9031324032640169,3.0231082593435623,0.0031324032640168697,4.784102707473675,0.07304562769053333,0.3490044021870212,0.1661595076831505,0.19606984585356835,0.39213969170713664
QuantileForest,60,71,native_interval,site,industrial3,3799,0.9563042906027902,32.38641981530814,0.056304290602790186,39.15503143458803,0.7611707357909738,3.100426904139382,1.1965808359384287,1.6860594919562615,3.372118983912523
QuantileForest,60,71,native_interval,site,residential1,3799,0.95551460910766,1.0830052784926052,0.05551460910765993,1.563910316211245,0.020177358766705303,0.09523438758472254,0.058018157043856974,0.057809967798428265,0.11561993559685652
QuantileForest,60,71,native_interval,site,residential2,3799,0.9307712555935772,0.8989710272354986,0.030771255593577185,1.6436714994284691,0.01483935456076645,0.09673738973922698,0.06734422041065703,0.059640321570216814,0.11928064314043363
QuantileForest,60,71,native_interval,site,residential3,3799,0.9244538036325349,1.4110660953473309,0.02445380363253491,2.1642573723933967,0.031185917932785977,0.15812982125943026,0.0770269506868839,0.08878089662636672,0.17756179325273344
QuantileForest,60,71,native_interval,site,residential4,2138,0.725444340505145,2.4554397748215977,0.17455565949485508,6.886341019489161,0.09673713909380616,0.5497670459869705,0.24757991188065195,0.2980280323204762,0.5960560646409524
QuantileForest,60,71,native_interval,site,residential5,3773,0.9485820302146832,0.8433681046936984,0.048582030214683214,1.3260561993769502,0.015100565123556897,0.0783270836064357,0.05120224484529064,0.048209964525094406,0.09641992905018881
QuantileForest,60,71,native_interval,site,residential6,3799,0.9534087917873124,1.1933821975228895,0.05340879178731239,1.6025049810571845,0.02562988907925674,0.11565454024097573,0.054495359973602525,0.06525992976461166,0.1305198595292233
QuantileForest,60,71,native_interval,building_type,industrial,11397,0.9405106607001843,19.55860851880667,0.040510660700184276,22.981084421591927,0.42507901533238746,1.8360569097309838,0.7239752057472094,0.9950370436035268,1.9900740872070533
QuantileForest,60,71,native_interval,building_type,residential,21107,0.920547685601933,1.2249767919483077,0.020547685601932986,2.1898773221344148,0.02902687167117796,0.15351957180844986,0.0804669944355428,0.08767114597172354,0.17534229194344705
QuantileForest,60,71,native_interval,high_interpolation_regime,0,31751,0.9354351044061604,7.780122915925916,0.03543510440616038,9.478760172893354,0.1693810834994283,0.7475285282832087,0.3045569251452397,0.40715551230929226,0.8143110246185845
QuantileForest,60,71,native_interval,high_interpolation_regime,1,753,0.5949535192563081,2.308583974672968,0.3050464807436919,9.53126897959812,0.10528145540029983,0.5725098284791599,0.37128199357960623,0.34969109248635527,0.6993821849727108
QuantileForest,60,71,native_interval,weak_signal_regime,0,25159,0.919829881950793,6.115181389501136,0.019829881950792938,7.981288539474465,0.13776553463600202,0.6239027069203776,0.2612988923377214,0.34098904463136703,0.6819780892627341
QuantileForest,60,71,native_interval,weak_signal_regime,1,7345,0.9539823008849557,12.922150831590665,0.0539823008849557,14.613467859296962,0.27110314938047614,1.153044247645363,0.4595702435843724,0.6279058802034038,1.2558117604068075
QuantileForest,60,71,native_interval,pv_regime,high,629,0.9157392686804452,11.293045751625305,0.015739268680445173,12.905037510374543,0.23280648256922482,0.8976831508817562,0.41244539294950266,0.5143116754668279,1.0286233509336558
QuantileForest,60,71,native_interval,pv_regime,low,26491,0.9331471065644936,5.88110514711882,0.0331471065644936,7.49983211903827,0.12803917173941726,0.5988029594172826,0.2469524342124964,0.3245981884563987,0.6491963769127974
QuantileForest,60,71,native_interval,pv_regime,medium,5384,0.9013744427934621,15.9482474380378,0.001374442793462105,18.822778330554577,0.3564217574334746,1.437285717410311,0.5847171590942547,0.7928082113126801,1.5856164226253597
