model,horizon_minutes,seed,benchmark_partition,condition,value,n,MAE,RMSE,R2
HGB,15,0,full_test,site,industrial1,3802,3.3524649383396916,4.440633385198832,0.7747921693722355
HGB,15,0,full_test,site,industrial2,3802,0.609088570594657,0.9576054780702113,0.562659204037975
HGB,15,0,full_test,site,industrial3,3802,3.722132213574318,6.1694708965851,0.9690894176981885
HGB,15,0,full_test,site,residential1,3802,0.1581165408460357,0.30788588907482417,0.34128881502824326
HGB,15,0,full_test,site,residential2,3802,0.18201079912249746,0.39468395301770415,0.30949305540597094
HGB,15,0,full_test,site,residential3,3802,0.1886784709238454,0.3559599360142373,0.6448542499878902
HGB,15,0,full_test,site,residential4,2138,0.9739824511529019,1.1983817275244064,0.14053920661860164
HGB,15,0,full_test,site,residential5,3775,0.12541232025582405,0.28204501723214986,0.25068830379149654
HGB,15,0,full_test,site,residential6,3802,0.1496676572627213,0.2758020910714773,0.5229419368037791
HGB,15,0,full_test,building_type,industrial,11406,2.5612285741695553,4.4233699165976414,0.9831404912033821
HGB,15,0,full_test,building_type,residential,21121,0.24314010299968422,0.4911186274546802,0.4178264382800523
HGB,15,0,full_test,weak_signal_regime,0,25177,0.9006925618051007,2.54133717491602,0.9892677212896018
HGB,15,0,full_test,weak_signal_regime,1,7350,1.5880270209343208,2.9889461694632,0.9850924073609134
HGB,15,0,full_test,high_interpolation_regime,0,32051,1.0572386647801106,2.6637150591194425,0.988568762633242
HGB,15,0,full_test,high_interpolation_regime,1,476,0.9730646797625068,1.338245059488831,0.04923713938817498
HGB,15,0,full_test,pv_regime,high,623,1.512370150514984,3.519987170403982,0.9802831666866088
HGB,15,0,full_test,pv_regime,low,26497,0.8609253319604279,2.1989571541225965,0.9869206595211194
HGB,15,0,full_test,pv_regime,medium,5407,1.9594211406894746,4.134401369833331,0.9896179383796195
Persistence,15,0,full_test,site,industrial1,3802,3.401742197429824,4.80408510415836,0.7364184349097391
Persistence,15,0,full_test,site,industrial2,3802,0.33478080318171616,0.5719274132057413,0.8439985719150414
Persistence,15,0,full_test,site,industrial3,3802,3.639288285246321,5.996209644710254,0.9708012026449319
Persistence,15,0,full_test,site,residential1,3802,0.18023892381438475,0.3527799116208912,0.1351851026049431
Persistence,15,0,full_test,site,residential2,3802,0.20478443175684846,0.44799500544388293,0.11035763371405827
Persistence,15,0,full_test,site,residential3,3802,0.19119367752989153,0.3731598805328894,0.6097038452695114
Persistence,15,0,full_test,site,residential4,2138,1.0594246095455222,1.2803035303430335,0.019016733890260817
Persistence,15,0,full_test,site,residential5,3775,0.1380420405070252,0.33340345220816986,-0.04704617160246127
Persistence,15,0,full_test,site,residential6,3802,0.15942545199958222,0.3050529263472982,0.416384896592521
Persistence,15,0,full_test,building_type,industrial,11406,2.45860376195262,4.44825301878122,0.9829502756630216
Persistence,15,0,full_test,building_type,residential,21121,0.26433744834407624,0.5349239605522397,0.30934085205071404
Persistence,15,0,full_test,weak_signal_regime,0,25177,0.9032126530947785,2.54757730161791,0.9892149514318129
Persistence,15,0,full_test,weak_signal_regime,1,7350,1.4810504473931405,3.0490578101109325,0.9844867551510442
Persistence,15,0,full_test,high_interpolation_regime,0,32051,1.0352464489318525,2.6841609870440353,0.9883926032143521
Persistence,15,0,full_test,high_interpolation_regime,1,476,0.9353399592269261,1.3086336071679576,0.09084684595080805
Persistence,15,0,full_test,pv_regime,high,623,1.4855814348424805,3.530329931402154,0.980167128711001
Persistence,15,0,full_test,pv_regime,low,26497,0.8723480243342187,2.309090926478545,0.9855777048158954
Persistence,15,0,full_test,pv_regime,medium,5407,1.7728468504930952,3.910636632207867,0.9907113358854
QuantileHGB,15,0,full_test,site,industrial1,3802,3.2792110552699465,4.390302000037481,0.7798683753663973
QuantileHGB,15,0,full_test,site,industrial2,3802,0.43410314041793496,0.7685264282980747,0.7183145849973884
QuantileHGB,15,0,full_test,site,industrial3,3802,3.548717039764311,6.286519668611295,0.9679054046752911
QuantileHGB,15,0,full_test,site,residential1,3802,0.16524085021619153,0.3435028922489657,0.18007096782063325
QuantileHGB,15,0,full_test,site,residential2,3802,0.1754576158798274,0.42219030980572647,0.20989350061743106
QuantileHGB,15,0,full_test,site,residential3,3802,0.2655237279247204,0.4777186192702188,0.360340699743564
QuantileHGB,15,0,full_test,site,residential4,2138,1.069838678540737,1.324726843326497,-0.05023959206112805
QuantileHGB,15,0,full_test,site,residential5,3775,0.1223734074516525,0.28777857097967247,0.21991387791057448
QuantileHGB,15,0,full_test,site,residential6,3802,0.2307234902025763,0.4069720156230045,-0.038736101139401846
QuantileHGB,15,0,full_test,building_type,industrial,11406,2.4206770784840645,4.449183972608999,0.9829431384039637
QuantileHGB,15,0,full_test,building_type,residential,21121,0.28082676953113633,0.5627305643930955,0.23567040805606687
QuantileHGB,15,0,full_test,weak_signal_regime,0,25177,0.877378371354871,2.57119444663961,0.9890140604115637
QuantileHGB,15,0,full_test,weak_signal_regime,1,7350,1.5580720681435076,2.9972006118582226,0.9850099543664803
QuantileHGB,15,0,full_test,high_interpolation_regime,0,32051,1.0303497261188572,2.687420463054871,0.9883643955150478
QuantileHGB,15,0,full_test,high_interpolation_regime,1,476,1.0879115223127502,1.4444383084655796,-0.10764070444968521
QuantileHGB,15,0,full_test,pv_regime,high,623,1.3651382765394027,3.3599879612874286,0.982034866598555
QuantileHGB,15,0,full_test,pv_regime,low,26497,0.8718153675980247,2.2879926204477656,0.9858400555566444
QuantileHGB,15,0,full_test,pv_regime,medium,5407,1.7737399694705869,4.005036455736613,0.9902574806362555
Ridge,15,0,full_test,site,industrial1,3802,3.1998955418659243,4.368832116924095,0.7820161292054958
Ridge,15,0,full_test,site,industrial2,3802,0.40810735091858213,0.6129242370497254,0.8208320446283697
Ridge,15,0,full_test,site,industrial3,3802,3.711766647385279,5.945903165412373,0.9712890864928588
Ridge,15,0,full_test,site,residential1,3802,0.2548183772475648,0.386233118312546,-0.03660783957464564
Ridge,15,0,full_test,site,residential2,3802,0.333847766589102,0.47121716380824663,0.01573664978171807
Ridge,15,0,full_test,site,residential3,3802,0.26429577487986117,0.4105752046456724,0.5275130500089078
Ridge,15,0,full_test,site,residential4,2138,1.054737091448394,1.2935509821951716,-0.0013889924247574292
Ridge,15,0,full_test,site,residential5,3775,0.2768062321043931,0.3731901540254812,-0.31185550667310746
Ridge,15,0,full_test,site,residential6,3802,0.2663075381390838,0.3744247525008312,0.12076446064437696
Ridge,15,0,full_test,building_type,industrial,11406,2.4399231800565953,4.274581251954837,0.9842556204558387
Ridge,15,0,full_test,building_type,residential,21121,0.3577214100978072,0.562740001391592,0.23564477220776836
Ridge,15,0,full_test,weak_signal_regime,0,25177,0.9535353768047902,2.470534527170585,0.9898574018455676
Ridge,15,0,full_test,weak_signal_regime,1,7350,1.5480323146377026,2.8910044918446465,0.9860533833806241
Ridge,15,0,full_test,high_interpolation_regime,0,32051,1.0876007081226535,2.584337641350044,0.9892399022339711
Ridge,15,0,full_test,high_interpolation_regime,1,476,1.1061079797524138,1.4761492780629444,-0.15680849211955894
Ridge,15,0,full_test,pv_regime,high,623,1.606170200347827,3.563344507822369,0.9797944522297993
Ridge,15,0,full_test,pv_regime,low,26497,0.9258082432116906,2.1868943114779045,0.9870637648785582
Ridge,15,0,full_test,pv_regime,medium,5407,1.822343746847503,3.8577174770555613,0.9909610253663893
Seasonal Persistence,15,0,full_test,site,industrial1,3802,7.155171083797827,10.015299060910763,-0.14556963065013395
Seasonal Persistence,15,0,full_test,site,industrial2,3802,0.8765088534110071,1.4131454624733086,0.04759759350607862
Seasonal Persistence,15,0,full_test,site,industrial3,3802,12.40042712037932,25.88482639291894,0.4558710161316908
Seasonal Persistence,15,0,full_test,site,residential1,3802,0.26654759866513117,0.506182249061485,-0.7804479842392262
Seasonal Persistence,15,0,full_test,site,residential2,3802,0.28011159923831763,0.5994698558140032,-0.5929561147730469
Seasonal Persistence,15,0,full_test,site,residential3,3802,0.43752664472598085,0.7022527690212962,-0.3822649712883517
Seasonal Persistence,15,0,full_test,site,residential4,2138,1.087639154685325,1.4612098169998278,-0.27779409171240155
Seasonal Persistence,15,0,full_test,site,residential5,3775,0.22612042661535864,0.4217876662164096,-0.6757660999220647
Seasonal Persistence,15,0,full_test,site,residential6,3802,0.2848448703705482,0.4542438652030654,-0.29405958174286173
Seasonal Persistence,15,0,full_test,building_type,industrial,11406,6.8107023525293835,16.04501410375553,0.7781708558249527
Seasonal Persistence,15,0,full_test,building_type,residential,21121,0.3789513703904228,0.6961732825586151,-0.16980741489220952
Seasonal Persistence,15,0,full_test,weak_signal_regime,0,25177,2.188359696959078,9.084828710948566,0.8628484088493509
Seasonal Persistence,15,0,full_test,weak_signal_regime,1,7350,4.161955215867694,10.871318998943988,0.8027868777680512
Seasonal Persistence,15,0,full_test,high_interpolation_regime,0,32051,2.658039634290453,9.586716268872468,0.8519332789354793
Seasonal Persistence,15,0,full_test,high_interpolation_regime,1,476,1.0375516981574755,1.4305058274835536,-0.08637602794431132
Seasonal Persistence,15,0,full_test,pv_regime,high,623,6.009024467182758,17.89453939981035,0.490439151288813
Seasonal Persistence,15,0,full_test,pv_regime,low,26497,1.7209974001943915,5.743962195900598,0.9107567338190712
Seasonal Persistence,15,0,full_test,pv_regime,medium,5407,6.721252556123658,18.61146979440565,0.7896126254292948
Conformalized ExtraTrees,15,11,full_test,site,industrial1,3802,3.3381410977300425,4.403881299607066,0.7785045256096468
Conformalized ExtraTrees,15,11,full_test,site,industrial2,3802,0.35667776031544407,0.6011323735945001,0.8276596455295373
Conformalized ExtraTrees,15,11,full_test,site,industrial3,3802,3.449537509747131,5.802820184468779,0.9726542667649973
Conformalized ExtraTrees,15,11,full_test,site,residential1,3802,0.15885309670560552,0.3058043098469599,0.3501656388549864
Conformalized ExtraTrees,15,11,full_test,site,residential2,3802,0.18190980541968485,0.38816213972929176,0.3321245826155451
Conformalized ExtraTrees,15,11,full_test,site,residential3,3802,0.18386635572844434,0.34944911649013527,0.6577272884732517
Conformalized ExtraTrees,15,11,full_test,site,residential4,2138,0.9637519828300475,1.2018660926479952,0.13553407554636288
Conformalized ExtraTrees,15,11,full_test,site,residential5,3775,0.11999510698766976,0.26945870206577277,0.3160724860470282
Conformalized ExtraTrees,15,11,full_test,site,residential6,3802,0.14781102269870353,0.27491591581594893,0.5260026668546649
Conformalized ExtraTrees,15,11,full_test,building_type,industrial,11406,2.3814521225975396,4.22012056403173,0.9846542501614425
Conformalized ExtraTrees,15,11,full_test,building_type,residential,21121,0.2400502445352713,0.48861010404490585,0.42375847278104983
Conformalized ExtraTrees,15,11,full_test,weak_signal_regime,0,25177,0.8359595651387479,2.4127609005583843,0.9903262260149106
Conformalized ExtraTrees,15,11,full_test,weak_signal_regime,1,7350,1.521903422269217,2.8952429039052396,0.986012459999823
Conformalized ExtraTrees,15,11,full_test,high_interpolation_regime,0,32051,0.9901965207355321,2.542918154776217,0.9895820450352382
Conformalized ExtraTrees,15,11,full_test,high_interpolation_regime,1,476,1.0423433594169347,1.391001301024248,-0.027202301004971785
Conformalized ExtraTrees,15,11,full_test,pv_regime,high,623,1.5148649609157154,3.4702409791851574,0.9808365246819198
Conformalized ExtraTrees,15,11,full_test,pv_regime,low,26497,0.806636324969103,2.1085359073589647,0.987974190688459
Conformalized ExtraTrees,15,11,full_test,pv_regime,medium,5407,1.8338710101387432,3.914909607689877,0.9906910261907812
DLinear-lite,15,11,full_test,site,industrial1,3802,4.146508333270362,5.3389769158217675,0.6744559710823542
DLinear-lite,15,11,full_test,site,industrial2,3802,0.36981699005978225,0.6163397868253931,0.8188296367848651
DLinear-lite,15,11,full_test,site,industrial3,3802,4.983056456472549,6.749731329896188,0.9630014827788725
DLinear-lite,15,11,full_test,site,residential1,3802,0.16805672820712714,0.3156616015139061,0.30759693892450635
DLinear-lite,15,11,full_test,site,residential2,3802,0.19287558023714255,0.40419150083782474,0.2758251027422144
DLinear-lite,15,11,full_test,site,residential3,3802,0.20870084118366916,0.3693477616254116,0.6176374717250299
DLinear-lite,15,11,full_test,site,residential4,2138,1.6121265070218522,1.9667510294272887,-1.3149119955393456
DLinear-lite,15,11,full_test,site,residential5,3775,0.14187973763612802,0.288816136084622,0.21427864777113947
DLinear-lite,15,11,full_test,site,residential6,3802,0.17101979249036098,0.3004284543274848,0.43394548566085545
DLinear-lite,15,11,full_test,building_type,industrial,11406,3.1664605932675647,4.981412860701398,0.9786182389099112
DLinear-lite,15,11,full_test,building_type,residential,21121,0.321873252569617,0.703286669669715,-0.19383535740784996
DLinear-lite,15,11,full_test,weak_signal_regime,0,25177,1.0493831781168488,2.7058101983679754,0.9878336019191921
DLinear-lite,15,11,full_test,weak_signal_regime,1,7350,2.244165199848275,3.8536048033704633,0.975219750254428
DLinear-lite,15,11,full_test,high_interpolation_regime,0,32051,1.3142368558023725,3.016080183864214,0.9853444042413718
DLinear-lite,15,11,full_test,high_interpolation_regime,1,476,1.6645567836363127,2.0089040870593142,-1.1424925272797575
DLinear-lite,15,11,full_test,pv_regime,high,623,1.6996133136111011,3.789040703049479,0.9771538225857885
DLinear-lite,15,11,full_test,pv_regime,low,26497,1.1318607597475916,2.629133448718078,0.9813027570374399
DLinear-lite,15,11,full_test,pv_regime,medium,5407,2.1944074068653734,4.33009915877061,0.9886118281011765
ExtraTrees,15,11,full_test,site,industrial1,3802,3.3381410977300425,4.403881299607066,0.7785045256096468
ExtraTrees,15,11,full_test,site,industrial2,3802,0.35667776031544407,0.6011323735945001,0.8276596455295373
ExtraTrees,15,11,full_test,site,industrial3,3802,3.449537509747131,5.802820184468779,0.9726542667649973
ExtraTrees,15,11,full_test,site,residential1,3802,0.15885309670560552,0.3058043098469599,0.3501656388549864
ExtraTrees,15,11,full_test,site,residential2,3802,0.18190980541968485,0.38816213972929176,0.3321245826155451
ExtraTrees,15,11,full_test,site,residential3,3802,0.18386635572844434,0.34944911649013527,0.6577272884732517
ExtraTrees,15,11,full_test,site,residential4,2138,0.9637519828300475,1.2018660926479952,0.13553407554636288
ExtraTrees,15,11,full_test,site,residential5,3775,0.11999510698766976,0.26945870206577277,0.3160724860470282
ExtraTrees,15,11,full_test,site,residential6,3802,0.14781102269870353,0.27491591581594893,0.5260026668546649
ExtraTrees,15,11,full_test,building_type,industrial,11406,2.3814521225975396,4.22012056403173,0.9846542501614425
ExtraTrees,15,11,full_test,building_type,residential,21121,0.2400502445352713,0.48861010404490585,0.42375847278104983
ExtraTrees,15,11,full_test,weak_signal_regime,0,25177,0.8359595651387479,2.4127609005583843,0.9903262260149106
ExtraTrees,15,11,full_test,weak_signal_regime,1,7350,1.521903422269217,2.8952429039052396,0.986012459999823
ExtraTrees,15,11,full_test,high_interpolation_regime,0,32051,0.9901965207355321,2.542918154776217,0.9895820450352382
ExtraTrees,15,11,full_test,high_interpolation_regime,1,476,1.0423433594169347,1.391001301024248,-0.027202301004971785
ExtraTrees,15,11,full_test,pv_regime,high,623,1.5148649609157154,3.4702409791851574,0.9808365246819198
ExtraTrees,15,11,full_test,pv_regime,low,26497,0.806636324969103,2.1085359073589647,0.987974190688459
ExtraTrees,15,11,full_test,pv_regime,medium,5407,1.8338710101387432,3.914909607689877,0.9906910261907812
GRU-lite,15,11,full_test,site,industrial1,3802,3.2981708221907886,4.410804115587263,0.7778076050883649
GRU-lite,15,11,full_test,site,industrial2,3802,0.4026886695006284,0.7409594469484777,0.7381602206268527
GRU-lite,15,11,full_test,site,industrial3,3802,3.7935678687968775,5.982788127346218,0.9709317696518275
GRU-lite,15,11,full_test,site,residential1,3802,0.15408667339360307,0.3121404665453797,0.32295798820130706
GRU-lite,15,11,full_test,site,residential2,3802,0.17628169727866283,0.41641294514908506,0.23136960153967212
GRU-lite,15,11,full_test,site,residential3,3802,0.22195421952926986,0.3850561792071588,0.584421973744384
GRU-lite,15,11,full_test,site,residential4,2138,1.2977007851722315,1.59842454689495,-0.5290440383101753
GRU-lite,15,11,full_test,site,residential5,3775,0.12456490220613983,0.28327212332969476,0.24415399105700797
GRU-lite,15,11,full_test,site,residential6,3802,0.15894557948709095,0.290015788274063,0.47250370450696977
GRU-lite,15,11,full_test,building_type,industrial,11406,2.498142453496098,4.3126931889025215,0.9839736167851229
GRU-lite,15,11,full_test,building_type,residential,21121,0.28166082882830207,0.6029544052362686,0.12249699851508744
GRU-lite,15,11,full_test,weak_signal_regime,0,25177,0.9061797360470863,2.4785526251426058,0.9897914595860932
GRU-lite,15,11,full_test,weak_signal_regime,1,7350,1.5820250307213022,2.97734230376911,0.985207932971141
GRU-lite,15,11,full_test,high_interpolation_regime,0,32051,1.0550736920794197,2.6109330039463017,0.9890172988287455
GRU-lite,15,11,full_test,high_interpolation_regime,1,476,1.3163955576083715,1.6726638620667682,-0.4853139478661932
GRU-lite,15,11,full_test,pv_regime,high,623,1.4749135290517796,3.502302825154636,0.9804807829799711
GRU-lite,15,11,full_test,pv_regime,low,26497,0.8787456171441862,2.2100160705428498,0.986788772412317
GRU-lite,15,11,full_test,pv_regime,medium,5407,1.8938001561291478,3.912413119622004,0.9907028948337502
GraphTemporalMLP-lite,15,11,full_test,site,industrial1,3802,3.2319203097449067,4.480777161419634,0.7707019613510447
GraphTemporalMLP-lite,15,11,full_test,site,industrial2,3802,0.38874612702580813,0.6598998382785402,0.7923161188300567
GraphTemporalMLP-lite,15,11,full_test,site,industrial3,3802,4.5638396809441355,6.568685410613181,0.964959663124708
GraphTemporalMLP-lite,15,11,full_test,site,residential1,3802,0.1714071565924164,0.313831872846219,0.31560068667777186
GraphTemporalMLP-lite,15,11,full_test,site,residential2,3802,0.19706310501383598,0.4010190785015926,0.28714831330527657
GraphTemporalMLP-lite,15,11,full_test,site,residential3,3802,0.23669733725890205,0.3914619965331622,0.5704797978596188
GraphTemporalMLP-lite,15,11,full_test,site,residential4,2138,1.657698105642865,2.0466035641262943,-1.506704642107525
GraphTemporalMLP-lite,15,11,full_test,site,residential5,3775,0.1437432466960668,0.28784861141913815,0.21953411215138507
GraphTemporalMLP-lite,15,11,full_test,site,residential6,3802,0.1750577511657156,0.2987085032810106,0.44040825011102525
GraphTemporalMLP-lite,15,11,full_test,building_type,industrial,11406,2.7281687059049498,4.606533757988476,0.9817153389690232
GraphTemporalMLP-lite,15,11,full_test,building_type,residential,21121,0.3339428098555686,0.7274125531769069,-0.2771480620199551
GraphTemporalMLP-lite,15,11,full_test,weak_signal_regime,0,25177,1.0039703817980354,2.6169340677829562,0.9886197205749666
GraphTemporalMLP-lite,15,11,full_test,weak_signal_regime,1,7350,1.754249801902338,3.3154359140632828,0.9816577501466871
GraphTemporalMLP-lite,15,11,full_test,high_interpolation_regime,0,32051,1.165017478694264,2.7989099490343037,0.9873789478079175
GraphTemporalMLP-lite,15,11,full_test,high_interpolation_regime,1,476,1.7452166741207302,2.114660995648955,-1.3740093277897563
GraphTemporalMLP-lite,15,11,full_test,pv_regime,high,623,1.453754625058982,3.44129333764459,0.9811549023947961
GraphTemporalMLP-lite,15,11,full_test,pv_regime,low,26497,0.9912171484073253,2.4151879145517854,0.9842219196156506
GraphTemporalMLP-lite,15,11,full_test,pv_regime,medium,5407,2.0345345725449757,4.108623342234345,0.9897469992580179
IA-GTPF,15,11,full_test,site,industrial1,3802,3.2451962359899587,4.322604579902287,0.7866047902062384
IA-GTPF,15,11,full_test,site,industrial2,3802,0.38896033943486213,0.6482109282465072,0.7996084315338838
IA-GTPF,15,11,full_test,site,industrial3,3802,3.4274477810272788,5.8999892835278445,0.9717307821657789
IA-GTPF,15,11,full_test,site,residential1,3802,0.15429625192473795,0.3127909638114274,0.32013315173282053
IA-GTPF,15,11,full_test,site,residential2,3802,0.17237525164445228,0.3976790137970906,0.298973462788359
IA-GTPF,15,11,full_test,site,residential3,3802,0.1971302008914069,0.36282174224843194,0.6310300556504675
IA-GTPF,15,11,full_test,site,residential4,2138,1.006367804748916,1.2402278192854297,0.0794685083304204
IA-GTPF,15,11,full_test,site,residential5,3775,0.11621087047027683,0.27064319212674176,0.31004643550742483
IA-GTPF,15,11,full_test,site,residential6,3802,0.1636053324679123,0.28573271500054903,0.48796922188704406
IA-GTPF,15,11,full_test,building_type,industrial,11406,2.3538681188173665,4.239298735539241,0.9845144569290033
IA-GTPF,15,11,full_test,building_type,residential,21121,0.24638189275984423,0.503257229986912,0.3886925179555242
IA-GTPF,15,11,full_test,weak_signal_regime,0,25177,0.8359259399821979,2.4388096436125317,0.9901162177019547
IA-GTPF,15,11,full_test,weak_signal_regime,1,7350,1.4974073917387423,2.8710703808019553,0.9862450502724568
IA-GTPF,15,11,full_test,high_interpolation_regime,0,32051,0.9828484695924997,2.555095865878988,0.989482025598761
IA-GTPF,15,11,full_test,high_interpolation_regime,1,476,1.1570912212234077,1.512220797180926,-0.21403532649425983
IA-GTPF,15,11,full_test,pv_regime,high,623,1.44869131709092,3.3898487575512313,0.9817141291608832
IA-GTPF,15,11,full_test,pv_regime,low,26497,0.8090908352096601,2.1411987608200365,0.9875987267348899
IA-GTPF,15,11,full_test,pv_regime,medium,5407,1.7960120527304495,3.8870059983370995,0.9908232531351329
Lag-Llama zero-shot,15,11,foundation_subset,site,industrial1,134,3.3177311669534713,4.813042668601935,0.7661740510684557
Lag-Llama zero-shot,15,11,foundation_subset,site,industrial2,115,0.4688245658506472,0.878025678847208,0.697141852940927
Lag-Llama zero-shot,15,11,foundation_subset,site,industrial3,116,5.188429901610271,12.335054205636462,0.8918919744238395
Lag-Llama zero-shot,15,11,foundation_subset,site,residential1,112,0.12132942193288931,0.2119810697936175,0.29624813570786446
Lag-Llama zero-shot,15,11,foundation_subset,site,residential2,120,0.1335039862782913,0.2592048316619515,0.44618334733345966
Lag-Llama zero-shot,15,11,foundation_subset,site,residential3,113,0.1989293639671725,0.3904538066245297,0.4958610549912361
Lag-Llama zero-shot,15,11,foundation_subset,site,residential4,69,0.9698439812692761,1.2365128399766838,0.4153591909367357
Lag-Llama zero-shot,15,11,foundation_subset,site,residential5,136,0.12696865247688086,0.2934258751576397,0.11431208070488963
Lag-Llama zero-shot,15,11,foundation_subset,site,residential6,109,0.12545018355423232,0.2121572963372471,0.5792611652492909
Lag-Llama zero-shot,15,11,foundation_subset,building_type,industrial,365,3.0146538904969344,7.5566592153077625,0.9543304561390115
Lag-Llama zero-shot,15,11,foundation_subset,building_type,residential,659,0.22754086978758153,0.48095239669010337,0.47863599634793164
PatchTST-lite,15,11,full_test,site,industrial1,3802,3.2636409934250685,4.550928160671326,0.7634659828338612
PatchTST-lite,15,11,full_test,site,industrial2,3802,0.4717051979231699,0.8716678585006251,0.6376328569472204
PatchTST-lite,15,11,full_test,site,industrial3,3802,4.438885317931177,6.720795661733231,0.9633180233987335
PatchTST-lite,15,11,full_test,site,residential1,3802,0.16608416346767216,0.3179352895632921,0.2975863556034901
PatchTST-lite,15,11,full_test,site,residential2,3802,0.1934387258946999,0.40694270930371185,0.2659330749056936
PatchTST-lite,15,11,full_test,site,residential3,3802,0.23796346913234648,0.4069118397246528,0.5359069819372628
PatchTST-lite,15,11,full_test,site,residential4,2138,1.7058022367470242,2.071053242590239,-1.5669549141179298
PatchTST-lite,15,11,full_test,site,residential5,3775,0.13580192757918855,0.2844183091670209,0.23802495380169597
PatchTST-lite,15,11,full_test,site,residential6,3802,0.18108255888490296,0.2996946185295985,0.4367074327180893
PatchTST-lite,15,11,full_test,building_type,industrial,11406,2.7247438364264713,4.713096869571944,0.9808595947174976
PatchTST-lite,15,11,full_test,building_type,residential,21121,0.3370946679917568,0.7366301410363951,-0.30972053205704064
PatchTST-lite,15,11,full_test,weak_signal_regime,0,25177,1.0143529113455103,2.6990050312144134,0.9878947224352499
PatchTST-lite,15,11,full_test,weak_signal_regime,1,7350,1.7224274057126963,3.328303141978759,0.9815151010946662
PatchTST-lite,15,11,full_test,high_interpolation_regime,0,32051,1.1653805210458525,2.8628268654079325,0.9867959281438877
PatchTST-lite,15,11,full_test,high_interpolation_regime,1,476,1.7785579850706212,2.121610787475476,-1.389639239405355
PatchTST-lite,15,11,full_test,pv_regime,high,623,1.4802956296484866,3.496876988391748,0.9805412152458965
PatchTST-lite,15,11,full_test,pv_regime,low,26497,0.9858434157130797,2.439189865851826,0.9839067586430066
PatchTST-lite,15,11,full_test,pv_regime,medium,5407,2.0628976359374427,4.291046370169294,0.9888163196466764
QuantileForest,15,11,full_test,site,industrial1,3802,3.1439773225174177,4.3475105946011805,0.7841386216590833
QuantileForest,15,11,full_test,site,industrial2,3802,0.3700834813546004,0.6528618009962921,0.7967225215635432
QuantileForest,15,11,full_test,site,industrial3,3802,3.4729323937853325,5.925269180377134,0.9714880108980464
QuantileForest,15,11,full_test,site,residential1,3802,0.15708064747156655,0.31465202228623806,0.31201887610458434
QuantileForest,15,11,full_test,site,residential2,3802,0.1729305861938489,0.4034503162334388,0.2784785734583872
QuantileForest,15,11,full_test,site,residential3,3802,0.18799450947430976,0.35889671366437215,0.6389699553630284
QuantileForest,15,11,full_test,site,residential4,2138,1.1093032672368637,1.3548818582412676,-0.09859740379112147
QuantileForest,15,11,full_test,site,residential5,3775,0.11614813708921572,0.273116087684182,0.29738047573199144
QuantileForest,15,11,full_test,site,residential6,3802,0.15404784622495094,0.28634449391913974,0.4857742685842438
QuantileForest,15,11,full_test,building_type,industrial,11406,2.32899773255245,4.259729716046029,0.9843648344349003
QuantileForest,15,11,full_test,building_type,residential,21121,0.2540266724884571,0.5331252944201149,0.3139776855804478
QuantileForest,15,11,full_test,weak_signal_regime,0,25177,0.8334589536205326,2.4343574195946114,0.9901522718860608
QuantileForest,15,11,full_test,weak_signal_regime,1,7350,1.4892312124922176,2.945468222611693,0.985522952039988
QuantileForest,15,11,full_test,high_interpolation_regime,0,32051,0.9736147023190477,2.5675864738176175,0.9893789398301182
QuantileForest,15,11,full_test,high_interpolation_regime,1,476,1.5221022333910768,1.874249680018771,-0.864901086322424
QuantileForest,15,11,full_test,pv_regime,high,623,1.3979372474999956,3.3669536659013706,0.9819603011359073
QuantileForest,15,11,full_test,pv_regime,low,26497,0.8079382683680265,2.16767892990859,0.9872900973798748
QuantileForest,15,11,full_test,pv_regime,medium,5407,1.784906655258341,3.880039846892302,0.9908561161278742
RandomForest,15,11,full_test,site,industrial1,3802,3.2512764157855263,4.395758139349449,0.7793208890487775
RandomForest,15,11,full_test,site,industrial2,3802,0.38561667335413613,0.6561986908859034,0.7946392382309093
RandomForest,15,11,full_test,site,industrial3,3802,3.8167001111801397,6.018778532948181,0.9705809886779385
RandomForest,15,11,full_test,site,residential1,3802,0.16636473687031827,0.3137041640219261,0.31615758389199144
RandomForest,15,11,full_test,site,residential2,3802,0.18478354526508306,0.3924813584745671,0.31717851101799155
RandomForest,15,11,full_test,site,residential3,3802,0.19186861433245075,0.3510341894901217,0.6546152035493233
RandomForest,15,11,full_test,site,residential4,2138,1.1296145178555408,1.388508885629883,-0.15380665534913796
RandomForest,15,11,full_test,site,residential5,3775,0.1241734175687091,0.2697190657799948,0.3147501614295648
RandomForest,15,11,full_test,site,residential6,3802,0.15829382769852704,0.28370641271274416,0.4952057069776563
RandomForest,15,11,full_test,building_type,industrial,11406,2.484531066773267,4.319682911597994,0.9839216257220965
RandomForest,15,11,full_test,building_type,residential,21121,0.26278366856576846,0.53877363311946,0.2993641859447318
RandomForest,15,11,full_test,weak_signal_regime,0,25177,0.8898064814184588,2.4737016281491293,0.9898313805760927
RandomForest,15,11,full_test,weak_signal_regime,1,7350,1.5627425073089718,2.971518686594414,0.985265742305485
RandomForest,15,11,full_test,high_interpolation_regime,0,32051,1.0320845812105262,2.6018850985316915,0.9890932856598865
RandomForest,15,11,full_test,high_interpolation_regime,1,476,1.7005720567539988,2.041571138978205,-1.2127377565299193
RandomForest,15,11,full_test,pv_regime,high,623,1.5183756317932042,3.51049070255643,0.9803894100844417
RandomForest,15,11,full_test,pv_regime,low,26497,0.8565989344154818,2.1744075390166544,0.987211070273991
RandomForest,15,11,full_test,pv_regime,medium,5407,1.8948705802809869,3.988293579165398,0.9903387667107523
STGCN,15,11,full_test,site,industrial1,3802,3.2753838744079316,4.454711790514411,0.7733619260877601
STGCN,15,11,full_test,site,industrial2,3802,0.3947190815153962,0.6779111278817542,0.7808243651574716
STGCN,15,11,full_test,site,industrial3,3802,5.093377891240091,7.393137733563517,0.955611656204417
STGCN,15,11,full_test,site,residential1,3802,0.16489755977781864,0.33483872088135147,0.2209114594539039
STGCN,15,11,full_test,site,residential2,3802,0.18609980034736498,0.4539824538376486,0.08641860201074292
STGCN,15,11,full_test,site,residential3,3802,0.22798039782516513,0.3688617196564708,0.6186431469982187
STGCN,15,11,full_test,site,residential4,2138,1.39075254231413,1.713968774458908,-0.7580917023622697
STGCN,15,11,full_test,site,residential5,3775,0.13478250782038703,0.29246470743259123,0.19430145306462066
STGCN,15,11,full_test,site,residential6,3802,0.19992186195496364,0.30515633060718256,0.4159891717147175
STGCN,15,11,full_test,building_type,industrial,11406,2.9211602823878065,4.998750049805608,0.9784691467817072
STGCN,15,11,full_test,building_type,residential,21121,0.305080690183683,0.6412458942507737,0.007503781994717906
STGCN,15,11,full_test,weak_signal_regime,0,25177,1.0332439796348876,2.8311317656081387,0.9866805120606144
STGCN,15,11,full_test,weak_signal_regime,1,7350,1.870527858913921,3.535840580331093,0.9791379644336015
STGCN,15,11,full_test,high_interpolation_regime,0,32051,1.2257759655341824,3.022451809489666,0.9852824174248386
STGCN,15,11,full_test,high_interpolation_regime,1,476,0.9979369053546253,1.374705028711471,-0.003274915431757064
STGCN,15,11,full_test,pv_regime,high,623,1.53735413239179,3.622062398301572,0.9791230592198319
STGCN,15,11,full_test,pv_regime,low,26497,1.020654156455846,2.573852405993261,0.9820807598769368
STGCN,15,11,full_test,pv_regime,medium,5407,2.175017316477575,4.5101015566670934,0.987645335025862
TCN-lite,15,11,full_test,site,industrial1,3802,3.535784204585004,4.659453309663247,0.7520503062466233
TCN-lite,15,11,full_test,site,industrial2,3802,0.39265211653269533,0.6526956996762231,0.7968259442549896
TCN-lite,15,11,full_test,site,industrial3,3802,4.989037882235671,7.0272161117304455,0.9598968980395544
TCN-lite,15,11,full_test,site,residential1,3802,0.17222990750962533,0.31844222151191576,0.2953446428913137
TCN-lite,15,11,full_test,site,residential2,3802,0.198999558403238,0.40471510209794515,0.2739476536243193
TCN-lite,15,11,full_test,site,residential3,3802,0.23340233050829215,0.3978150297168282,0.5564253118529814
TCN-lite,15,11,full_test,site,residential4,2138,1.655699460550026,2.054950347544375,-1.5271928174395821
TCN-lite,15,11,full_test,site,residential5,3775,0.14004444655947598,0.2891749500274116,0.2123251356979724
TCN-lite,15,11,full_test,site,residential6,3802,0.16593051759466143,0.2909326041454706,0.4691633250147548
TCN-lite,15,11,full_test,building_type,industrial,11406,2.9724914011177903,4.882563640215783,0.9794584021487324
TCN-lite,15,11,full_test,building_type,residential,21121,0.33133995314171266,0.7306636406411295,-0.2885897088537537
TCN-lite,15,11,full_test,weak_signal_regime,0,25177,1.0535196089861358,2.74239170851512,0.9875024081273064
TCN-lite,15,11,full_test,weak_signal_regime,1,7350,1.9561911395934268,3.573130906104043,0.9786956060326208
TCN-lite,15,11,full_test,high_interpolation_regime,0,32051,1.2534145894187851,2.9634814898671435,0.9858511172121666
TCN-lite,15,11,full_test,high_interpolation_regime,1,476,1.5320946764582901,1.8950135600892062,-0.906450594940609
TCN-lite,15,11,full_test,pv_regime,high,623,1.7085572023348718,3.8616589328909923,0.9762697217236932
TCN-lite,15,11,full_test,pv_regime,low,26497,1.0421684348078357,2.5035365201089155,0.9830464686899474
TCN-lite,15,11,full_test,pv_regime,medium,5407,2.26071757301605,4.465572609189628,0.9878880898330551
Conformalized ExtraTrees,15,23,full_test,site,industrial1,3802,3.387138288540404,4.41786484185955,0.777095673511913
Conformalized ExtraTrees,15,23,full_test,site,industrial2,3802,0.3519649098917109,0.6002837064290334,0.8281459156533694
Conformalized ExtraTrees,15,23,full_test,site,industrial3,3802,3.535059671897608,5.861054297703111,0.9721026573746225
Conformalized ExtraTrees,15,23,full_test,site,residential1,3802,0.15887042022059575,0.30615514689175355,0.34867372563394006
Conformalized ExtraTrees,15,23,full_test,site,residential2,3802,0.1807931133438985,0.385141974640982,0.3424771988680394
Conformalized ExtraTrees,15,23,full_test,site,residential3,3802,0.1852095132241125,0.3488927344685231,0.6588163327566668
Conformalized ExtraTrees,15,23,full_test,site,residential4,2138,0.9772085646416044,1.2144371910912417,0.11735547760079068
Conformalized ExtraTrees,15,23,full_test,site,residential5,3775,0.11997995763879413,0.27159271512788347,0.3051966848409534
Conformalized ExtraTrees,15,23,full_test,site,residential6,3802,0.14956360535969118,0.27658560241147423,0.5202275895178192
Conformalized ExtraTrees,15,23,full_test,building_type,industrial,11406,2.424720956776574,4.25165958851235,0.9844240204704428
Conformalized ExtraTrees,15,23,full_test,building_type,residential,21121,0.24176906409535664,0.4916655948628344,0.41652896240823556
Conformalized ExtraTrees,15,23,full_test,weak_signal_regime,0,25177,0.8459150604427084,2.4299443722505005,0.9901879438041439
Conformalized ExtraTrees,15,23,full_test,weak_signal_regime,1,7350,1.5598868243517783,2.9190118206988043,0.9857818517846182
Conformalized ExtraTrees,15,23,full_test,high_interpolation_regime,0,32051,1.0058776499331519,2.5614980133437197,0.9894292510739929
Conformalized ExtraTrees,15,23,full_test,high_interpolation_regime,1,476,1.0995526843365284,1.4437347487988823,-0.10656194389487128
Conformalized ExtraTrees,15,23,full_test,pv_regime,high,623,1.5572173423953057,3.5687950617245034,0.9797325914377948
Conformalized ExtraTrees,15,23,full_test,pv_regime,low,26497,0.8203152424417093,2.122352065074213,0.9878160763996907
Conformalized ExtraTrees,15,23,full_test,pv_regime,medium,5407,1.8599467824045468,3.9415055824486687,0.9905641153652169
DLinear-lite,15,23,full_test,site,industrial1,3802,4.005055904708305,5.196486815434656,0.6916007542376618
DLinear-lite,15,23,full_test,site,industrial2,3802,0.358479009143434,0.5915598996575057,0.833104663854201
DLinear-lite,15,23,full_test,site,industrial3,3802,4.8103476644688365,6.799311618410672,0.9624559397433857
DLinear-lite,15,23,full_test,site,residential1,3802,0.1640635465171597,0.31516287411810084,0.3097831255278569
DLinear-lite,15,23,full_test,site,residential2,3802,0.1900140432913727,0.402026087410756,0.28356369930129033
DLinear-lite,15,23,full_test,site,residential3,3802,0.2122471166183603,0.3707109670911551,0.6148097811396878
DLinear-lite,15,23,full_test,site,residential4,2138,1.487443937449476,1.770689277395231,-0.8763784126078147
DLinear-lite,15,23,full_test,site,residential5,3775,0.13673093042363182,0.2923073201205363,0.19516837892229633
DLinear-lite,15,23,full_test,site,residential6,3802,0.17877061543975026,0.3072346128295782,0.40800721416914587
DLinear-lite,15,23,full_test,building_type,industrial,11406,3.057960859440192,4.952576999977667,0.9788650672535947
DLinear-lite,15,23,full_test,building_type,residential,21121,0.30913151907358394,0.6491182314769756,-0.017014816151066148
DLinear-lite,15,23,full_test,weak_signal_regime,0,25177,1.0244286331845844,2.7240768777826245,0.9876687789367661
DLinear-lite,15,23,full_test,weak_signal_regime,1,7350,2.124656963189076,3.7222934885407737,0.9768797484474687
DLinear-lite,15,23,full_test,high_interpolation_regime,0,32051,1.2629128537872802,2.988900647346864,0.985607353156248
DLinear-lite,15,23,full_test,high_interpolation_regime,1,476,1.9551439083862734,2.2160299997942086,-1.6070669376039035
DLinear-lite,15,23,full_test,pv_regime,high,623,1.6859250500967462,3.805568016871383,0.9769540836733024
DLinear-lite,15,23,full_test,pv_regime,low,26497,1.0957231968729273,2.6118758579350407,0.9815474082700634
DLinear-lite,15,23,full_test,pv_regime,medium,5407,2.0944256562559205,4.276458545660619,0.9888922303862908
ExtraTrees,15,23,full_test,site,industrial1,3802,3.387138288540404,4.41786484185955,0.777095673511913
ExtraTrees,15,23,full_test,site,industrial2,3802,0.3519649098917109,0.6002837064290334,0.8281459156533694
ExtraTrees,15,23,full_test,site,industrial3,3802,3.535059671897608,5.861054297703111,0.9721026573746225
ExtraTrees,15,23,full_test,site,residential1,3802,0.15887042022059575,0.30615514689175355,0.34867372563394006
ExtraTrees,15,23,full_test,site,residential2,3802,0.1807931133438985,0.385141974640982,0.3424771988680394
ExtraTrees,15,23,full_test,site,residential3,3802,0.1852095132241125,0.3488927344685231,0.6588163327566668
ExtraTrees,15,23,full_test,site,residential4,2138,0.9772085646416044,1.2144371910912417,0.11735547760079068
ExtraTrees,15,23,full_test,site,residential5,3775,0.11997995763879413,0.27159271512788347,0.3051966848409534
ExtraTrees,15,23,full_test,site,residential6,3802,0.14956360535969118,0.27658560241147423,0.5202275895178192
ExtraTrees,15,23,full_test,building_type,industrial,11406,2.424720956776574,4.25165958851235,0.9844240204704428
ExtraTrees,15,23,full_test,building_type,residential,21121,0.24176906409535664,0.4916655948628344,0.41652896240823556
ExtraTrees,15,23,full_test,weak_signal_regime,0,25177,0.8459150604427084,2.4299443722505005,0.9901879438041439
ExtraTrees,15,23,full_test,weak_signal_regime,1,7350,1.5598868243517783,2.9190118206988043,0.9857818517846182
ExtraTrees,15,23,full_test,high_interpolation_regime,0,32051,1.0058776499331519,2.5614980133437197,0.9894292510739929
ExtraTrees,15,23,full_test,high_interpolation_regime,1,476,1.0995526843365284,1.4437347487988823,-0.10656194389487128
ExtraTrees,15,23,full_test,pv_regime,high,623,1.5572173423953057,3.5687950617245034,0.9797325914377948
ExtraTrees,15,23,full_test,pv_regime,low,26497,0.8203152424417093,2.122352065074213,0.9878160763996907
ExtraTrees,15,23,full_test,pv_regime,medium,5407,1.8599467824045468,3.9415055824486687,0.9905641153652169
GRU-lite,15,23,full_test,site,industrial1,3802,3.2755396607637763,4.41341984594424,0.7775439943227102
GRU-lite,15,23,full_test,site,industrial2,3802,0.42388086534089825,0.7580563205037574,0.7259374503854217
GRU-lite,15,23,full_test,site,industrial3,3802,4.190084891159926,6.348687706930525,0.9672674925097586
GRU-lite,15,23,full_test,site,residential1,3802,0.15489881130764707,0.3132948487577216,0.31794094900174774
GRU-lite,15,23,full_test,site,residential2,3802,0.1756764483331144,0.41433310116581495,0.23902853247672629
GRU-lite,15,23,full_test,site,residential3,3802,0.22060321063139593,0.3862704438856989,0.5817968120069268
GRU-lite,15,23,full_test,site,residential4,2138,1.3923133601770246,1.6983686913406892,-0.7262339890380072
GRU-lite,15,23,full_test,site,residential5,3775,0.12546415428588903,0.2843090396458409,0.23861032156445983
GRU-lite,15,23,full_test,site,residential6,3802,0.15811371523177317,0.28765370884781144,0.4810612667051761
GRU-lite,15,23,full_test,building_type,industrial,11406,2.6298351390882,4.485486213769954,0.9826636586447036
GRU-lite,15,23,full_test,building_type,residential,21121,0.29104313412119004,0.6298846595417306,0.042361211313512226
GRU-lite,15,23,full_test,weak_signal_regime,0,25177,0.9536571491716326,2.579868803306507,0.9889398095458598
GRU-lite,15,23,full_test,weak_signal_regime,1,7350,1.6507204880978874,3.092512817398706,0.9840414162762985
GRU-lite,15,23,full_test,high_interpolation_regime,0,32051,1.1047060703600253,2.7146986271566163,0.9881269866112915
GRU-lite,15,23,full_test,high_interpolation_regime,1,476,1.5464020401354914,1.8681174905140376,-0.8527178442510235
GRU-lite,15,23,full_test,pv_regime,high,623,1.4852277815447992,3.5374999716676103,0.9800864864515482
GRU-lite,15,23,full_test,pv_regime,low,26497,0.9205991716533143,2.290083273693938,0.9858141664356168
GRU-lite,15,23,full_test,pv_regime,medium,5407,2.001961988720803,4.10480132725275,0.9897660659343331
GraphTemporalMLP-lite,15,23,full_test,site,industrial1,3802,3.333098874629137,4.561010766074686,0.7624167370837812
GraphTemporalMLP-lite,15,23,full_test,site,industrial2,3802,0.4227441972187221,0.7004844603445004,0.7659849665841515
GraphTemporalMLP-lite,15,23,full_test,site,industrial3,3802,4.558728503823884,6.5385997158632065,0.965279909437754
GraphTemporalMLP-lite,15,23,full_test,site,residential1,3802,0.17872218996881703,0.32043309202380876,0.28650622383070945
GraphTemporalMLP-lite,15,23,full_test,site,residential2,3802,0.2044666443305463,0.40540758175329433,0.27146093341655697
GraphTemporalMLP-lite,15,23,full_test,site,residential3,3802,0.22895239732120948,0.3883973485214116,0.5771786634442709
GraphTemporalMLP-lite,15,23,full_test,site,residential4,2138,1.735463871962767,2.119650183182654,-1.6888346682336102
GraphTemporalMLP-lite,15,23,full_test,site,residential5,3775,0.14697366854791508,0.2881943497587663,0.21765813275340085
GraphTemporalMLP-lite,15,23,full_test,site,residential6,3802,0.1727120833445639,0.2963397686100701,0.44924809707611335
GraphTemporalMLP-lite,15,23,full_test,building_type,industrial,11406,2.7715238585572477,4.620490014840407,0.9816043783194423
GraphTemporalMLP-lite,15,23,full_test,building_type,residential,21121,0.3432252100053134,0.748784135597892,-0.35329642517254745
GraphTemporalMLP-lite,15,23,full_test,weak_signal_regime,0,25177,1.0232156320743953,2.635956929374356,0.9884536695347494
GraphTemporalMLP-lite,15,23,full_test,weak_signal_regime,1,7350,1.7822803840121286,3.3076160082168746,0.9817441734801535
GraphTemporalMLP-lite,15,23,full_test,high_interpolation_regime,0,32051,1.1849378533238086,2.8097460828159755,0.9872810324365441
GraphTemporalMLP-lite,15,23,full_test,high_interpolation_regime,1,476,1.8546589376991722,2.205693502546522,-1.5828027426641977
GraphTemporalMLP-lite,15,23,full_test,pv_regime,high,623,1.4836926352099364,3.4169063552792576,0.9814210503871513
GraphTemporalMLP-lite,15,23,full_test,pv_regime,low,26497,1.0121328130125953,2.417148111276537,0.9841962978475562
GraphTemporalMLP-lite,15,23,full_test,pv_regime,medium,5407,2.0563042598660375,4.153134058558534,0.989523644426088
IA-GTPF,15,23,full_test,site,industrial1,3802,3.227552932119662,4.302857911470939,0.7885500153414787
IA-GTPF,15,23,full_test,site,industrial2,3802,0.39411278382649273,0.6626245368312844,0.7905975422323758
IA-GTPF,15,23,full_test,site,industrial3,3802,3.36789477494521,5.881723910768958,0.9719055446996315
IA-GTPF,15,23,full_test,site,residential1,3802,0.15428731013138414,0.31309821164917945,0.31879685857747453
IA-GTPF,15,23,full_test,site,residential2,3802,0.1732094942122398,0.39815771388154825,0.29728474688196294
IA-GTPF,15,23,full_test,site,residential3,3802,0.19773644190672507,0.3632853441575442,0.6300865374702607
IA-GTPF,15,23,full_test,site,residential4,2138,1.0141787010620273,1.2505767881880858,0.06404182888097387
IA-GTPF,15,23,full_test,site,residential5,3775,0.1166263497311326,0.27112523060124166,0.30758651518660285
IA-GTPF,15,23,full_test,site,residential6,3802,0.16353312575620843,0.2859165061816973,0.48731030533615305
IA-GTPF,15,23,full_test,building_type,industrial,11406,2.3298534969637883,4.22486029929315,0.9846197603236493
IA-GTPF,15,23,full_test,building_type,residential,21121,0.24749151458143898,0.5060697135086465,0.3818407677903899
IA-GTPF,15,23,full_test,weak_signal_regime,0,25177,0.8311529811259215,2.433102109488877,0.9901624255021358
IA-GTPF,15,23,full_test,weak_signal_regime,1,7350,1.4796787292566278,2.8560118401278762,0.9863889591660525
IA-GTPF,15,23,full_test,high_interpolation_regime,0,32051,0.9746597077504117,2.5466676816739673,0.9895512998844379
IA-GTPF,15,23,full_test,high_interpolation_regime,1,476,1.1822667494434713,1.5426082550627735,-0.26331663076776746
IA-GTPF,15,23,full_test,pv_regime,high,623,1.4433158467171459,3.402539255634541,0.9815769601021391
IA-GTPF,15,23,full_test,pv_regime,low,26497,0.8035652661592628,2.1393085766321223,0.9876206119934706
IA-GTPF,15,23,full_test,pv_regime,medium,5407,1.7773853589637083,3.858992515765056,0.9909550493211097
Lag-Llama zero-shot,15,23,foundation_subset,site,industrial1,134,3.392875440085112,4.898448751545565,0.7578020742602071
Lag-Llama zero-shot,15,23,foundation_subset,site,industrial2,115,0.45488350018026974,0.8329844646172385,0.7274170863380437
Lag-Llama zero-shot,15,23,foundation_subset,site,industrial3,116,5.46702453071266,13.794871944173545,0.8647892699292358
Lag-Llama zero-shot,15,23,foundation_subset,site,residential1,112,0.12339559419314819,0.20535506273731924,0.3395556522935482
Lag-Llama zero-shot,15,23,foundation_subset,site,residential2,120,0.12809013774385655,0.25205118621229333,0.47633045623921744
Lag-Llama zero-shot,15,23,foundation_subset,site,residential3,113,0.20608845019151215,0.38193280817143477,0.5176249264003501
Lag-Llama zero-shot,15,23,foundation_subset,site,residential4,69,0.9457689760891764,1.1981113948245583,0.4511088064170399
Lag-Llama zero-shot,15,23,foundation_subset,site,residential5,136,0.11873391111767168,0.2893788633063762,0.13857491064117355
Lag-Llama zero-shot,15,23,foundation_subset,site,residential6,109,0.12563726537907574,0.2133979541206916,0.5743259668885903
Lag-Llama zero-shot,15,23,foundation_subset,building_type,industrial,365,3.1263883754926156,8.337031196653468,0.9444108731097584
Lag-Llama zero-shot,15,23,foundation_subset,building_type,residential,659,0.22394453890593632,0.46782707842569765,0.5067040294861203
PatchTST-lite,15,23,full_test,site,industrial1,3802,3.2925364309843426,4.46547628795464,0.7722652928165142
PatchTST-lite,15,23,full_test,site,industrial2,3802,0.4995316026978608,0.9232116627108484,0.593510518814821
PatchTST-lite,15,23,full_test,site,industrial3,3802,4.688136926404251,6.773983828503318,0.9627351259412457
PatchTST-lite,15,23,full_test,site,residential1,3802,0.1701185275543867,0.316772771823949,0.3027136596425819
PatchTST-lite,15,23,full_test,site,residential2,3802,0.20032160815220065,0.41002799555553954,0.25476004246183814
PatchTST-lite,15,23,full_test,site,residential3,3802,0.2523807219856123,0.4150908218220703,0.5170628184615934
PatchTST-lite,15,23,full_test,site,residential4,2138,1.7800986008807878,2.1536454782412595,-1.7757742346389773
PatchTST-lite,15,23,full_test,site,residential5,3775,0.14094644061213288,0.28410956642991636,0.2396783394437907
PatchTST-lite,15,23,full_test,site,residential6,3802,0.18919707424693413,0.3068343373375603,0.40954874519401085
PatchTST-lite,15,23,full_test,building_type,industrial,11406,2.826734986695485,4.714504398176439,0.9808481607531682
PatchTST-lite,15,23,full_test,building_type,residential,21121,0.3515560721190527,0.7617242761909586,-0.4004746731392952
PatchTST-lite,15,23,full_test,weak_signal_regime,0,25177,1.046390806952602,2.683237172956757,0.9880357497732496
PatchTST-lite,15,23,full_test,weak_signal_regime,1,7350,1.8125134300448362,3.3907147393244257,0.9808153518721443
PatchTST-lite,15,23,full_test,high_interpolation_regime,0,32051,1.2111449975302795,2.8678603334553876,0.9867494561045863
PatchTST-lite,15,23,full_test,high_interpolation_regime,1,476,1.782661221916447,2.131973986364541,-1.41304107031646
PatchTST-lite,15,23,full_test,pv_regime,high,623,1.4735131161477044,3.3336285447169263,0.9823156371947652
PatchTST-lite,15,23,full_test,pv_regime,low,26497,1.0451738311208256,2.494843936182302,0.9831639937584205
PatchTST-lite,15,23,full_test,pv_regime,medium,5407,2.044569147939093,4.167823403536196,0.9894494050928685
QuantileForest,15,23,full_test,site,industrial1,3802,3.17777994479806,4.3994580195608535,0.7789492444471858
QuantileForest,15,23,full_test,site,industrial2,3802,0.36564910857892247,0.6486070824767015,0.7993634179975265
QuantileForest,15,23,full_test,site,industrial3,3802,3.320503692651561,5.83868244113523,0.9723152212516161
QuantileForest,15,23,full_test,site,residential1,3802,0.15699827410180106,0.31556017418495574,0.3080418287045553
QuantileForest,15,23,full_test,site,residential2,3802,0.17336164772361382,0.4033202706578193,0.2789436396292385
QuantileForest,15,23,full_test,site,residential3,3802,0.18831799791724915,0.35854768550487315,0.6396718195753259
QuantileForest,15,23,full_test,site,residential4,2138,1.0795258302522452,1.3141894250636699,-0.03359797430425426
QuantileForest,15,23,full_test,site,residential5,3775,0.1160740568288891,0.273550610821029,0.29514298537088157
QuantileForest,15,23,full_test,site,residential6,3802,0.15426861797648195,0.28627871343935696,0.48601050242639743
QuantileForest,15,23,full_test,building_type,industrial,11406,2.2879775820095145,4.237378696857217,0.9845284809977701
QuantileForest,15,23,full_test,building_type,residential,21121,0.2511599131677738,0.522783923905873,0.34033397970783585
QuantileForest,15,23,full_test,weak_signal_regime,0,25177,0.8214730603466232,2.4229011478078535,0.9902447421069109
QuantileForest,15,23,full_test,weak_signal_regime,1,7350,1.4583936851796109,2.922378081985421,0.985749039584776
QuantileForest,15,23,full_test,high_interpolation_regime,0,32051,0.9592937647985212,2.554472407705278,0.9894871578657438
QuantileForest,15,23,full_test,high_interpolation_regime,1,476,1.376252879957285,1.7321408615734568,-0.5928222915789398
QuantileForest,15,23,full_test,pv_regime,high,623,1.441884988078106,3.425476273013535,0.9813277380615918
QuantileForest,15,23,full_test,pv_regime,low,26497,0.7914873711451818,2.1556583264556073,0.9874306690150011
QuantileForest,15,23,full_test,pv_regime,medium,5407,1.7627308314426726,3.8497137710586062,0.99099849324608
RandomForest,15,23,full_test,site,industrial1,3802,3.243411779428561,4.391172365007298,0.7797810857692817
RandomForest,15,23,full_test,site,industrial2,3802,0.36567739998043575,0.6251712821431892,0.8136004809276436
RandomForest,15,23,full_test,site,industrial3,3802,3.6546584963221718,5.892907354063124,0.971798606171482
RandomForest,15,23,full_test,site,residential1,3802,0.1652022058520058,0.3122389222280358,0.3225308141987472
RandomForest,15,23,full_test,site,residential2,3802,0.18469087903755943,0.3916033156130318,0.3202302528700375
RandomForest,15,23,full_test,site,residential3,3802,0.19000472576704067,0.3506218586479687,0.6554261169473622
RandomForest,15,23,full_test,site,residential4,2138,1.1191351186267908,1.374203920130775,-0.13015517826506273
RandomForest,15,23,full_test,site,residential5,3775,0.12329500901683317,0.26862846402371765,0.3202805362400135
RandomForest,15,23,full_test,site,residential6,3802,0.1568642122042225,0.28170788984382555,0.5022925374481901
RandomForest,15,23,full_test,building_type,industrial,11406,2.4212492252437228,4.258309169721068,0.9843752608117169
RandomForest,15,23,full_test,building_type,residential,21121,0.2607470647024049,0.5344408836067661,0.31058772407119173
RandomForest,15,23,full_test,weak_signal_regime,0,25177,0.8710673034136819,2.4463506162897306,0.9900550004899992
RandomForest,15,23,full_test,weak_signal_regime,1,7350,1.5228769957364796,2.9086993776539565,0.9858821356151314
RandomForest,15,23,full_test,high_interpolation_regime,0,32051,1.008940779601864,2.5655723932424386,0.989395596157846
RandomForest,15,23,full_test,high_interpolation_regime,1,476,1.6521985077522225,1.9953249444203947,-1.1136261574435702
RandomForest,15,23,full_test,pv_regime,high,623,1.5354354507383072,3.5770742029530673,0.9796384468493599
RandomForest,15,23,full_test,pv_regime,low,26497,0.8339840589670379,2.1362318900698565,0.9876561936846977
RandomForest,15,23,full_test,pv_regime,medium,5407,1.8622813982707274,3.9407882965917755,0.9905675493883861
STGCN,15,23,full_test,site,industrial1,3802,3.4024555743346108,4.60871887974597,0.7574205070634434
STGCN,15,23,full_test,site,industrial2,3802,0.4796443806592654,0.8410363555002913,0.6626534396986978
STGCN,15,23,full_test,site,industrial3,3802,5.227631725847723,7.90716043941977,0.9492247057872532
STGCN,15,23,full_test,site,residential1,3802,0.1654336450827811,0.3372452349891781,0.2096724662658488
STGCN,15,23,full_test,site,residential2,3802,0.1822639275858934,0.4469835024041254,0.1143704466110822
STGCN,15,23,full_test,site,residential3,3802,0.25072657508867363,0.4080847286277611,0.5332277084947834
STGCN,15,23,full_test,site,residential4,2138,1.3450505765579088,1.6797763301054944,-0.6886460467419695
STGCN,15,23,full_test,site,residential5,3775,0.13877125363521248,0.3007540145749187,0.1479825005848674
STGCN,15,23,full_test,site,residential6,3802,0.1977745439638704,0.32129242336460545,0.3525934335574884
STGCN,15,23,full_test,building_type,industrial,11406,3.0365772269471996,5.306311276160531,0.9757381539395268
STGCN,15,23,full_test,building_type,residential,21121,0.3042813806674783,0.6378010455557327,0.018138752753770748
STGCN,15,23,full_test,weak_signal_regime,0,25177,1.0694858618502825,3.0368549158307467,0.9846744717804881
STGCN,15,23,full_test,weak_signal_regime,1,7350,1.9231947412017698,3.643189354812002,0.9778519845209795
STGCN,15,23,full_test,high_interpolation_regime,0,32051,1.2653342946310562,3.2026520645683156,0.9834751612597515
STGCN,15,23,full_test,high_interpolation_regime,1,476,1.0644903664235077,1.4518835253367397,-0.119088584813545
STGCN,15,23,full_test,pv_regime,high,623,1.5960301814157016,3.8956580965115712,0.9758500257739933
STGCN,15,23,full_test,pv_regime,low,26497,1.0432882097839375,2.6596176853958724,0.9808666623792764
STGCN,15,23,full_test,pv_regime,medium,5407,2.297686775285851,4.957127801541497,0.9850748548997268
TCN-lite,15,23,full_test,site,industrial1,3802,3.4037325391568682,4.5138322574695575,0.7673063781168863
TCN-lite,15,23,full_test,site,industrial2,3802,0.4316033024908568,0.7194983767129708,0.753108360149687
TCN-lite,15,23,full_test,site,industrial3,3802,5.33698110715911,7.3734381697141655,0.9558478931179153
TCN-lite,15,23,full_test,site,residential1,3802,0.16707435212204702,0.31407439354749955,0.31454250777000436
TCN-lite,15,23,full_test,site,residential2,3802,0.19319997321837398,0.402796725701538,0.2808144129605109
TCN-lite,15,23,full_test,site,residential3,3802,0.23932337327749478,0.4066901792959358,0.5364124626257576
TCN-lite,15,23,full_test,site,residential4,2138,1.681600806754063,2.0562530483365404,-1.5303979747794294
TCN-lite,15,23,full_test,site,residential5,3775,0.13920645151531766,0.2858433844186021,0.2303700868629398
TCN-lite,15,23,full_test,site,residential6,3802,0.18890818602104403,0.3051311161522436,0.4160856790119085
TCN-lite,15,23,full_test,building_type,industrial,11406,3.0574389829356114,5.008657504936265,0.9783837144817377
TCN-lite,15,23,full_test,building_type,residential,21121,0.3370421027748609,0.7321896449573714,-0.2939778156989692
TCN-lite,15,23,full_test,weak_signal_regime,0,25177,1.0908365824537691,2.828058410654617,0.9867094144916609
TCN-lite,15,23,full_test,weak_signal_regime,1,7350,1.9765745109704596,3.6158728536018407,0.9781828693997793
TCN-lite,15,23,full_test,high_interpolation_regime,0,32051,1.2852280027521816,3.036625244831589,0.9851440610057127
TCN-lite,15,23,full_test,high_interpolation_regime,1,476,1.6785138148345524,2.006337440493543,-1.1370213768636743
TCN-lite,15,23,full_test,pv_regime,high,623,1.7110798239993807,3.9256012829069045,0.9754773512491964
TCN-lite,15,23,full_test,pv_regime,low,26497,1.0733393645896239,2.5707842913694807,0.9821234550327294
TCN-lite,15,23,full_test,pv_regime,medium,5407,2.3091435950043544,4.566339408323631,0.987335305797371
Conformalized ExtraTrees,15,37,full_test,site,industrial1,3802,3.3406011421062796,4.410079361074042,0.7778806174945797
Conformalized ExtraTrees,15,37,full_test,site,industrial2,3802,0.355967609403074,0.5989527156139721,0.8289071644443289
Conformalized ExtraTrees,15,37,full_test,site,industrial3,3802,3.893995376160781,6.120643437930589,0.9695767569484747
Conformalized ExtraTrees,15,37,full_test,site,residential1,3802,0.16038805454027047,0.3066258188057496,0.34666953504480025
Conformalized ExtraTrees,15,37,full_test,site,residential2,3802,0.17987935068749952,0.38396225225394004,0.3464991253824652
Conformalized ExtraTrees,15,37,full_test,site,residential3,3802,0.18518414655380117,0.34817531768359467,0.6602180199129543
Conformalized ExtraTrees,15,37,full_test,site,residential4,2138,0.969281571295368,1.2014460464688204,0.13613822297555034
Conformalized ExtraTrees,15,37,full_test,site,residential5,3775,0.12017269028410019,0.2715644398552121,0.3053413480034318
Conformalized ExtraTrees,15,37,full_test,site,residential6,3802,0.1479224733791811,0.27451147746141263,0.5273962688995035
Conformalized ExtraTrees,15,37,full_test,building_type,industrial,11406,2.530188042556712,4.369203604807759,0.9835508688258635
Conformalized ExtraTrees,15,37,full_test,building_type,residential,21121,0.2408098077227951,0.4880042269356443,0.4251866671065073
Conformalized ExtraTrees,15,37,full_test,weak_signal_regime,0,25177,0.8748031964539384,2.4836996131444837,0.9897490172426012
Conformalized ExtraTrees,15,37,full_test,weak_signal_regime,1,7350,1.6218433585298226,3.0295330549555475,0.9846847983073657
Conformalized ExtraTrees,15,37,full_test,high_interpolation_regime,0,32051,1.0434556559749648,2.630861547533782,0.9888490030329959
Conformalized ExtraTrees,15,37,full_test,high_interpolation_regime,1,476,1.0539317913054829,1.3984920666294518,-0.03829538884783745
Conformalized ExtraTrees,15,37,full_test,pv_regime,high,623,1.5527383142815683,3.5671958994065447,0.979750750852334
Conformalized ExtraTrees,15,37,full_test,pv_regime,low,26497,0.8459786729166986,2.17052987255362,0.9872566431341765
Conformalized ExtraTrees,15,37,full_test,pv_regime,medium,5407,1.953433677870137,4.080055079225573,0.9898890867937252
DLinear-lite,15,37,full_test,site,industrial1,3802,4.2800505957936785,5.475873925585043,0.6575473518709851
DLinear-lite,15,37,full_test,site,industrial2,3802,0.3586377979820607,0.5918443746542669,0.832944108799787
DLinear-lite,15,37,full_test,site,industrial3,3802,4.828109805962553,6.80434876696612,0.9624002914452219
DLinear-lite,15,37,full_test,site,residential1,3802,0.1644391657274871,0.3156607071073194,0.3076008626768926
DLinear-lite,15,37,full_test,site,residential2,3802,0.1905357022962054,0.40330256483594445,0.2790069472097042
DLinear-lite,15,37,full_test,site,residential3,3802,0.2122595596925477,0.3703066733146688,0.6156494924147733
DLinear-lite,15,37,full_test,site,residential4,2138,1.4798920212664795,1.7669725448515583,-0.868509525073468
DLinear-lite,15,37,full_test,site,residential5,3775,0.13756612978758703,0.29329456770767715,0.18972267284305278
DLinear-lite,15,37,full_test,site,residential6,3802,0.17814166116358052,0.30612387113821404,0.41227992578736394
DLinear-lite,15,37,full_test,building_type,industrial,11406,3.155599399912764,5.054194203999467,0.9779888745977118
DLinear-lite,15,37,full_test,building_type,residential,21121,0.3085668846805053,0.6482220635179716,-0.014208587945934159
DLinear-lite,15,37,full_test,weak_signal_regime,0,25177,1.0276679347396098,2.734444518774263,0.9875747368341056
DLinear-lite,15,37,full_test,weak_signal_regime,1,7350,2.263457460381331,3.903367282927391,0.9745756320544704
DLinear-lite,15,37,full_test,high_interpolation_regime,0,32051,1.2976442510226478,3.0489796324853797,0.9850229335244172
DLinear-lite,15,37,full_test,high_interpolation_regime,1,476,1.9311177252417155,2.1908876883645907,-1.5482447662945042
DLinear-lite,15,37,full_test,pv_regime,high,623,1.7067976992875384,3.8591273786422926,0.9763008248307162
DLinear-lite,15,37,full_test,pv_regime,low,26497,1.1292070469703221,2.671174677041286,0.9807000186880703
DLinear-lite,15,37,full_test,pv_regime,medium,5407,2.1316948097860506,4.341208140320689,0.9885533198451384
ExtraTrees,15,37,full_test,site,industrial1,3802,3.3406011421062796,4.410079361074042,0.7778806174945797
ExtraTrees,15,37,full_test,site,industrial2,3802,0.355967609403074,0.5989527156139721,0.8289071644443289
ExtraTrees,15,37,full_test,site,industrial3,3802,3.893995376160781,6.120643437930589,0.9695767569484747
ExtraTrees,15,37,full_test,site,residential1,3802,0.16038805454027047,0.3066258188057496,0.34666953504480025
ExtraTrees,15,37,full_test,site,residential2,3802,0.17987935068749952,0.38396225225394004,0.3464991253824652
ExtraTrees,15,37,full_test,site,residential3,3802,0.18518414655380117,0.34817531768359467,0.6602180199129543
ExtraTrees,15,37,full_test,site,residential4,2138,0.969281571295368,1.2014460464688204,0.13613822297555034
ExtraTrees,15,37,full_test,site,residential5,3775,0.12017269028410019,0.2715644398552121,0.3053413480034318
ExtraTrees,15,37,full_test,site,residential6,3802,0.1479224733791811,0.27451147746141263,0.5273962688995035
ExtraTrees,15,37,full_test,building_type,industrial,11406,2.530188042556712,4.369203604807759,0.9835508688258635
ExtraTrees,15,37,full_test,building_type,residential,21121,0.2408098077227951,0.4880042269356443,0.4251866671065073
ExtraTrees,15,37,full_test,weak_signal_regime,0,25177,0.8748031964539384,2.4836996131444837,0.9897490172426012
ExtraTrees,15,37,full_test,weak_signal_regime,1,7350,1.6218433585298226,3.0295330549555475,0.9846847983073657
ExtraTrees,15,37,full_test,high_interpolation_regime,0,32051,1.0434556559749648,2.630861547533782,0.9888490030329959
ExtraTrees,15,37,full_test,high_interpolation_regime,1,476,1.0539317913054829,1.3984920666294518,-0.03829538884783745
ExtraTrees,15,37,full_test,pv_regime,high,623,1.5527383142815683,3.5671958994065447,0.979750750852334
ExtraTrees,15,37,full_test,pv_regime,low,26497,0.8459786729166986,2.17052987255362,0.9872566431341765
ExtraTrees,15,37,full_test,pv_regime,medium,5407,1.953433677870137,4.080055079225573,0.9898890867937252
GRU-lite,15,37,full_test,site,industrial1,3802,3.2209843159786233,4.436086163002116,0.775253160240918
GRU-lite,15,37,full_test,site,industrial2,3802,0.41558050230805965,0.7753200084622737,0.7133125174559524
GRU-lite,15,37,full_test,site,industrial3,3802,4.18153728493473,6.472852676417164,0.9659746350742685
GRU-lite,15,37,full_test,site,residential1,3802,0.1560830092263218,0.3150502795239295,0.31027620902936326
GRU-lite,15,37,full_test,site,residential2,3802,0.17760125927185427,0.41311442383245933,0.2434984376203515
GRU-lite,15,37,full_test,site,residential3,3802,0.2086336719728571,0.3723804308009812,0.6113326297572903
GRU-lite,15,37,full_test,site,residential4,2138,1.3764379096942678,1.671729664134677,-0.6725064868791524
GRU-lite,15,37,full_test,site,residential5,3775,0.12515757777789832,0.28391530778904106,0.24071771703308453
GRU-lite,15,37,full_test,site,residential6,3802,0.16277984951435653,0.28206573422269804,0.5010272911224882
GRU-lite,15,37,full_test,building_type,industrial,11406,2.6060340344071373,4.55257448526661,0.982141189973918
GRU-lite,15,37,full_test,building_type,residential,21121,0.28862629158479064,0.6206239272040125,0.07031313332018163
GRU-lite,15,37,full_test,weak_signal_regime,0,25177,0.9498032258468329,2.6263035484705473,0.988538084442102
GRU-lite,15,37,full_test,weak_signal_regime,1,7350,1.620041399165233,3.1053532690190866,0.9839086175782903
GRU-lite,15,37,full_test,high_interpolation_regime,0,32051,1.0936335541479214,2.752302687395328,0.98779577799297
GRU-lite,15,37,full_test,high_interpolation_regime,1,476,1.614392976922576,1.9138445380998312,-0.9445281084101669
GRU-lite,15,37,full_test,pv_regime,high,623,1.4446776197784377,3.5414882477318166,0.9800415590392123
GRU-lite,15,37,full_test,pv_regime,low,26497,0.9197184090736893,2.3504300336625907,0.985056684481721
GRU-lite,15,37,full_test,pv_regime,medium,5407,1.951301508907464,4.087499493060366,0.9898521566597702
GraphTemporalMLP-lite,15,37,full_test,site,industrial1,3802,3.445282873944814,4.431465557577147,0.7757211068037787
GraphTemporalMLP-lite,15,37,full_test,site,industrial2,3802,0.4065408148761035,0.6661722625331573,0.788349236565991
GraphTemporalMLP-lite,15,37,full_test,site,industrial3,3802,4.9783335148276056,7.0114606648695315,0.9600765236458813
GraphTemporalMLP-lite,15,37,full_test,site,residential1,3802,0.16965852002808446,0.31697697631400046,0.3018143721465275
GraphTemporalMLP-lite,15,37,full_test,site,residential2,3802,0.19626338177530062,0.40236157645079107,0.28236747436693344
GraphTemporalMLP-lite,15,37,full_test,site,residential3,3802,0.2276700723663882,0.39042456826299876,0.5727533567659513
GraphTemporalMLP-lite,15,37,full_test,site,residential4,2138,1.7237256815736561,2.1143966978063364,-1.6755228032797271
GraphTemporalMLP-lite,15,37,full_test,site,residential5,3775,0.1428045458237722,0.28936426670790844,0.2112934501840844
GraphTemporalMLP-lite,15,37,full_test,site,residential6,3802,0.1692230768962978,0.29693405831169484,0.44703688944111397
GraphTemporalMLP-lite,15,37,full_test,building_type,industrial,11406,2.9433857345495076,4.804243024881713,0.9801121271884605
GraphTemporalMLP-lite,15,37,full_test,building_type,residential,21121,0.33732472382190326,0.7470308110657293,-0.3469661900158365
GraphTemporalMLP-lite,15,37,full_test,weak_signal_regime,0,25177,1.0615530387119632,2.7358781607749423,0.9875617045354355
GraphTemporalMLP-lite,15,37,full_test,weak_signal_regime,1,7350,1.9007037176140147,3.432441145129752,0.9803402709391884
GraphTemporalMLP-lite,15,37,full_test,high_interpolation_regime,0,32051,1.2430309085650582,2.9176662154612036,0.9862852175160561
GraphTemporalMLP-lite,15,37,full_test,high_interpolation_regime,1,476,1.7993897682676896,2.1511861655400364,-1.4567270272094555
GraphTemporalMLP-lite,15,37,full_test,pv_regime,high,623,1.458241013561911,3.461098149233886,0.9809373693159258
GraphTemporalMLP-lite,15,37,full_test,pv_regime,low,26497,1.080662314843283,2.5539621717935628,0.9823566426102494
GraphTemporalMLP-lite,15,37,full_test,pv_regime,medium,5407,2.0628998839028228,4.186119796263997,0.9893565693274908
IA-GTPF,15,37,full_test,site,industrial1,3802,3.210107142213434,4.293929284120736,0.7894266416931831
IA-GTPF,15,37,full_test,site,industrial2,3802,0.3820745056357416,0.6437509464901179,0.8023565125221572
IA-GTPF,15,37,full_test,site,industrial3,3802,3.492567056645125,5.929224025539423,0.9714499373084886
IA-GTPF,15,37,full_test,site,residential1,3802,0.15508631829773106,0.3117666399199305,0.3245786993917186
IA-GTPF,15,37,full_test,site,residential2,3802,0.17374613808257766,0.3946684802959814,0.30954719397582053
IA-GTPF,15,37,full_test,site,residential3,3802,0.1895999543370234,0.3610465283756965,0.6346318142811223
IA-GTPF,15,37,full_test,site,residential4,2138,0.9949257535302957,1.2300270119357835,0.09454887898632602
IA-GTPF,15,37,full_test,site,residential5,3775,0.11683407562607462,0.2695853533547522,0.3154294141608118
IA-GTPF,15,37,full_test,site,residential6,3802,0.15224161347609289,0.2772783833307808,0.5178211487527742
IA-GTPF,15,37,full_test,building_type,industrial,11406,2.3615829014981,4.242952648143761,0.9844877509998767
IA-GTPF,15,37,full_test,building_type,residential,21121,0.24232292677996334,0.4989811991928036,0.39903659009898296
IA-GTPF,15,37,full_test,weak_signal_regime,0,25177,0.8357934937042326,2.4399052793566063,0.9901073351246107
IA-GTPF,15,37,full_test,weak_signal_regime,1,7350,1.4981692952402004,2.8741114642439376,0.9862158959169134
IA-GTPF,15,37,full_test,high_interpolation_regime,0,32051,0.9834809244481121,2.557003689904391,0.9894663127356337
IA-GTPF,15,37,full_test,high_interpolation_regime,1,476,1.11926470907667,1.477367061378315,-0.15871795099180797
IA-GTPF,15,37,full_test,pv_regime,high,623,1.4571196332449947,3.4236573494538467,0.9813475626916173
IA-GTPF,15,37,full_test,pv_regime,low,26497,0.8032602970370329,2.1344285287334763,0.987677025643347
IA-GTPF,15,37,full_test,pv_regime,medium,5407,1.8240324558729508,3.908038924867708,0.9907236720951234
Lag-Llama zero-shot,15,37,foundation_subset,site,industrial1,134,3.350436417024527,4.774940977363165,0.7698614898577357
Lag-Llama zero-shot,15,37,foundation_subset,site,industrial2,115,0.4718185969590039,0.9327903583559157,0.6581835788774097
Lag-Llama zero-shot,15,37,foundation_subset,site,industrial3,116,5.291721527989049,12.611949676824544,0.8869839122189626
Lag-Llama zero-shot,15,37,foundation_subset,site,residential1,112,0.12565777167113806,0.22353721923548855,0.21742659021957567
Lag-Llama zero-shot,15,37,foundation_subset,site,residential2,120,0.12711809419684764,0.2654627599508089,0.41911918148555105
Lag-Llama zero-shot,15,37,foundation_subset,site,residential3,113,0.202685841209195,0.39029361869934753,0.49627462711946846
Lag-Llama zero-shot,15,37,foundation_subset,site,residential4,69,0.9572632852417631,1.228325127641629,0.42307608994717905
Lag-Llama zero-shot,15,37,foundation_subset,site,residential5,136,0.1214460915549219,0.29295399220575236,0.11715848930082662
Lag-Llama zero-shot,15,37,foundation_subset,site,residential6,109,0.12519676832520318,0.21045756442919822,0.5859757915465604
Lag-Llama zero-shot,15,37,foundation_subset,building_type,industrial,365,3.060431002132334,7.693864720251695,0.9526569654501985
Lag-Llama zero-shot,15,37,foundation_subset,building_type,residential,659,0.22525891451900823,0.48006042632920326,0.48056803790076064
PatchTST-lite,15,37,full_test,site,industrial1,3802,3.454162305146,4.522074644669039,0.7664557917691349
PatchTST-lite,15,37,full_test,site,industrial2,3802,0.5142911448541175,0.9379208566347808,0.5804544353244704
PatchTST-lite,15,37,full_test,site,industrial3,3802,5.05907702682481,7.084347603987352,0.9592421683189174
PatchTST-lite,15,37,full_test,site,residential1,3802,0.1663552269767087,0.3157509343233765,0.3072049808093823
PatchTST-lite,15,37,full_test,site,residential2,3802,0.19798710481551896,0.4086478825110246,0.25976840510090105
PatchTST-lite,15,37,full_test,site,residential3,3802,0.22391811070207637,0.39884008212067745,0.5541364435894549
PatchTST-lite,15,37,full_test,site,residential4,2138,1.7912041601419701,2.1846808741984494,-1.856352000648437
PatchTST-lite,15,37,full_test,site,residential5,3775,0.14247673556085158,0.2880879070700669,0.21823593168279476
PatchTST-lite,15,37,full_test,site,residential6,3802,0.1619295078029394,0.29154581290155956,0.4669232409487235
PatchTST-lite,15,37,full_test,building_type,industrial,11406,3.0091768256083093,4.88251422934914,0.9794588179028694
PatchTST-lite,15,37,full_test,building_type,residential,21121,0.3418240785074507,0.7680576054434792,-0.423859881563448
PatchTST-lite,15,37,full_test,weak_signal_regime,0,25177,1.09216398879992,2.784895942485193,0.9871120064958002
PatchTST-lite,15,37,full_test,weak_signal_regime,1,7350,1.9108740801399542,3.4817828346447435,0.9797709871856343
PatchTST-lite,15,37,full_test,high_interpolation_regime,0,32051,1.2690534520698271,2.9668976931480437,0.985818477683474
PatchTST-lite,15,37,full_test,high_interpolation_regime,1,476,1.8233299217525643,2.1684340092809737,-1.496280195858262
PatchTST-lite,15,37,full_test,pv_regime,high,623,1.5246666736362904,3.4266084076981773,0.981315393495729
PatchTST-lite,15,37,full_test,pv_regime,low,26497,1.0679245336560446,2.523908391533681,0.9827694362942764
PatchTST-lite,15,37,full_test,pv_regime,medium,5407,2.2740287643951587,4.474670433574321,0.9878386877564004
QuantileForest,15,37,full_test,site,industrial1,3802,3.158054106027625,4.372858210868721,0.7816141783383579
QuantileForest,15,37,full_test,site,industrial2,3802,0.3742375446145089,0.6568672250365464,0.7942205826617543
QuantileForest,15,37,full_test,site,industrial3,3802,3.3516275531464275,5.849711918724976,0.9722105274077363
QuantileForest,15,37,full_test,site,residential1,3802,0.1568055367902742,0.3146520951864738,0.3120185573143758
QuantileForest,15,37,full_test,site,residential2,3802,0.17293563843171528,0.4032790985567547,0.27909084715741883
QuantileForest,15,37,full_test,site,residential3,3802,0.1867636968585884,0.3559933280685217,0.6447876155091028
QuantileForest,15,37,full_test,site,residential4,2138,1.0514466024602447,1.281602511135957,0.017025136078438252
QuantileForest,15,37,full_test,site,residential5,3775,0.11607713031426051,0.2731653283434741,0.2971270994646149
QuantileForest,15,37,full_test,site,residential6,3802,0.15369373968236213,0.28616121432662456,0.4864323355092457
QuantileForest,15,37,full_test,building_type,industrial,11406,2.294639734596187,4.233693935393466,0.9845553769039682
QuantileForest,15,37,full_test,building_type,residential,21121,0.24782345177401804,0.5140555545875574,0.3621775842077445
QuantileForest,15,37,full_test,weak_signal_regime,0,25177,0.8181732135450489,2.4138595396107014,0.9903174141963985
QuantileForest,15,37,full_test,weak_signal_regime,1,7350,1.4704480190883598,2.9352428647425226,0.9856232933322334
QuantileForest,15,37,full_test,high_interpolation_regime,0,32051,0.9611755775706992,2.5521387879020043,0.9895063569540232
QuantileForest,15,37,full_test,high_interpolation_regime,1,476,1.2611376071526512,1.628867634588451,-0.4085507499683356
QuantileForest,15,37,full_test,pv_regime,high,623,1.4134249476701697,3.3721536822374256,0.9819045360871663
QuantileForest,15,37,full_test,pv_regime,low,26497,0.7911625622633378,2.151334766083873,0.9874810385583428
QuantileForest,15,37,full_test,pv_regime,medium,5407,1.7686224862276616,3.853844631409839,0.9909791650989349
RandomForest,15,37,full_test,site,industrial1,3802,3.223475621449453,4.379173586119296,0.7809829278960482
RandomForest,15,37,full_test,site,industrial2,3802,0.3836182753768403,0.6538821735950202,0.7960866109975379
RandomForest,15,37,full_test,site,industrial3,3802,3.613209083197084,5.8768096885258725,0.9719524713229072
RandomForest,15,37,full_test,site,residential1,3802,0.16571983767200577,0.3128936608115149,0.3196866442839651
RandomForest,15,37,full_test,site,residential2,3802,0.18370486290811364,0.39246032935352976,0.31725168010359517
RandomForest,15,37,full_test,site,residential3,3802,0.19064350475304032,0.3490733715851405,0.6584629497125912
RandomForest,15,37,full_test,site,residential4,2138,1.1101086691326036,1.3599689507178272,-0.1068625647226602
RandomForest,15,37,full_test,site,residential5,3775,0.12280203045646704,0.2679112925635845,0.3239050566927436
RandomForest,15,37,full_test,site,residential6,3802,0.1583500165981739,0.2833675565470618,0.496410829591176
RandomForest,15,37,full_test,building_type,industrial,11406,2.4067676600077923,4.248200219287451,0.9844493569970827
RandomForest,15,37,full_test,building_type,residential,21121,0.2600433729161309,0.5308360299918695,0.3198566585999246
RandomForest,15,37,full_test,weak_signal_regime,0,25177,0.8660960587977509,2.4384120650932477,0.9901194399782305
RandomForest,15,37,full_test,weak_signal_regime,1,7350,1.5154105492597967,2.906696263682,0.9859015738245459
RandomForest,15,37,full_test,high_interpolation_regime,0,32051,1.0039941300909192,2.559616352310216,0.989444775786876
RandomForest,15,37,full_test,high_interpolation_regime,1,476,1.6070423232487994,1.9508460909406213,-1.0204445067177543
RandomForest,15,37,full_test,pv_regime,high,623,1.5173244409096869,3.516943714227334,0.9803172471382824
RandomForest,15,37,full_test,pv_regime,low,26497,0.8304383516165117,2.1334755812662896,0.9876880267385738
RandomForest,15,37,full_test,pv_regime,medium,5407,1.8484464360904442,3.929406395724283,0.9906219568676529
STGCN,15,37,full_test,site,industrial1,3802,3.695078971018402,4.770082954710588,0.7401363636892794
STGCN,15,37,full_test,site,industrial2,3802,0.5011907426240122,0.8397665020481726,0.6636713678591575
STGCN,15,37,full_test,site,industrial3,3802,5.664022758408397,8.226529056858201,0.9450402664190339
STGCN,15,37,full_test,site,residential1,3802,0.17572466515216625,0.34982069712853237,0.14963285981924124
STGCN,15,37,full_test,site,residential2,3802,0.20027581047647178,0.45825642324971566,0.06913600121111407
STGCN,15,37,full_test,site,residential3,3802,0.2378033153595069,0.40212605298042764,0.5467594017931927
STGCN,15,37,full_test,site,residential4,2138,1.4146482155066145,1.7477647615560106,-0.8281072490351895
STGCN,15,37,full_test,site,residential5,3775,0.1433268082756685,0.3067996289121256,0.1133845226626421
STGCN,15,37,full_test,site,residential6,3802,0.21116197484118293,0.33842841125146067,0.2816935572149569
STGCN,15,37,full_test,building_type,industrial,11406,3.28676415735027,5.511644627396165,0.9738241488007155
STGCN,15,37,full_test,building_type,residential,21121,0.31731908658098074,0.6599954331024639,-0.05138439421826102
STGCN,15,37,full_test,weak_signal_regime,0,25177,1.1397036437889745,3.1402202585297947,0.983613447801001
STGCN,15,37,full_test,weak_signal_regime,1,7350,2.1083822811889883,3.82302825226826,0.9756114295444515
STGCN,15,37,full_test,high_interpolation_regime,0,32051,1.3596909540238864,3.325184871156805,0.9821864981707683
STGCN,15,37,full_test,high_interpolation_regime,1,476,1.2846084852825546,1.659572733566116,-0.4621552665408011
STGCN,15,37,full_test,pv_regime,high,623,1.6769009999453877,3.899875389522712,0.9757977097631191
STGCN,15,37,full_test,pv_regime,low,26497,1.1382299747812816,2.824864978791049,0.9784152163655012
STGCN,15,37,full_test,pv_regime,medium,5407,2.4018012653353944,4.992626334630812,0.984860328330867
TCN-lite,15,37,full_test,site,industrial1,3802,3.228143730442505,4.430894367670778,0.7757789195441895
TCN-lite,15,37,full_test,site,industrial2,3802,0.3967366748408521,0.6530061142192559,0.79663264382739
TCN-lite,15,37,full_test,site,industrial3,3802,4.477762239369915,6.4396220304808205,0.9663231004352543
TCN-lite,15,37,full_test,site,residential1,3802,0.17062639064584217,0.3148556655581427,0.31112806305078333
TCN-lite,15,37,full_test,site,residential2,3802,0.20140608896978512,0.40152226041698796,0.28535827819979165
TCN-lite,15,37,full_test,site,residential3,3802,0.23156106543703847,0.4009715474928407,0.5493581769813118
TCN-lite,15,37,full_test,site,residential4,2138,1.618065734049229,2.0042901092945185,-1.404124087336073
TCN-lite,15,37,full_test,site,residential5,3775,0.14622311430429152,0.28771763378515025,0.22024420985082815
TCN-lite,15,37,full_test,site,residential6,3802,0.1838483953099746,0.2991871902757253,0.4386132966810735
TCN-lite,15,37,full_test,building_type,industrial,11406,2.7008808815510905,4.528722181002727,0.9823278350775552
TCN-lite,15,37,full_test,building_type,residential,21121,0.331673266093211,0.7164922918189427,-0.23908959668190533
TCN-lite,15,37,full_test,weak_signal_regime,0,25177,0.9970166773786601,2.5747358325010303,0.9889837770201025
TCN-lite,15,37,full_test,weak_signal_regime,1,7350,1.7292012927569966,3.2548668590278904,0.9823218104372287
TCN-lite,15,37,full_test,high_interpolation_regime,0,32051,1.1572965470055214,2.7542686377369843,0.9877783369872901
TCN-lite,15,37,full_test,high_interpolation_regime,1,476,1.5105184034716053,1.8523827459314768,-0.8216392085906403
TCN-lite,15,37,full_test,pv_regime,high,623,1.5764150827080283,3.6829238024761617,0.9784155756285372
TCN-lite,15,37,full_test,pv_regime,low,26497,0.97466969016997,2.342522169359187,0.985157066899096
TCN-lite,15,37,full_test,pv_regime,medium,5407,2.035063623296774,4.100680081159973,0.9897866054852913
Conformalized ExtraTrees,15,53,full_test,site,industrial1,3802,3.306492546598028,4.4220623955749065,0.7766718953230867
Conformalized ExtraTrees,15,53,full_test,site,industrial2,3802,0.3578230418085674,0.6102198079077034,0.8224096557517203
Conformalized ExtraTrees,15,53,full_test,site,industrial3,3802,3.463695548954352,5.88563970856943,0.9718681240968869
Conformalized ExtraTrees,15,53,full_test,site,residential1,3802,0.15853986299095135,0.3055437778991379,0.35127242830953087
Conformalized ExtraTrees,15,53,full_test,site,residential2,3802,0.18105294742229666,0.3866541558698421,0.3373038049075402
Conformalized ExtraTrees,15,53,full_test,site,residential3,3802,0.18400909040167532,0.3496131789615074,0.6574058265713609
Conformalized ExtraTrees,15,53,full_test,site,residential4,2138,0.9659962986332165,1.203344662953226,0.1334057854204782
Conformalized ExtraTrees,15,53,full_test,site,residential5,3775,0.12098101413018343,0.2724958855082857,0.30056792165994817
Conformalized ExtraTrees,15,53,full_test,site,residential6,3802,0.147184804344012,0.27468045465613844,0.526814261674456
Conformalized ExtraTrees,15,53,full_test,building_type,industrial,11406,2.3760037124536493,4.264886040814762,0.9843269593623698
Conformalized ExtraTrees,15,53,full_test,building_type,residential,21121,0.24015598067485117,0.4890320755626264,0.4227627401624947
Conformalized ExtraTrees,15,53,full_test,weak_signal_regime,0,25177,0.8384685863774564,2.447487570485555,0.9900457543612221
Conformalized ExtraTrees,15,53,full_test,weak_signal_regime,1,7350,1.5051577160346443,2.8973975302220523,0.9859916333285949
Conformalized ExtraTrees,15,53,full_test,high_interpolation_regime,0,32051,0.9882397719804519,2.569356276029436,0.9893642928810941
Conformalized ExtraTrees,15,53,full_test,high_interpolation_regime,1,476,1.0482350427192995,1.3978837217413311,-0.03739226708551047
Conformalized ExtraTrees,15,53,full_test,pv_regime,high,623,1.5597668367562125,3.5971525771289508,0.9794092236087925
Conformalized ExtraTrees,15,53,full_test,pv_regime,low,26497,0.7981650168900732,2.1304694110756746,0.987722698624732
Conformalized ExtraTrees,15,53,full_test,pv_regime,medium,5407,1.8591306861927988,3.9459360197495372,0.990542890688594
DLinear-lite,15,53,full_test,site,industrial1,3802,4.406709542475553,5.631408277843253,0.637817320362651
DLinear-lite,15,53,full_test,site,industrial2,3802,0.8138812640373589,1.0861813988983662,0.4373329678929101
DLinear-lite,15,53,full_test,site,industrial3,3802,16.67150245293558,21.514667563746972,0.6240928151522696
DLinear-lite,15,53,full_test,site,residential1,3802,0.19479506416288803,0.3280614778316364,0.25213029342748594
DLinear-lite,15,53,full_test,site,residential2,3802,0.20821862616743905,0.40712329601773856,0.2652814247143399
DLinear-lite,15,53,full_test,site,residential3,3802,0.46294852514843715,0.5917212109008153,0.018616715680335516
DLinear-lite,15,53,full_test,site,residential4,2138,1.81947269611235,2.185123670637838,-1.8575099827455621
DLinear-lite,15,53,full_test,site,residential5,3775,0.17686579239388758,0.31300636698712514,0.07714813975992196
DLinear-lite,15,53,full_test,site,residential6,3802,0.3685702924590713,0.46336742016926885,-0.3465643771497713
DLinear-lite,15,53,full_test,building_type,industrial,11406,7.297364419816164,12.855264415815808,0.8576031359237051
DLinear-lite,15,53,full_test,building_type,residential,21121,0.4380187294993031,0.8072982125369389,-0.573068546534657
DLinear-lite,15,53,full_test,weak_signal_regime,0,25177,2.4430683898033063,7.285031022548515,0.9118078003536554
DLinear-lite,15,53,full_test,weak_signal_regime,1,7350,4.214421674571442,8.748257882714846,0.8722930645664582
DLinear-lite,15,53,full_test,high_interpolation_regime,0,32051,2.8531041233976158,7.690787724532293,0.9047073597925667
DLinear-lite,15,53,full_test,high_interpolation_regime,1,476,2.185487183111264,2.483755592909293,-2.275055222824629
DLinear-lite,15,53,full_test,pv_regime,high,623,3.644362254941712,8.761477924449386,0.8778454225217643
DLinear-lite,15,53,full_test,pv_regime,low,26497,2.1685861078847664,5.89855415812124,0.9058883358007734
DLinear-lite,15,53,full_test,pv_regime,medium,5407,6.057641644669247,13.107539932199835,0.8956480162730036
ExtraTrees,15,53,full_test,site,industrial1,3802,3.306492546598028,4.4220623955749065,0.7766718953230867
ExtraTrees,15,53,full_test,site,industrial2,3802,0.3578230418085674,0.6102198079077034,0.8224096557517203
ExtraTrees,15,53,full_test,site,industrial3,3802,3.463695548954352,5.88563970856943,0.9718681240968869
ExtraTrees,15,53,full_test,site,residential1,3802,0.15853986299095135,0.3055437778991379,0.35127242830953087
ExtraTrees,15,53,full_test,site,residential2,3802,0.18105294742229666,0.3866541558698421,0.3373038049075402
ExtraTrees,15,53,full_test,site,residential3,3802,0.18400909040167532,0.3496131789615074,0.6574058265713609
ExtraTrees,15,53,full_test,site,residential4,2138,0.9659962986332165,1.203344662953226,0.1334057854204782
ExtraTrees,15,53,full_test,site,residential5,3775,0.12098101413018343,0.2724958855082857,0.30056792165994817
ExtraTrees,15,53,full_test,site,residential6,3802,0.147184804344012,0.27468045465613844,0.526814261674456
ExtraTrees,15,53,full_test,building_type,industrial,11406,2.3760037124536493,4.264886040814762,0.9843269593623698
ExtraTrees,15,53,full_test,building_type,residential,21121,0.24015598067485117,0.4890320755626264,0.4227627401624947
ExtraTrees,15,53,full_test,weak_signal_regime,0,25177,0.8384685863774564,2.447487570485555,0.9900457543612221
ExtraTrees,15,53,full_test,weak_signal_regime,1,7350,1.5051577160346443,2.8973975302220523,0.9859916333285949
ExtraTrees,15,53,full_test,high_interpolation_regime,0,32051,0.9882397719804519,2.569356276029436,0.9893642928810941
ExtraTrees,15,53,full_test,high_interpolation_regime,1,476,1.0482350427192995,1.3978837217413311,-0.03739226708551047
ExtraTrees,15,53,full_test,pv_regime,high,623,1.5597668367562125,3.5971525771289508,0.9794092236087925
ExtraTrees,15,53,full_test,pv_regime,low,26497,0.7981650168900732,2.1304694110756746,0.987722698624732
ExtraTrees,15,53,full_test,pv_regime,medium,5407,1.8591306861927988,3.9459360197495372,0.990542890688594
GRU-lite,15,53,full_test,site,industrial1,3802,3.2252608862739707,4.405392502873604,0.7783524860370667
GRU-lite,15,53,full_test,site,industrial2,3802,0.40173249689865265,0.7397203974839227,0.7390351974641574
GRU-lite,15,53,full_test,site,industrial3,3802,3.9243980602554007,6.197014740678509,0.9688127985780046
GRU-lite,15,53,full_test,site,residential1,3802,0.15472127153797036,0.31308592270477836,0.31885033127668116
GRU-lite,15,53,full_test,site,residential2,3802,0.17692423988867728,0.413687997455853,0.2413963054265984
GRU-lite,15,53,full_test,site,residential3,3802,0.20707309766989856,0.372180437126214,0.6117499993921168
GRU-lite,15,53,full_test,site,residential4,2138,1.2881375561657662,1.5784540129070401,-0.491075314128955
GRU-lite,15,53,full_test,site,residential5,3775,0.1237681582651873,0.28243706063894847,0.2486037650994981
GRU-lite,15,53,full_test,site,residential6,3802,0.1540195210831744,0.28280428147444603,0.4984108983538672
GRU-lite,15,53,full_test,building_type,industrial,11406,2.5171304811426745,4.410504924496191,0.9832384174622176
GRU-lite,15,53,full_test,building_type,residential,21121,0.277214775033227,0.5951872909369714,0.14495895305801187
GRU-lite,15,53,full_test,weak_signal_regime,0,25177,0.9119133567678368,2.5360407217085466,0.9893124094000288
GRU-lite,15,53,full_test,weak_signal_regime,1,7350,1.5790749589178648,3.028929853164994,0.9846908964335286
GRU-lite,15,53,full_test,high_interpolation_regime,0,32051,1.0575144331233377,2.666471564302684,0.9885450915060284
GRU-lite,15,53,full_test,high_interpolation_regime,1,476,1.4097656204916804,1.7591445393598857,-0.6428728792154168
GRU-lite,15,53,full_test,pv_regime,high,623,1.436001444548235,3.430993357598175,0.9812675423984971
GRU-lite,15,53,full_test,pv_regime,low,26497,0.8898782325285817,2.291642945962557,0.9857948371948626
GRU-lite,15,53,full_test,pv_regime,medium,5407,1.8664159615547913,3.9149395847229425,0.9906908836298988
GraphTemporalMLP-lite,15,53,full_test,site,industrial1,3802,3.2116451447870733,4.370367862039043,0.7818628495669006
GraphTemporalMLP-lite,15,53,full_test,site,industrial2,3802,0.40964104978667637,0.6728884320688169,0.7840601119910244
GraphTemporalMLP-lite,15,53,full_test,site,industrial3,3802,4.51574447746912,6.466841931924348,0.9660377982039161
GraphTemporalMLP-lite,15,53,full_test,site,residential1,3802,0.1690136198433773,0.3151944536399965,0.3096447982519447
GraphTemporalMLP-lite,15,53,full_test,site,residential2,3802,0.1969306745543938,0.40226602559796115,0.28270827359814465
GraphTemporalMLP-lite,15,53,full_test,site,residential3,3802,0.23285076420414735,0.39035893696243895,0.5728969870509064
GraphTemporalMLP-lite,15,53,full_test,site,residential4,2138,1.6457823975371018,2.0232932789485165,-1.4499283925205164
GraphTemporalMLP-lite,15,53,full_test,site,residential5,3775,0.14322309265304461,0.28768842331728595,0.22040253087504935
GraphTemporalMLP-lite,15,53,full_test,site,residential6,3802,0.18472204431358535,0.3044899861983918,0.41853689844596265
GraphTemporalMLP-lite,15,53,full_test,building_type,industrial,11406,2.712343557347623,4.523012958344278,0.9823723645157332
GraphTemporalMLP-lite,15,53,full_test,building_type,residential,21121,0.3332362087961892,0.7213295239830789,-0.2558769281760702
GraphTemporalMLP-lite,15,53,full_test,weak_signal_regime,0,25177,1.006063104534774,2.588967233404139,0.9888616599777273
GraphTemporalMLP-lite,15,53,full_test,weak_signal_regime,1,7350,1.7204927616624897,3.206590632678223,0.9828423276986884
GraphTemporalMLP-lite,15,53,full_test,high_interpolation_regime,0,32051,1.1587971514217787,2.7490700055652093,0.9878244297817269
GraphTemporalMLP-lite,15,53,full_test,high_interpolation_regime,1,476,1.753498069058547,2.1042861720116073,-1.3507720247915138
GraphTemporalMLP-lite,15,53,full_test,pv_regime,high,623,1.476871984303713,3.431978912497675,0.9812567790334682
GraphTemporalMLP-lite,15,53,full_test,pv_regime,low,26497,0.9836520085780629,2.3395049610651006,0.9851952781741293
GraphTemporalMLP-lite,15,53,full_test,pv_regime,medium,5407,2.0328008255182457,4.12415800049525,0.989669319723347
IA-GTPF,15,53,full_test,site,industrial1,3802,3.2208668484043117,4.316072188534299,0.7872492755840306
IA-GTPF,15,53,full_test,site,industrial2,3802,0.40388014022970975,0.6765412167671776,0.7817092828250475
IA-GTPF,15,53,full_test,site,industrial3,3802,3.406963674418998,5.90440106372852,0.9716884891381188
IA-GTPF,15,53,full_test,site,residential1,3802,0.1543013614181667,0.3124201549492575,0.3217441395864705
IA-GTPF,15,53,full_test,site,residential2,3802,0.17219177708543823,0.3980246193856264,0.29775446979393394
IA-GTPF,15,53,full_test,site,residential3,3802,0.19727364553100907,0.3637886361467774,0.6290608784528671
IA-GTPF,15,53,full_test,site,residential4,2138,1.0096576806763045,1.243278573554365,0.07493422950087714
IA-GTPF,15,53,full_test,site,residential5,3775,0.11650210010220828,0.27148242115131266,0.30576089040330867
IA-GTPF,15,53,full_test,site,residential6,3802,0.16297747103269306,0.28542381472332073,0.48907571719275533
IA-GTPF,15,53,full_test,building_type,industrial,11406,2.3439035543510065,4.240602908234572,0.9845049275562392
IA-GTPF,15,53,full_test,building_type,residential,21121,0.24664765905675284,0.5042009348696037,0.38639772827286856
IA-GTPF,15,53,full_test,weak_signal_regime,0,25177,0.8342722002846492,2.439387582674212,0.990111532710888
IA-GTPF,15,53,full_test,weak_signal_regime,1,7350,1.4883725117413118,2.8728525894487458,0.9862279682816697
IA-GTPF,15,53,full_test,high_interpolation_regime,0,32051,0.9793739258693668,2.5559088686621836,0.9894753311314302
IA-GTPF,15,53,full_test,high_interpolation_regime,1,476,1.164066071063398,1.5212532415078044,-0.22858142375373713
IA-GTPF,15,53,full_test,pv_regime,high,623,1.4335566184876518,3.3725875294740466,0.9818998796137248
IA-GTPF,15,53,full_test,pv_regime,low,26497,0.8065423492978563,2.1456820168970263,0.9875467406319987
IA-GTPF,15,53,full_test,pv_regime,medium,5407,1.790262760348096,3.8800933922724727,0.9908558637510245
Lag-Llama zero-shot,15,53,foundation_subset,site,industrial1,134,3.297522587562675,4.685922132950415,0.7783624111043146
Lag-Llama zero-shot,15,53,foundation_subset,site,industrial2,115,0.4607083005022938,0.8475745307541633,0.7177846566124135
Lag-Llama zero-shot,15,53,foundation_subset,site,industrial3,116,4.964383400804679,11.414207095229852,0.9074306302207835
Lag-Llama zero-shot,15,53,foundation_subset,site,residential1,112,0.12751756968778596,0.2224407446766421,0.225084978106728
Lag-Llama zero-shot,15,53,foundation_subset,site,residential2,120,0.13133854703966905,0.2621176772619516,0.43366624604683013
Lag-Llama zero-shot,15,53,foundation_subset,site,residential3,113,0.2011014315092095,0.388572130641021,0.5007084418951211
Lag-Llama zero-shot,15,53,foundation_subset,site,residential4,69,0.9415789512844095,1.207638077284103,0.4423451780059102
Lag-Llama zero-shot,15,53,foundation_subset,site,residential5,136,0.12443520048806142,0.298177823215679,0.08539286777020572
Lag-Llama zero-shot,15,53,foundation_subset,site,residential6,109,0.12472745520581258,0.2134199655175075,0.5742381482089438
Lag-Llama zero-shot,15,53,foundation_subset,building_type,industrial,365,2.933473851464397,7.049322596818213,0.960256897137295
Lag-Llama zero-shot,15,53,foundation_subset,building_type,residential,659,0.22496886605882724,0.4747549487090188,0.4919857936193809
PatchTST-lite,15,53,full_test,site,industrial1,3802,3.3990665187274596,4.530833412823169,0.7655502160110828
PatchTST-lite,15,53,full_test,site,industrial2,3802,0.5324294285408129,0.9632858610994547,0.5574553253110679
PatchTST-lite,15,53,full_test,site,industrial3,3802,5.104793426173401,7.234416184866454,0.957497123252743
PatchTST-lite,15,53,full_test,site,residential1,3802,0.16274525534698278,0.31734876825995145,0.30017556524795586
PatchTST-lite,15,53,full_test,site,residential2,3802,0.18860893503877577,0.4098506783270093,0.25540446339104916
PatchTST-lite,15,53,full_test,site,residential3,3802,0.2327242853142337,0.4085700722620593,0.5321167643120799
PatchTST-lite,15,53,full_test,site,residential4,2138,1.748374415112927,2.1153510542653473,-1.6779386022870635
PatchTST-lite,15,53,full_test,site,residential5,3775,0.13458560656490268,0.28777387083494255,0.21993935922227492
PatchTST-lite,15,53,full_test,site,residential6,3802,0.17014978960032578,0.30044005795538475,0.43390175869221237
PatchTST-lite,15,53,full_test,building_type,industrial,11406,3.0120964578138905,4.959608472477328,0.9788050115720904
PatchTST-lite,15,53,full_test,building_type,residential,21121,0.3368051242349204,0.7499492246119989,-0.35751109101193257
PatchTST-lite,15,53,full_test,weak_signal_regime,0,25177,1.0920904666413223,2.8274173823843274,0.9867154388901992
PatchTST-lite,15,53,full_test,weak_signal_regime,1,7350,1.9012342242397855,3.5219098362613233,0.9793020279213295
PatchTST-lite,15,53,full_test,high_interpolation_regime,0,32051,1.2670840746838081,3.0094959966932304,0.985408321547186
PatchTST-lite,15,53,full_test,high_interpolation_regime,1,476,1.8031965317232415,2.1265022316427995,-1.4006707268317933
PatchTST-lite,15,53,full_test,pv_regime,high,623,1.5773382278991956,3.5414494473410345,0.980041996364434
PatchTST-lite,15,53,full_test,pv_regime,low,26497,1.0689100699850522,2.564147202064413,0.9822156409594491
PatchTST-lite,15,53,full_test,pv_regime,medium,5407,2.249683999707022,4.51889361058246,0.9875971193683384
QuantileForest,15,53,full_test,site,industrial1,3802,3.1797853965178677,4.388467022314298,0.7800523500507649
QuantileForest,15,53,full_test,site,industrial2,3802,0.3729555628681476,0.6611103714369334,0.791553461214148
QuantileForest,15,53,full_test,site,industrial3,3802,3.332137975928782,5.847887155013674,0.9722278620432568
QuantileForest,15,53,full_test,site,residential1,3802,0.15708942474466095,0.314480640597388,0.3127681181130656
QuantileForest,15,53,full_test,site,residential2,3802,0.17297403773087233,0.40178681961238205,0.2844162266916368
QuantileForest,15,53,full_test,site,residential3,3802,0.18704501886509356,0.35712930927851233,0.6425170201148038
QuantileForest,15,53,full_test,site,residential4,2138,1.0843716303926954,1.3236926997207479,-0.04860049999548588
QuantileForest,15,53,full_test,site,residential5,3775,0.11600671885753075,0.2738671430085795,0.29351082658976524
QuantileForest,15,53,full_test,site,residential6,3802,0.15334383946833005,0.28620607396496245,0.4862713055419927
QuantileForest,15,53,full_test,building_type,industrial,11406,2.2949596451049326,4.238454667562048,0.9845206228307675
QuantileForest,15,53,full_test,building_type,residential,21121,0.25118941495111097,0.5247253621992523,0.3354253401971896
QuantileForest,15,53,full_test,weak_signal_regime,0,25177,0.8255600385668165,2.427924162309992,0.990204252139182
QuantileForest,15,53,full_test,weak_signal_regime,1,7350,1.455313776088781,2.91149900756356,0.9858549455816414
QuantileForest,15,53,full_test,high_interpolation_regime,0,32051,0.9613556001153175,2.5549654293921815,0.9894830994470102
QuantileForest,15,53,full_test,high_interpolation_regime,1,476,1.4060357267925152,1.7718522082151438,-0.666694105679682
QuantileForest,15,53,full_test,pv_regime,high,623,1.4124826168601132,3.3805799753867953,0.9818139896870898
QuantileForest,15,53,full_test,pv_regime,low,26497,0.7970902734841326,2.1590872277826296,0.9873906503599965
QuantileForest,15,53,full_test,pv_regime,medium,5407,1.7535054001176928,3.848400153487741,0.9910046352715536
RandomForest,15,53,full_test,site,industrial1,3802,3.2731433621580117,4.3980630611606655,0.7790894015851155
RandomForest,15,53,full_test,site,industrial2,3802,0.3803342440945148,0.6504039672354761,0.7982502010287008
RandomForest,15,53,full_test,site,industrial3,3802,3.6777321140406833,5.926261887678962,0.9714784564187776
RandomForest,15,53,full_test,site,residential1,3802,0.16520375391529735,0.3113571668843924,0.3263517254565783
RandomForest,15,53,full_test,site,residential2,3802,0.1862348676411927,0.3895702700682651,0.3272701087743781
RandomForest,15,53,full_test,site,residential3,3802,0.189548163001546,0.3494424145790422,0.6577404169041298
RandomForest,15,53,full_test,site,residential4,2138,1.1181777464962905,1.3724719951925046,-0.12730827835856817
RandomForest,15,53,full_test,site,residential5,3775,0.12252638816618497,0.2688593990656671,0.31911134878227965
RandomForest,15,53,full_test,site,residential6,3802,0.15655213420290656,0.283172120027289,0.4971052335404643
RandomForest,15,53,full_test,building_type,industrial,11406,2.44373657343107,4.277326422423934,0.9842353916279516
RandomForest,15,53,full_test,building_type,residential,21121,0.2606526256552967,0.5336507257658019,0.3126247756382562
RandomForest,15,53,full_test,weak_signal_regime,0,25177,0.8772173287448697,2.458854098716257,0.9899530814113976
RandomForest,15,53,full_test,weak_signal_regime,1,7350,1.5364357520014584,2.9154618894079336,0.9858164133149712
RandomForest,15,53,full_test,high_interpolation_regime,0,32051,1.0169457105873794,2.5767079144536646,0.9893033424124702
RandomForest,15,53,full_test,high_interpolation_regime,1,476,1.6478497751769208,1.9944522650424437,-1.1117777220752947
RandomForest,15,53,full_test,pv_regime,high,623,1.522836218276347,3.552494940112343,0.9799173074399032
RandomForest,15,53,full_test,pv_regime,low,26497,0.8441540219816882,2.1514840079205904,0.9874793015738119
RandomForest,15,53,full_test,pv_regime,medium,5407,1.860963080929416,3.9457130462919783,0.99054395944631
STGCN,15,53,full_test,site,industrial1,3802,3.763305764953812,4.813456293879774,0.7353891100956604
STGCN,15,53,full_test,site,industrial2,3802,0.49674051582114853,0.8608963191236996,0.6465333456134759
STGCN,15,53,full_test,site,industrial3,3802,5.963561973805741,8.933858817040926,0.9351829118668636
STGCN,15,53,full_test,site,residential1,3802,0.19746792975918345,0.36315127083834725,0.08358834355282818
STGCN,15,53,full_test,site,residential2,3802,0.204272141177609,0.45084905462212516,0.09898620803887548
STGCN,15,53,full_test,site,residential3,3802,0.2449446463798575,0.39612461140810984,0.5601870283035515
STGCN,15,53,full_test,site,residential4,2138,1.272388442925371,1.5618508534775997,-0.45987217673106495
STGCN,15,53,full_test,site,residential5,3775,0.1502797992354157,0.31200396480257203,0.08304953700220474
STGCN,15,53,full_test,site,residential6,3802,0.20750003969653405,0.324451577472748,0.3397994047701214
STGCN,15,53,full_test,building_type,industrial,11406,3.407869418193567,5.880032237105265,0.9702081267563698
STGCN,15,53,full_test,building_type,residential,21121,0.30942110597283573,0.6097976736148498,0.1024654157470467
STGCN,15,53,full_test,weak_signal_regime,0,25177,1.1919145368034616,3.3950837722868865,0.9808456087886569
STGCN,15,53,full_test,weak_signal_regime,1,7350,2.0947767986486174,3.9037534596088683,0.9745706011244999
STGCN,15,53,full_test,high_interpolation_regime,0,32051,1.400320694102639,3.53808507987855,0.9798323983224715
STGCN,15,53,full_test,high_interpolation_regime,1,476,1.1003428497571799,1.447940170250742,-0.11301789013160701
STGCN,15,53,full_test,pv_regime,high,623,1.5998828081174241,3.8136993734005857,0.9768554940465621
STGCN,15,53,full_test,pv_regime,low,26497,1.1287907319744483,2.8069481053141017,0.9786881535894084
STGCN,15,53,full_test,pv_regime,medium,5407,2.6815510909162166,5.839604457179315,0.9792878494959869
TCN-lite,15,53,full_test,site,industrial1,3802,3.4724246646966157,4.567561647245906,0.7617337755645949
TCN-lite,15,53,full_test,site,industrial2,3802,0.36543175815634626,0.6132716221744915,0.8206288941682272
TCN-lite,15,53,full_test,site,industrial3,3802,4.507824124056723,6.526765553980621,0.9654054749603328
TCN-lite,15,53,full_test,site,residential1,3802,0.16912639273390817,0.3160557126048434,0.30586689589486915
TCN-lite,15,53,full_test,site,residential2,3802,0.19669434806290456,0.4007583954828523,0.28807479257061075
TCN-lite,15,53,full_test,site,residential3,3802,0.23022923408123047,0.3876023962376985,0.5789077113315135
TCN-lite,15,53,full_test,site,residential4,2138,1.5357917640098822,1.9100991558806695,-1.1834715541383942
TCN-lite,15,53,full_test,site,residential5,3775,0.14263674620886665,0.28960661805575716,0.20997176563700082
TCN-lite,15,53,full_test,site,residential6,3802,0.18745247668611908,0.2969439482185426,0.44700005402548015
TCN-lite,15,53,full_test,building_type,industrial,11406,2.781893515636561,4.612930741606838,0.9816645207626885
TCN-lite,15,53,full_test,building_type,residential,21121,0.32199483117459143,0.6885647909034505,-0.14437744373553651
TCN-lite,15,53,full_test,weak_signal_regime,0,25177,0.997846803898324,2.607553192439851,0.9887011636950462
TCN-lite,15,53,full_test,weak_signal_regime,1,7350,1.8242641206586474,3.3306830281456703,0.9814886565783852
TCN-lite,15,53,full_test,high_interpolation_regime,0,32051,1.1798128828826393,2.7987872889320706,0.9873800539997265
TCN-lite,15,53,full_test,high_interpolation_regime,1,476,1.5061923515077658,1.86827433429983,-0.8530289590291527
TCN-lite,15,53,full_test,pv_regime,high,623,1.5454942442272768,3.6011810085139966,0.9793630787901457
TCN-lite,15,53,full_test,pv_regime,low,26497,1.00023345435924,2.393951714153757,0.9844981659425732
TCN-lite,15,53,full_test,pv_regime,medium,5407,2.046440080317883,4.14259125386619,0.9895767657456921
Conformalized ExtraTrees,15,71,full_test,site,industrial1,3802,3.2471852618483665,4.346095218791578,0.7842791504666019
Conformalized ExtraTrees,15,71,full_test,site,industrial2,3802,0.34895334119102794,0.6017184085616255,0.8273234576652031
Conformalized ExtraTrees,15,71,full_test,site,industrial3,3802,3.4153481458747867,5.808242951769022,0.9726031334084674
Conformalized ExtraTrees,15,71,full_test,site,residential1,3802,0.1589539290301955,0.30588460367696085,0.3498243451708415
Conformalized ExtraTrees,15,71,full_test,site,residential2,3802,0.18022969631860336,0.3888761529654485,0.32966524701625666
Conformalized ExtraTrees,15,71,full_test,site,residential3,3802,0.1840103620468138,0.3490496224926706,0.6585094208543522
Conformalized ExtraTrees,15,71,full_test,site,residential4,2138,0.961950317763571,1.1969555679965944,0.14258362839046035
Conformalized ExtraTrees,15,71,full_test,site,residential5,3775,0.1215394925804454,0.2748137386124407,0.2886185617485617
Conformalized ExtraTrees,15,71,full_test,site,residential6,3802,0.14786543824559908,0.27541366412522966,0.524284723730517
Conformalized ExtraTrees,15,71,full_test,building_type,industrial,11406,2.33716224963806,4.20262992584324,0.984781190013843
Conformalized ExtraTrees,15,71,full_test,building_type,residential,21121,0.2398953316678937,0.48803295586812856,0.42511898630127976
Conformalized ExtraTrees,15,71,full_test,weak_signal_regime,0,25177,0.8273469076347572,2.4123339659237386,0.9903296492333125
Conformalized ExtraTrees,15,71,full_test,weak_signal_regime,1,7350,1.4822297722461248,2.8564405564587614,0.9863848725489238
Conformalized ExtraTrees,15,71,full_test,high_interpolation_regime,0,32051,0.9743702476852576,2.532577343810166,0.9896666022670809
Conformalized ExtraTrees,15,71,full_test,high_interpolation_regime,1,476,1.039834266741827,1.3833983509692025,-0.01600400172469807
Conformalized ExtraTrees,15,71,full_test,pv_regime,high,623,1.5135060060101833,3.4768682364744565,0.9807632602879177
Conformalized ExtraTrees,15,71,full_test,pv_regime,low,26497,0.792856746717488,2.108631215531804,0.9879731035039229
Conformalized ExtraTrees,15,71,full_test,pv_regime,medium,5407,1.8075203366028623,3.8737930686959947,0.9908855353275918
DLinear-lite,15,71,full_test,site,industrial1,3802,4.094545497347439,5.282157744267832,0.6813481962943008
DLinear-lite,15,71,full_test,site,industrial2,3802,0.3627352767226642,0.6077951213190705,0.8238181496475553
DLinear-lite,15,71,full_test,site,industrial3,3802,4.95561850697763,6.743002429696465,0.9630752146719695
DLinear-lite,15,71,full_test,site,residential1,3802,0.16791579181336488,0.3152073575501513,0.30958827147143964
DLinear-lite,15,71,full_test,site,residential2,3802,0.19347149246789838,0.4033738814899707,0.2787519358965055
DLinear-lite,15,71,full_test,site,residential3,3802,0.20686630348769575,0.36708561228417275,0.6223068506210978
DLinear-lite,15,71,full_test,site,residential4,2138,1.5744746564216072,1.9083167414193463,-1.1793984300642184
DLinear-lite,15,71,full_test,site,residential5,3775,0.1414721602047773,0.28835784879427107,0.21677020122711177
DLinear-lite,15,71,full_test,site,residential6,3802,0.16654233962892775,0.29747573236072783,0.4450175928355359
DLinear-lite,15,71,full_test,building_type,industrial,11406,3.1376330936825783,4.957777967050707,0.978820654089761
DLinear-lite,15,71,full_test,building_type,residential,21121,0.3169347254471472,0.6861890291121222,-0.13649415389743802
DLinear-lite,15,71,full_test,weak_signal_regime,0,25177,1.039736734215552,2.6967500373250233,0.9879149416814458
DLinear-lite,15,71,full_test,weak_signal_regime,1,7350,2.218281584403773,3.819047862014506,0.9756621879934217
DLinear-lite,15,71,full_test,high_interpolation_regime,0,32051,1.300617092315111,2.9996452769076862,0.9855036885404729
DLinear-lite,15,71,full_test,high_interpolation_regime,1,476,1.671728943111468,2.0024335527524637,-1.128713128337294
DLinear-lite,15,71,full_test,pv_regime,high,623,1.6656342988654698,3.741025131444719,0.9777291775708308
DLinear-lite,15,71,full_test,pv_regime,low,26497,1.1258395478907495,2.630977652366343,0.981276517504243
DLinear-lite,15,71,full_test,pv_regime,medium,5407,2.147727156289681,4.26093146286461,0.9889727447417785
ExtraTrees,15,71,full_test,site,industrial1,3802,3.2471852618483665,4.346095218791578,0.7842791504666019
ExtraTrees,15,71,full_test,site,industrial2,3802,0.34895334119102794,0.6017184085616255,0.8273234576652031
ExtraTrees,15,71,full_test,site,industrial3,3802,3.4153481458747867,5.808242951769022,0.9726031334084674
ExtraTrees,15,71,full_test,site,residential1,3802,0.1589539290301955,0.30588460367696085,0.3498243451708415
ExtraTrees,15,71,full_test,site,residential2,3802,0.18022969631860336,0.3888761529654485,0.32966524701625666
ExtraTrees,15,71,full_test,site,residential3,3802,0.1840103620468138,0.3490496224926706,0.6585094208543522
ExtraTrees,15,71,full_test,site,residential4,2138,0.961950317763571,1.1969555679965944,0.14258362839046035
ExtraTrees,15,71,full_test,site,residential5,3775,0.1215394925804454,0.2748137386124407,0.2886185617485617
ExtraTrees,15,71,full_test,site,residential6,3802,0.14786543824559908,0.27541366412522966,0.524284723730517
ExtraTrees,15,71,full_test,building_type,industrial,11406,2.33716224963806,4.20262992584324,0.984781190013843
ExtraTrees,15,71,full_test,building_type,residential,21121,0.2398953316678937,0.48803295586812856,0.42511898630127976
ExtraTrees,15,71,full_test,weak_signal_regime,0,25177,0.8273469076347572,2.4123339659237386,0.9903296492333125
ExtraTrees,15,71,full_test,weak_signal_regime,1,7350,1.4822297722461248,2.8564405564587614,0.9863848725489238
ExtraTrees,15,71,full_test,high_interpolation_regime,0,32051,0.9743702476852576,2.532577343810166,0.9896666022670809
ExtraTrees,15,71,full_test,high_interpolation_regime,1,476,1.039834266741827,1.3833983509692025,-0.01600400172469807
ExtraTrees,15,71,full_test,pv_regime,high,623,1.5135060060101833,3.4768682364744565,0.9807632602879177
ExtraTrees,15,71,full_test,pv_regime,low,26497,0.792856746717488,2.108631215531804,0.9879731035039229
ExtraTrees,15,71,full_test,pv_regime,medium,5407,1.8075203366028623,3.8737930686959947,0.9908855353275918
GRU-lite,15,71,full_test,site,industrial1,3802,3.2434658507021004,4.411736629916372,0.7777136451259266
GRU-lite,15,71,full_test,site,industrial2,3802,0.4251328450884904,0.7729995075402022,0.7150260370725321
GRU-lite,15,71,full_test,site,industrial3,3802,4.066414737499109,6.365874361240059,0.9670900310315731
GRU-lite,15,71,full_test,site,residential1,3802,0.15463646012211985,0.31497815644374183,0.31059196377432474
GRU-lite,15,71,full_test,site,residential2,3802,0.17619713477222287,0.41463908239976205,0.23790417642507333
GRU-lite,15,71,full_test,site,residential3,3802,0.21355222821045208,0.38039471378864576,0.5944229911378587
GRU-lite,15,71,full_test,site,residential4,2138,1.2605864709634735,1.541706173449133,-0.4224563094432834
GRU-lite,15,71,full_test,site,residential5,3775,0.12424043059313046,0.28359441830360654,0.2424330737370618
GRU-lite,15,71,full_test,site,residential6,3802,0.1530974953167048,0.2842532075301277,0.4932580252889208
GRU-lite,15,71,full_test,building_type,industrial,11406,2.5783378110965667,4.49389603475265,0.9825985900228968
GRU-lite,15,71,full_test,building_type,residential,21121,0.2753644750271065,0.5868346682768318,0.16878917419633443
GRU-lite,15,71,full_test,weak_signal_regime,0,25177,0.9321946038114746,2.5911157191403413,0.9888431657350132
GRU-lite,15,71,full_test,weak_signal_regime,1,7350,1.5992694707827835,3.0546829833116425,0.9844294619205105
GRU-lite,15,71,full_test,high_interpolation_regime,0,32051,1.079742236787966,2.715448433715215,0.9881204269934677
GRU-lite,15,71,full_test,high_interpolation_regime,1,476,1.297638065386242,1.6434798762825893,-0.4339357504579424
GRU-lite,15,71,full_test,pv_regime,high,623,1.4250734300660246,3.4510476080643353,0.981047918957352
GRU-lite,15,71,full_test,pv_regime,low,26497,0.9083823982528504,2.326003070161177,0.9853656688582232
GRU-lite,15,71,full_test,pv_regime,medium,5407,1.898883853704096,4.007636695302554,0.9902448260159077
GraphTemporalMLP-lite,15,71,full_test,site,industrial1,3802,3.221856361587347,4.411264844131577,0.7777611846523136
GraphTemporalMLP-lite,15,71,full_test,site,industrial2,3802,0.4520501618688862,0.7252323747779024,0.7491575040996974
GraphTemporalMLP-lite,15,71,full_test,site,industrial3,3802,4.682699709366274,6.698156523771603,0.96356473515121
GraphTemporalMLP-lite,15,71,full_test,site,residential1,3802,0.172157687811379,0.31748101192028266,0.2995921905070775
GraphTemporalMLP-lite,15,71,full_test,site,residential2,3802,0.1981146680970312,0.40594910648673516,0.26951333582002224
GraphTemporalMLP-lite,15,71,full_test,site,residential3,3802,0.2413068107299062,0.4040150506327365,0.5424911811142858
GraphTemporalMLP-lite,15,71,full_test,site,residential4,2138,1.6616619540092923,2.030464573149804,-1.4673260611924657
GraphTemporalMLP-lite,15,71,full_test,site,residential5,3775,0.1448630992212535,0.28960476701957844,0.20998186462010004
GraphTemporalMLP-lite,15,71,full_test,site,residential6,3802,0.19882714790843348,0.3186233823675599,0.36330503027371785
GraphTemporalMLP-lite,15,71,full_test,building_type,industrial,11406,2.7855354109408355,4.649391370184606,0.981373527838283
GraphTemporalMLP-lite,15,71,full_test,building_type,residential,21121,0.33997709697167944,0.7264922887632885,-0.27391861416260643
GraphTemporalMLP-lite,15,71,full_test,weak_signal_regime,0,25177,1.0303207055062493,2.656742423576489,0.9882708574322094
GraphTemporalMLP-lite,15,71,full_test,weak_signal_regime,1,7350,1.770352212217574,3.29920274353259,0.9818369265462328
GraphTemporalMLP-lite,15,71,full_test,high_interpolation_regime,0,32051,1.1879513187930286,2.8232306386094366,0.9871586575472384
GraphTemporalMLP-lite,15,71,full_test,high_interpolation_regime,1,476,1.8433727808711151,2.170491159187432,-1.5010187845271408
GraphTemporalMLP-lite,15,71,full_test,pv_regime,high,623,1.4468245939714008,3.449187768037446,0.9810683407799565
GraphTemporalMLP-lite,15,71,full_test,pv_regime,low,26497,1.0219601620878747,2.440896778111587,0.9838842270944483
GraphTemporalMLP-lite,15,71,full_test,pv_regime,medium,5407,2.0292626272319985,4.134525093108471,0.9896173169973341
IA-GTPF,15,71,full_test,site,industrial1,3802,3.2188733592436893,4.293508302996137,0.789467929314746
IA-GTPF,15,71,full_test,site,industrial2,3802,0.3900027445639856,0.649863440816269,0.7985853951165616
IA-GTPF,15,71,full_test,site,industrial3,3802,3.410475545263294,5.902557043883748,0.9717061704693315
IA-GTPF,15,71,full_test,site,residential1,3802,0.15421357042978856,0.3121753743158896,0.3228065477362282
IA-GTPF,15,71,full_test,site,residential2,3802,0.17299295285666175,0.3982857870814877,0.29683259707943555
IA-GTPF,15,71,full_test,site,residential3,3802,0.1985707256311011,0.3641738934534466,0.6282748028970726
IA-GTPF,15,71,full_test,site,residential4,2138,1.010162834334865,1.2439503119747044,0.0739343408143539
IA-GTPF,15,71,full_test,site,residential5,3775,0.11667501186893536,0.2713180973126916,0.3066010590561654
IA-GTPF,15,71,full_test,site,residential6,3802,0.16482292432612525,0.2874265204130103,0.4818806569481514
IA-GTPF,15,71,full_test,building_type,industrial,11406,2.3397838830236566,4.23070977874509,0.9845771417892978
IA-GTPF,15,71,full_test,building_type,residential,21121,0.24742380418946217,0.5046173629685885,0.385383740675758
IA-GTPF,15,71,full_test,weak_signal_regime,0,25177,0.8333911138939235,2.4355738674876712,0.9901424276117294
IA-GTPF,15,71,full_test,weak_signal_regime,1,7350,1.487227899802196,2.8614887792594947,0.9863367056565236
IA-GTPF,15,71,full_test,high_interpolation_regime,0,32051,0.9784144335627788,2.5501254941870335,0.9895229065653515
IA-GTPF,15,71,full_test,high_interpolation_regime,1,476,1.1643952267496283,1.5208601354462654,-0.22794655193812696
IA-GTPF,15,71,full_test,pv_regime,high,623,1.4352586357165678,3.378216480569731,0.9818394098907519
IA-GTPF,15,71,full_test,pv_regime,low,26497,0.8068589066557669,2.139035603476274,0.9876237709814305
IA-GTPF,15,71,full_test,pv_regime,medium,5407,1.782856770546361,3.874939003950728,0.9908801420961745
Lag-Llama zero-shot,15,71,foundation_subset,site,industrial1,134,3.247074813985113,4.73611275263664,0.7735890911321333
Lag-Llama zero-shot,15,71,foundation_subset,site,industrial2,115,0.4650689384637517,0.8768709960285279,0.697937900620353
Lag-Llama zero-shot,15,71,foundation_subset,site,industrial3,116,5.051518254281626,10.479227172222815,0.9219749022227723
Lag-Llama zero-shot,15,71,foundation_subset,site,residential1,112,0.12394243377599842,0.2060322611219639,0.3351925819162901
Lag-Llama zero-shot,15,71,foundation_subset,site,residential2,120,0.12801126005096392,0.24836295255169025,0.49154391017870547
Lag-Llama zero-shot,15,71,foundation_subset,site,residential3,113,0.2006855633751118,0.39282752794455683,0.4897127070908692
Lag-Llama zero-shot,15,71,foundation_subset,site,residential4,69,0.9323069651780405,1.2281227097789533,0.4232662188959483
Lag-Llama zero-shot,15,71,foundation_subset,site,residential5,136,0.12438246574073032,0.29436045897196617,0.1086611283729021
Lag-Llama zero-shot,15,71,foundation_subset,site,residential6,109,0.13346923321870077,0.2190059612610549,0.5516589258435667
Lag-Llama zero-shot,15,71,foundation_subset,building_type,industrial,365,2.944019371216453,6.586119409336247,0.9653082506078368
Lag-Llama zero-shot,15,71,foundation_subset,building_type,residential,659,0.22414827740406318,0.47816941278372,0.4846521832236179
PatchTST-lite,15,71,full_test,site,industrial1,3802,3.5691731541553713,4.8910201758186,0.7267925382769567
PatchTST-lite,15,71,full_test,site,industrial2,3802,0.4974337788677552,0.8948979989037759,0.6180611630567254
PatchTST-lite,15,71,full_test,site,industrial3,3802,4.81233995325012,6.834289215138239,0.9620686714982583
PatchTST-lite,15,71,full_test,site,residential1,3802,0.16997252086656084,0.3201118820841637,0.2879359539679902
PatchTST-lite,15,71,full_test,site,residential2,3802,0.19820795794143048,0.4118453710904617,0.248139117030878
PatchTST-lite,15,71,full_test,site,residential3,3802,0.2595328423153229,0.43155789409410844,0.47798556539343606
PatchTST-lite,15,71,full_test,site,residential4,2138,1.876205474678102,2.2635222529624586,-2.066233682018328
PatchTST-lite,15,71,full_test,site,residential5,3775,0.14300953832439847,0.28964006528116243,0.2097892713383377
PatchTST-lite,15,71,full_test,site,residential6,3802,0.1847987854598314,0.30902784566383207,0.4010764914222249
PatchTST-lite,15,71,full_test,building_type,industrial,11406,2.959648962091082,4.879563842013663,0.9794836354987868
PatchTST-lite,15,71,full_test,building_type,residential,21121,0.36174231055657907,0.7958172690153563,-0.528644097082291
PatchTST-lite,15,71,full_test,weak_signal_regime,0,25177,1.082031194911164,2.748783493676872,0.9874440831157547
PatchTST-lite,15,71,full_test,weak_signal_regime,1,7350,1.925961361714014,3.5899009603858487,0.9784951575923085
PatchTST-lite,15,71,full_test,high_interpolation_regime,0,32051,1.264787215504152,2.9701080485258924,0.9857877706197553
PatchTST-lite,15,71,full_test,high_interpolation_regime,1,476,1.8076057956991882,2.1575144502917802,-1.471202516177676
PatchTST-lite,15,71,full_test,pv_regime,high,623,1.5936696602567304,3.5450369944967686,0.9800015403046322
PatchTST-lite,15,71,full_test,pv_regime,low,26497,1.0576130226341764,2.512743721593771,0.9829215401257314
PatchTST-lite,15,71,full_test,pv_regime,medium,5407,2.289936553319524,4.506876344331485,0.9876629985618683
QuantileForest,15,71,full_test,site,industrial1,3802,3.181826249817817,4.400679438811468,0.7788264869955314
QuantileForest,15,71,full_test,site,industrial2,3802,0.3691037979895987,0.6482566764179784,0.7995801448421891
QuantileForest,15,71,full_test,site,industrial3,3802,3.3363091016141095,5.850589103385503,0.9722021925266032
QuantileForest,15,71,full_test,site,residential1,3802,0.15727471078337876,0.3155303568216468,0.3081725891432734
QuantileForest,15,71,full_test,site,residential2,3802,0.17310158186472374,0.4005356071050171,0.28886611510942706
QuantileForest,15,71,full_test,site,residential3,3802,0.1869828537405526,0.35570328325964057,0.6453661967876272
QuantileForest,15,71,full_test,site,residential4,2138,1.067344492263677,1.3000498970914642,-0.011476403231511556
QuantileForest,15,71,full_test,site,residential5,3775,0.11578612653675692,0.2728213729333349,0.29889602624925915
QuantileForest,15,71,full_test,site,residential6,3802,0.15538575130323093,0.28628513321455784,0.48598744982854203
QuantileForest,15,71,full_test,building_type,industrial,11406,2.2957463831405085,4.243253826108438,0.9844855487064346
QuantileForest,15,71,full_test,building_type,residential,21121,0.2498390821059869,0.5183808383548641,0.35139910282775855
QuantileForest,15,71,full_test,weak_signal_regime,0,25177,0.8217899143560657,2.4244860255301357,0.9902319756367695
QuantileForest,15,71,full_test,weak_signal_regime,1,7350,1.4655686837440163,2.928843463991349,0.9856859130337132
QuantileForest,15,71,full_test,high_interpolation_regime,0,32051,0.9616371626683998,2.55763508042633,0.9894611100122569
QuantileForest,15,71,full_test,high_interpolation_regime,1,476,1.346012181882998,1.7035716394220248,-0.5407128832096983
QuantileForest,15,71,full_test,pv_regime,high,623,1.402851668824205,3.3587051706976183,0.9820485815910681
QuantileForest,15,71,full_test,pv_regime,low,26497,0.7938639064098733,2.1573200648576525,0.9874112828346251
QuantileForest,15,71,full_test,pv_regime,medium,5407,1.7668107973814131,3.863232458180327,0.9909351627119409
RandomForest,15,71,full_test,site,industrial1,3802,3.2637232828132587,4.425571432292411,0.7763173198420279
RandomForest,15,71,full_test,site,industrial2,3802,0.373332360737605,0.6329711737299816,0.8089202731765414
RandomForest,15,71,full_test,site,industrial3,3802,3.6636959919725745,5.893556740315489,0.971792390357993
RandomForest,15,71,full_test,site,residential1,3802,0.1659407420832221,0.3122889517947502,0.3223136970953622
RandomForest,15,71,full_test,site,residential2,3802,0.18517906851872687,0.389353521950765,0.3280184840236894
RandomForest,15,71,full_test,site,residential3,3802,0.18904727112273817,0.34782616047700565,0.6608991586097313
RandomForest,15,71,full_test,site,residential4,2138,1.1086184117335278,1.3593920470516432,-0.10592369382715705
RandomForest,15,71,full_test,site,residential5,3775,0.12309633408810608,0.26936975308233974,0.3165239438459885
RandomForest,15,71,full_test,site,residential6,3802,0.15745473143381425,0.28248764213332567,0.4995334692677672
RandomForest,15,71,full_test,building_type,industrial,11406,2.4335838785078128,4.270844805594241,0.9842831330074321
RandomForest,15,71,full_test,building_type,residential,21121,0.25980175934366295,0.5301101418724044,0.32171550157356144
RandomForest,15,71,full_test,weak_signal_regime,0,25177,0.8730693996907498,2.447294963230507,0.9900473210163597
RandomForest,15,71,full_test,weak_signal_regime,1,7350,1.5324438641283824,2.932127854951475,0.9856537915369373
RandomForest,15,71,full_test,high_interpolation_regime,0,32051,1.0132654921956732,2.5728115226812385,0.9893356680448985
RandomForest,15,71,full_test,high_interpolation_regime,1,476,1.614618460071643,1.9580856107933253,-1.035467924927028
RandomForest,15,71,full_test,pv_regime,high,623,1.5129055497486508,3.5121772423468633,0.9803705625854079
RandomForest,15,71,full_test,pv_regime,low,26497,0.837901936372262,2.1478843345676943,0.9875211635819777
RandomForest,15,71,full_test,pv_regime,medium,5407,1.8680049772162721,3.9428062731351092,0.9905578866832734
STGCN,15,71,full_test,site,industrial1,3802,3.6075558187969095,4.7216388074614395,0.745387822485056
STGCN,15,71,full_test,site,industrial2,3802,0.45789527815781533,0.7910826571054191,0.701537017479613
STGCN,15,71,full_test,site,industrial3,3802,5.725607240179938,8.084390111220424,0.94692306070612
STGCN,15,71,full_test,site,residential1,3802,0.17722253692887138,0.350371606645482,0.14695237670475958
STGCN,15,71,full_test,site,residential2,3802,0.19276383918209786,0.4568697457067279,0.07476104061482025
STGCN,15,71,full_test,site,residential3,3802,0.23375644460966746,0.3930494369717556,0.566989189707782
STGCN,15,71,full_test,site,residential4,2138,1.2854726295153187,1.5833344954389277,-0.5003101948929438
STGCN,15,71,full_test,site,residential5,3775,0.13879150873281898,0.2997033155455311,0.1539252323804241
STGCN,15,71,full_test,site,residential6,3802,0.19776146166647413,0.3088889812251962,0.40161463380365003
STGCN,15,71,full_test,building_type,industrial,11406,3.2636861123782204,5.424544474543382,0.974644922299889
STGCN,15,71,full_test,building_type,residential,21121,0.29920920927067557,0.6119472457608789,0.09612654008306576
STGCN,15,71,full_test,weak_signal_regime,0,25177,1.1128088142148111,3.0382521069322217,0.9846603666500128
STGCN,15,71,full_test,weak_signal_regime,1,7350,2.112654964803486,3.88841709628564,0.9747700135280782
STGCN,15,71,full_test,high_interpolation_regime,0,32051,1.3432057553248968,3.2695046604681366,0.9827780774246125
STGCN,15,71,full_test,high_interpolation_regime,1,476,1.038054291751368,1.3935639137966573,-0.030990574201068766
STGCN,15,71,full_test,pv_regime,high,623,1.702006670047635,3.664507991356869,0.9786308941648802
STGCN,15,71,full_test,pv_regime,low,26497,1.123881006573172,2.813180218481797,0.9785934134818314
STGCN,15,71,full_test,pv_regime,medium,5407,2.349801427812635,4.817280597502722,0.9859050928848799
TCN-lite,15,71,full_test,site,industrial1,3802,3.3711474169290194,4.526345406867308,0.7660144532928557
TCN-lite,15,71,full_test,site,industrial2,3802,0.38111172945993627,0.6479589750556582,0.799764181708863
TCN-lite,15,71,full_test,site,industrial3,3802,4.544380218565435,6.626519100431843,0.964339924771392
TCN-lite,15,71,full_test,site,residential1,3802,0.1682353421780402,0.3148149686104556,0.3113061330454143
TCN-lite,15,71,full_test,site,residential2,3802,0.1970881663508446,0.40269567545996704,0.2811752141128725
TCN-lite,15,71,full_test,site,residential3,3802,0.23996751856060497,0.3984942043429683,0.554909422208891
TCN-lite,15,71,full_test,site,residential4,2138,1.5444657966217026,1.9258567218388147,-1.219645713699646
TCN-lite,15,71,full_test,site,residential5,3775,0.1413748029081227,0.28687453413827246,0.22480735472996305
TCN-lite,15,71,full_test,site,residential6,3802,0.17539860446160124,0.2923434499507277,0.4640023728950361
TCN-lite,15,71,full_test,building_type,industrial,11406,2.7655464549847975,4.648240131634481,0.981382750919877
TCN-lite,15,71,full_test,building_type,residential,21121,0.32214098448523326,0.6936505969572168,-0.16134483925511245
TCN-lite,15,71,full_test,weak_signal_regime,0,25177,1.0014840435782086,2.6383963519466502,0.9884322887511631
TCN-lite,15,71,full_test,weak_signal_regime,1,7350,1.786856984176959,3.326690264157289,0.9815330121192221
TCN-lite,15,71,full_test,high_interpolation_regime,0,32051,1.1743367701342426,2.8204695755769102,0.9871837624167733
TCN-lite,15,71,full_test,high_interpolation_regime,1,476,1.4896949144886404,1.8531830430394018,-0.8232135781601531
TCN-lite,15,71,full_test,pv_regime,high,623,1.54956277420467,3.510639423887091,0.9803877484507539
TCN-lite,15,71,full_test,pv_regime,low,26497,0.985437941512632,2.417790654606327,0.9841878946280469
TCN-lite,15,71,full_test,pv_regime,medium,5407,2.0845636867541124,4.17018098110633,0.9894374655846
HGB,60,0,full_test,site,industrial1,3799,4.533644545186795,5.677078798670936,0.6321292565085737
HGB,60,0,full_test,site,industrial2,3799,0.7017490889486655,1.0786106703824128,0.44536525758129497
HGB,60,0,full_test,site,industrial3,3799,6.033880925593882,11.122920064606754,0.8995281995215325
HGB,60,0,full_test,site,residential1,3799,0.1827349994761263,0.3582301266318222,0.10871712987803106
HGB,60,0,full_test,site,residential2,3799,0.20953934842948166,0.4513084597658699,0.0975478037396531
HGB,60,0,full_test,site,residential3,3799,0.28590427156361137,0.4833719229663482,0.34392350355601187
HGB,60,0,full_test,site,residential4,2138,1.0608837810542069,1.402259093067043,-0.17677177404042532
HGB,60,0,full_test,site,residential5,3773,0.16489170242225665,0.31403742897252684,0.07153120121008139
HGB,60,0,full_test,site,residential6,3799,0.2105227634633755,0.34737733298830514,0.24373584821639338
HGB,60,0,full_test,building_type,industrial,11397,3.7564248532431135,7.236757455937785,0.9549010194179264
HGB,60,0,full_test,building_type,residential,21107,0.2968911958541714,0.5833829378192038,0.17864593772032655
HGB,60,0,full_test,weak_signal_regime,0,25159,1.2579634453340858,4.1131998264664515,0.9717017114025965
HGB,60,0,full_test,weak_signal_regime,1,7345,2.3729549628516677,4.928370672248298,0.9602148423201049
HGB,60,0,full_test,high_interpolation_regime,0,31751,1.5206310377823864,4.356262020319225,0.969663988630021
HGB,60,0,full_test,high_interpolation_regime,1,753,1.0583007206868655,1.4172789101886945,-0.14206881338483113
HGB,60,0,full_test,pv_regime,high,629,2.11609669547004,5.276115879746887,0.9590947374072144
HGB,60,0,full_test,pv_regime,low,26491,1.1819828417354348,3.6350927932067054,0.9644555274434478
HGB,60,0,full_test,pv_regime,medium,5384,3.052660520327211,6.62760112838491,0.9731558173714464
Persistence,60,0,full_test,site,industrial1,3799,4.72239405106607,6.340011538922524,0.5411977891394365
Persistence,60,0,full_test,site,industrial2,3799,0.5753105786200106,0.9663886298271895,0.5547732302844833
Persistence,60,0,full_test,site,industrial3,3799,5.708128619062312,11.992461537686154,0.8832052769416587
Persistence,60,0,full_test,site,residential1,3799,0.23342669850738737,0.4526547738651836,-0.4230676839922134
Persistence,60,0,full_test,site,residential2,3799,0.2705823684956423,0.5925474054825729,-0.5556914292599069
Persistence,60,0,full_test,site,residential3,3799,0.3412292282819793,0.5729942286631016,0.07808234041159934
Persistence,60,0,full_test,site,residential4,2138,1.117559590240166,1.4351357264780678,-0.23259858546866363
Persistence,60,0,full_test,site,residential5,3773,0.2074220724991562,0.41202384652533824,-0.5982664831030298
Persistence,60,0,full_test,site,residential6,3799,0.2596298662516249,0.42631163313179277,-0.13900316032796578
Persistence,60,0,full_test,building_type,industrial,11397,3.6686110829161307,7.851725649613844,0.9469104647673803
Persistence,60,0,full_test,building_type,residential,21107,0.34914199218981684,0.6563928660638051,-0.03980204617612437
Persistence,60,0,full_test,weak_signal_regime,0,25159,1.2988286041375092,4.51996922817852,0.9658279124728886
Persistence,60,0,full_test,weak_signal_regime,1,7345,2.246871571089178,5.1882596634605065,0.9559082067901709
Persistence,60,0,full_test,high_interpolation_regime,0,31751,1.5252348499312074,4.72987676581976,0.9642373129741282
Persistence,60,0,full_test,high_interpolation_regime,1,753,0.9996929893490566,1.358409605388616,-0.049163348945032714
Persistence,60,0,full_test,pv_regime,high,629,2.029690351008543,5.027977413339781,0.9628518517293044
Persistence,60,0,full_test,pv_regime,low,26491,1.2752701574651624,4.258186177821796,0.9512257766481066
Persistence,60,0,full_test,pv_regime,medium,5384,2.622704971944951,6.326231727892303,0.9755416221361093
QuantileHGB,60,0,full_test,site,industrial1,3799,4.231464039188189,5.454511838925595,0.6604082094779812
QuantileHGB,60,0,full_test,site,industrial2,3799,0.5990435599302201,1.0119045262200166,0.5118461456695971
QuantileHGB,60,0,full_test,site,industrial3,3799,5.5315971976479625,11.37488737647717,0.8949246698073895
QuantileHGB,60,0,full_test,site,residential1,3799,0.1782582996613645,0.37341537010124765,0.0315532937725036
QuantileHGB,60,0,full_test,site,residential2,3799,0.25409200900919904,0.5170634934561974,-0.18458167372955292
QuantileHGB,60,0,full_test,site,residential3,3799,0.38252108278327096,0.5676201302478541,0.09529452871264721
QuantileHGB,60,0,full_test,site,residential4,2138,1.1124128809142342,1.4586933698088678,-0.2733967320720154
QuantileHGB,60,0,full_test,site,residential5,3773,0.24192252653022647,0.39593402645100756,-0.47587691777240315
QuantileHGB,60,0,full_test,site,residential6,3799,0.4237477916112,0.5270624220145327,-0.7409835529657451
QuantileHGB,60,0,full_test,building_type,industrial,11397,3.4540349322554578,7.306702699090832,0.954025018380717
QuantileHGB,60,0,full_test,building_type,residential,21107,0.3788613591916067,0.651737194996218,-0.02510411606484797
QuantileHGB,60,0,full_test,weak_signal_regime,0,25159,1.2316411813803723,4.187327135841075,0.9706725477135226
QuantileHGB,60,0,full_test,weak_signal_regime,1,7345,2.229462539009382,4.899213072567953,0.9606842096710683
QuantileHGB,60,0,full_test,high_interpolation_regime,0,31751,1.46509732991793,4.403790748889291,0.9689984191333066
QuantileHGB,60,0,full_test,high_interpolation_regime,1,753,1.1207935048452762,1.488512494891853,-0.2597564544412536
QuantileHGB,60,0,full_test,pv_regime,high,629,1.8432433439137794,4.811319316618159,0.9659843404499009
QuantileHGB,60,0,full_test,pv_regime,low,26491,1.2099936815496182,3.891991281623761,0.9592540180536966
QuantileHGB,60,0,full_test,pv_regime,medium,5384,2.6279569372436837,6.11904900199621,0.9771174025517875
Ridge,60,0,full_test,site,industrial1,3799,4.1153125428304955,5.358457256840211,0.6722633977105883
Ridge,60,0,full_test,site,industrial2,3799,0.9504298539803835,1.2630881500604147,0.2394198843259484
Ridge,60,0,full_test,site,industrial3,3799,6.289286039397485,10.838625395152361,0.9045985521936842
Ridge,60,0,full_test,site,residential1,3799,0.8114874246172559,1.059075626136317,-6.790140543467505
Ridge,60,0,full_test,site,residential2,3799,0.7389262646450898,0.9372203855731464,-2.891891373211471
Ridge,60,0,full_test,site,residential3,3799,0.6488233874241567,0.8963086081993484,-1.2558321069115657
Ridge,60,0,full_test,site,residential4,2138,1.223387336789823,1.5545755961309082,-0.4463033919242181
Ridge,60,0,full_test,site,residential5,3773,0.6370543363948392,0.7741786270561642,-4.64269845860787
Ridge,60,0,full_test,site,residential6,3799,0.6931868446165841,0.9180579990491476,-4.282150845859037
Ridge,60,0,full_test,building_type,industrial,11397,3.7850094787361215,7.018647930208216,0.9575785404820092
Ridge,60,0,full_test,building_type,residential,21107,0.7583989488939591,1.004096259004673,-1.433176767701927
Ridge,60,0,full_test,weak_signal_regime,0,25159,1.6334824014813083,4.0861925841171285,0.9720721041437692
Ridge,60,0,full_test,weak_signal_regime,1,7345,2.457249272238548,4.705537477367517,0.9637312299455644
Ridge,60,0,full_test,high_interpolation_regime,0,31751,1.829953433586732,4.275675245367118,0.9707759828812372
Ridge,60,0,full_test,high_interpolation_regime,1,753,1.3843667644728392,1.7324226025448828,-0.7064332529252022
Ridge,60,0,full_test,pv_regime,high,629,2.565440391443601,5.578515178766944,0.9542714140193234
Ridge,60,0,full_test,pv_regime,low,26491,1.5398760574144923,3.647190501169255,0.9642185474204962
Ridge,60,0,full_test,pv_regime,medium,5384,3.1089823551773836,6.256572259558493,0.9760772893245804
Seasonal Persistence,60,0,full_test,site,industrial1,3799,7.154010387101694,10.01392402044944,-0.14460065267024969
Seasonal Persistence,60,0,full_test,site,industrial2,3799,0.8756422178648721,1.4126138345195263,0.048684536538366574
Seasonal Persistence,60,0,full_test,site,industrial3,3799,12.410200789808705,25.89504474735591,0.45544733933104986
Seasonal Persistence,60,0,full_test,site,residential1,3799,0.2667149006646035,0.5063785651245832,-0.780910006973004
Seasonal Persistence,60,0,full_test,site,residential2,3799,0.2802489973490613,0.5996988665322261,-0.5934693462564014
Seasonal Persistence,60,0,full_test,site,residential3,3799,0.4374829167084953,0.7023459064236905,-0.38514025125796647
Seasonal Persistence,60,0,full_test,site,residential4,2138,1.1009696874213837,1.5056442732278246,-0.3566895078339616
Seasonal Persistence,60,0,full_test,site,residential5,3773,0.2267813012997707,0.4226143624642263,-0.6814849801846539
Seasonal Persistence,60,0,full_test,site,residential6,3799,0.28469077539946674,0.45421460391001556,-0.29298280283093736
Seasonal Persistence,60,0,full_test,building_type,industrial,11397,6.813284464925091,16.05020762690601,0.7781599265283244
Seasonal Persistence,60,0,full_test,building_type,residential,21107,0.380488593660066,0.7059442256728113,-0.20271781397410615
Seasonal Persistence,60,0,full_test,weak_signal_regime,0,25159,2.1859987681016353,9.187715181384982,0.858806208351241
Seasonal Persistence,60,0,full_test,weak_signal_regime,1,7345,4.177594661193358,10.583493309995657,0.8165268852614787
Seasonal Persistence,60,0,full_test,high_interpolation_regime,0,31751,2.6735371549527924,9.63062088470877,0.8517348556702194
Seasonal Persistence,60,0,full_test,high_interpolation_regime,1,753,1.0551096762657957,1.467427782490869,-0.22432043267281498
Seasonal Persistence,60,0,full_test,pv_regime,high,629,6.035153038110416,18.010081554204906,0.5233694306535286
Seasonal Persistence,60,0,full_test,pv_regime,low,26491,1.7065743846614951,5.698237270467094,0.9126582018109246
Seasonal Persistence,60,0,full_test,pv_regime,medium,5384,6.8122218625733915,18.697888431711014,0.7863403136663514
Conformalized ExtraTrees,60,11,full_test,site,industrial1,3799,4.576814619899095,5.735080269452318,0.6245739475568272
Conformalized ExtraTrees,60,11,full_test,site,industrial2,3799,0.6281015169388079,0.9608959343096457,0.5598199480039783
Conformalized ExtraTrees,60,11,full_test,site,industrial3,3799,6.230954790875913,11.322708855859958,0.8958864552080121
Conformalized ExtraTrees,60,11,full_test,site,residential1,3799,0.1874899340954733,0.3587323344460414,0.10621637439398335
Conformalized ExtraTrees,60,11,full_test,site,residential2,3799,0.19726952773996398,0.4549895433880856,0.08276611803860612
Conformalized ExtraTrees,60,11,full_test,site,residential3,3799,0.2886234514461855,0.5055688033097043,0.28228475085731963
Conformalized ExtraTrees,60,11,full_test,site,residential4,2138,1.2307264700488485,1.6017367937157523,-0.5353875578130249
Conformalized ExtraTrees,60,11,full_test,site,residential5,3773,0.14805266766189054,0.3106454928797429,0.09147977179281985
Conformalized ExtraTrees,60,11,full_test,site,residential6,3799,0.23890657634807788,0.3989182093376104,0.0026713769022009837
Conformalized ExtraTrees,60,11,full_test,building_type,industrial,11397,3.811956975904605,7.34888205847673,0.9534926873024996
Conformalized ExtraTrees,60,11,full_test,building_type,residential,21107,0.31533063339915596,0.6420236688988882,0.005224590137498986
Conformalized ExtraTrees,60,11,full_test,weak_signal_regime,0,25159,1.2800715341192854,4.186104517686976,0.9706896713056128
Conformalized ExtraTrees,60,11,full_test,weak_signal_regime,1,7345,2.436383608799682,4.9960410563014275,0.9591147787843501
Conformalized ExtraTrees,60,11,full_test,high_interpolation_regime,0,31751,1.5477339023571601,4.4265292782500145,0.9686774455378455
Conformalized ExtraTrees,60,11,full_test,high_interpolation_regime,1,753,1.2728528549781915,1.659260378311555,-0.5653473001482527
Conformalized ExtraTrees,60,11,full_test,pv_regime,high,629,2.191705807555879,5.02029513963671,0.962965282717793
Conformalized ExtraTrees,60,11,full_test,pv_regime,low,26491,1.1967682124071084,3.7289697819052394,0.9625959353483265
Conformalized ExtraTrees,60,11,full_test,pv_regime,medium,5384,3.160918957227232,6.676444970870765,0.9727586889024843
DLinear-lite,60,11,full_test,site,industrial1,3799,4.634378757897055,6.172464134359794,0.5651268886748501
DLinear-lite,60,11,full_test,site,industrial2,3799,0.5731788628293483,0.9411749938507676,0.5777026020697726
DLinear-lite,60,11,full_test,site,industrial3,3799,7.400581863960482,11.755004222489278,0.8877846853371881
DLinear-lite,60,11,full_test,site,residential1,3799,0.20147669972749163,0.3702173882342966,0.04807009173574062
DLinear-lite,60,11,full_test,site,residential2,3799,0.23169199579689936,0.47179109220471804,0.013773356846533025
DLinear-lite,60,11,full_test,site,residential3,3799,0.31719031636713724,0.5133351781633416,0.2600647922019368
DLinear-lite,60,11,full_test,site,residential4,2138,1.6573070710509255,2.041236039439727,-1.4935734664659788
DLinear-lite,60,11,full_test,site,residential5,3773,0.17750688878477153,0.3281164883804432,-0.013585986363770619
DLinear-lite,60,11,full_test,site,residential6,3799,0.2573664825863624,0.40489385172556114,-0.027431616208753118
DLinear-lite,60,11,full_test,building_type,industrial,11397,4.202713161562295,7.684730490389121,0.9491447290160735
DLinear-lite,60,11,full_test,building_type,residential,21107,0.3809828570054166,0.7635226483079861,-0.40691160231105505
DLinear-lite,60,11,full_test,weak_signal_regime,0,25159,1.4091291280740348,4.29665666088174,0.9691210974926371
DLinear-lite,60,11,full_test,weak_signal_regime,1,7345,2.7893052868514863,5.483916169469142,0.9507398228677795
DLinear-lite,60,11,full_test,high_interpolation_regime,0,31751,1.720436830767574,4.6348534752714325,0.9656598246114563
DLinear-lite,60,11,full_test,high_interpolation_regime,1,753,1.7452021931441715,2.088578898311891,-1.4801811061785206
DLinear-lite,60,11,full_test,pv_regime,high,629,2.389386094707457,5.70515950182624,0.9521715710543333
DLinear-lite,60,11,full_test,pv_regime,low,26491,1.4178668707048776,4.010348326474779,0.9567381325434856
DLinear-lite,60,11,full_test,pv_regime,medium,5384,3.134489587616066,6.660275359120832,0.9728904800060626
ExtraTrees,60,11,full_test,site,industrial1,3799,4.576814619899095,5.735080269452318,0.6245739475568272
ExtraTrees,60,11,full_test,site,industrial2,3799,0.6281015169388079,0.9608959343096457,0.5598199480039783
ExtraTrees,60,11,full_test,site,industrial3,3799,6.230954790875913,11.322708855859958,0.8958864552080121
ExtraTrees,60,11,full_test,site,residential1,3799,0.1874899340954733,0.3587323344460414,0.10621637439398335
ExtraTrees,60,11,full_test,site,residential2,3799,0.19726952773996398,0.4549895433880856,0.08276611803860612
ExtraTrees,60,11,full_test,site,residential3,3799,0.2886234514461855,0.5055688033097043,0.28228475085731963
ExtraTrees,60,11,full_test,site,residential4,2138,1.2307264700488485,1.6017367937157523,-0.5353875578130249
ExtraTrees,60,11,full_test,site,residential5,3773,0.14805266766189054,0.3106454928797429,0.09147977179281985
ExtraTrees,60,11,full_test,site,residential6,3799,0.23890657634807788,0.3989182093376104,0.0026713769022009837
ExtraTrees,60,11,full_test,building_type,industrial,11397,3.811956975904605,7.34888205847673,0.9534926873024996
ExtraTrees,60,11,full_test,building_type,residential,21107,0.31533063339915596,0.6420236688988882,0.005224590137498986
ExtraTrees,60,11,full_test,weak_signal_regime,0,25159,1.2800715341192854,4.186104517686976,0.9706896713056128
ExtraTrees,60,11,full_test,weak_signal_regime,1,7345,2.436383608799682,4.9960410563014275,0.9591147787843501
ExtraTrees,60,11,full_test,high_interpolation_regime,0,31751,1.5477339023571601,4.4265292782500145,0.9686774455378455
ExtraTrees,60,11,full_test,high_interpolation_regime,1,753,1.2728528549781915,1.659260378311555,-0.5653473001482527
ExtraTrees,60,11,full_test,pv_regime,high,629,2.191705807555879,5.02029513963671,0.962965282717793
ExtraTrees,60,11,full_test,pv_regime,low,26491,1.1967682124071084,3.7289697819052394,0.9625959353483265
ExtraTrees,60,11,full_test,pv_regime,medium,5384,3.160918957227232,6.676444970870765,0.9727586889024843
GRU-lite,60,11,full_test,site,industrial1,3799,4.156787744062509,5.515500014181504,0.6527716429103514
GRU-lite,60,11,full_test,site,industrial2,3799,0.5895068858620682,1.0254259036620466,0.49871326331868215
GRU-lite,60,11,full_test,site,industrial3,3799,6.183017089901252,11.212037008463254,0.8979117879182084
GRU-lite,60,11,full_test,site,residential1,3799,0.19998211078359165,0.36983628671096835,0.05002891498892459
GRU-lite,60,11,full_test,site,residential2,3799,0.21657032803300774,0.45458727327708526,0.08438730986382392
GRU-lite,60,11,full_test,site,residential3,3799,0.324110080760797,0.5298075855191579,0.21181533165238575
GRU-lite,60,11,full_test,site,residential4,2138,1.6033689581938435,1.9207343242642447,-1.2078537804372416
GRU-lite,60,11,full_test,site,residential5,3773,0.16287369277713157,0.31786037467842315,0.04878811154498486
GRU-lite,60,11,full_test,site,residential6,3799,0.2505404083400653,0.3938938305074726,0.027635894331747624
GRU-lite,60,11,full_test,building_type,industrial,11397,3.6431039066086095,7.238370271672276,0.9548809152618574
GRU-lite,60,11,full_test,building_type,residential,21107,0.3699296536042541,0.7293933009781464,-0.28394524610941785
GRU-lite,60,11,full_test,weak_signal_regime,0,25159,1.2821382077707681,4.119476669111692,0.9716152777541732
GRU-lite,60,11,full_test,weak_signal_regime,1,7345,2.3241994898486813,4.9697964939488894,0.9595431965710358
GRU-lite,60,11,full_test,high_interpolation_regime,0,31751,1.513701880690118,4.366570242866091,0.9695202505636815
GRU-lite,60,11,full_test,high_interpolation_regime,1,753,1.6826188691253472,1.9858137939990326,-1.242119053097651
GRU-lite,60,11,full_test,pv_regime,high,629,2.0829521424305284,5.241966313377743,0.9596225409339159
GRU-lite,60,11,full_test,pv_regime,low,26491,1.2619733970363223,3.8717562509703902,0.9596766052570908
GRU-lite,60,11,full_test,pv_regime,medium,5384,2.7094068097632427,6.002207697050468,0.977982931316697
GraphTemporalMLP-lite,60,11,full_test,site,industrial1,3799,4.06025178444085,5.3807804303036875,0.6695270278776086
GraphTemporalMLP-lite,60,11,full_test,site,industrial2,3799,0.6339633672169368,1.0198036205197099,0.5041951797711786
GraphTemporalMLP-lite,60,11,full_test,site,industrial3,3799,7.018513079505016,11.50285944773451,0.8925470905597495
GraphTemporalMLP-lite,60,11,full_test,site,residential1,3799,0.2241842271365733,0.38201988189652536,-0.01359224371352985
GraphTemporalMLP-lite,60,11,full_test,site,residential2,3799,0.23744372935010444,0.46781041361809034,0.03034547702394952
GraphTemporalMLP-lite,60,11,full_test,site,residential3,3799,0.35764701025393236,0.5578998080604921,0.1260148314894879
GraphTemporalMLP-lite,60,11,full_test,site,residential4,2138,1.7656929502916048,2.125309625904969,-1.7032121546087264
GraphTemporalMLP-lite,60,11,full_test,site,residential5,3773,0.18107995701951268,0.3274473255363825,-0.009455974691114033
GraphTemporalMLP-lite,60,11,full_test,site,residential6,3799,0.29549323887187656,0.4385791856853082,-0.20549828055799768
GraphTemporalMLP-lite,60,11,full_test,building_type,industrial,11397,3.9042427437209346,7.355464475202531,0.953409336498509
GraphTemporalMLP-lite,60,11,full_test,building_type,residential,21107,0.4118667086123045,0.7956144271447336,-0.5276654707528949
GraphTemporalMLP-lite,60,11,full_test,weak_signal_regime,0,25159,1.380663979287824,4.150449750202196,0.9711868411101343
GraphTemporalMLP-lite,60,11,full_test,weak_signal_regime,1,7345,2.5124302401586167,5.17332332520234,0.9561617106666129
GraphTemporalMLP-lite,60,11,full_test,high_interpolation_regime,0,31751,1.6310930996791237,4.441580206670253,0.9684640797285307
GraphTemporalMLP-lite,60,11,full_test,high_interpolation_regime,1,753,1.8606748485465334,2.1861929726782394,-1.7174315351907046
GraphTemporalMLP-lite,60,11,full_test,pv_regime,high,629,2.0934809157679286,5.149120360195127,0.9610402087517627
GraphTemporalMLP-lite,60,11,full_test,pv_regime,low,26491,1.3428997621585026,3.8689129238355893,0.9597358086242024
GraphTemporalMLP-lite,60,11,full_test,pv_regime,medium,5384,3.0271857491657657,6.345136249747437,0.9753952269962879
IA-GTPF,60,11,full_test,site,industrial1,3799,4.14290141359134,5.249365977571253,0.6854721475190191
IA-GTPF,60,11,full_test,site,industrial2,3799,0.5589423233248235,0.9422579929479424,0.576730177523812
IA-GTPF,60,11,full_test,site,industrial3,3799,5.536416100122246,10.998345309175823,0.9017661298486246
IA-GTPF,60,11,full_test,site,residential1,3799,0.17825123182998454,0.35721656469817675,0.11375351482866436
IA-GTPF,60,11,full_test,site,residential2,3799,0.21520444656513904,0.4657243253556122,0.038974078689723246
IA-GTPF,60,11,full_test,site,residential3,3799,0.31548704426564056,0.49862270765482963,0.3018708949011185
IA-GTPF,60,11,full_test,site,residential4,2138,1.0342540488377627,1.3671887858723646,-0.11864603614047153
IA-GTPF,60,11,full_test,site,residential5,3773,0.161967758021684,0.3151286920435338,0.06506723205801213
IA-GTPF,60,11,full_test,site,residential6,3799,0.2784467761106272,0.3954177740371433,0.020097342524438955
IA-GTPF,60,11,full_test,building_type,industrial,11397,3.412753279012803,7.057083742161176,0.9571126479705395
IA-GTPF,60,11,full_test,building_type,residential,21107,0.3114337524642756,0.5847968496927731,0.17465977528440402
IA-GTPF,60,11,full_test,weak_signal_regime,0,25159,1.1746786861497815,4.0477761917671335,0.9725947645876047
IA-GTPF,60,11,full_test,weak_signal_regime,1,7345,2.1667583756746125,4.705039747871784,0.9637389022176427
IA-GTPF,60,11,full_test,high_interpolation_regime,0,31751,1.4068606861412385,4.249186045468657,0.9711369658005392
IA-GTPF,60,11,full_test,high_interpolation_regime,1,753,1.061550715142006,1.4272285479401547,-0.1581602926141943
IA-GTPF,60,11,full_test,pv_regime,high,629,1.897046636817558,4.838033606755874,0.9656055558066066
IA-GTPF,60,11,full_test,pv_regime,low,26491,1.1222976053841662,3.6909986797302605,0.9633538081713026
IA-GTPF,60,11,full_test,pv_regime,medium,5384,2.7014400325747014,6.082556777395379,0.9773895189956888
Lag-Llama zero-shot,60,11,foundation_subset,site,industrial1,107,4.276782624075346,5.6697923758165745,0.6644872175214322
Lag-Llama zero-shot,60,11,foundation_subset,site,industrial2,122,0.6217834155042731,1.0517340808725797,0.5136282303971117
Lag-Llama zero-shot,60,11,foundation_subset,site,industrial3,102,7.473168324280589,17.869208524825716,0.7348083550221325
Lag-Llama zero-shot,60,11,foundation_subset,site,residential1,123,0.1747101979161437,0.3627793454735266,-0.04070595840732194
Lag-Llama zero-shot,60,11,foundation_subset,site,residential2,117,0.16368035791700894,0.39383951717379423,0.04176005384805237
Lag-Llama zero-shot,60,11,foundation_subset,site,residential3,139,0.2752594213487101,0.49288512621679464,0.4081876162246304
Lag-Llama zero-shot,60,11,foundation_subset,site,residential4,64,0.8260284298589422,1.0887351005521277,0.3269716846100268
Lag-Llama zero-shot,60,11,foundation_subset,site,residential5,113,0.15290299173860883,0.30534986566927136,-0.0697598921419893
Lag-Llama zero-shot,60,11,foundation_subset,site,residential6,137,0.18904643034628518,0.25313179342996067,0.374792418908398
Lag-Llama zero-shot,60,11,foundation_subset,building_type,industrial,331,3.914611741825388,10.449722610541913,0.8970039563812541
Lag-Llama zero-shot,60,11,foundation_subset,building_type,residential,693,0.25244478257189407,0.4854003083181997,0.3605100528156975
PatchTST-lite,60,11,full_test,site,industrial1,3799,4.270569042232727,5.7297061975415025,0.6252772058288146
PatchTST-lite,60,11,full_test,site,industrial2,3799,0.7046525874545714,1.1721290336649597,0.34501931534882035
PatchTST-lite,60,11,full_test,site,industrial3,3799,6.989812958120431,11.655600713494765,0.8896745073539263
PatchTST-lite,60,11,full_test,site,residential1,3799,0.21166614374006587,0.37494237459069024,0.02361657635112191
PatchTST-lite,60,11,full_test,site,residential2,3799,0.22967836021407426,0.4640920703195942,0.04569861703613598
PatchTST-lite,60,11,full_test,site,residential3,3799,0.36933947207365586,0.5810554045313536,0.051959853384650034
PatchTST-lite,60,11,full_test,site,residential4,2138,2.1073195200566732,2.4507762580440677,-2.5945376920737657
PatchTST-lite,60,11,full_test,site,residential5,3773,0.17379778077515182,0.32478383550905887,0.00689927227750442
PatchTST-lite,60,11,full_test,site,residential6,3799,0.2844306171577512,0.4324399062048234,-0.17198510046638105
PatchTST-lite,60,11,full_test,building_type,industrial,11397,3.9883448626025757,7.528976193660631,0.9511853096742064
PatchTST-lite,60,11,full_test,building_type,residential,21107,0.44163208889267586,0.8864259089631488,-0.896303496549236
PatchTST-lite,60,11,full_test,weak_signal_regime,0,25159,1.4141922679838574,4.248248709090612,0.9698129675229337
PatchTST-lite,60,11,full_test,weak_signal_regime,1,7345,2.6136190100930428,5.328798289490521,0.9534871536329094
PatchTST-lite,60,11,full_test,high_interpolation_regime,0,31751,1.676085893096149,4.553327523898058,0.966857270530416
PatchTST-lite,60,11,full_test,high_interpolation_regime,1,753,2.0707725201108182,2.4014228380543043,-2.2788299705582533
PatchTST-lite,60,11,full_test,pv_regime,high,629,1.8903355066324459,4.600953420083824,0.9688938539240644
PatchTST-lite,60,11,full_test,pv_regime,low,26491,1.4076860095423223,4.046146414730596,0.9559623374415752
PatchTST-lite,60,11,full_test,pv_regime,medium,5384,3.0268692026154915,6.328401287978811,0.9755248434211572
QuantileForest,60,11,full_test,site,industrial1,3799,4.146652768803145,5.3862404308277325,0.6688560106902595
QuantileForest,60,11,full_test,site,industrial2,3799,0.7001871286036051,1.187420802530521,0.32781788642322274
QuantileForest,60,11,full_test,site,industrial3,3799,6.191429888348288,11.793111817694111,0.8870559425601778
QuantileForest,60,11,full_test,site,residential1,3799,0.1915740405286913,0.38632965679812803,-0.03659102213526255
QuantileForest,60,11,full_test,site,residential2,3799,0.19372568578155058,0.46360948805333174,0.04768222983603554
QuantileForest,60,11,full_test,site,residential3,3799,0.3183388292694365,0.5510107100768351,0.14746597771530923
QuantileForest,60,11,full_test,site,residential4,2138,1.1083579835559514,1.4461098352943447,-0.2515213789255426
QuantileForest,60,11,full_test,site,residential5,3773,0.15774538042997266,0.323834866129085,0.012694175048012624
QuantileForest,60,11,full_test,site,residential6,3799,0.23351853676906117,0.3862472167881415,0.06502222494781906
QuantileForest,60,11,full_test,building_type,industrial,11397,3.6794232619183465,7.516626913840232,0.9513453133365188
QuantileForest,60,11,full_test,building_type,residential,21107,0.30914400355511307,0.6145089176204073,0.08866228750355432
QuantileForest,60,11,full_test,weak_signal_regime,0,25159,1.2523900573207756,4.318509575687322,0.9688061968199829
QuantileForest,60,11,full_test,weak_signal_regime,1,7345,2.307775077874441,4.987307338652065,0.9592575990147736
QuantileForest,60,11,full_test,high_interpolation_regime,0,31751,1.4989063920181083,4.525257552319557,0.9672646420203771
QuantileForest,60,11,full_test,high_interpolation_regime,1,753,1.1523406987439602,1.5033064174768738,-0.28492164758612315
QuantileForest,60,11,full_test,pv_regime,high,629,1.797946061562522,4.727272037017072,0.9671623761138751
QuantileForest,60,11,full_test,pv_regime,low,26491,1.2005990836034384,3.914915674664878,0.9587726049356258
QuantileForest,60,11,full_test,pv_regime,medium,5384,2.8832672738966667,6.561869126073103,0.9736856536272052
RandomForest,60,11,full_test,site,industrial1,3799,4.379980733900948,5.513980590130591,0.6529629272708048
RandomForest,60,11,full_test,site,industrial2,3799,0.6901686374459481,1.1580632347446913,0.36064481117698965
RandomForest,60,11,full_test,site,industrial3,3799,6.043614630625318,11.117123346979193,0.8996328941327866
RandomForest,60,11,full_test,site,residential1,3799,0.19322362134820165,0.36287748722401586,0.08544169528798462
RandomForest,60,11,full_test,site,residential2,3799,0.21161901371022848,0.4458956862438073,0.11906513397064133
RandomForest,60,11,full_test,site,residential3,3799,0.3102778378457782,0.513967889804305,0.25823965276714056
RandomForest,60,11,full_test,site,residential4,2138,1.0344931761380647,1.3642174769738495,-0.11378901697106691
RandomForest,60,11,full_test,site,residential5,3773,0.15280849282687514,0.3064517707811657,0.11584428598594254
RandomForest,60,11,full_test,site,residential6,3799,0.21679342032351812,0.35807275351888723,0.19644961522658788
RandomForest,60,11,full_test,building_type,industrial,11397,3.7045880006574046,7.195728453185591,0.9554109496892378
RandomForest,60,11,full_test,building_type,residential,21107,0.29983577649079046,0.579148862154266,0.1905251165241758
RandomForest,60,11,full_test,weak_signal_regime,0,25159,1.2547620868005676,4.137517660699842,0.9713661151024969
RandomForest,60,11,full_test,weak_signal_regime,1,7345,2.311948786394564,4.761157036852892,0.9628687673633822
RandomForest,60,11,full_test,high_interpolation_regime,0,31751,1.5024640719376128,4.330826736853463,0.9700172054137194
RandomForest,60,11,full_test,high_interpolation_regime,1,753,1.122292735448089,1.4917025458927475,-0.26516184217353467
RandomForest,60,11,full_test,pv_regime,high,629,2.0229203130240117,4.804862622812137,0.9660755758534285
RandomForest,60,11,full_test,pv_regime,low,26491,1.1797937008356945,3.666404147687819,0.9638405561643527
RandomForest,60,11,full_test,pv_regime,medium,5384,2.9761313841294705,6.487098695246715,0.9742819243716808
STGCN,60,11,full_test,site,industrial1,3799,4.43691342533359,5.563531145428723,0.6466977098038533
STGCN,60,11,full_test,site,industrial2,3799,0.6791129407175255,1.1656886133486144,0.35219729940989186
STGCN,60,11,full_test,site,industrial3,3799,8.856456335498464,13.424290929385776,0.8536511669607548
STGCN,60,11,full_test,site,residential1,3799,0.21210988782489215,0.387255774630688,-0.0415668560464213
STGCN,60,11,full_test,site,residential2,3799,0.21768408559285143,0.4757300625944163,-0.002763344703918813
STGCN,60,11,full_test,site,residential3,3799,0.3476627585627703,0.5389925221189564,0.18424993218488517
STGCN,60,11,full_test,site,residential4,2138,1.1886777499391792,1.5385927853346453,-0.41671697087010795
STGCN,60,11,full_test,site,residential5,3773,0.17163613554961676,0.33400377598277187,-0.050285188253353263
STGCN,60,11,full_test,site,residential6,3799,0.26199182383469694,0.40823251367246327,-0.04444540557708554
STGCN,60,11,full_test,building_type,industrial,11397,4.65749423384986,8.416715426384872,0.9389952041518749
STGCN,60,11,full_test,building_type,residential,21107,0.3381741238613093,0.6401106230533677,0.011144046957852871
STGCN,60,11,full_test,weak_signal_regime,0,25159,1.5326010850651963,4.734519397503835,0.9625068133236462
STGCN,60,11,full_test,weak_signal_regime,1,7345,2.9490255025693983,5.8581888513204,0.943786439923035
STGCN,60,11,full_test,high_interpolation_regime,0,31751,1.8697527046173694,5.06436902579963,0.9590002528204016
STGCN,60,11,full_test,high_interpolation_regime,1,753,1.1325164558053324,1.4937012397098959,-0.268554428998947
STGCN,60,11,full_test,pv_regime,high,629,2.131023958576134,5.121122274959202,0.9614627407168146
STGCN,60,11,full_test,pv_regime,low,26491,1.5236096305031357,4.371381147429763,0.9485981889526655
STGCN,60,11,full_test,pv_regime,medium,5384,3.4392544992430425,7.380958724023339,0.966706227189113
TCN-lite,60,11,full_test,site,industrial1,3799,4.463342200161551,5.6306206260707485,0.6381255348517896
TCN-lite,60,11,full_test,site,industrial2,3799,0.6169057617713185,1.0092782500278559,0.514376746412081
TCN-lite,60,11,full_test,site,industrial3,3799,7.229622074915045,11.767255295273944,0.8875506617080556
TCN-lite,60,11,full_test,site,residential1,3799,0.22072843078272877,0.37615618657860334,0.01728459395204196
TCN-lite,60,11,full_test,site,residential2,3799,0.2358445698414123,0.46712851466603267,0.03317023031522204
TCN-lite,60,11,full_test,site,residential3,3799,0.33437885462888994,0.5399279048249104,0.18141612439103838
TCN-lite,60,11,full_test,site,residential4,2138,1.6948285534446728,2.053863470430042,-1.5245202257117354
TCN-lite,60,11,full_test,site,residential5,3773,0.175530376946896,0.3248754424372544,0.006338975076261022
TCN-lite,60,11,full_test,site,residential6,3799,0.2568856024713005,0.4013109926552382,-0.009328818817375018
TCN-lite,60,11,full_test,building_type,industrial,11397,4.103290012282638,7.554045900594491,0.9508596857431295
TCN-lite,60,11,full_test,building_type,residential,21107,0.39164988209504353,0.7696477911535341,-0.4295752401528736
TCN-lite,60,11,full_test,weak_signal_regime,0,25159,1.4006990006760567,4.249202133902554,0.9697994163881634
TCN-lite,60,11,full_test,weak_signal_regime,1,7345,2.694562855460368,5.329101461128168,0.9534818609660926
TCN-lite,60,11,full_test,high_interpolation_regime,0,31751,1.695402707441679,4.5593515803426685,0.9667695167973495
TCN-lite,60,11,full_test,high_interpolation_regime,1,753,1.5949787083460254,1.9376081273958665,-1.1345853181956302
TCN-lite,60,11,full_test,pv_regime,high,629,2.1937159003048365,5.268668340574612,0.9592101361367196
TCN-lite,60,11,full_test,pv_regime,low,26491,1.3873292842003446,3.9853238693466007,0.9572763536397574
TCN-lite,60,11,full_test,pv_regime,medium,5384,3.1389604313377117,6.4594561047552235,0.9745006352639093
Conformalized ExtraTrees,60,23,full_test,site,industrial1,3799,5.549516292202582,6.738217020794407,0.48175467371730074
Conformalized ExtraTrees,60,23,full_test,site,industrial2,3799,0.6413539150488465,1.0893697380799605,0.43424518455849626
Conformalized ExtraTrees,60,23,full_test,site,industrial3,3799,6.023098154589288,11.272359202726077,0.8968103375986715
Conformalized ExtraTrees,60,23,full_test,site,residential1,3799,0.18804187845245937,0.3558310427767531,0.12061508130247223
Conformalized ExtraTrees,60,23,full_test,site,residential2,3799,0.19868255501258741,0.45357539888338116,0.08845893240953151
Conformalized ExtraTrees,60,23,full_test,site,residential3,3799,0.28694362105427196,0.49967474647898363,0.29892183652435445
Conformalized ExtraTrees,60,23,full_test,site,residential4,2138,1.2073704886741274,1.577093313518422,-0.48850567225497876
Conformalized ExtraTrees,60,23,full_test,site,residential5,3773,0.1482355442938331,0.3094940135151925,0.09820256954658402
Conformalized ExtraTrees,60,23,full_test,site,residential6,3799,0.23576856112498942,0.39602787282131746,0.017071183016831526
Conformalized ExtraTrees,60,23,full_test,building_type,industrial,11397,4.071322787280239,7.608249405324266,0.9501519501949294
Conformalized ExtraTrees,60,23,full_test,building_type,residential,21107,0.31248403450223355,0.6340720071225158,0.029713198133034746
Conformalized ExtraTrees,60,23,full_test,weak_signal_regime,0,25159,1.2998889514384624,4.246362227572566,0.969839771337267
Conformalized ExtraTrees,60,23,full_test,weak_signal_regime,1,7345,2.7627719800723285,5.404656762308198,0.9521534541223242
Conformalized ExtraTrees,60,23,full_test,high_interpolation_regime,0,31751,1.639943674227264,4.580758318682971,0.9664567415263274
Conformalized ExtraTrees,60,23,full_test,high_interpolation_regime,1,753,1.2305640404803109,1.6151447613299486,-0.483216435714968
Conformalized ExtraTrees,60,23,full_test,pv_regime,high,629,2.2216784757418835,5.227314400375336,0.9598479449813833
Conformalized ExtraTrees,60,23,full_test,pv_regime,low,26491,1.299409416490333,3.9442460685254748,0.958152542827396
Conformalized ExtraTrees,60,23,full_test,pv_regime,medium,5384,3.1902629475082596,6.661201891528974,0.9728829368957251
DLinear-lite,60,23,full_test,site,industrial1,3799,4.626955787772364,6.17054882849936,0.5653967276806124
DLinear-lite,60,23,full_test,site,industrial2,3799,0.5784426058017698,0.932392179554314,0.5855473792835124
DLinear-lite,60,23,full_test,site,industrial3,3799,7.053503027508326,11.833546618295175,0.886280116861265
DLinear-lite,60,23,full_test,site,residential1,3799,0.20663109625146267,0.38298158248516817,-0.01870192126846293
DLinear-lite,60,23,full_test,site,residential2,3799,0.24031688562580927,0.48911806985743467,-0.059997088778108276
DLinear-lite,60,23,full_test,site,residential3,3799,0.33443785399429155,0.529193570686599,0.21364118938618448
DLinear-lite,60,23,full_test,site,residential4,2138,1.546210983788703,1.8861360421171223,-1.1290298044812919
DLinear-lite,60,23,full_test,site,residential5,3773,0.18375226664395236,0.33941454469125676,-0.0845894742753448
DLinear-lite,60,23,full_test,site,residential6,3799,0.2650542991251354,0.41103822388976924,-0.058851319596128215
DLinear-lite,60,23,full_test,building_type,industrial,11397,4.086300473694153,7.72394229196365,0.9486244207571018
DLinear-lite,60,23,full_test,building_type,residential,21107,0.37781411182263414,0.7288475550333684,-0.2820246203813055
DLinear-lite,60,23,full_test,weak_signal_regime,0,25159,1.3828757945575318,4.356697961368441,0.9682520667383304
DLinear-lite,60,23,full_test,weak_signal_regime,1,7345,2.689491741546584,5.392818788932037,0.9523628238763684
DLinear-lite,60,23,full_test,high_interpolation_regime,0,31751,1.6710495450258587,4.652765356506539,0.9653938892586309
DLinear-lite,60,23,full_test,high_interpolation_regime,1,753,1.9768855947099147,2.2454006266228657,-1.8666145578546125
DLinear-lite,60,23,full_test,pv_regime,high,629,2.2235412943545496,5.482264448408025,0.9558357870037572
DLinear-lite,60,23,full_test,pv_regime,low,26491,1.3964008874483,4.06918255079533,0.9554594661588824
DLinear-lite,60,23,full_test,pv_regime,medium,5384,3.000636250629769,6.586943570397209,0.9734841627838358
ExtraTrees,60,23,full_test,site,industrial1,3799,5.549516292202582,6.738217020794407,0.48175467371730074
ExtraTrees,60,23,full_test,site,industrial2,3799,0.6413539150488465,1.0893697380799605,0.43424518455849626
ExtraTrees,60,23,full_test,site,industrial3,3799,6.023098154589288,11.272359202726077,0.8968103375986715
ExtraTrees,60,23,full_test,site,residential1,3799,0.18804187845245937,0.3558310427767531,0.12061508130247223
ExtraTrees,60,23,full_test,site,residential2,3799,0.19868255501258741,0.45357539888338116,0.08845893240953151
ExtraTrees,60,23,full_test,site,residential3,3799,0.28694362105427196,0.49967474647898363,0.29892183652435445
ExtraTrees,60,23,full_test,site,residential4,2138,1.2073704886741274,1.577093313518422,-0.48850567225497876
ExtraTrees,60,23,full_test,site,residential5,3773,0.1482355442938331,0.3094940135151925,0.09820256954658402
ExtraTrees,60,23,full_test,site,residential6,3799,0.23576856112498942,0.39602787282131746,0.017071183016831526
ExtraTrees,60,23,full_test,building_type,industrial,11397,4.071322787280239,7.608249405324266,0.9501519501949294
ExtraTrees,60,23,full_test,building_type,residential,21107,0.31248403450223355,0.6340720071225158,0.029713198133034746
ExtraTrees,60,23,full_test,weak_signal_regime,0,25159,1.2998889514384624,4.246362227572566,0.969839771337267
ExtraTrees,60,23,full_test,weak_signal_regime,1,7345,2.7627719800723285,5.404656762308198,0.9521534541223242
ExtraTrees,60,23,full_test,high_interpolation_regime,0,31751,1.639943674227264,4.580758318682971,0.9664567415263274
ExtraTrees,60,23,full_test,high_interpolation_regime,1,753,1.2305640404803109,1.6151447613299486,-0.483216435714968
ExtraTrees,60,23,full_test,pv_regime,high,629,2.2216784757418835,5.227314400375336,0.9598479449813833
ExtraTrees,60,23,full_test,pv_regime,low,26491,1.299409416490333,3.9442460685254748,0.958152542827396
ExtraTrees,60,23,full_test,pv_regime,medium,5384,3.1902629475082596,6.661201891528974,0.9728829368957251
GRU-lite,60,23,full_test,site,industrial1,3799,4.187881751160452,5.528499473799331,0.651132951857643
GRU-lite,60,23,full_test,site,industrial2,3799,0.5807427201726918,1.0214837911929482,0.502560114090147
GRU-lite,60,23,full_test,site,industrial3,3799,6.288257672939406,11.182646906892268,0.8984462939084441
GRU-lite,60,23,full_test,site,residential1,3799,0.1989310370255964,0.3689451147906623,0.05460157376403307
GRU-lite,60,23,full_test,site,residential2,3799,0.21644228977516586,0.45416927086336245,0.08607038536414768
GRU-lite,60,23,full_test,site,residential3,3799,0.32630441866307613,0.5311503026792578,0.20781519963995287
GRU-lite,60,23,full_test,site,residential4,2138,1.5981567416426692,1.9296301711532018,-1.228352411382053
GRU-lite,60,23,full_test,site,residential5,3773,0.16273371759048472,0.31704040541422096,0.05368937358130721
GRU-lite,60,23,full_test,site,residential6,3799,0.2571524919019355,0.3984930451358422,0.004796135585923178
GRU-lite,60,23,full_test,building_type,industrial,11397,3.6856273814241836,7.226325193616661,0.9550309519965968
GRU-lite,60,23,full_test,building_type,residential,21107,0.3707494907781068,0.7321997866813522,-0.2938447237187234
GRU-lite,60,23,full_test,weak_signal_regime,0,25159,1.2964093483599206,4.113480165165508,0.9716978538823741
GRU-lite,60,23,full_test,weak_signal_regime,1,7345,2.343654455079329,4.960788729905799,0.9596897197048969
GRU-lite,60,23,full_test,high_interpolation_regime,0,31751,1.5312095105721815,4.360289373082209,0.969607871576765
GRU-lite,60,23,full_test,high_interpolation_regime,1,753,1.6109848575930659,1.9319999655726858,-1.1222466256571004
GRU-lite,60,23,full_test,pv_regime,high,629,2.090061918675959,5.208926714756242,0.9601299271903224
GRU-lite,60,23,full_test,pv_regime,low,26491,1.279846938434361,3.888476074804772,0.9593275875254847
GRU-lite,60,23,full_test,pv_regime,medium,5384,2.7138615481116424,5.922473844030345,0.9785639993704689
GraphTemporalMLP-lite,60,23,full_test,site,industrial1,3799,4.117521778492327,5.332015735120127,0.6754898761803105
GraphTemporalMLP-lite,60,23,full_test,site,industrial2,3799,0.6515359506455839,1.0469119717170086,0.4774859437918261
GraphTemporalMLP-lite,60,23,full_test,site,industrial3,3799,7.570823222303429,11.787344358913833,0.8871663868468364
GraphTemporalMLP-lite,60,23,full_test,site,residential1,3799,0.21903564555806718,0.3796020222779912,-0.0008024996334947687
GraphTemporalMLP-lite,60,23,full_test,site,residential2,3799,0.2349673065103219,0.4675422767233174,0.03145672052143178
GraphTemporalMLP-lite,60,23,full_test,site,residential3,3799,0.3651546240416045,0.5686248821108709,0.09208883187528705
GraphTemporalMLP-lite,60,23,full_test,site,residential4,2138,1.8511133198074865,2.2360772124666686,-1.9923287459727912
GraphTemporalMLP-lite,60,23,full_test,site,residential5,3773,0.1782869115662826,0.325681371863103,0.0014028434644157706
GraphTemporalMLP-lite,60,23,full_test,site,residential6,3799,0.29953184043633724,0.4472624577579595,-0.2537052758588014
GraphTemporalMLP-lite,60,23,full_test,building_type,industrial,11397,4.113293650480447,7.493728567091081,0.9516413011263498
GraphTemporalMLP-lite,60,23,full_test,building_type,residential,21107,0.4207257255198513,0.8275950198750512,-0.6529461309715827
GraphTemporalMLP-lite,60,23,full_test,weak_signal_regime,0,25159,1.4447327092950593,4.218878753114903,0.9702289163911078
GraphTemporalMLP-lite,60,23,full_test,weak_signal_regime,1,7345,2.64280944723196,5.304384504601072,0.9539123727174481
GraphTemporalMLP-lite,60,23,full_test,high_interpolation_regime,0,31751,1.7096652403191361,4.52603868323899,0.9672533397654555
GraphTemporalMLP-lite,60,23,full_test,high_interpolation_regime,1,753,1.960006079283205,2.318002003896186,-2.0549860903337773
GraphTemporalMLP-lite,60,23,full_test,pv_regime,high,629,2.0588108299739867,4.924232233524427,0.964369034764608
GraphTemporalMLP-lite,60,23,full_test,pv_regime,low,26491,1.4136899145225845,3.913951912697973,0.9587929009051619
GraphTemporalMLP-lite,60,23,full_test,pv_regime,medium,5384,3.1601809222514365,6.584092222456085,0.9735071141004689
IA-GTPF,60,23,full_test,site,industrial1,3799,4.127963145163808,5.25168566538097,0.6851941072244818
IA-GTPF,60,23,full_test,site,industrial2,3799,0.5587609162166671,0.9530115014899422,0.5670139247975441
IA-GTPF,60,23,full_test,site,industrial3,3799,5.405672119046918,10.91913410595848,0.9031760151091663
IA-GTPF,60,23,full_test,site,residential1,3799,0.17797999453226718,0.3571417124367601,0.11412488956239675
IA-GTPF,60,23,full_test,site,residential2,3799,0.21461568944389678,0.4653165301877973,0.0406563191398287
IA-GTPF,60,23,full_test,site,residential3,3799,0.31460933434218885,0.49815008257859067,0.30319372653913723
IA-GTPF,60,23,full_test,site,residential4,2138,1.031632418829468,1.3632717624849304,-0.11224533155322636
IA-GTPF,60,23,full_test,site,residential5,3773,0.1620359903881332,0.3151138975211009,0.06515501561737158
IA-GTPF,60,23,full_test,site,residential6,3799,0.27847682845063365,0.39606630383415004,0.016880404612408584
IA-GTPF,60,23,full_test,building_type,industrial,11397,3.3641320601424645,7.0170250789026385,0.9575981555881172
IA-GTPF,60,23,full_test,building_type,residential,21107,0.3108730392318761,0.5838081554621546,0.17744816007411512
IA-GTPF,60,23,full_test,weak_signal_regime,0,25159,1.1572943597115803,4.020127661072629,0.9729678715253425
IA-GTPF,60,23,full_test,weak_signal_regime,1,7345,2.149250038465246,4.692902744232795,0.9639257373826534
IA-GTPF,60,23,full_test,high_interpolation_regime,0,31751,1.3891475188833164,4.225266349703675,0.9714610051762436
IA-GTPF,60,23,full_test,high_interpolation_regime,1,753,1.0568226513236407,1.420806335191802,-0.14776081281439968
IA-GTPF,60,23,full_test,pv_regime,high,629,1.8747052728499696,4.8250598701554415,0.9657897736913591
IA-GTPF,60,23,full_test,pv_regime,low,26491,1.1150154332454765,3.6758353861654425,0.9636542881236703
IA-GTPF,60,23,full_test,pv_regime,medium,5384,2.6347598197961237,6.030239967599085,0.9777767972763511
Lag-Llama zero-shot,60,23,foundation_subset,site,industrial1,107,4.269121887527894,5.85577365749735,0.6421151429071708
Lag-Llama zero-shot,60,23,foundation_subset,site,industrial2,122,0.5823887838552891,1.0067278246646385,0.5543636493496049
Lag-Llama zero-shot,60,23,foundation_subset,site,industrial3,102,7.371878324283107,16.071093266087747,0.7854937026690888
Lag-Llama zero-shot,60,23,foundation_subset,site,residential1,123,0.17468945525746657,0.3638660301175593,-0.046950045893230596
Lag-Llama zero-shot,60,23,foundation_subset,site,residential2,117,0.16070925467670621,0.3908341856167209,0.05632863241390518
Lag-Llama zero-shot,60,23,foundation_subset,site,residential3,139,0.27914083857069094,0.520436243429838,0.340176635230665
Lag-Llama zero-shot,60,23,foundation_subset,site,residential4,64,0.802959618757546,1.05235165459963,0.37120270731864313
Lag-Llama zero-shot,60,23,foundation_subset,site,residential5,113,0.15182966192988498,0.3065423498783627,-0.07813168375536406
Lag-Llama zero-shot,60,23,foundation_subset,site,residential6,137,0.19632104575106246,0.258366436714218,0.3486670717235212
Lag-Llama zero-shot,60,23,foundation_subset,building_type,industrial,331,3.8664020020323466,9.541964901541217,0.9141210654776587
Lag-Llama zero-shot,60,23,foundation_subset,building_type,residential,693,0.25185066814087237,0.48415831645888147,0.36377838694680387
PatchTST-lite,60,23,full_test,site,industrial1,3799,4.003446770458316,5.286755552391753,0.6809756257185771
PatchTST-lite,60,23,full_test,site,industrial2,3799,0.7008239551034823,1.1638271740064463,0.3542645455629396
PatchTST-lite,60,23,full_test,site,industrial3,3799,6.8633868173548125,11.452691166808503,0.8934823314499949
PatchTST-lite,60,23,full_test,site,residential1,3799,0.21822950998496662,0.3786563936117632,0.004177498900990284
PatchTST-lite,60,23,full_test,site,residential2,3799,0.2373210931730648,0.4637820704732519,0.046973081725506294
PatchTST-lite,60,23,full_test,site,residential3,3799,0.39553751089386135,0.5910471815489482,0.019074690569337305
PatchTST-lite,60,23,full_test,site,residential4,2138,2.027114051028394,2.3708010804422206,-2.363767312951703
PatchTST-lite,60,23,full_test,site,residential5,3773,0.18468284541698315,0.32869747085640055,-0.017178594878778597
PatchTST-lite,60,23,full_test,site,residential6,3799,0.30419463873273395,0.44351359569386406,-0.23277675398909214
PatchTST-lite,60,23,full_test,building_type,industrial,11397,3.8558858476388704,7.313649634393543,0.9539375542903662
PatchTST-lite,60,23,full_test,building_type,residential,21107,0.44628310014145933,0.8668647214007111,-0.8135336609969595
PatchTST-lite,60,23,full_test,weak_signal_regime,0,25159,1.3951748512490803,4.152951885824141,0.9711520900990561
PatchTST-lite,60,23,full_test,weak_signal_regime,1,7345,2.486592827454101,5.106929328478828,0.9572797239294941
PatchTST-lite,60,23,full_test,high_interpolation_regime,0,31751,1.6347785419889365,4.42454658962663,0.9687054986513449
PatchTST-lite,60,23,full_test,high_interpolation_regime,1,753,1.9380808944691357,2.2768030027829838,-1.9473555810706427
PatchTST-lite,60,23,full_test,pv_regime,high,629,1.9831493559624915,4.647300297955904,0.9682640131772775
PatchTST-lite,60,23,full_test,pv_regime,low,26491,1.359355602428682,3.8762391691637594,0.9595831742048533
PatchTST-lite,60,23,full_test,pv_regime,medium,5384,2.9916675689798233,6.302525416435098,0.9757245846235274
QuantileForest,60,23,full_test,site,industrial1,3799,4.137420539739559,5.3741889793464805,0.6703361901213067
QuantileForest,60,23,full_test,site,industrial2,3799,0.6989454234585861,1.185532414202487,0.3299541662001203
QuantileForest,60,23,full_test,site,industrial3,3799,6.134537068671613,11.601506274767212,0.8906961872846058
QuantileForest,60,23,full_test,site,residential1,3799,0.19351249425098005,0.3876248765355194,-0.04355328231501043
QuantileForest,60,23,full_test,site,residential2,3799,0.19307118395532932,0.46374921800812247,0.047108094166396386
QuantileForest,60,23,full_test,site,residential3,3799,0.31545038261300906,0.5454159514328862,0.164690714033507
QuantileForest,60,23,full_test,site,residential4,2138,1.086816326846494,1.4201483332837348,-0.2069884936786197
QuantileForest,60,23,full_test,site,residential5,3773,0.1560664231629685,0.32368500984121557,0.013607725552593375
QuantileForest,60,23,full_test,site,residential6,3799,0.2325054875286701,0.38550917445424404,0.06859192782950152
QuantileForest,60,23,full_test,building_type,industrial,11397,3.656967677289919,7.413553851658391,0.9526705362466784
QuantileForest,60,23,full_test,building_type,residential,21107,0.3061907265630214,0.6075059873145671,0.10931510324114913
QuantileForest,60,23,full_test,weak_signal_regime,0,25159,1.2420419923689952,4.2512590580094125,0.9697701707359694
QuantileForest,60,23,full_test,weak_signal_regime,1,7345,2.2998902379342896,4.94316386470344,0.9599756424545334
QuantileForest,60,23,full_test,high_interpolation_regime,0,31751,1.4894039436876179,4.463364956095532,0.9681539707723728
QuantileForest,60,23,full_test,high_interpolation_regime,1,753,1.1303634364055122,1.4786085293860398,-0.2430483953324123
QuantileForest,60,23,full_test,pv_regime,high,629,1.8298512826677849,4.794349707115801,0.9662238649823602
QuantileForest,60,23,full_test,pv_regime,low,26491,1.1983628762839473,3.8746830198479563,0.9596156190506296
QuantileForest,60,23,full_test,pv_regime,medium,5384,2.8314303252605533,6.421400613859484,0.9748002061032175
RandomForest,60,23,full_test,site,industrial1,3799,4.362635474466567,5.475472472661199,0.6577932235678055
RandomForest,60,23,full_test,site,industrial2,3799,0.6849669845938734,1.152881256189001,0.3663538470376224
RandomForest,60,23,full_test,site,industrial3,3799,5.983765513543933,10.96725805769369,0.9023206687483747
RandomForest,60,23,full_test,site,residential1,3799,0.1937232669478486,0.36347812530768275,0.0824116193786073
RandomForest,60,23,full_test,site,residential2,3799,0.20848241493725217,0.4444137061694668,0.12491115774008898
RandomForest,60,23,full_test,site,residential3,3799,0.30800424488928513,0.5111683341047225,0.2662983034562568
RandomForest,60,23,full_test,site,residential4,2138,1.016239146287483,1.343252457860878,-0.07981908959252859
RandomForest,60,23,full_test,site,residential5,3773,0.15240245625411222,0.30831682950040706,0.10504963327264982
RandomForest,60,23,full_test,site,residential6,3799,0.21442926496066325,0.3557215936190804,0.2069674375930486
RandomForest,60,23,full_test,building_type,industrial,11397,3.6771226575347913,7.108461701704283,0.9564859059046481
RandomForest,60,23,full_test,building_type,residential,21107,0.29660482548968853,0.5734903312280235,0.2062656714737321
RandomForest,60,23,full_test,weak_signal_regime,0,25159,1.2428459669501273,4.079078206210502,0.972169268745864
RandomForest,60,23,full_test,weak_signal_regime,1,7345,2.3008636211077773,4.728393652357087,0.9633780381484994
RandomForest,60,23,full_test,high_interpolation_regime,0,31751,1.4909545612674902,4.278443037597357,0.970738135204308
RandomForest,60,23,full_test,high_interpolation_regime,1,753,1.101336925273292,1.4715002815814218,-0.2311254866611434
RandomForest,60,23,full_test,pv_regime,high,629,2.044691484328677,4.861173842592686,0.9652757528359471
RandomForest,60,23,full_test,pv_regime,low,26491,1.17543203961409,3.6344337658316617,0.9644684144085793
RandomForest,60,23,full_test,pv_regime,medium,5384,2.92424291873612,6.363910019649627,0.97524941209443
STGCN,60,23,full_test,site,industrial1,3799,4.468769431414231,5.669640164272521,0.6330926615570751
STGCN,60,23,full_test,site,industrial2,3799,0.7722835037260063,1.2280788539750558,0.28099791041275524
STGCN,60,23,full_test,site,industrial3,3799,8.51863885924053,13.48450655480442,0.8523353058729397
STGCN,60,23,full_test,site,residential1,3799,0.24262655923874277,0.4206847138684084,-0.22914978597842595
STGCN,60,23,full_test,site,residential2,3799,0.24041837797920898,0.510872113355118,-0.1563828732777397
STGCN,60,23,full_test,site,residential3,3799,0.47944746051290493,0.6943288343523015,-0.3536987911908389
STGCN,60,23,full_test,site,residential4,2138,1.5708409519872228,1.995352375522383,-1.382730466218503
STGCN,60,23,full_test,site,residential5,3773,0.1970004955992891,0.36425617860940057,-0.24916078471650027
STGCN,60,23,full_test,site,residential6,3799,0.4127760449371985,0.5712536515703834,-1.0451658858395274
STGCN,60,23,full_test,building_type,industrial,11397,4.586563931460256,8.475158096666519,0.9381450717628056
STGCN,60,23,full_test,building_type,residential,21107,0.44186220869572845,0.8070596153481027,-0.5719335934117833
STGCN,60,23,full_test,weak_signal_regime,0,25159,1.5829774744480296,4.773009848613117,0.9618947149510173
STGCN,60,23,full_test,weak_signal_regime,1,7345,2.964373653663078,5.940621540281478,0.9421933068871673
STGCN,60,23,full_test,high_interpolation_regime,0,31751,1.9030496875291014,5.111365614470391,0.958235779032633
STGCN,60,23,full_test,high_interpolation_regime,1,753,1.5613866361975919,1.9443285335279816,-1.1494182017558998
STGCN,60,23,full_test,pv_regime,high,629,2.485807515053918,6.18625115534143,0.9437651384839472
STGCN,60,23,full_test,pv_regime,low,26491,1.531287439413985,4.313012885527042,0.9499616958910158
STGCN,60,23,full_test,pv_regime,medium,5384,3.6163718947452623,7.655226054387542,0.964185944875696
TCN-lite,60,23,full_test,site,industrial1,3799,4.213562010520702,5.576877613729586,0.6450005884780855
TCN-lite,60,23,full_test,site,industrial2,3799,0.7159043146410907,1.1127045748826636,0.40974810094315217
TCN-lite,60,23,full_test,site,industrial3,3799,7.742140934418712,12.244751738115061,0.8782394724279028
TCN-lite,60,23,full_test,site,residential1,3799,0.22264906670713505,0.37601289532811144,0.01803315374612724
TCN-lite,60,23,full_test,site,residential2,3799,0.23533917338681942,0.4630911869404106,0.049810363384281686
TCN-lite,60,23,full_test,site,residential3,3799,0.39523636453415384,0.5922688404681301,0.015015472775038452
TCN-lite,60,23,full_test,site,residential4,2138,1.7739465816602549,2.121850942970014,-1.694421015657463
TCN-lite,60,23,full_test,site,residential5,3773,0.17913795172853225,0.325108112024655,0.0049151833143193935
TCN-lite,60,23,full_test,site,residential6,3799,0.35023073047968295,0.47755520562677084,-0.4292813554842301
TCN-lite,60,23,full_test,building_type,industrial,11397,4.223869086526835,7.794733703331474,0.9476783711111731
TCN-lite,60,23,full_test,building_type,residential,21107,0.4283181930893009,0.8019806895318287,-0.5522111029156649
TCN-lite,60,23,full_test,weak_signal_regime,0,25159,1.4890714693236748,4.409403634983301,0.9674792715279814
TCN-lite,60,23,full_test,weak_signal_regime,1,7345,2.6843293375041357,5.433808836608618,0.9516359049477138
TCN-lite,60,23,full_test,high_interpolation_regime,0,31751,1.7587473695192752,4.704361923307287,0.9646221087028783
TCN-lite,60,23,full_test,high_interpolation_regime,1,753,1.7768397756649446,2.10951373539506,-1.53015040160997
TCN-lite,60,23,full_test,pv_regime,high,629,2.51860788173733,5.94006487656716,0.9481518922784717
TCN-lite,60,23,full_test,pv_regime,low,26491,1.4112649066553395,3.987696998599296,0.9572254574390409
TCN-lite,60,23,full_test,pv_regime,medium,5384,3.3822297698482235,6.983668181597413,0.9701939345309543
Conformalized ExtraTrees,60,37,full_test,site,industrial1,3799,4.323514177440355,5.459867202085129,0.6597410443099025
Conformalized ExtraTrees,60,37,full_test,site,industrial2,3799,0.6081615338269205,0.9633667230221837,0.5575533337983365
Conformalized ExtraTrees,60,37,full_test,site,industrial3,3799,7.393507518210848,12.09692269550995,0.881161718384863
Conformalized ExtraTrees,60,37,full_test,site,residential1,3799,0.18961151789727584,0.35599268851986215,0.11981593171169491
Conformalized ExtraTrees,60,37,full_test,site,residential2,3799,0.19818742985932783,0.45265501879981546,0.09215451663602814
Conformalized ExtraTrees,60,37,full_test,site,residential3,3799,0.2865276258447636,0.5039575138995063,0.28685229587608674
Conformalized ExtraTrees,60,37,full_test,site,residential4,2138,1.1914655834088559,1.5602434644009613,-0.4568688488723367
Conformalized ExtraTrees,60,37,full_test,site,residential5,3773,0.14781496818542186,0.3099786859235373,0.09537590054814615
Conformalized ExtraTrees,60,37,full_test,site,residential6,3799,0.23330723182163937,0.39309716683244816,0.03156519571615768
Conformalized ExtraTrees,60,37,full_test,building_type,industrial,11397,4.108394409826042,7.682746123806146,0.9491709895260896
Conformalized ExtraTrees,60,37,full_test,building_type,residential,21107,0.310473308338169,0.6300588988809024,0.04195642468979521
Conformalized ExtraTrees,60,37,full_test,weak_signal_regime,0,25159,1.3586842405593176,4.357844439302422,0.9682353554150219
Conformalized ExtraTrees,60,37,full_test,weak_signal_regime,1,7345,2.6131238120693334,5.26095630487396,0.954663943159788
Conformalized ExtraTrees,60,37,full_test,high_interpolation_regime,0,31751,1.651876298894672,4.624767358182544,0.9658091204490863
Conformalized ExtraTrees,60,37,full_test,high_interpolation_regime,1,753,1.2321472001014504,1.6202381652355333,-0.4925859144395508
Conformalized ExtraTrees,60,37,full_test,pv_regime,high,629,2.1586343432579915,4.955300314691218,0.9639180089894545
Conformalized ExtraTrees,60,37,full_test,pv_regime,low,26491,1.2770014759153978,3.8941598490718876,0.9592085991304068
Conformalized ExtraTrees,60,37,full_test,pv_regime,medium,5384,3.37847401699425,7.001310694616658,0.9700431489826135
DLinear-lite,60,37,full_test,site,industrial1,3799,5.071013757132721,6.588509092296625,0.5045273293493545
DLinear-lite,60,37,full_test,site,industrial2,3799,0.5681906758940071,0.926065586202505,0.591152697366544
DLinear-lite,60,37,full_test,site,industrial3,3799,6.718254876788832,11.7210413081738,0.8884321803761618
DLinear-lite,60,37,full_test,site,residential1,3799,0.20823650834009275,0.38356192089768415,-0.021791572595515785
DLinear-lite,60,37,full_test,site,residential2,3799,0.24190657590557735,0.4894607970037132,-0.06148309830854837
DLinear-lite,60,37,full_test,site,residential3,3799,0.3282661278141676,0.5247898477226639,0.2266742197520114
DLinear-lite,60,37,full_test,site,residential4,2138,1.5207960142428412,1.8613240844420642,-1.0733838283241872
DLinear-lite,60,37,full_test,site,residential5,3773,0.18516316742448405,0.3391777061737566,-0.08307638094309655
DLinear-lite,60,37,full_test,site,residential6,3799,0.2556401490318011,0.4030481921917975,-0.01808612010883026
DLinear-lite,60,37,full_test,building_type,industrial,11397,4.119153103271852,7.781363609658238,0.9478577088924764
DLinear-lite,60,37,full_test,building_type,residential,21107,0.3732617630137352,0.7210449844663489,-0.2547224933252703
DLinear-lite,60,37,full_test,weak_signal_regime,0,25159,1.3520226801277215,4.33192011365445,0.9686121598722826
DLinear-lite,60,37,full_test,weak_signal_regime,1,7345,2.8330681198892957,5.58291241717409,0.9489452699409493
DLinear-lite,60,37,full_test,high_interpolation_regime,0,31751,1.68162505981514,4.686921578952635,0.9648839333323943
DLinear-lite,60,37,full_test,high_interpolation_regime,1,753,1.9005931948601749,2.1792285482350544,-1.7001455936758796
DLinear-lite,60,37,full_test,pv_regime,high,629,2.243158148588925,5.491443004320476,0.9556877813620792
DLinear-lite,60,37,full_test,pv_regime,low,26491,1.4157669465603857,4.127119550701022,0.9541821011033954
DLinear-lite,60,37,full_test,pv_regime,medium,5384,2.9547539548897856,6.548273532145967,0.9737945825127725
ExtraTrees,60,37,full_test,site,industrial1,3799,4.323514177440355,5.459867202085129,0.6597410443099025
ExtraTrees,60,37,full_test,site,industrial2,3799,0.6081615338269205,0.9633667230221837,0.5575533337983365
ExtraTrees,60,37,full_test,site,industrial3,3799,7.393507518210848,12.09692269550995,0.881161718384863
ExtraTrees,60,37,full_test,site,residential1,3799,0.18961151789727584,0.35599268851986215,0.11981593171169491
ExtraTrees,60,37,full_test,site,residential2,3799,0.19818742985932783,0.45265501879981546,0.09215451663602814
ExtraTrees,60,37,full_test,site,residential3,3799,0.2865276258447636,0.5039575138995063,0.28685229587608674
ExtraTrees,60,37,full_test,site,residential4,2138,1.1914655834088559,1.5602434644009613,-0.4568688488723367
ExtraTrees,60,37,full_test,site,residential5,3773,0.14781496818542186,0.3099786859235373,0.09537590054814615
ExtraTrees,60,37,full_test,site,residential6,3799,0.23330723182163937,0.39309716683244816,0.03156519571615768
ExtraTrees,60,37,full_test,building_type,industrial,11397,4.108394409826042,7.682746123806146,0.9491709895260896
ExtraTrees,60,37,full_test,building_type,residential,21107,0.310473308338169,0.6300588988809024,0.04195642468979521
ExtraTrees,60,37,full_test,weak_signal_regime,0,25159,1.3586842405593176,4.357844439302422,0.9682353554150219
ExtraTrees,60,37,full_test,weak_signal_regime,1,7345,2.6131238120693334,5.26095630487396,0.954663943159788
ExtraTrees,60,37,full_test,high_interpolation_regime,0,31751,1.651876298894672,4.624767358182544,0.9658091204490863
ExtraTrees,60,37,full_test,high_interpolation_regime,1,753,1.2321472001014504,1.6202381652355333,-0.4925859144395508
ExtraTrees,60,37,full_test,pv_regime,high,629,2.1586343432579915,4.955300314691218,0.9639180089894545
ExtraTrees,60,37,full_test,pv_regime,low,26491,1.2770014759153978,3.8941598490718876,0.9592085991304068
ExtraTrees,60,37,full_test,pv_regime,medium,5384,3.37847401699425,7.001310694616658,0.9700431489826135
GRU-lite,60,37,full_test,site,industrial1,3799,4.218437048670641,5.526803451247759,0.6513469685635294
GRU-lite,60,37,full_test,site,industrial2,3799,0.600320172361789,1.0398520583454962,0.48450939160689643
GRU-lite,60,37,full_test,site,industrial3,3799,6.730013483666466,11.362243896376429,0.8951581278560774
GRU-lite,60,37,full_test,site,residential1,3799,0.19997311934066608,0.37019325075144277,0.048194215796543705
GRU-lite,60,37,full_test,site,residential2,3799,0.2179661922835574,0.456707765109349,0.07582535632066834
GRU-lite,60,37,full_test,site,residential3,3799,0.3348784839322744,0.5400584393554364,0.18102027013885158
GRU-lite,60,37,full_test,site,residential4,2138,1.628499827138304,1.9647052879879365,-1.3100987290187995
GRU-lite,60,37,full_test,site,residential5,3773,0.16432959026525504,0.31785961897942205,0.04879263446810911
GRU-lite,60,37,full_test,site,residential6,3799,0.2607963890051622,0.404818324779283,-0.027048347681948748
GRU-lite,60,37,full_test,building_type,industrial,11397,3.849590234899632,7.319549964597389,0.953863202008043
GRU-lite,60,37,full_test,building_type,residential,21107,0.3767692453518855,0.7438144266884167,-0.3352179373940818
GRU-lite,60,37,full_test,weak_signal_regime,0,25159,1.3485195198822986,4.160523743827901,0.9710468004585749
GRU-lite,60,37,full_test,weak_signal_regime,1,7345,2.4368748492953842,5.042770825151972,0.9583463735697952
GRU-lite,60,37,full_test,high_interpolation_regime,0,31751,1.5922122335454467,4.416190698217497,0.9688235882817696
GRU-lite,60,37,full_test,high_interpolation_regime,1,753,1.689133786841788,2.012469684772173,-1.3027156738131067
GRU-lite,60,37,full_test,pv_regime,high,629,2.1484462853821538,5.405655092323325,0.9570614674255783
GRU-lite,60,37,full_test,pv_regime,low,26491,1.324757673734827,3.900800402168175,0.9590693606645818
GRU-lite,60,37,full_test,pv_regime,medium,5384,2.8567459361773166,6.107135261023168,0.977206420288621
GraphTemporalMLP-lite,60,37,full_test,site,industrial1,3799,4.231678580841211,5.494568426317223,0.6554021386276541
GraphTemporalMLP-lite,60,37,full_test,site,industrial2,3799,0.6289118374534706,1.0182249051875258,0.5057290609936509
GraphTemporalMLP-lite,60,37,full_test,site,industrial3,3799,6.817279516440096,11.423977969539216,0.8940157657019869
GraphTemporalMLP-lite,60,37,full_test,site,residential1,3799,0.2206478259954205,0.3808514484588436,-0.007401445945035112
GraphTemporalMLP-lite,60,37,full_test,site,residential2,3799,0.23535101431258584,0.4686172520900307,0.026997842088114843
GraphTemporalMLP-lite,60,37,full_test,site,residential3,3799,0.35660790095800704,0.5584692242608452,0.12422986840563732
GraphTemporalMLP-lite,60,37,full_test,site,residential4,2138,1.7239914256613917,2.1006900008274756,-1.6409467804193638
GraphTemporalMLP-lite,60,37,full_test,site,residential5,3773,0.1809465563889887,0.3290023096191754,-0.019066161873430243
GraphTemporalMLP-lite,60,37,full_test,site,residential6,3799,0.2855932748122485,0.4378621387424315,-0.20155968853890194
GraphTemporalMLP-lite,60,37,full_test,building_type,industrial,11397,3.892623311578259,7.3424413922878,0.9535741709388682
GraphTemporalMLP-lite,60,37,full_test,building_type,residential,21107,0.4046367028190187,0.7890645209983966,-0.5026159553487621
GraphTemporalMLP-lite,60,37,full_test,weak_signal_regime,0,25159,1.3643822080768928,4.149095119060207,0.9712056462204928
GraphTemporalMLP-lite,60,37,full_test,weak_signal_regime,1,7345,2.5293945262698303,5.145381376994715,0.9566339870426308
GraphTemporalMLP-lite,60,37,full_test,high_interpolation_regime,0,31751,1.6234996578429675,4.433492121759336,0.9685788285130236
GraphTemporalMLP-lite,60,37,full_test,high_interpolation_regime,1,753,1.8023335090124581,2.1489909202018027,-1.6257343406966824
GraphTemporalMLP-lite,60,37,full_test,pv_regime,high,629,1.9911279766069498,5.037451195778939,0.9627117297658744
GraphTemporalMLP-lite,60,37,full_test,pv_regime,low,26491,1.3754816464488155,3.9547990506377837,0.9579283142986015
GraphTemporalMLP-lite,60,37,full_test,pv_regime,medium,5384,2.825889854215657,6.05322813405243,0.9776070380483994
IA-GTPF,60,37,full_test,site,industrial1,3799,4.155173660400205,5.272909289842329,0.6826445172153683
IA-GTPF,60,37,full_test,site,industrial2,3799,0.5739746437817981,0.9712410094214208,0.5502909069377576
IA-GTPF,60,37,full_test,site,industrial3,3799,5.478897166191859,11.045094645413384,0.9009292533534148
IA-GTPF,60,37,full_test,site,residential1,3799,0.17693216263406983,0.359111304421345,0.10432696527855279
IA-GTPF,60,37,full_test,site,residential2,3799,0.22019407517981654,0.4751679928597175,-0.0003952371810636013
IA-GTPF,60,37,full_test,site,residential3,3799,0.32845179204693603,0.5109656432925241,0.2668800496184015
IA-GTPF,60,37,full_test,site,residential4,2138,1.0270455843723068,1.3573676135833281,-0.10263221973014325
IA-GTPF,60,37,full_test,site,residential5,3773,0.166432857937552,0.3217949527567452,0.025093549994533726
IA-GTPF,60,37,full_test,site,residential6,3799,0.30835319065828576,0.4198403037794796,-0.10468591512317826
IA-GTPF,60,37,full_test,building_type,industrial,11397,3.402681823457954,7.088511766782147,0.9567298082321803
IA-GTPF,60,37,full_test,building_type,residential,21107,0.3198786819130368,0.5896660144091889,0.16085857944534343
IA-GTPF,60,37,full_test,weak_signal_regime,0,25159,1.1777609913404552,4.067067867852984,0.972332915723875
IA-GTPF,60,37,full_test,weak_signal_regime,1,7345,2.1648407488024857,4.723073550315005,0.9634604014124085
IA-GTPF,60,37,full_test,high_interpolation_regime,0,31751,1.4091681964116254,4.268491754852871,0.9708740979565896
IA-GTPF,60,37,full_test,high_interpolation_regime,1,753,1.0485321073350047,1.411471208302283,-0.13272808972693917
IA-GTPF,60,37,full_test,pv_regime,high,629,1.8991538770298246,4.927701612962761,0.9643188093163615
IA-GTPF,60,37,full_test,pv_regime,low,26491,1.1330683781438653,3.7143124321069574,0.9628894035218134
IA-GTPF,60,37,full_test,pv_regime,medium,5384,2.6599854916470798,6.083520001516414,0.9773823573082835
Lag-Llama zero-shot,60,37,foundation_subset,site,industrial1,107,4.474901489008253,6.026146039007166,0.6209870369327968
Lag-Llama zero-shot,60,37,foundation_subset,site,industrial2,122,0.6390010105359006,1.092403672099061,0.47528586020910324
Lag-Llama zero-shot,60,37,foundation_subset,site,industrial3,102,7.840381336283694,17.981964697344228,0.7314510337562314
Lag-Llama zero-shot,60,37,foundation_subset,site,residential1,123,0.18374277243892004,0.3700020029149647,-0.08255777942365738
Lag-Llama zero-shot,60,37,foundation_subset,site,residential2,117,0.1587671300774066,0.3922543695283053,0.04945808792868822
Lag-Llama zero-shot,60,37,foundation_subset,site,residential3,139,0.30432099511397087,0.5404928927163005,0.2883399311316336
Lag-Llama zero-shot,60,37,foundation_subset,site,residential4,64,0.8947946974409031,1.2132254534830167,0.1642586059948541
Lag-Llama zero-shot,60,37,foundation_subset,site,residential5,113,0.1448721390324343,0.30183173308830147,-0.04525111471959331
Lag-Llama zero-shot,60,37,foundation_subset,site,residential6,137,0.18691356469646916,0.2507718453159597,0.38639569944355323
Lag-Llama zero-shot,60,37,foundation_subset,building_type,industrial,331,4.098161567704531,10.574586247159033,0.8945278532718441
Lag-Llama zero-shot,60,37,foundation_subset,building_type,residential,693,0.2636671057145524,0.5216247030105139,0.2615009738737303
PatchTST-lite,60,37,full_test,site,industrial1,3799,4.097973802934518,5.4429155219309715,0.661850621943087
PatchTST-lite,60,37,full_test,site,industrial2,3799,0.7910673748252012,1.254190995690826,0.2500971524693324
PatchTST-lite,60,37,full_test,site,industrial3,3799,6.918470360081469,11.545507244744194,0.891748832504133
PatchTST-lite,60,37,full_test,site,residential1,3799,0.2109145964748423,0.3754415444546002,0.021015079988253027
PatchTST-lite,60,37,full_test,site,residential2,3799,0.22980484581969762,0.46361114267480075,0.04767543218292325
PatchTST-lite,60,37,full_test,site,residential3,3799,0.40350050667062787,0.620004650292648,-0.0793978099008461
PatchTST-lite,60,37,full_test,site,residential4,2138,2.322112741979592,2.671434207794141,-3.270951883741965
PatchTST-lite,60,37,full_test,site,residential5,3773,0.1816647521556247,0.32860686988240667,-0.01661792935117057
PatchTST-lite,60,37,full_test,site,residential6,3799,0.32327085195852806,0.4768582369493248,-0.42511246611806963
PatchTST-lite,60,37,full_test,building_type,industrial,11397,3.935837179280396,7.404887169317971,0.9527811308882211
PatchTST-lite,60,37,full_test,building_type,residential,21107,0.47782231984387463,0.9572677600399492,-1.2115146876831862
PatchTST-lite,60,37,full_test,weak_signal_regime,0,25159,1.4462844585629362,4.2222051989731115,0.9701819508605748
PatchTST-lite,60,37,full_test,weak_signal_regime,1,7345,2.5262166568030526,5.1625196320845,0.9563446185803093
PatchTST-lite,60,37,full_test,high_interpolation_regime,0,31751,1.6787616266576426,4.4876093721149894,0.967807064198321
PatchTST-lite,60,37,full_test,high_interpolation_regime,1,753,2.1776515659980378,2.536346868653785,-2.657622809797948
PatchTST-lite,60,37,full_test,pv_regime,high,629,2.046605809961094,5.105888212212607,0.9616916771833223
PatchTST-lite,60,37,full_test,pv_regime,low,26491,1.3983865932807882,3.927852221321517,0.9584996890643854
PatchTST-lite,60,37,full_test,pv_regime,medium,5384,3.0850961627296516,6.380169485089175,0.9751227775495757
QuantileForest,60,37,full_test,site,industrial1,3799,4.100032267432637,5.318939789387279,0.6770795465746392
QuantileForest,60,37,full_test,site,industrial2,3799,0.6782996770638202,1.1541317323674636,0.3649785290972337
QuantileForest,60,37,full_test,site,industrial3,3799,6.12290688334978,11.59897232815258,0.8907439293229912
QuantileForest,60,37,full_test,site,residential1,3799,0.19294786248150658,0.38712228785078867,-0.04084892514870808
QuantileForest,60,37,full_test,site,residential2,3799,0.19434296138977308,0.4642256313186809,0.045149261445845856
QuantileForest,60,37,full_test,site,residential3,3799,0.319704874532196,0.5507061022978594,0.14840830682161077
QuantileForest,60,37,full_test,site,residential4,2138,1.09580749224161,1.4306035899923089,-0.22482582337229595
QuantileForest,60,37,full_test,site,residential5,3773,0.1578180992700868,0.3243784638396464,0.009376758060249846
QuantileForest,60,37,full_test,site,residential6,3799,0.23492742656569157,0.38744635574755043,0.05920776927833116
QuantileForest,60,37,full_test,building_type,industrial,11397,3.6337462759487456,7.397281023187597,0.9528780855487858
QuantileForest,60,37,full_test,building_type,residential,21107,0.30874354757741346,0.6111347011722997,0.09864296700164443
QuantileForest,60,37,full_test,weak_signal_regime,0,25159,1.2424190174789524,4.248630372116231,0.9698075432681525
QuantileForest,60,37,full_test,weak_signal_regime,1,7345,2.269902832532519,4.914278837476717,0.9604420347818868
QuantileForest,60,37,full_test,high_interpolation_regime,0,31751,1.4826984392342644,4.453970578556286,0.9682878871238692
QuantileForest,60,37,full_test,high_interpolation_regime,1,753,1.1331981694252087,1.481466114207728,-0.24785771246751098
QuantileForest,60,37,full_test,pv_regime,high,629,1.8095468284798044,4.553059243520907,0.9695380895744607
QuantileForest,60,37,full_test,pv_regime,low,26491,1.18261254988028,3.867597530316127,0.9597631828525417
QuantileForest,60,37,full_test,pv_regime,medium,5384,2.8721512540326946,6.424558533621374,0.9747754144729761
RandomForest,60,37,full_test,site,industrial1,3799,4.262682341416194,5.420680725099994,0.6646077198416739
RandomForest,60,37,full_test,site,industrial2,3799,0.7195584042107028,1.1947447079848468,0.31950039603709046
RandomForest,60,37,full_test,site,industrial3,3799,6.058838125568906,11.095555589559497,0.9000219504596405
RandomForest,60,37,full_test,site,residential1,3799,0.18858758666884579,0.36789672038294396,0.059966828144553785
RandomForest,60,37,full_test,site,residential2,3799,0.20468095452051044,0.4536082422062419,0.08832691854122343
RandomForest,60,37,full_test,site,residential3,3799,0.3088706946695613,0.517740600548271,0.24731010601508208
RandomForest,60,37,full_test,site,residential4,2138,1.0271949701070235,1.3553863117789886,-0.09941562201814325
RandomForest,60,37,full_test,site,residential5,3773,0.15333855246553654,0.3126839114502161,0.07951745032614654
RandomForest,60,37,full_test,site,residential6,3799,0.22262661315952495,0.3633540375036391,0.17257137325590477
RandomForest,60,37,full_test,building_type,industrial,11397,3.6803596237319347,7.162926503455911,0.955816544237438
RandomForest,60,37,full_test,building_type,residential,21107,0.29790470767813276,0.5804873195988013,0.18677927596335708
RandomForest,60,37,full_test,weak_signal_regime,0,25159,1.2504034266144277,4.1212831451209,0.9715903777162559
RandomForest,60,37,full_test,weak_signal_regime,1,7345,2.283734987943202,4.733023653478176,0.9633062832344248
RandomForest,60,37,full_test,high_interpolation_regime,0,31751,1.4928526927828194,4.311563187574412,0.9702833395941106
RandomForest,60,37,full_test,high_interpolation_regime,1,753,1.1067296787356053,1.4696708826682363,-0.22806626927196794
RandomForest,60,37,full_test,pv_regime,high,629,1.9940537512345409,4.6946778272498,0.9676136412471363
RandomForest,60,37,full_test,pv_regime,low,26491,1.1658666172862835,3.652491814493102,0.9641144527478035
RandomForest,60,37,full_test,pv_regime,medium,5384,2.989171792083533,6.458700413609773,0.9745066012513411
STGCN,60,37,full_test,site,industrial1,3799,4.342715207460456,5.691893946635182,0.6302067287282105
STGCN,60,37,full_test,site,industrial2,3799,0.7227019468969487,1.1818857715725586,0.3340698862810656
STGCN,60,37,full_test,site,industrial3,3799,7.457428904008572,11.78090872234061,0.8872895626653374
STGCN,60,37,full_test,site,residential1,3799,0.2058864454716438,0.3925214278019859,-0.07008453207492993
STGCN,60,37,full_test,site,residential2,3799,0.2086967710282413,0.48764025865190624,-0.05360145871009525
STGCN,60,37,full_test,site,residential3,3799,0.40767829794352867,0.6245077829506842,-0.09513421835374203
STGCN,60,37,full_test,site,residential4,2138,1.3749113080160895,1.76241107227868,-0.8588747929053098
STGCN,60,37,full_test,site,residential5,3773,0.18586996299239666,0.35265651181312757,-0.17086898618209712
STGCN,60,37,full_test,site,residential6,3799,0.35050817940562107,0.4998689256600973,-0.5659678476715722
STGCN,60,37,full_test,building_type,industrial,11397,4.174282019455324,7.584728538339588,0.9504596837995543
STGCN,60,37,full_test,building_type,residential,21107,0.38357889865168876,0.7228826897879224,-0.26112638941171973
STGCN,60,37,full_test,weak_signal_regime,0,25159,1.4278589777919806,4.248596052142068,0.9698080310489473
STGCN,60,37,full_test,weak_signal_regime,1,7345,2.688493937005459,5.379324633485472,0.952600925408716
STGCN,60,37,full_test,high_interpolation_regime,0,31751,1.7212434590562857,4.574404350960166,0.9665497326638863
STGCN,60,37,full_test,high_interpolation_regime,1,753,1.3536400014308176,1.7409449607118457,-0.7232635642474714
STGCN,60,37,full_test,pv_regime,high,629,2.3373086758999717,5.339149998620495,0.9581115029342411
STGCN,60,37,full_test,pv_regime,low,26491,1.3635259220471398,3.8517845672747986,0.9600915327350317
STGCN,60,37,full_test,pv_regime,medium,5384,3.3579419820731187,6.891754128863915,0.970973343832139
TCN-lite,60,37,full_test,site,industrial1,3799,4.2031537756320905,5.505758159030592,0.6539971568319805
TCN-lite,60,37,full_test,site,industrial2,3799,0.6589066795974119,1.0544274528613675,0.46995705913194963
TCN-lite,60,37,full_test,site,industrial3,3799,7.918101149069283,12.458134181966276,0.8739587907855852
TCN-lite,60,37,full_test,site,residential1,3799,0.21820353462686015,0.37318208973303774,0.03276293351398163
TCN-lite,60,37,full_test,site,residential2,3799,0.23140137129847263,0.4619599400358924,0.05444697157144818
TCN-lite,60,37,full_test,site,residential3,3799,0.35239562534712354,0.5604227890387323,0.11809214053586314
TCN-lite,60,37,full_test,site,residential4,2138,1.7521008033816254,2.0864550414186662,-1.6052762184689966
TCN-lite,60,37,full_test,site,residential5,3773,0.1748115048107198,0.32193511625402654,0.02424408945612022
TCN-lite,60,37,full_test,site,residential6,3799,0.30259571087772946,0.44492496559422223,-0.24063523870608372
TCN-lite,60,37,full_test,building_type,industrial,11397,4.260053868099595,7.8873379001822945,0.9464277873280674
TCN-lite,60,37,full_test,building_type,residential,21107,0.40753856299849894,0.7842976105858599,-0.48451553559994065
TCN-lite,60,37,full_test,weak_signal_regime,0,25159,1.4697875134890557,4.428083648253674,0.9672031460147761
TCN-lite,60,37,full_test,weak_signal_regime,1,7345,2.746816382854901,5.579746948707881,0.9490031488075907
TCN-lite,60,37,full_test,high_interpolation_regime,0,31751,1.7578561295362685,4.757613925237926,0.9638166407513792
TCN-lite,60,37,full_test,high_interpolation_regime,1,753,1.7796287052249007,2.097077916898558,-1.5004072932372488
TCN-lite,60,37,full_test,pv_regime,high,629,2.502411104714949,6.177669503510914,0.9439210497988404
TCN-lite,60,37,full_test,pv_regime,low,26491,1.4451699811214913,4.1279571629798895,0.9541635014342223
TCN-lite,60,37,full_test,pv_regime,medium,5384,3.212432360547043,6.767464711726066,0.9720108662106107
Conformalized ExtraTrees,60,53,full_test,site,industrial1,3799,4.989751639103419,6.074244261827838,0.5788566867038951
Conformalized ExtraTrees,60,53,full_test,site,industrial2,3799,0.5766783409907145,0.9705848130125957,0.5508983726463548
Conformalized ExtraTrees,60,53,full_test,site,industrial3,3799,6.238494894216011,11.273454506667758,0.896790283316679
Conformalized ExtraTrees,60,53,full_test,site,residential1,3799,0.19409240722372906,0.3555795028376381,0.12185793095924158
Conformalized ExtraTrees,60,53,full_test,site,residential2,3799,0.2033983212124845,0.4454667950606038,0.12075899870342688
Conformalized ExtraTrees,60,53,full_test,site,residential3,3799,0.2928825140480101,0.4984967325897047,0.3022236094823698
Conformalized ExtraTrees,60,53,full_test,site,residential4,2138,1.1288108613958265,1.4953441802677192,-0.3381908090059247
Conformalized ExtraTrees,60,53,full_test,site,residential5,3773,0.14743982722148075,0.30451546625077325,0.12698200022818396
Conformalized ExtraTrees,60,53,full_test,site,residential6,3799,0.22532544909209812,0.3844415319242057,0.07374373203251261
Conformalized ExtraTrees,60,53,full_test,building_type,industrial,11397,3.934974958103382,7.414608435278441,0.9526570699852089
Conformalized ExtraTrees,60,53,full_test,building_type,residential,21107,0.3055113194233842,0.610635371088029,0.10011528010940962
Conformalized ExtraTrees,60,53,full_test,weak_signal_regime,0,25159,1.2938355653935036,4.211055201612463,0.9703392298930752
Conformalized ExtraTrees,60,53,full_test,weak_signal_regime,1,7345,2.551903066962349,5.0631455876701885,0.9580090997650524
Conformalized ExtraTrees,60,53,full_test,high_interpolation_regime,0,31751,1.5896870205817755,4.464271305828053,0.9681410358808985
Conformalized ExtraTrees,60,53,full_test,high_interpolation_regime,1,753,1.090550366642292,1.4794015772082114,-0.24438216443755456
Conformalized ExtraTrees,60,53,full_test,pv_regime,high,629,2.2416330433519054,5.20588654624225,0.9601764536147769
Conformalized ExtraTrees,60,53,full_test,pv_regime,low,26491,1.2443200022753003,3.8075430273537525,0.9610030438126872
Conformalized ExtraTrees,60,53,full_test,pv_regime,medium,5384,3.1430290958451494,6.583271001151214,0.9735137225028935
DLinear-lite,60,53,full_test,site,industrial1,3799,5.194817290984586,6.553284995459519,0.5098110509912426
DLinear-lite,60,53,full_test,site,industrial2,3799,0.8920692432211529,1.2586642915074164,0.24473828837301792
DLinear-lite,60,53,full_test,site,industrial3,3799,18.118658642522405,24.11163585562211,0.5278718396829121
DLinear-lite,60,53,full_test,site,residential1,3799,0.21906562884835584,0.3727703626678871,0.03489603692033538
DLinear-lite,60,53,full_test,site,residential2,3799,0.2418500368870771,0.4670546951275778,0.03347577915588473
DLinear-lite,60,53,full_test,site,residential3,3799,0.4838277515055859,0.6458242490899934,-0.17117106478765165
DLinear-lite,60,53,full_test,site,residential4,2138,1.8114137202982137,2.1522465476832635,-1.7721693198355144
DLinear-lite,60,53,full_test,site,residential5,3773,0.19152561101684618,0.3361626825774268,-0.06390656573271247
DLinear-lite,60,53,full_test,site,residential6,3799,0.38031508990572044,0.49068276993224286,-0.5089407182838315
DLinear-lite,60,53,full_test,building_type,industrial,11397,8.068515058909382,14.444154107741447,0.8203352334544973
DLinear-lite,60,53,full_test,building_type,residential,21107,0.45621480707891243,0.819809625061537,-0.6219930495100137
DLinear-lite,60,53,full_test,weak_signal_regime,0,25159,2.666220153354721,8.217925524482242,0.8870399291757364
DLinear-lite,60,53,full_test,weak_signal_regime,1,7345,4.697993086610403,9.712597750725859,0.8454798361331876
DLinear-lite,60,53,full_test,high_interpolation_regime,0,31751,3.1501059059921297,8.671778239690097,0.8797882782660728
DLinear-lite,60,53,full_test,high_interpolation_regime,1,753,2.081247593955786,2.394072666422348,-2.2587892841871073
DLinear-lite,60,53,full_test,pv_regime,high,629,3.933442738382813,9.988707754057675,0.8533881250054918
DLinear-lite,60,53,full_test,pv_regime,low,26491,2.4329455055597307,6.829024624678471,0.8745535347900856
DLinear-lite,60,53,full_test,pv_regime,medium,5384,6.437759507648443,14.253343864541108,0.8758430647368988
ExtraTrees,60,53,full_test,site,industrial1,3799,4.989751639103419,6.074244261827838,0.5788566867038951
ExtraTrees,60,53,full_test,site,industrial2,3799,0.5766783409907145,0.9705848130125957,0.5508983726463548
ExtraTrees,60,53,full_test,site,industrial3,3799,6.238494894216011,11.273454506667758,0.896790283316679
ExtraTrees,60,53,full_test,site,residential1,3799,0.19409240722372906,0.3555795028376381,0.12185793095924158
ExtraTrees,60,53,full_test,site,residential2,3799,0.2033983212124845,0.4454667950606038,0.12075899870342688
ExtraTrees,60,53,full_test,site,residential3,3799,0.2928825140480101,0.4984967325897047,0.3022236094823698
ExtraTrees,60,53,full_test,site,residential4,2138,1.1288108613958265,1.4953441802677192,-0.3381908090059247
ExtraTrees,60,53,full_test,site,residential5,3773,0.14743982722148075,0.30451546625077325,0.12698200022818396
ExtraTrees,60,53,full_test,site,residential6,3799,0.22532544909209812,0.3844415319242057,0.07374373203251261
ExtraTrees,60,53,full_test,building_type,industrial,11397,3.934974958103382,7.414608435278441,0.9526570699852089
ExtraTrees,60,53,full_test,building_type,residential,21107,0.3055113194233842,0.610635371088029,0.10011528010940962
ExtraTrees,60,53,full_test,weak_signal_regime,0,25159,1.2938355653935036,4.211055201612463,0.9703392298930752
ExtraTrees,60,53,full_test,weak_signal_regime,1,7345,2.551903066962349,5.0631455876701885,0.9580090997650524
ExtraTrees,60,53,full_test,high_interpolation_regime,0,31751,1.5896870205817755,4.464271305828053,0.9681410358808985
ExtraTrees,60,53,full_test,high_interpolation_regime,1,753,1.090550366642292,1.4794015772082114,-0.24438216443755456
ExtraTrees,60,53,full_test,pv_regime,high,629,2.2416330433519054,5.20588654624225,0.9601764536147769
ExtraTrees,60,53,full_test,pv_regime,low,26491,1.2443200022753003,3.8075430273537525,0.9610030438126872
ExtraTrees,60,53,full_test,pv_regime,medium,5384,3.1430290958451494,6.583271001151214,0.9735137225028935
GRU-lite,60,53,full_test,site,industrial1,3799,4.246134621961638,5.583700772719229,0.6441313927192095
GRU-lite,60,53,full_test,site,industrial2,3799,0.611165195696935,1.0615687637862339,0.46275311269992037
GRU-lite,60,53,full_test,site,industrial3,3799,6.891089540405716,11.61883426901141,0.8903694313888677
GRU-lite,60,53,full_test,site,residential1,3799,0.19773605631212537,0.36564135178559976,0.07145713257762287
GRU-lite,60,53,full_test,site,residential2,3799,0.21322234682470587,0.4544000610399597,0.08514130635041794
GRU-lite,60,53,full_test,site,residential3,3799,0.3240641294045229,0.529660210962995,0.21225376331392365
GRU-lite,60,53,full_test,site,residential4,2138,1.6077364701424535,1.9395338186717916,-1.2512847330631391
GRU-lite,60,53,full_test,site,residential5,3773,0.16080928816893914,0.31715683212152695,0.05299421890468736
GRU-lite,60,53,full_test,site,residential6,3799,0.25255948480677165,0.3966178104754689,0.014140588199202941
GRU-lite,60,53,full_test,building_type,industrial,11397,3.91612978602143,7.467751833277668,0.9519759873241925
GRU-lite,60,53,full_test,building_type,residential,21107,0.36935131005502925,0.7342065301560853,-0.30094653529180526
GRU-lite,60,53,full_test,weak_signal_regime,0,25159,1.3542685835659163,4.233183990571012,0.9700266804514304
GRU-lite,60,53,full_test,weak_signal_regime,1,7345,2.4991131352869775,5.167218988239178,0.9562651048647961
GRU-lite,60,53,full_test,high_interpolation_regime,0,31751,1.6122345134964138,4.5038819680416635,0.9675731702088758
GRU-lite,60,53,full_test,high_interpolation_regime,1,753,1.644052104373316,1.9592475805551373,-1.1825301975223557
GRU-lite,60,53,full_test,pv_regime,high,629,2.1117129082148347,5.37176075143071,0.95759824253299
GRU-lite,60,53,full_test,pv_regime,low,26491,1.3349901751116833,3.9866209338700735,0.9572485394165889
GRU-lite,60,53,full_test,pv_regime,medium,5384,2.92246231880888,6.212291747237663,0.976414714112516
GraphTemporalMLP-lite,60,53,full_test,site,industrial1,3799,3.99840096285859,5.323965416861693,0.6764690322017302
GraphTemporalMLP-lite,60,53,full_test,site,industrial2,3799,0.6722764419815156,1.0644550587795678,0.45982770440601306
GraphTemporalMLP-lite,60,53,full_test,site,industrial3,3799,6.990728112904562,11.434458204385523,0.8938212189059865
GraphTemporalMLP-lite,60,53,full_test,site,residential1,3799,0.2237110949046339,0.38266640697603227,-0.017025925352245563
GraphTemporalMLP-lite,60,53,full_test,site,residential2,3799,0.23276085591075854,0.4676891161108898,0.030848250903187324
GraphTemporalMLP-lite,60,53,full_test,site,residential3,3799,0.3718356857626503,0.5770516274713196,0.06497983060251611
GraphTemporalMLP-lite,60,53,full_test,site,residential4,2138,1.7889342739545384,2.160047528142208,-1.7923016142495554
GraphTemporalMLP-lite,60,53,full_test,site,residential5,3773,0.17946119217428957,0.3296423736167954,-0.023035143401404445
GraphTemporalMLP-lite,60,53,full_test,site,residential6,3799,0.314000234185112,0.45915634913147396,-0.3212705335153929
GraphTemporalMLP-lite,60,53,full_test,building_type,industrial,11397,3.887135172581556,7.308089279694115,0.9540075675361838
GraphTemporalMLP-lite,60,53,full_test,building_type,residential,21107,0.4188883383151383,0.8097189917148887,-0.5823101515114164
GraphTemporalMLP-lite,60,53,full_test,weak_signal_regime,0,25159,1.3851886428445501,4.130317622878105,0.9714656847907389
GraphTemporalMLP-lite,60,53,full_test,weak_signal_regime,1,7345,2.490564282287758,5.130443328237931,0.9568854215693392
GraphTemporalMLP-lite,60,53,full_test,high_interpolation_regime,0,31751,1.6291328212901848,4.414702458034769,0.9688445974155983
GraphTemporalMLP-lite,60,53,full_test,high_interpolation_regime,1,753,1.8812211287449718,2.221881227693673,-1.8068764866920426
GraphTemporalMLP-lite,60,53,full_test,pv_regime,high,629,2.094017894100488,5.368796073708033,0.9576450327243438
GraphTemporalMLP-lite,60,53,full_test,pv_regime,low,26491,1.3379859803997556,3.7870382299008543,0.9614219341936896
GraphTemporalMLP-lite,60,53,full_test,pv_regime,medium,5384,3.0426136434937754,6.457030824639683,0.9745197797526663
IA-GTPF,60,53,full_test,site,industrial1,3799,4.164404666931764,5.2636743196952,0.6837551761611511
IA-GTPF,60,53,full_test,site,industrial2,3799,0.5619862604872832,0.9504636465074724,0.5693259872566181
IA-GTPF,60,53,full_test,site,industrial3,3799,5.500777826739604,10.97138844835303,0.9022470806613851
IA-GTPF,60,53,full_test,site,residential1,3799,0.17859845912416952,0.3577972376415238,0.11086989925536339
IA-GTPF,60,53,full_test,site,residential2,3799,0.2150993896916856,0.46555861996680076,0.039657825855558104
IA-GTPF,60,53,full_test,site,residential3,3799,0.3148836595724961,0.49787606945923163,0.30396008814191355
IA-GTPF,60,53,full_test,site,residential4,2138,1.031292828988999,1.3638529896173008,-0.11319393914869669
IA-GTPF,60,53,full_test,site,residential5,3773,0.16204740686574676,0.3153368444884206,0.06383171895553508
IA-GTPF,60,53,full_test,site,residential6,3799,0.277549133199797,0.3953327384763224,0.02051875813955395
IA-GTPF,60,53,full_test,building_type,industrial,11397,3.409056251386217,7.047009128507529,0.9572350115718387
IA-GTPF,60,53,full_test,building_type,residential,21107,0.31092145932043014,0.5839425884144872,0.17706929998931764
IA-GTPF,60,53,full_test,weak_signal_regime,0,25159,1.1720947739875016,4.040818542269525,0.9726888963471612
IA-GTPF,60,53,full_test,weak_signal_regime,1,7345,2.1684003975729724,4.701788741524824,0.9637889950280212
IA-GTPF,60,53,full_test,high_interpolation_regime,0,31751,1.4052783653831993,4.243131754242774,0.9712191560004029
IA-GTPF,60,53,full_test,high_interpolation_regime,1,753,1.0579547936827025,1.423485843243525,-0.1520940343859929
IA-GTPF,60,53,full_test,pv_regime,high,629,1.9273402268440096,4.9380247803341915,0.9641691538551116
IA-GTPF,60,53,full_test,pv_regime,low,26491,1.1225365157812084,3.6824620320605956,0.9635231248725972
IA-GTPF,60,53,full_test,pv_regime,medium,5384,2.68689106550523,6.073574095327978,0.977456251719848
Lag-Llama zero-shot,60,53,foundation_subset,site,industrial1,107,4.270341601327201,5.831219799076828,0.6451101462243953
Lag-Llama zero-shot,60,53,foundation_subset,site,industrial2,122,0.6149294897042019,1.027960192506012,0.5353680622098662
Lag-Llama zero-shot,60,53,foundation_subset,site,industrial3,102,7.693909055310973,17.04051043355326,0.7588349315853333
Lag-Llama zero-shot,60,53,foundation_subset,site,residential1,123,0.17827357050100615,0.3646579600722082,-0.05151223794169146
Lag-Llama zero-shot,60,53,foundation_subset,site,residential2,117,0.1643879314683864,0.39695454430566307,0.02654193667525917
Lag-Llama zero-shot,60,53,foundation_subset,site,residential3,139,0.30282352398510576,0.550818560305911,0.26088884855708994
Lag-Llama zero-shot,60,53,foundation_subset,site,residential4,64,0.8669298783196007,1.1190804553013054,0.288931387998815
Lag-Llama zero-shot,60,53,foundation_subset,site,residential5,113,0.15153075002983674,0.30753717059035274,-0.0851407518152536
Lag-Llama zero-shot,60,53,foundation_subset,site,residential6,137,0.19656806304626925,0.2609194219001315,0.3357314998326728
Lag-Llama zero-shot,60,53,foundation_subset,building_type,industrial,331,3.9780262015940857,10.043095889993705,0.9048637044500554
Lag-Llama zero-shot,60,53,foundation_subset,building_type,residential,693,0.2637659719920917,0.5055661925674289,0.3062712781389568
PatchTST-lite,60,53,full_test,site,industrial1,3799,4.094251643927569,5.449195738977005,0.6610698357451408
PatchTST-lite,60,53,full_test,site,industrial2,3799,0.7439520129889036,1.2152891717591963,0.29589585264050566
PatchTST-lite,60,53,full_test,site,industrial3,3799,7.026854712842062,11.435850771122976,0.8937953549708709
PatchTST-lite,60,53,full_test,site,residential1,3799,0.216086679480571,0.3805216186091651,-0.005657316101217891
PatchTST-lite,60,53,full_test,site,residential2,3799,0.2282207459960321,0.4622401158928361,0.053299679594046356
PatchTST-lite,60,53,full_test,site,residential3,3799,0.3961054816523238,0.6040058698205166,-0.024410348706231932
PatchTST-lite,60,53,full_test,site,residential4,2138,2.179304311433393,2.535629006109013,-2.8477525571413826
PatchTST-lite,60,53,full_test,site,residential5,3773,0.18440667489513723,0.33447259884289154,-0.05323571347022038
PatchTST-lite,60,53,full_test,site,residential6,3799,0.30772187868848855,0.4517994147302256,-0.279269040031487
PatchTST-lite,60,53,full_test,building_type,industrial,11397,3.955019456586178,7.347320255986174,0.9535124528989297
PatchTST-lite,60,53,full_test,building_type,residential,21107,0.4603630574474965,0.9155201624392708,-1.0228272218429604
PatchTST-lite,60,53,full_test,weak_signal_regime,0,25159,1.4292609972632693,4.14966176934784,0.971197780677496
PatchTST-lite,60,53,full_test,weak_signal_regime,1,7345,2.5641201320776568,5.214353068491769,0.9554635882779541
PatchTST-lite,60,53,full_test,high_interpolation_regime,0,31751,1.6769050950050024,4.4491275862277915,0.9683568134981239
PatchTST-lite,60,53,full_test,high_interpolation_regime,1,753,2.056874008968321,2.426692785162896,-2.3481986805017736
PatchTST-lite,60,53,full_test,pv_regime,high,629,2.086848589245555,5.0243567315863595,0.9629053337495219
PatchTST-lite,60,53,full_test,pv_regime,low,26491,1.3800229282914926,3.853041539326405,0.9600654814270189
PatchTST-lite,60,53,full_test,pv_regime,medium,5384,3.1429094807302373,6.446932786243477,0.9745994135830421
QuantileForest,60,53,full_test,site,industrial1,3799,4.118773516019463,5.333650876079413,0.6752908140684557
QuantileForest,60,53,full_test,site,industrial2,3799,0.7109516645523888,1.2170366208708836,0.29386955178323315
QuantileForest,60,53,full_test,site,industrial3,3799,6.077205194545319,11.66563193874412,0.8894845255370535
QuantileForest,60,53,full_test,site,residential1,3799,0.19297738854960497,0.3870239984326481,-0.04032045416674568
QuantileForest,60,53,full_test,site,residential2,3799,0.19378059203521308,0.4643245680745168,0.04474221842705384
QuantileForest,60,53,full_test,site,residential3,3799,0.31865989935278793,0.5501437860894801,0.15014650921427275
QuantileForest,60,53,full_test,site,residential4,2138,1.096791198427071,1.4308926435641973,-0.22532082568963618
QuantileForest,60,53,full_test,site,residential5,3773,0.15708166225379863,0.3238237056505265,0.012762225877428035
QuantileForest,60,53,full_test,site,residential6,3799,0.23457187251963524,0.38693425281477234,0.06169308915824512
QuantileForest,60,53,full_test,building_type,industrial,11397,3.63564345837239,7.438995862675069,0.9523451260616913
QuantileForest,60,53,full_test,building_type,residential,21107,0.30836356486027006,0.6110034139889806,0.09903019395815937
QuantileForest,60,53,full_test,weak_signal_regime,0,25159,1.2429200283954045,4.27696778363425,0.9694034463022131
QuantileForest,60,53,full_test,weak_signal_regime,1,7345,2.270038565578743,4.927723222076221,0.9602252949491373
QuantileForest,60,53,full_test,high_interpolation_regime,0,31751,1.482975880068508,4.478768149494832,0.967933788479806
QuantileForest,60,53,full_test,high_interpolation_regime,1,753,1.1395632012226486,1.4890505122323376,-0.26066728765022096
QuantileForest,60,53,full_test,pv_regime,high,629,1.8618998036212626,4.878691795808478,0.965025034058104
QuantileForest,60,53,full_test,pv_regime,low,26491,1.1875100605048412,3.866779790676982,0.9597801958750463
QuantileForest,60,53,full_test,pv_regime,medium,5384,2.8444640173224984,6.500517020639083,0.9741754205461349
RandomForest,60,53,full_test,site,industrial1,3799,4.362557692577205,5.479616783243163,0.6572750042235447
RandomForest,60,53,full_test,site,industrial2,3799,0.7051596848204933,1.2086217851659686,0.3036004499556574
RandomForest,60,53,full_test,site,industrial3,3799,5.878710079199336,10.924552484059175,0.9030798977573683
RandomForest,60,53,full_test,site,residential1,3799,0.19190817041410763,0.36495039534378093,0.07496317186851698
RandomForest,60,53,full_test,site,residential2,3799,0.20870994654720657,0.44522938370041304,0.12169593128711209
RandomForest,60,53,full_test,site,residential3,3799,0.31237761420063354,0.5176438010654186,0.24759153336022988
RandomForest,60,53,full_test,site,residential4,2138,1.0196923179796427,1.3485176475115612,-0.08830088314735818
RandomForest,60,53,full_test,site,residential5,3773,0.15215121142710888,0.30737515392547543,0.11050808271874812
RandomForest,60,53,full_test,site,residential6,3799,0.2173828054391438,0.35968399999101225,0.18920175468164646
RandomForest,60,53,full_test,building_type,industrial,11397,3.6488091521990116,7.09067024776787,0.95670345231735
RandomForest,60,53,full_test,building_type,residential,21107,0.29794270891659186,0.5764165659391388,0.1981449465524493
RandomForest,60,53,full_test,weak_signal_regime,0,25159,1.239686506221788,4.07456698642914,0.9722307929987823
RandomForest,60,53,full_test,weak_signal_regime,1,7345,2.2715972572744283,4.701210703216844,0.9637978980487837
RandomForest,60,53,full_test,high_interpolation_regime,0,31751,1.4817769065960542,4.268129506926769,0.9708790413185626
RandomForest,60,53,full_test,high_interpolation_regime,1,753,1.097285661863637,1.4672428701261893,-0.2240118958915609
RandomForest,60,53,full_test,pv_regime,high,629,2.0167619747397767,4.852616297667142,0.9653979014204284
RandomForest,60,53,full_test,pv_regime,low,26491,1.1715879750398877,3.6169962836797422,0.9648085472044514
RandomForest,60,53,full_test,pv_regime,medium,5384,2.891730002938643,6.372570277641134,0.9751820031205188
STGCN,60,53,full_test,site,industrial1,3799,4.69310855785655,5.8469569744342795,0.6097838843678405
STGCN,60,53,full_test,site,industrial2,3799,0.7793834737687526,1.213948900013528,0.2974480272928106
STGCN,60,53,full_test,site,industrial3,3799,7.919078253623915,12.965081190578259,0.8634923361847638
STGCN,60,53,full_test,site,residential1,3799,0.22672759030905082,0.41057063893409795,-0.17075797181541907
STGCN,60,53,full_test,site,residential2,3799,0.2293006421539029,0.4967861456569829,-0.09349350760383146
STGCN,60,53,full_test,site,residential3,3799,0.44417007449662754,0.6560868104252688,-0.20868811812962074
STGCN,60,53,full_test,site,residential4,2138,1.5685807121708153,1.9352182204844957,-1.2412773475454557
STGCN,60,53,full_test,site,residential5,3773,0.1927395653315744,0.3578328218915491,-0.2054933923869211
STGCN,60,53,full_test,site,residential6,3799,0.3762164946553768,0.5129162212060241,-0.6487827292448136
STGCN,60,53,full_test,building_type,industrial,11397,4.463856761749739,8.241235911985852,0.9415124562047469
STGCN,60,53,full_test,building_type,residential,21107,0.4230791573389141,0.7757753942336297,-0.4524291764441879
STGCN,60,53,full_test,weak_signal_regime,0,25159,1.5329343046374666,4.664833267004732,0.9636023952226563
STGCN,60,53,full_test,weak_signal_regime,1,7345,2.891410907725011,5.707735275987755,0.94663678345902
STGCN,60,53,full_test,high_interpolation_regime,0,31751,1.8463374750194523,4.969087133074645,0.9605284923316705
STGCN,60,53,full_test,high_interpolation_regime,1,753,1.56898554883346,1.91924341860396,-1.0943137453279022
STGCN,60,53,full_test,pv_regime,high,629,2.4126155103874116,5.560371397076368,0.954568389181062
STGCN,60,53,full_test,pv_regime,low,26491,1.4989122729169873,4.264055374798041,0.9510912297791768
STGCN,60,53,full_test,pv_regime,medium,5384,3.450833415627164,7.283945967950196,0.9675756790593001
TCN-lite,60,53,full_test,site,industrial1,3799,4.233391244355665,5.584684055711816,0.6440060456157077
TCN-lite,60,53,full_test,site,industrial2,3799,0.6264974902220188,1.0146277527938574,0.5092151814141231
TCN-lite,60,53,full_test,site,industrial3,3799,6.734445009869009,11.55318164595558,0.891604873649648
TCN-lite,60,53,full_test,site,residential1,3799,0.21507711783643857,0.3764275130327895,0.015866391298962057
TCN-lite,60,53,full_test,site,residential2,3799,0.24120413515712139,0.4679772880583269,0.029653575300242263
TCN-lite,60,53,full_test,site,residential3,3799,0.3502486140606578,0.5460101003081013,0.16286983441835912
TCN-lite,60,53,full_test,site,residential4,2138,1.6281095511167778,1.9771144797264926,-1.3393723180289836
TCN-lite,60,53,full_test,site,residential5,3773,0.17858286360807066,0.3243187724998216,0.009741308698066775
TCN-lite,60,53,full_test,site,residential6,3799,0.2844270139399208,0.41480297104227376,-0.07833643210307195
TCN-lite,60,53,full_test,building_type,industrial,11397,3.8647779148155643,7.431782460560996,0.9524375006536875
TCN-lite,60,53,full_test,building_type,residential,21107,0.39319830177560305,0.7512029524254971,-0.3618759024773055
TCN-lite,60,53,full_test,weak_signal_regime,0,25159,1.355544561396676,4.201856397942874,0.9704686727915477
TCN-lite,60,53,full_test,weak_signal_regime,1,7345,2.483589493608123,5.181337832497154,0.9560257769864183
TCN-lite,60,53,full_test,high_interpolation_regime,0,31751,1.6091781020341365,4.483908509543648,0.9678601403438397
TCN-lite,60,53,full_test,high_interpolation_regime,1,753,1.664138822104611,2.0010883022878567,-1.2767436266075456
TCN-lite,60,53,full_test,pv_regime,high,629,2.0997783854406054,5.287209613448816,0.9589225390781382
TCN-lite,60,53,full_test,pv_regime,low,26491,1.3385669974195726,3.9424152252186904,0.9581913833833197
TCN-lite,60,53,full_test,pv_regime,medium,5384,2.891042258106724,6.275904853954345,0.9759292201968626
Conformalized ExtraTrees,60,71,full_test,site,industrial1,3799,4.7196795938403815,5.843137782007624,0.6102934908895881
Conformalized ExtraTrees,60,71,full_test,site,industrial2,3799,0.5832161534373398,0.984403092934324,0.5380195635131093
Conformalized ExtraTrees,60,71,full_test,site,industrial3,3799,6.019631002821645,11.273161103275116,0.8967956555274684
Conformalized ExtraTrees,60,71,full_test,site,residential1,3799,0.1930750115404549,0.3541667414922666,0.12882200297188096
Conformalized ExtraTrees,60,71,full_test,site,residential2,3799,0.2037452353415097,0.44462288439107767,0.12408718402175112
Conformalized ExtraTrees,60,71,full_test,site,residential3,3799,0.29223047172130523,0.495787047831306,0.3097888155488383
Conformalized ExtraTrees,60,71,full_test,site,residential4,2138,1.1831368308020114,1.550943765766547,-0.43955352035342
Conformalized ExtraTrees,60,71,full_test,site,residential5,3773,0.14808605318965026,0.30343725601487864,0.13315331566874777
Conformalized ExtraTrees,60,71,full_test,site,residential6,3799,0.2288832231660893,0.38789722886510053,0.05701688670248939
Conformalized ExtraTrees,60,71,full_test,building_type,industrial,11397,3.7741755833664556,7.352901238044265,0.9534418027314787
Conformalized ExtraTrees,60,71,full_test,building_type,residential,21107,0.31153201628469446,0.6241750323040222,0.05976644131418263
Conformalized ExtraTrees,60,71,full_test,weak_signal_regime,0,25159,1.2608341084372807,4.190920089411779,0.9706221970346719
Conformalized ExtraTrees,60,71,full_test,weak_signal_regime,1,7345,2.432737924734513,4.984876168221679,0.9592973108557996
Conformalized ExtraTrees,60,71,full_test,high_interpolation_regime,0,31751,1.5320739697092325,4.427351307936862,0.9686658109325859
Conformalized ExtraTrees,60,71,full_test,high_interpolation_regime,1,753,1.2548536243170123,1.6453288512869992,-0.5391716288807213
Conformalized ExtraTrees,60,71,full_test,pv_regime,high,629,2.171672967569232,5.089517979979873,0.9619369276868259
Conformalized ExtraTrees,60,71,full_test,pv_regime,low,26491,1.1903466668468097,3.780462904561035,0.9615557818625557
Conformalized ExtraTrees,60,71,full_test,pv_regime,medium,5384,3.0999869136903158,6.528937970270108,0.9739491113024223
DLinear-lite,60,71,full_test,site,industrial1,3799,4.893440752497363,6.4379668968728545,0.526910963245836
DLinear-lite,60,71,full_test,site,industrial2,3799,0.5591398816404938,0.9281841484449467,0.5892799159157915
DLinear-lite,60,71,full_test,site,industrial3,3799,7.123479417386106,11.632340237329005,0.8901144096662663
DLinear-lite,60,71,full_test,site,residential1,3799,0.2019040110225803,0.3710132995607253,0.04397268173622648
DLinear-lite,60,71,full_test,site,residential2,3799,0.23011892942456671,0.4700070101152067,0.02121810313139494
DLinear-lite,60,71,full_test,site,residential3,3799,0.3117765757090412,0.5085949392885654,0.2736671146224574
DLinear-lite,60,71,full_test,site,residential4,2138,1.5810031618015705,1.9540121050091295,-1.285021089459279
DLinear-lite,60,71,full_test,site,residential5,3773,0.1748818585712435,0.3246277560092955,0.007853540338198961
DLinear-lite,60,71,full_test,site,residential6,3799,0.24152371392391017,0.39004980164294867,0.04652198361189863
DLinear-lite,60,71,full_test,building_type,industrial,11397,4.192020017174654,7.6945929711635515,0.9490141112982132
DLinear-lite,60,71,full_test,building_type,residential,21107,0.3687524026813547,0.7376102532612889,-0.3130366643487035
DLinear-lite,60,71,full_test,weak_signal_regime,0,25159,1.380198160970664,4.2802571240642395,0.9693563656659457
DLinear-lite,60,71,full_test,weak_signal_regime,1,7345,2.83666488322314,5.538836400916046,0.9497482222874969
DLinear-lite,60,71,full_test,high_interpolation_regime,0,31751,1.7098147104437622,4.638598287357452,0.9656043106860066
DLinear-lite,60,71,full_test,high_interpolation_regime,1,753,1.6884226133266846,2.025645219406876,-1.3329658941706994
DLinear-lite,60,71,full_test,pv_regime,high,629,2.2793093984768085,5.575583508612542,0.9543194647639885
DLinear-lite,60,71,full_test,pv_regime,low,26491,1.4263043859174636,4.060192038672888,0.9556560657623531
DLinear-lite,60,71,full_test,pv_regime,medium,5384,3.035251485912601,6.536003754174672,0.9738926949132622
ExtraTrees,60,71,full_test,site,industrial1,3799,4.7196795938403815,5.843137782007624,0.6102934908895881
ExtraTrees,60,71,full_test,site,industrial2,3799,0.5832161534373398,0.984403092934324,0.5380195635131093
ExtraTrees,60,71,full_test,site,industrial3,3799,6.019631002821645,11.273161103275116,0.8967956555274684
ExtraTrees,60,71,full_test,site,residential1,3799,0.1930750115404549,0.3541667414922666,0.12882200297188096
ExtraTrees,60,71,full_test,site,residential2,3799,0.2037452353415097,0.44462288439107767,0.12408718402175112
ExtraTrees,60,71,full_test,site,residential3,3799,0.29223047172130523,0.495787047831306,0.3097888155488383
ExtraTrees,60,71,full_test,site,residential4,2138,1.1831368308020114,1.550943765766547,-0.43955352035342
ExtraTrees,60,71,full_test,site,residential5,3773,0.14808605318965026,0.30343725601487864,0.13315331566874777
ExtraTrees,60,71,full_test,site,residential6,3799,0.2288832231660893,0.38789722886510053,0.05701688670248939
ExtraTrees,60,71,full_test,building_type,industrial,11397,3.7741755833664556,7.352901238044265,0.9534418027314787
ExtraTrees,60,71,full_test,building_type,residential,21107,0.31153201628469446,0.6241750323040222,0.05976644131418263
ExtraTrees,60,71,full_test,weak_signal_regime,0,25159,1.2608341084372807,4.190920089411779,0.9706221970346719
ExtraTrees,60,71,full_test,weak_signal_regime,1,7345,2.432737924734513,4.984876168221679,0.9592973108557996
ExtraTrees,60,71,full_test,high_interpolation_regime,0,31751,1.5320739697092325,4.427351307936862,0.9686658109325859
ExtraTrees,60,71,full_test,high_interpolation_regime,1,753,1.2548536243170123,1.6453288512869992,-0.5391716288807213
ExtraTrees,60,71,full_test,pv_regime,high,629,2.171672967569232,5.089517979979873,0.9619369276868259
ExtraTrees,60,71,full_test,pv_regime,low,26491,1.1903466668468097,3.780462904561035,0.9615557818625557
ExtraTrees,60,71,full_test,pv_regime,medium,5384,3.0999869136903158,6.528937970270108,0.9739491113024223
GRU-lite,60,71,full_test,site,industrial1,3799,4.1261544101087555,5.525003127149044,0.651574074964974
GRU-lite,60,71,full_test,site,industrial2,3799,0.6044970561584592,1.0442226254039704,0.48016700274663293
GRU-lite,60,71,full_test,site,industrial3,3799,6.267282964992407,11.237737031685137,0.8974432421254348
GRU-lite,60,71,full_test,site,residential1,3799,0.20207215378757187,0.37074042401395546,0.04537845636396687
GRU-lite,60,71,full_test,site,residential2,3799,0.2177663723113747,0.4559272119187513,0.07898164610624137
GRU-lite,60,71,full_test,site,residential3,3799,0.33761973432529835,0.5451236832225309,0.16558569680099933
GRU-lite,60,71,full_test,site,residential4,2138,1.6575274561379976,1.9863890400978237,-1.3613715892403122
GRU-lite,60,71,full_test,site,residential5,3773,0.16432248802080832,0.3176014870704348,0.050336946855676246
GRU-lite,60,71,full_test,site,residential6,3799,0.26003619339349787,0.4061525785216452,-0.03382966807395715
GRU-lite,60,71,full_test,building_type,industrial,11397,3.665978143753207,7.254947600080002,0.9546740149957169
GRU-lite,60,71,full_test,building_type,residential,21107,0.3804066839711543,0.7503583781955317,-0.3588153215716676
GRU-lite,60,71,full_test,weak_signal_regime,0,25159,1.2938148952654889,4.12144141489944,0.9715881956429518
GRU-lite,60,71,full_test,weak_signal_regime,1,7345,2.349803653226687,5.010526011865329,0.958877359149672
GRU-lite,60,71,full_test,high_interpolation_regime,0,31751,1.529223304004121,4.378751371606836,0.9693499587348378
GRU-lite,60,71,full_test,high_interpolation_regime,1,753,1.6680314176621587,1.9893839268339701,-1.2501881463239268
GRU-lite,60,71,full_test,pv_regime,high,629,2.1077716073529156,5.365125860420727,0.9577029222871516
GRU-lite,60,71,full_test,pv_regime,low,26491,1.2738134847599358,3.89680580468782,0.9591531474239395
GRU-lite,60,71,full_test,pv_regime,medium,5384,2.737744319675708,5.962096860348701,0.9782762141474234
GraphTemporalMLP-lite,60,71,full_test,site,industrial1,3799,4.095446273847696,5.513146179869303,0.6530679509936577
GraphTemporalMLP-lite,60,71,full_test,site,industrial2,3799,0.6776860964040768,1.0792737319577026,0.4446831393101154
GraphTemporalMLP-lite,60,71,full_test,site,industrial3,3799,7.22487237812613,11.568393468376328,0.8913192427315277
GraphTemporalMLP-lite,60,71,full_test,site,residential1,3799,0.21827573341805773,0.37770611793634773,0.009169457265565062
GraphTemporalMLP-lite,60,71,full_test,site,residential2,3799,0.23263299957509856,0.46656411476705467,0.03550512940130279
GraphTemporalMLP-lite,60,71,full_test,site,residential3,3799,0.3679747704659077,0.5685520585706512,0.09232136855716866
GraphTemporalMLP-lite,60,71,full_test,site,residential4,2138,1.7594026067578872,2.121500904186928,-1.6935320992504503
GraphTemporalMLP-lite,60,71,full_test,site,residential5,3773,0.17778493545383262,0.326465513083082,-0.003411578988188557
GraphTemporalMLP-lite,60,71,full_test,site,residential6,3799,0.31868847248486676,0.4609860322407519,-0.3318217242780255
GraphTemporalMLP-lite,60,71,full_test,building_type,industrial,11397,3.9993349161259673,7.424898204201714,0.9525255766396754
GraphTemporalMLP-lite,60,71,full_test,building_type,residential,21107,0.4147449316021541,0.797644843224239,-0.5354726555852811
GraphTemporalMLP-lite,60,71,full_test,weak_signal_regime,0,25159,1.400539478473947,4.164885805513081,0.9709860572171476
GraphTemporalMLP-lite,60,71,full_test,weak_signal_regime,1,7345,2.6001727122516383,5.287135362639865,0.9542116268360502
GraphTemporalMLP-lite,60,71,full_test,high_interpolation_regime,0,31751,1.6651511679992888,4.482186278256118,0.9678848248982143
GraphTemporalMLP-lite,60,71,full_test,high_interpolation_regime,1,753,1.9445240043411747,2.2635665018821194,-1.913185499568796
GraphTemporalMLP-lite,60,71,full_test,pv_regime,high,629,2.000192091417133,5.166382002234347,0.9607785573756171
GraphTemporalMLP-lite,60,71,full_test,pv_regime,low,26491,1.3895207682981257,3.9232079726235125,0.9585977700555648
GraphTemporalMLP-lite,60,71,full_test,pv_regime,medium,5384,3.021271510387684,6.351644101180244,0.9753447296338474
IA-GTPF,60,71,full_test,site,industrial1,3799,4.11136022896592,5.241028701119513,0.6864704483568268
IA-GTPF,60,71,full_test,site,industrial2,3799,0.5607916034192657,0.9354776807605186,0.5827998015972814
IA-GTPF,60,71,full_test,site,industrial3,3799,5.514243572765247,10.98074747550796,0.9020802353360333
IA-GTPF,60,71,full_test,site,residential1,3799,0.17799367064211655,0.3575054621720497,0.11231943853155868
IA-GTPF,60,71,full_test,site,residential2,3799,0.21496347966689908,0.4660290793121268,0.037715942663697266
IA-GTPF,60,71,full_test,site,residential3,3799,0.3142550881373988,0.49768160036128795,0.3045037247085308
IA-GTPF,60,71,full_test,site,residential4,2138,1.0215472827001895,1.3488022669481408,-0.08876032729774952
IA-GTPF,60,71,full_test,site,residential5,3773,0.16272531943143806,0.31600235029813717,0.059876057725674836
IA-GTPF,60,71,full_test,site,residential6,3799,0.27666418063079684,0.39333070396252917,0.030414169019131965
IA-GTPF,60,71,full_test,building_type,industrial,11397,3.3954651350501446,7.045573443849548,0.9572524347885445
IA-GTPF,60,71,full_test,building_type,residential,21107,0.30964974826844865,0.5802161564316543,0.18753885845533458
IA-GTPF,60,71,full_test,weak_signal_regime,0,25159,1.1694507689626055,4.041868451810263,0.9726747022361698
IA-GTPF,60,71,full_test,weak_signal_regime,1,7345,2.1527136125988364,4.6940269777932695,0.9639084513843247
IA-GTPF,60,71,full_test,high_interpolation_regime,0,31751,1.399950487562042,4.24211008722441,0.9712330141131166
IA-GTPF,60,71,full_test,high_interpolation_regime,1,753,1.0412555780693855,1.4014363070104743,-0.1166790082692899
IA-GTPF,60,71,full_test,pv_regime,high,629,1.9202876551348051,4.89292341790234,0.9648206856334092
IA-GTPF,60,71,full_test,pv_regime,low,26491,1.1153018856646264,3.676650257674026,0.9636381718590594
IA-GTPF,60,71,full_test,pv_regime,medium,5384,2.6895561279062465,6.09021397920291,0.9773325554525284
Lag-Llama zero-shot,60,71,foundation_subset,site,industrial1,107,4.227870428673575,5.7383075187890595,0.6563293876645162
Lag-Llama zero-shot,60,71,foundation_subset,site,industrial2,122,0.6008990307917748,1.0522996907083666,0.513104960050426
Lag-Llama zero-shot,60,71,foundation_subset,site,industrial3,102,7.816770264465739,18.47099957508945,0.7166455743678728
Lag-Llama zero-shot,60,71,foundation_subset,site,residential1,123,0.18078013750233923,0.367421414186279,-0.06750978381062023
Lag-Llama zero-shot,60,71,foundation_subset,site,residential2,117,0.16590822166508573,0.39185038869775973,0.05141499650999526
Lag-Llama zero-shot,60,71,foundation_subset,site,residential3,139,0.2912136106996325,0.5184356674269933,0.34523965568942583
Lag-Llama zero-shot,60,71,foundation_subset,site,residential4,64,0.882994946283389,1.184147856348549,0.20383926928839013
Lag-Llama zero-shot,60,71,foundation_subset,site,residential5,113,0.1450189051377478,0.30398572185054945,-0.06022298514732771
Lag-Llama zero-shot,60,71,foundation_subset,site,residential6,137,0.19798409253978438,0.2663878668615221,0.3075957519863083
Lag-Llama zero-shot,60,71,foundation_subset,building_type,industrial,331,3.99698605619388,10.779098541576953,0.8904087444387663
Lag-Llama zero-shot,60,71,foundation_subset,building_type,residential,693,0.2628406122013052,0.5122379167245645,0.2878408294574476
PatchTST-lite,60,71,full_test,site,industrial1,3799,4.07233876172935,5.558857052498107,0.6472911005880582
PatchTST-lite,60,71,full_test,site,industrial2,3799,0.6766656281208788,1.145678688847495,0.37424646002110684
PatchTST-lite,60,71,full_test,site,industrial3,3799,6.910216135539731,11.744915293714994,0.8879772240143098
PatchTST-lite,60,71,full_test,site,residential1,3799,0.21974562550205587,0.37744186120259876,0.010555413364198518
PatchTST-lite,60,71,full_test,site,residential2,3799,0.23689241474561668,0.4617428462961393,0.05533547030079289
PatchTST-lite,60,71,full_test,site,residential3,3799,0.3702896612770424,0.5599040578380521,0.11972398496343883
PatchTST-lite,60,71,full_test,site,residential4,2138,2.0221299486097633,2.3708491422069318,-2.3639036974279675
PatchTST-lite,60,71,full_test,site,residential5,3773,0.17880283915927536,0.32411123636129635,0.011008264092314812
PatchTST-lite,60,71,full_test,site,residential6,3799,0.2791422051116072,0.4116394671259774,-0.0619512395937214
PatchTST-lite,60,71,full_test,building_type,industrial,11397,3.886406841796653,7.531190845294157,0.9511565877256101
PatchTST-lite,60,71,full_test,building_type,residential,21107,0.43586945172629965,0.8596975477843944,-0.7836693063763254
PatchTST-lite,60,71,full_test,weak_signal_regime,0,25159,1.399666042150627,4.286902187805531,0.9692611438306209
PatchTST-lite,60,71,full_test,weak_signal_regime,1,7345,2.4886422517461986,5.2137959254999435,0.9554731050190449
PatchTST-lite,60,71,full_test,high_interpolation_regime,0,31751,1.6391669945581522,4.552700862602443,0.9668663925786208
PatchTST-lite,60,71,full_test,high_interpolation_regime,1,753,1.9230863868892198,2.2812379909492493,-1.958849081468386
PatchTST-lite,60,71,full_test,pv_regime,high,629,2.0352419333305876,4.576443191690282,0.9692243888781658
PatchTST-lite,60,71,full_test,pv_regime,low,26491,1.3497790255207656,3.9802168972641714,0.9573857794621713
PatchTST-lite,60,71,full_test,pv_regime,medium,5384,3.0564843893773994,6.524284312736678,0.9739862348620305
QuantileForest,60,71,full_test,site,industrial1,3799,4.117478845733095,5.338150512083833,0.674742713159107
QuantileForest,60,71,full_test,site,industrial2,3799,0.6980088043740424,1.1873855253706023,0.3278578256320087
QuantileForest,60,71,full_test,site,industrial3,3799,6.200853808278764,11.55112365323198,0.8916434875171702
QuantileForest,60,71,full_test,site,residential1,3799,0.19046877516944508,0.3851708543303916,-0.03038180315882455
QuantileForest,60,71,full_test,site,residential2,3799,0.19347477947845396,0.46341129304118733,0.04849629551985968
QuantileForest,60,71,full_test,site,residential3,3799,0.3162596425188605,0.5458766159873092,0.16327909458545387
QuantileForest,60,71,full_test,site,residential4,2138,1.099534091973941,1.4349682903748326,-0.2323109897228166
QuantileForest,60,71,full_test,site,residential5,3773,0.1566541672128714,0.323295071712925,0.01598287587221292
QuantileForest,60,71,full_test,site,residential6,3799,0.23130908048195145,0.38372419715841216,0.07719713588164279
QuantileForest,60,71,full_test,building_type,industrial,11397,3.6721138194619676,7.3786672899599735,0.9531149323585194
QuantileForest,60,71,full_test,building_type,residential,21107,0.3070391436168997,0.6105325901030114,0.10041818838604599
QuantileForest,60,71,full_test,weak_signal_regime,0,25159,1.2478054138407553,4.237622465460574,0.9699637937117043
QuantileForest,60,71,full_test,weak_signal_regime,1,7345,2.306088495290726,4.903186561789742,0.9606204099473202
QuantileForest,60,71,full_test,high_interpolation_regime,0,31751,1.4950570565664174,4.442724450050456,0.9684478290184577
QuantileForest,60,71,full_test,high_interpolation_regime,1,753,1.1450196569583198,1.4933803407867214,-0.26800942841621844
QuantileForest,60,71,full_test,pv_regime,high,629,1.7953663017635124,4.441299830531701,0.9710151724651955
QuantileForest,60,71,full_test,pv_regime,low,26491,1.1976059188345651,3.827021513481622,0.9606030248841807
QuantileForest,60,71,full_test,pv_regime,medium,5384,2.874571434820622,6.507189005674297,0.9741223818016291
RandomForest,60,71,full_test,site,industrial1,3799,4.288238158691115,5.415185894945577,0.6652873354255877
RandomForest,60,71,full_test,site,industrial2,3799,0.7041668033812181,1.1947483735036621,0.31949622043721226
RandomForest,60,71,full_test,site,industrial3,3799,6.066781634554337,11.029144608686213,0.9012151795751523
RandomForest,60,71,full_test,site,residential1,3799,0.19112526530375673,0.36304436602761386,0.0846003342537679
RandomForest,60,71,full_test,site,residential2,3799,0.20850904157524086,0.4452939341953617,0.12144123528403195
RandomForest,60,71,full_test,site,residential3,3799,0.31068862229444255,0.5133817488274796,0.2599305296825737
RandomForest,60,71,full_test,site,residential4,2138,1.0326738877858144,1.361770157516763,-0.10979646794642006
RandomForest,60,71,full_test,site,residential5,3773,0.1530915391511385,0.30798874648761837,0.10695327111272612
RandomForest,60,71,full_test,site,residential6,3799,0.21409383487877415,0.35530310715037383,0.20883225652649662
RandomForest,60,71,full_test,building_type,industrial,11397,3.68639553220889,7.127264382919985,0.9562554021007864
RandomForest,60,71,full_test,building_type,residential,21107,0.2983526998596521,0.5782453899225903,0.19304870824128573
RandomForest,60,71,full_test,weak_signal_regime,0,25159,1.2510245095034755,4.102558862468344,0.9718479389521971
RandomForest,60,71,full_test,weak_signal_regime,1,7345,2.2922606782742623,4.704331979198514,0.9637498107498207
RandomForest,60,71,full_test,high_interpolation_regime,0,31751,1.4948304360134783,4.289900506695054,0.9705812015613015
RandomForest,60,71,full_test,high_interpolation_regime,1,753,1.127249857448126,1.4935289239003797,-0.26826176086830134
RandomForest,60,71,full_test,pv_regime,high,629,1.953057680139995,4.565795706057119,0.9693674264610541
RandomForest,60,71,full_test,pv_regime,low,26491,1.1766900546965877,3.6079320994229955,0.9649847055986416
RandomForest,60,71,full_test,pv_regime,medium,5384,2.9552397467955114,6.508234848882538,0.9741140629696148
STGCN,60,71,full_test,site,industrial1,3799,4.81791806358373,5.965815135924895,0.5937578437406574
STGCN,60,71,full_test,site,industrial2,3799,0.7600849065058909,1.2435412962957109,0.26277836799354426
STGCN,60,71,full_test,site,industrial3,3799,8.811888855640928,13.327427638280147,0.855755514471359
STGCN,60,71,full_test,site,residential1,3799,0.22502895667948386,0.4102867479993463,-0.16913947972200538
STGCN,60,71,full_test,site,residential2,3799,0.22024895479411194,0.4957611229583385,-0.0889857356346726
STGCN,60,71,full_test,site,residential3,3799,0.5326040518187984,0.754314193650803,-0.5977035429333923
STGCN,60,71,full_test,site,residential4,2138,1.5748910027131868,2.033843988737037,-1.4755459130035748
STGCN,60,71,full_test,site,residential5,3773,0.1775022218327993,0.34394312072045413,-0.11372442053663634
STGCN,60,71,full_test,site,residential6,3799,0.3737315620384737,0.5400639882203719,-0.8279360587028795
STGCN,60,71,full_test,building_type,industrial,11397,4.79663060857685,8.460844572602607,0.9383538264216954
STGCN,60,71,full_test,building_type,residential,21107,0.43452942765470753,0.8182860796662228,-0.6159699833517696
STGCN,60,71,full_test,weak_signal_regime,0,25159,1.6403659875630128,4.784979059513042,0.9617033631318603
STGCN,60,71,full_test,weak_signal_regime,1,7345,3.0726812517849456,5.880085995393083,0.943365416648614
STGCN,60,71,full_test,high_interpolation_regime,0,31751,1.9709290331252876,5.10216678348884,0.9583859683699048
STGCN,60,71,full_test,high_interpolation_regime,1,753,1.6730995281504084,2.1411310644308217,-1.606562410422843
STGCN,60,71,full_test,pv_regime,high,629,2.4660502708801064,6.094682608302469,0.9454175881750716
STGCN,60,71,full_test,pv_regime,low,26491,1.6061273304537622,4.385126912898028,0.9482744157118455
STGCN,60,71,full_test,pv_regime,medium,5384,3.6663720178350783,7.4300699960302286,0.9662616943337254
TCN-lite,60,71,full_test,site,industrial1,3799,4.713365628568132,5.932542270252123,0.5982766385616676
TCN-lite,60,71,full_test,site,industrial2,3799,0.5736162088269133,0.9641916490577598,0.5567952797088385
TCN-lite,60,71,full_test,site,industrial3,3799,7.801548335151885,12.047493319281292,0.8821309071879041
TCN-lite,60,71,full_test,site,residential1,3799,0.21556463319392716,0.3724361654198633,0.036625737243768386
TCN-lite,60,71,full_test,site,residential2,3799,0.23505815881202147,0.46718772374249484,0.03292512121182645
TCN-lite,60,71,full_test,site,residential3,3799,0.3332014158422723,0.5204496200744291,0.23941276834427583
TCN-lite,60,71,full_test,site,residential4,2138,1.4720161963152276,1.8396799951005827,-1.0254442074865522
TCN-lite,60,71,full_test,site,residential5,3773,0.1757664620836397,0.32341720390134976,0.015239264999345137
TCN-lite,60,71,full_test,site,residential6,3799,0.24757461471365735,0.3804476858432527,0.09288895480134074
TCN-lite,60,71,full_test,building_type,industrial,11397,4.362843390848977,7.773176497901149,0.9479673735241987
TCN-lite,60,71,full_test,building_type,residential,21107,0.36616390846999125,0.7075114431454618,-0.20806388125291586
TCN-lite,60,71,full_test,weak_signal_regime,0,25159,1.452606597314337,4.348664127964547,0.9683690463607313
TCN-lite,60,71,full_test,weak_signal_regime,1,7345,2.8462652634105505,5.515241633669888,0.950175443273733
TCN-lite,60,71,full_test,high_interpolation_regime,0,31751,1.7755065177695468,4.6845392429337975,0.964919622860174
TCN-lite,60,71,full_test,high_interpolation_regime,1,753,1.4313948152470446,1.7947300326490412,-0.8313859733596589
TCN-lite,60,71,full_test,pv_regime,high,629,2.292849518559695,5.215062609142472,0.9600359413632034
TCN-lite,60,71,full_test,pv_regime,low,26491,1.450751505151203,4.03711898195954,0.9561586247283561
TCN-lite,60,71,full_test,pv_regime,medium,5384,3.264837903314884,6.818768603022849,0.9715848885408475
