horizon_minutes,seed,branch,parameter,value
15,11,hgb,categorical_features,from_dtype
15,11,hgb,early_stopping,False
15,11,hgb,interaction_cst,
15,11,hgb,l2_regularization,0.1
15,11,hgb,learning_rate,0.035
15,11,hgb,loss,squared_error
15,11,hgb,max_bins,255
15,11,hgb,max_depth,
15,11,hgb,max_features,1.0
15,11,hgb,max_iter,240
15,11,hgb,max_leaf_nodes,45
15,11,hgb,min_samples_leaf,20
15,11,hgb,monotonic_cst,
15,11,hgb,n_iter_no_change,10
15,11,hgb,quantile,
15,11,hgb,random_state,0
15,11,hgb,scoring,loss
15,11,hgb,tol,1e-07
15,11,hgb,validation_fraction,0.1
15,11,hgb,verbose,0
15,11,hgb,warm_start,False
15,11,extratrees,bootstrap,False
15,11,extratrees,ccp_alpha,0.0
15,11,extratrees,criterion,squared_error
15,11,extratrees,max_depth,18
15,11,extratrees,max_features,1.0
15,11,extratrees,max_leaf_nodes,
15,11,extratrees,max_samples,
15,11,extratrees,min_impurity_decrease,0.0
15,11,extratrees,min_samples_leaf,4
15,11,extratrees,min_samples_split,2
15,11,extratrees,min_weight_fraction_leaf,0.0
15,11,extratrees,monotonic_cst,
15,11,extratrees,n_estimators,70
15,11,extratrees,n_jobs,4
15,11,extratrees,oob_score,False
15,11,extratrees,random_state,11
15,11,extratrees,verbose,0
15,11,extratrees,warm_start,False
15,11,residual,categorical_features,from_dtype
15,11,residual,early_stopping,False
15,11,residual,interaction_cst,
15,11,residual,l2_regularization,0.08
15,11,residual,learning_rate,0.04
15,11,residual,loss,squared_error
15,11,residual,max_bins,255
15,11,residual,max_depth,
15,11,residual,max_features,1.0
15,11,residual,max_iter,90
15,11,residual,max_leaf_nodes,23
15,11,residual,min_samples_leaf,20
15,11,residual,monotonic_cst,
15,11,residual,n_iter_no_change,10
15,11,residual,quantile,
15,11,residual,random_state,0
15,11,residual,scoring,loss
15,11,residual,tol,1e-07
15,11,residual,validation_fraction,0.1
15,11,residual,verbose,0
15,11,residual,warm_start,False
15,11,anchor,categorical_features,from_dtype
15,11,anchor,early_stopping,False
15,11,anchor,interaction_cst,
15,11,anchor,l2_regularization,0.05
15,11,anchor,learning_rate,0.05
15,11,anchor,loss,quantile
15,11,anchor,max_bins,255
15,11,anchor,max_depth,
15,11,anchor,max_features,1.0
15,11,anchor,max_iter,180
15,11,anchor,max_leaf_nodes,31
15,11,anchor,min_samples_leaf,20
15,11,anchor,monotonic_cst,
15,11,anchor,n_iter_no_change,10
15,11,anchor,quantile,0.5
15,11,anchor,random_state,0
15,11,anchor,scoring,loss
15,11,anchor,tol,1e-07
15,11,anchor,validation_fraction,0.1
15,11,anchor,verbose,0
15,11,anchor,warm_start,False
15,11,robust_extratrees,bootstrap,False
15,11,robust_extratrees,ccp_alpha,0.0
15,11,robust_extratrees,criterion,squared_error
15,11,robust_extratrees,max_depth,20
15,11,robust_extratrees,max_features,1.0
15,11,robust_extratrees,max_leaf_nodes,
15,11,robust_extratrees,max_samples,
15,11,robust_extratrees,min_impurity_decrease,0.0
15,11,robust_extratrees,min_samples_leaf,4
15,11,robust_extratrees,min_samples_split,2
15,11,robust_extratrees,min_weight_fraction_leaf,0.0
15,11,robust_extratrees,monotonic_cst,
15,11,robust_extratrees,n_estimators,80
15,11,robust_extratrees,n_jobs,4
15,11,robust_extratrees,oob_score,False
15,11,robust_extratrees,random_state,11
15,11,robust_extratrees,verbose,0
15,11,robust_extratrees,warm_start,False
15,11,quantile_0.05,categorical_features,from_dtype
15,11,quantile_0.05,early_stopping,False
15,11,quantile_0.05,interaction_cst,
15,11,quantile_0.05,l2_regularization,0.08
15,11,quantile_0.05,learning_rate,0.045
15,11,quantile_0.05,loss,quantile
15,11,quantile_0.05,max_bins,255
15,11,quantile_0.05,max_depth,
15,11,quantile_0.05,max_features,1.0
15,11,quantile_0.05,max_iter,190
15,11,quantile_0.05,max_leaf_nodes,45
15,11,quantile_0.05,min_samples_leaf,20
15,11,quantile_0.05,monotonic_cst,
15,11,quantile_0.05,n_iter_no_change,10
15,11,quantile_0.05,quantile,0.05
15,11,quantile_0.05,random_state,0
15,11,quantile_0.05,scoring,loss
15,11,quantile_0.05,tol,1e-07
15,11,quantile_0.05,validation_fraction,0.1
15,11,quantile_0.05,verbose,0
15,11,quantile_0.05,warm_start,False
15,11,quantile_0.5,categorical_features,from_dtype
15,11,quantile_0.5,early_stopping,False
15,11,quantile_0.5,interaction_cst,
15,11,quantile_0.5,l2_regularization,0.08
15,11,quantile_0.5,learning_rate,0.045
15,11,quantile_0.5,loss,quantile
15,11,quantile_0.5,max_bins,255
15,11,quantile_0.5,max_depth,
15,11,quantile_0.5,max_features,1.0
15,11,quantile_0.5,max_iter,190
15,11,quantile_0.5,max_leaf_nodes,45
15,11,quantile_0.5,min_samples_leaf,20
15,11,quantile_0.5,monotonic_cst,
15,11,quantile_0.5,n_iter_no_change,10
15,11,quantile_0.5,quantile,0.5
15,11,quantile_0.5,random_state,0
15,11,quantile_0.5,scoring,loss
15,11,quantile_0.5,tol,1e-07
15,11,quantile_0.5,validation_fraction,0.1
15,11,quantile_0.5,verbose,0
15,11,quantile_0.5,warm_start,False
15,11,quantile_0.95,categorical_features,from_dtype
15,11,quantile_0.95,early_stopping,False
15,11,quantile_0.95,interaction_cst,
15,11,quantile_0.95,l2_regularization,0.08
15,11,quantile_0.95,learning_rate,0.045
15,11,quantile_0.95,loss,quantile
15,11,quantile_0.95,max_bins,255
15,11,quantile_0.95,max_depth,
15,11,quantile_0.95,max_features,1.0
15,11,quantile_0.95,max_iter,190
15,11,quantile_0.95,max_leaf_nodes,45
15,11,quantile_0.95,min_samples_leaf,20
15,11,quantile_0.95,monotonic_cst,
15,11,quantile_0.95,n_iter_no_change,10
15,11,quantile_0.95,quantile,0.95
15,11,quantile_0.95,random_state,0
15,11,quantile_0.95,scoring,loss
15,11,quantile_0.95,tol,1e-07
15,11,quantile_0.95,validation_fraction,0.1
15,11,quantile_0.95,verbose,0
15,11,quantile_0.95,warm_start,False
15,23,hgb,categorical_features,from_dtype
15,23,hgb,early_stopping,False
15,23,hgb,interaction_cst,
15,23,hgb,l2_regularization,0.1
15,23,hgb,learning_rate,0.035
15,23,hgb,loss,squared_error
15,23,hgb,max_bins,255
15,23,hgb,max_depth,
15,23,hgb,max_features,1.0
15,23,hgb,max_iter,240
15,23,hgb,max_leaf_nodes,45
15,23,hgb,min_samples_leaf,20
15,23,hgb,monotonic_cst,
15,23,hgb,n_iter_no_change,10
15,23,hgb,quantile,
15,23,hgb,random_state,0
15,23,hgb,scoring,loss
15,23,hgb,tol,1e-07
15,23,hgb,validation_fraction,0.1
15,23,hgb,verbose,0
15,23,hgb,warm_start,False
15,23,extratrees,bootstrap,False
15,23,extratrees,ccp_alpha,0.0
15,23,extratrees,criterion,squared_error
15,23,extratrees,max_depth,18
15,23,extratrees,max_features,1.0
15,23,extratrees,max_leaf_nodes,
15,23,extratrees,max_samples,
15,23,extratrees,min_impurity_decrease,0.0
15,23,extratrees,min_samples_leaf,4
15,23,extratrees,min_samples_split,2
15,23,extratrees,min_weight_fraction_leaf,0.0
15,23,extratrees,monotonic_cst,
15,23,extratrees,n_estimators,70
15,23,extratrees,n_jobs,4
15,23,extratrees,oob_score,False
15,23,extratrees,random_state,23
15,23,extratrees,verbose,0
15,23,extratrees,warm_start,False
15,23,residual,categorical_features,from_dtype
15,23,residual,early_stopping,False
15,23,residual,interaction_cst,
15,23,residual,l2_regularization,0.08
15,23,residual,learning_rate,0.04
15,23,residual,loss,squared_error
15,23,residual,max_bins,255
15,23,residual,max_depth,
15,23,residual,max_features,1.0
15,23,residual,max_iter,90
15,23,residual,max_leaf_nodes,23
15,23,residual,min_samples_leaf,20
15,23,residual,monotonic_cst,
15,23,residual,n_iter_no_change,10
15,23,residual,quantile,
15,23,residual,random_state,0
15,23,residual,scoring,loss
15,23,residual,tol,1e-07
15,23,residual,validation_fraction,0.1
15,23,residual,verbose,0
15,23,residual,warm_start,False
15,23,anchor,categorical_features,from_dtype
15,23,anchor,early_stopping,False
15,23,anchor,interaction_cst,
15,23,anchor,l2_regularization,0.05
15,23,anchor,learning_rate,0.05
15,23,anchor,loss,quantile
15,23,anchor,max_bins,255
15,23,anchor,max_depth,
15,23,anchor,max_features,1.0
15,23,anchor,max_iter,180
15,23,anchor,max_leaf_nodes,31
15,23,anchor,min_samples_leaf,20
15,23,anchor,monotonic_cst,
15,23,anchor,n_iter_no_change,10
15,23,anchor,quantile,0.5
15,23,anchor,random_state,0
15,23,anchor,scoring,loss
15,23,anchor,tol,1e-07
15,23,anchor,validation_fraction,0.1
15,23,anchor,verbose,0
15,23,anchor,warm_start,False
15,23,robust_extratrees,bootstrap,False
15,23,robust_extratrees,ccp_alpha,0.0
15,23,robust_extratrees,criterion,squared_error
15,23,robust_extratrees,max_depth,20
15,23,robust_extratrees,max_features,1.0
15,23,robust_extratrees,max_leaf_nodes,
15,23,robust_extratrees,max_samples,
15,23,robust_extratrees,min_impurity_decrease,0.0
15,23,robust_extratrees,min_samples_leaf,4
15,23,robust_extratrees,min_samples_split,2
15,23,robust_extratrees,min_weight_fraction_leaf,0.0
15,23,robust_extratrees,monotonic_cst,
15,23,robust_extratrees,n_estimators,80
15,23,robust_extratrees,n_jobs,4
15,23,robust_extratrees,oob_score,False
15,23,robust_extratrees,random_state,23
15,23,robust_extratrees,verbose,0
15,23,robust_extratrees,warm_start,False
15,23,quantile_0.05,categorical_features,from_dtype
15,23,quantile_0.05,early_stopping,False
15,23,quantile_0.05,interaction_cst,
15,23,quantile_0.05,l2_regularization,0.08
15,23,quantile_0.05,learning_rate,0.045
15,23,quantile_0.05,loss,quantile
15,23,quantile_0.05,max_bins,255
15,23,quantile_0.05,max_depth,
15,23,quantile_0.05,max_features,1.0
15,23,quantile_0.05,max_iter,190
15,23,quantile_0.05,max_leaf_nodes,45
15,23,quantile_0.05,min_samples_leaf,20
15,23,quantile_0.05,monotonic_cst,
15,23,quantile_0.05,n_iter_no_change,10
15,23,quantile_0.05,quantile,0.05
15,23,quantile_0.05,random_state,0
15,23,quantile_0.05,scoring,loss
15,23,quantile_0.05,tol,1e-07
15,23,quantile_0.05,validation_fraction,0.1
15,23,quantile_0.05,verbose,0
15,23,quantile_0.05,warm_start,False
15,23,quantile_0.5,categorical_features,from_dtype
15,23,quantile_0.5,early_stopping,False
15,23,quantile_0.5,interaction_cst,
15,23,quantile_0.5,l2_regularization,0.08
15,23,quantile_0.5,learning_rate,0.045
15,23,quantile_0.5,loss,quantile
15,23,quantile_0.5,max_bins,255
15,23,quantile_0.5,max_depth,
15,23,quantile_0.5,max_features,1.0
15,23,quantile_0.5,max_iter,190
15,23,quantile_0.5,max_leaf_nodes,45
15,23,quantile_0.5,min_samples_leaf,20
15,23,quantile_0.5,monotonic_cst,
15,23,quantile_0.5,n_iter_no_change,10
15,23,quantile_0.5,quantile,0.5
15,23,quantile_0.5,random_state,0
15,23,quantile_0.5,scoring,loss
15,23,quantile_0.5,tol,1e-07
15,23,quantile_0.5,validation_fraction,0.1
15,23,quantile_0.5,verbose,0
15,23,quantile_0.5,warm_start,False
15,23,quantile_0.95,categorical_features,from_dtype
15,23,quantile_0.95,early_stopping,False
15,23,quantile_0.95,interaction_cst,
15,23,quantile_0.95,l2_regularization,0.08
15,23,quantile_0.95,learning_rate,0.045
15,23,quantile_0.95,loss,quantile
15,23,quantile_0.95,max_bins,255
15,23,quantile_0.95,max_depth,
15,23,quantile_0.95,max_features,1.0
15,23,quantile_0.95,max_iter,190
15,23,quantile_0.95,max_leaf_nodes,45
15,23,quantile_0.95,min_samples_leaf,20
15,23,quantile_0.95,monotonic_cst,
15,23,quantile_0.95,n_iter_no_change,10
15,23,quantile_0.95,quantile,0.95
15,23,quantile_0.95,random_state,0
15,23,quantile_0.95,scoring,loss
15,23,quantile_0.95,tol,1e-07
15,23,quantile_0.95,validation_fraction,0.1
15,23,quantile_0.95,verbose,0
15,23,quantile_0.95,warm_start,False
15,37,hgb,categorical_features,from_dtype
15,37,hgb,early_stopping,False
15,37,hgb,interaction_cst,
15,37,hgb,l2_regularization,0.1
15,37,hgb,learning_rate,0.035
15,37,hgb,loss,squared_error
15,37,hgb,max_bins,255
15,37,hgb,max_depth,
15,37,hgb,max_features,1.0
15,37,hgb,max_iter,240
15,37,hgb,max_leaf_nodes,45
15,37,hgb,min_samples_leaf,20
15,37,hgb,monotonic_cst,
15,37,hgb,n_iter_no_change,10
15,37,hgb,quantile,
15,37,hgb,random_state,0
15,37,hgb,scoring,loss
15,37,hgb,tol,1e-07
15,37,hgb,validation_fraction,0.1
15,37,hgb,verbose,0
15,37,hgb,warm_start,False
15,37,extratrees,bootstrap,False
15,37,extratrees,ccp_alpha,0.0
15,37,extratrees,criterion,squared_error
15,37,extratrees,max_depth,18
15,37,extratrees,max_features,1.0
15,37,extratrees,max_leaf_nodes,
15,37,extratrees,max_samples,
15,37,extratrees,min_impurity_decrease,0.0
15,37,extratrees,min_samples_leaf,4
15,37,extratrees,min_samples_split,2
15,37,extratrees,min_weight_fraction_leaf,0.0
15,37,extratrees,monotonic_cst,
15,37,extratrees,n_estimators,70
15,37,extratrees,n_jobs,4
15,37,extratrees,oob_score,False
15,37,extratrees,random_state,37
15,37,extratrees,verbose,0
15,37,extratrees,warm_start,False
15,37,residual,categorical_features,from_dtype
15,37,residual,early_stopping,False
15,37,residual,interaction_cst,
15,37,residual,l2_regularization,0.08
15,37,residual,learning_rate,0.04
15,37,residual,loss,squared_error
15,37,residual,max_bins,255
15,37,residual,max_depth,
15,37,residual,max_features,1.0
15,37,residual,max_iter,90
15,37,residual,max_leaf_nodes,23
15,37,residual,min_samples_leaf,20
15,37,residual,monotonic_cst,
15,37,residual,n_iter_no_change,10
15,37,residual,quantile,
15,37,residual,random_state,0
15,37,residual,scoring,loss
15,37,residual,tol,1e-07
15,37,residual,validation_fraction,0.1
15,37,residual,verbose,0
15,37,residual,warm_start,False
15,37,anchor,categorical_features,from_dtype
15,37,anchor,early_stopping,False
15,37,anchor,interaction_cst,
15,37,anchor,l2_regularization,0.05
15,37,anchor,learning_rate,0.05
15,37,anchor,loss,quantile
15,37,anchor,max_bins,255
15,37,anchor,max_depth,
15,37,anchor,max_features,1.0
15,37,anchor,max_iter,180
15,37,anchor,max_leaf_nodes,31
15,37,anchor,min_samples_leaf,20
15,37,anchor,monotonic_cst,
15,37,anchor,n_iter_no_change,10
15,37,anchor,quantile,0.5
15,37,anchor,random_state,0
15,37,anchor,scoring,loss
15,37,anchor,tol,1e-07
15,37,anchor,validation_fraction,0.1
15,37,anchor,verbose,0
15,37,anchor,warm_start,False
15,37,robust_extratrees,bootstrap,False
15,37,robust_extratrees,ccp_alpha,0.0
15,37,robust_extratrees,criterion,squared_error
15,37,robust_extratrees,max_depth,20
15,37,robust_extratrees,max_features,1.0
15,37,robust_extratrees,max_leaf_nodes,
15,37,robust_extratrees,max_samples,
15,37,robust_extratrees,min_impurity_decrease,0.0
15,37,robust_extratrees,min_samples_leaf,4
15,37,robust_extratrees,min_samples_split,2
15,37,robust_extratrees,min_weight_fraction_leaf,0.0
15,37,robust_extratrees,monotonic_cst,
15,37,robust_extratrees,n_estimators,80
15,37,robust_extratrees,n_jobs,4
15,37,robust_extratrees,oob_score,False
15,37,robust_extratrees,random_state,37
15,37,robust_extratrees,verbose,0
15,37,robust_extratrees,warm_start,False
15,37,quantile_0.05,categorical_features,from_dtype
15,37,quantile_0.05,early_stopping,False
15,37,quantile_0.05,interaction_cst,
15,37,quantile_0.05,l2_regularization,0.08
15,37,quantile_0.05,learning_rate,0.045
15,37,quantile_0.05,loss,quantile
15,37,quantile_0.05,max_bins,255
15,37,quantile_0.05,max_depth,
15,37,quantile_0.05,max_features,1.0
15,37,quantile_0.05,max_iter,190
15,37,quantile_0.05,max_leaf_nodes,45
15,37,quantile_0.05,min_samples_leaf,20
15,37,quantile_0.05,monotonic_cst,
15,37,quantile_0.05,n_iter_no_change,10
15,37,quantile_0.05,quantile,0.05
15,37,quantile_0.05,random_state,0
15,37,quantile_0.05,scoring,loss
15,37,quantile_0.05,tol,1e-07
15,37,quantile_0.05,validation_fraction,0.1
15,37,quantile_0.05,verbose,0
15,37,quantile_0.05,warm_start,False
15,37,quantile_0.5,categorical_features,from_dtype
15,37,quantile_0.5,early_stopping,False
15,37,quantile_0.5,interaction_cst,
15,37,quantile_0.5,l2_regularization,0.08
15,37,quantile_0.5,learning_rate,0.045
15,37,quantile_0.5,loss,quantile
15,37,quantile_0.5,max_bins,255
15,37,quantile_0.5,max_depth,
15,37,quantile_0.5,max_features,1.0
15,37,quantile_0.5,max_iter,190
15,37,quantile_0.5,max_leaf_nodes,45
15,37,quantile_0.5,min_samples_leaf,20
15,37,quantile_0.5,monotonic_cst,
15,37,quantile_0.5,n_iter_no_change,10
15,37,quantile_0.5,quantile,0.5
15,37,quantile_0.5,random_state,0
15,37,quantile_0.5,scoring,loss
15,37,quantile_0.5,tol,1e-07
15,37,quantile_0.5,validation_fraction,0.1
15,37,quantile_0.5,verbose,0
15,37,quantile_0.5,warm_start,False
15,37,quantile_0.95,categorical_features,from_dtype
15,37,quantile_0.95,early_stopping,False
15,37,quantile_0.95,interaction_cst,
15,37,quantile_0.95,l2_regularization,0.08
15,37,quantile_0.95,learning_rate,0.045
15,37,quantile_0.95,loss,quantile
15,37,quantile_0.95,max_bins,255
15,37,quantile_0.95,max_depth,
15,37,quantile_0.95,max_features,1.0
15,37,quantile_0.95,max_iter,190
15,37,quantile_0.95,max_leaf_nodes,45
15,37,quantile_0.95,min_samples_leaf,20
15,37,quantile_0.95,monotonic_cst,
15,37,quantile_0.95,n_iter_no_change,10
15,37,quantile_0.95,quantile,0.95
15,37,quantile_0.95,random_state,0
15,37,quantile_0.95,scoring,loss
15,37,quantile_0.95,tol,1e-07
15,37,quantile_0.95,validation_fraction,0.1
15,37,quantile_0.95,verbose,0
15,37,quantile_0.95,warm_start,False
15,53,hgb,categorical_features,from_dtype
15,53,hgb,early_stopping,False
15,53,hgb,interaction_cst,
15,53,hgb,l2_regularization,0.1
15,53,hgb,learning_rate,0.035
15,53,hgb,loss,squared_error
15,53,hgb,max_bins,255
15,53,hgb,max_depth,
15,53,hgb,max_features,1.0
15,53,hgb,max_iter,240
15,53,hgb,max_leaf_nodes,45
15,53,hgb,min_samples_leaf,20
15,53,hgb,monotonic_cst,
15,53,hgb,n_iter_no_change,10
15,53,hgb,quantile,
15,53,hgb,random_state,0
15,53,hgb,scoring,loss
15,53,hgb,tol,1e-07
15,53,hgb,validation_fraction,0.1
15,53,hgb,verbose,0
15,53,hgb,warm_start,False
15,53,extratrees,bootstrap,False
15,53,extratrees,ccp_alpha,0.0
15,53,extratrees,criterion,squared_error
15,53,extratrees,max_depth,18
15,53,extratrees,max_features,1.0
15,53,extratrees,max_leaf_nodes,
15,53,extratrees,max_samples,
15,53,extratrees,min_impurity_decrease,0.0
15,53,extratrees,min_samples_leaf,4
15,53,extratrees,min_samples_split,2
15,53,extratrees,min_weight_fraction_leaf,0.0
15,53,extratrees,monotonic_cst,
15,53,extratrees,n_estimators,70
15,53,extratrees,n_jobs,4
15,53,extratrees,oob_score,False
15,53,extratrees,random_state,53
15,53,extratrees,verbose,0
15,53,extratrees,warm_start,False
15,53,residual,categorical_features,from_dtype
15,53,residual,early_stopping,False
15,53,residual,interaction_cst,
15,53,residual,l2_regularization,0.08
15,53,residual,learning_rate,0.04
15,53,residual,loss,squared_error
15,53,residual,max_bins,255
15,53,residual,max_depth,
15,53,residual,max_features,1.0
15,53,residual,max_iter,90
15,53,residual,max_leaf_nodes,23
15,53,residual,min_samples_leaf,20
15,53,residual,monotonic_cst,
15,53,residual,n_iter_no_change,10
15,53,residual,quantile,
15,53,residual,random_state,0
15,53,residual,scoring,loss
15,53,residual,tol,1e-07
15,53,residual,validation_fraction,0.1
15,53,residual,verbose,0
15,53,residual,warm_start,False
15,53,anchor,categorical_features,from_dtype
15,53,anchor,early_stopping,False
15,53,anchor,interaction_cst,
15,53,anchor,l2_regularization,0.05
15,53,anchor,learning_rate,0.05
15,53,anchor,loss,quantile
15,53,anchor,max_bins,255
15,53,anchor,max_depth,
15,53,anchor,max_features,1.0
15,53,anchor,max_iter,180
15,53,anchor,max_leaf_nodes,31
15,53,anchor,min_samples_leaf,20
15,53,anchor,monotonic_cst,
15,53,anchor,n_iter_no_change,10
15,53,anchor,quantile,0.5
15,53,anchor,random_state,0
15,53,anchor,scoring,loss
15,53,anchor,tol,1e-07
15,53,anchor,validation_fraction,0.1
15,53,anchor,verbose,0
15,53,anchor,warm_start,False
15,53,robust_extratrees,bootstrap,False
15,53,robust_extratrees,ccp_alpha,0.0
15,53,robust_extratrees,criterion,squared_error
15,53,robust_extratrees,max_depth,20
15,53,robust_extratrees,max_features,1.0
15,53,robust_extratrees,max_leaf_nodes,
15,53,robust_extratrees,max_samples,
15,53,robust_extratrees,min_impurity_decrease,0.0
15,53,robust_extratrees,min_samples_leaf,4
15,53,robust_extratrees,min_samples_split,2
15,53,robust_extratrees,min_weight_fraction_leaf,0.0
15,53,robust_extratrees,monotonic_cst,
15,53,robust_extratrees,n_estimators,80
15,53,robust_extratrees,n_jobs,4
15,53,robust_extratrees,oob_score,False
15,53,robust_extratrees,random_state,53
15,53,robust_extratrees,verbose,0
15,53,robust_extratrees,warm_start,False
15,53,quantile_0.05,categorical_features,from_dtype
15,53,quantile_0.05,early_stopping,False
15,53,quantile_0.05,interaction_cst,
15,53,quantile_0.05,l2_regularization,0.08
15,53,quantile_0.05,learning_rate,0.045
15,53,quantile_0.05,loss,quantile
15,53,quantile_0.05,max_bins,255
15,53,quantile_0.05,max_depth,
15,53,quantile_0.05,max_features,1.0
15,53,quantile_0.05,max_iter,190
15,53,quantile_0.05,max_leaf_nodes,45
15,53,quantile_0.05,min_samples_leaf,20
15,53,quantile_0.05,monotonic_cst,
15,53,quantile_0.05,n_iter_no_change,10
15,53,quantile_0.05,quantile,0.05
15,53,quantile_0.05,random_state,0
15,53,quantile_0.05,scoring,loss
15,53,quantile_0.05,tol,1e-07
15,53,quantile_0.05,validation_fraction,0.1
15,53,quantile_0.05,verbose,0
15,53,quantile_0.05,warm_start,False
15,53,quantile_0.5,categorical_features,from_dtype
15,53,quantile_0.5,early_stopping,False
15,53,quantile_0.5,interaction_cst,
15,53,quantile_0.5,l2_regularization,0.08
15,53,quantile_0.5,learning_rate,0.045
15,53,quantile_0.5,loss,quantile
15,53,quantile_0.5,max_bins,255
15,53,quantile_0.5,max_depth,
15,53,quantile_0.5,max_features,1.0
15,53,quantile_0.5,max_iter,190
15,53,quantile_0.5,max_leaf_nodes,45
15,53,quantile_0.5,min_samples_leaf,20
15,53,quantile_0.5,monotonic_cst,
15,53,quantile_0.5,n_iter_no_change,10
15,53,quantile_0.5,quantile,0.5
15,53,quantile_0.5,random_state,0
15,53,quantile_0.5,scoring,loss
15,53,quantile_0.5,tol,1e-07
15,53,quantile_0.5,validation_fraction,0.1
15,53,quantile_0.5,verbose,0
15,53,quantile_0.5,warm_start,False
15,53,quantile_0.95,categorical_features,from_dtype
15,53,quantile_0.95,early_stopping,False
15,53,quantile_0.95,interaction_cst,
15,53,quantile_0.95,l2_regularization,0.08
15,53,quantile_0.95,learning_rate,0.045
15,53,quantile_0.95,loss,quantile
15,53,quantile_0.95,max_bins,255
15,53,quantile_0.95,max_depth,
15,53,quantile_0.95,max_features,1.0
15,53,quantile_0.95,max_iter,190
15,53,quantile_0.95,max_leaf_nodes,45
15,53,quantile_0.95,min_samples_leaf,20
15,53,quantile_0.95,monotonic_cst,
15,53,quantile_0.95,n_iter_no_change,10
15,53,quantile_0.95,quantile,0.95
15,53,quantile_0.95,random_state,0
15,53,quantile_0.95,scoring,loss
15,53,quantile_0.95,tol,1e-07
15,53,quantile_0.95,validation_fraction,0.1
15,53,quantile_0.95,verbose,0
15,53,quantile_0.95,warm_start,False
15,71,hgb,categorical_features,from_dtype
15,71,hgb,early_stopping,False
15,71,hgb,interaction_cst,
15,71,hgb,l2_regularization,0.1
15,71,hgb,learning_rate,0.035
15,71,hgb,loss,squared_error
15,71,hgb,max_bins,255
15,71,hgb,max_depth,
15,71,hgb,max_features,1.0
15,71,hgb,max_iter,240
15,71,hgb,max_leaf_nodes,45
15,71,hgb,min_samples_leaf,20
15,71,hgb,monotonic_cst,
15,71,hgb,n_iter_no_change,10
15,71,hgb,quantile,
15,71,hgb,random_state,0
15,71,hgb,scoring,loss
15,71,hgb,tol,1e-07
15,71,hgb,validation_fraction,0.1
15,71,hgb,verbose,0
15,71,hgb,warm_start,False
15,71,extratrees,bootstrap,False
15,71,extratrees,ccp_alpha,0.0
15,71,extratrees,criterion,squared_error
15,71,extratrees,max_depth,18
15,71,extratrees,max_features,1.0
15,71,extratrees,max_leaf_nodes,
15,71,extratrees,max_samples,
15,71,extratrees,min_impurity_decrease,0.0
15,71,extratrees,min_samples_leaf,4
15,71,extratrees,min_samples_split,2
15,71,extratrees,min_weight_fraction_leaf,0.0
15,71,extratrees,monotonic_cst,
15,71,extratrees,n_estimators,70
15,71,extratrees,n_jobs,4
15,71,extratrees,oob_score,False
15,71,extratrees,random_state,71
15,71,extratrees,verbose,0
15,71,extratrees,warm_start,False
15,71,residual,categorical_features,from_dtype
15,71,residual,early_stopping,False
15,71,residual,interaction_cst,
15,71,residual,l2_regularization,0.08
15,71,residual,learning_rate,0.04
15,71,residual,loss,squared_error
15,71,residual,max_bins,255
15,71,residual,max_depth,
15,71,residual,max_features,1.0
15,71,residual,max_iter,90
15,71,residual,max_leaf_nodes,23
15,71,residual,min_samples_leaf,20
15,71,residual,monotonic_cst,
15,71,residual,n_iter_no_change,10
15,71,residual,quantile,
15,71,residual,random_state,0
15,71,residual,scoring,loss
15,71,residual,tol,1e-07
15,71,residual,validation_fraction,0.1
15,71,residual,verbose,0
15,71,residual,warm_start,False
15,71,anchor,categorical_features,from_dtype
15,71,anchor,early_stopping,False
15,71,anchor,interaction_cst,
15,71,anchor,l2_regularization,0.05
15,71,anchor,learning_rate,0.05
15,71,anchor,loss,quantile
15,71,anchor,max_bins,255
15,71,anchor,max_depth,
15,71,anchor,max_features,1.0
15,71,anchor,max_iter,180
15,71,anchor,max_leaf_nodes,31
15,71,anchor,min_samples_leaf,20
15,71,anchor,monotonic_cst,
15,71,anchor,n_iter_no_change,10
15,71,anchor,quantile,0.5
15,71,anchor,random_state,0
15,71,anchor,scoring,loss
15,71,anchor,tol,1e-07
15,71,anchor,validation_fraction,0.1
15,71,anchor,verbose,0
15,71,anchor,warm_start,False
15,71,robust_extratrees,bootstrap,False
15,71,robust_extratrees,ccp_alpha,0.0
15,71,robust_extratrees,criterion,squared_error
15,71,robust_extratrees,max_depth,20
15,71,robust_extratrees,max_features,1.0
15,71,robust_extratrees,max_leaf_nodes,
15,71,robust_extratrees,max_samples,
15,71,robust_extratrees,min_impurity_decrease,0.0
15,71,robust_extratrees,min_samples_leaf,4
15,71,robust_extratrees,min_samples_split,2
15,71,robust_extratrees,min_weight_fraction_leaf,0.0
15,71,robust_extratrees,monotonic_cst,
15,71,robust_extratrees,n_estimators,80
15,71,robust_extratrees,n_jobs,4
15,71,robust_extratrees,oob_score,False
15,71,robust_extratrees,random_state,71
15,71,robust_extratrees,verbose,0
15,71,robust_extratrees,warm_start,False
15,71,quantile_0.05,categorical_features,from_dtype
15,71,quantile_0.05,early_stopping,False
15,71,quantile_0.05,interaction_cst,
15,71,quantile_0.05,l2_regularization,0.08
15,71,quantile_0.05,learning_rate,0.045
15,71,quantile_0.05,loss,quantile
15,71,quantile_0.05,max_bins,255
15,71,quantile_0.05,max_depth,
15,71,quantile_0.05,max_features,1.0
15,71,quantile_0.05,max_iter,190
15,71,quantile_0.05,max_leaf_nodes,45
15,71,quantile_0.05,min_samples_leaf,20
15,71,quantile_0.05,monotonic_cst,
15,71,quantile_0.05,n_iter_no_change,10
15,71,quantile_0.05,quantile,0.05
15,71,quantile_0.05,random_state,0
15,71,quantile_0.05,scoring,loss
15,71,quantile_0.05,tol,1e-07
15,71,quantile_0.05,validation_fraction,0.1
15,71,quantile_0.05,verbose,0
15,71,quantile_0.05,warm_start,False
15,71,quantile_0.5,categorical_features,from_dtype
15,71,quantile_0.5,early_stopping,False
15,71,quantile_0.5,interaction_cst,
15,71,quantile_0.5,l2_regularization,0.08
15,71,quantile_0.5,learning_rate,0.045
15,71,quantile_0.5,loss,quantile
15,71,quantile_0.5,max_bins,255
15,71,quantile_0.5,max_depth,
15,71,quantile_0.5,max_features,1.0
15,71,quantile_0.5,max_iter,190
15,71,quantile_0.5,max_leaf_nodes,45
15,71,quantile_0.5,min_samples_leaf,20
15,71,quantile_0.5,monotonic_cst,
15,71,quantile_0.5,n_iter_no_change,10
15,71,quantile_0.5,quantile,0.5
15,71,quantile_0.5,random_state,0
15,71,quantile_0.5,scoring,loss
15,71,quantile_0.5,tol,1e-07
15,71,quantile_0.5,validation_fraction,0.1
15,71,quantile_0.5,verbose,0
15,71,quantile_0.5,warm_start,False
15,71,quantile_0.95,categorical_features,from_dtype
15,71,quantile_0.95,early_stopping,False
15,71,quantile_0.95,interaction_cst,
15,71,quantile_0.95,l2_regularization,0.08
15,71,quantile_0.95,learning_rate,0.045
15,71,quantile_0.95,loss,quantile
15,71,quantile_0.95,max_bins,255
15,71,quantile_0.95,max_depth,
15,71,quantile_0.95,max_features,1.0
15,71,quantile_0.95,max_iter,190
15,71,quantile_0.95,max_leaf_nodes,45
15,71,quantile_0.95,min_samples_leaf,20
15,71,quantile_0.95,monotonic_cst,
15,71,quantile_0.95,n_iter_no_change,10
15,71,quantile_0.95,quantile,0.95
15,71,quantile_0.95,random_state,0
15,71,quantile_0.95,scoring,loss
15,71,quantile_0.95,tol,1e-07
15,71,quantile_0.95,validation_fraction,0.1
15,71,quantile_0.95,verbose,0
15,71,quantile_0.95,warm_start,False
60,11,hgb,categorical_features,from_dtype
60,11,hgb,early_stopping,False
60,11,hgb,interaction_cst,
60,11,hgb,l2_regularization,0.05
60,11,hgb,learning_rate,0.05
60,11,hgb,loss,squared_error
60,11,hgb,max_bins,255
60,11,hgb,max_depth,
60,11,hgb,max_features,1.0
60,11,hgb,max_iter,180
60,11,hgb,max_leaf_nodes,31
60,11,hgb,min_samples_leaf,20
60,11,hgb,monotonic_cst,
60,11,hgb,n_iter_no_change,10
60,11,hgb,quantile,
60,11,hgb,random_state,0
60,11,hgb,scoring,loss
60,11,hgb,tol,1e-07
60,11,hgb,validation_fraction,0.1
60,11,hgb,verbose,0
60,11,hgb,warm_start,False
60,11,extratrees,bootstrap,False
60,11,extratrees,ccp_alpha,0.0
60,11,extratrees,criterion,squared_error
60,11,extratrees,max_depth,18
60,11,extratrees,max_features,1.0
60,11,extratrees,max_leaf_nodes,
60,11,extratrees,max_samples,
60,11,extratrees,min_impurity_decrease,0.0
60,11,extratrees,min_samples_leaf,4
60,11,extratrees,min_samples_split,2
60,11,extratrees,min_weight_fraction_leaf,0.0
60,11,extratrees,monotonic_cst,
60,11,extratrees,n_estimators,70
60,11,extratrees,n_jobs,4
60,11,extratrees,oob_score,False
60,11,extratrees,random_state,11
60,11,extratrees,verbose,0
60,11,extratrees,warm_start,False
60,11,residual,categorical_features,from_dtype
60,11,residual,early_stopping,False
60,11,residual,interaction_cst,
60,11,residual,l2_regularization,0.08
60,11,residual,learning_rate,0.04
60,11,residual,loss,squared_error
60,11,residual,max_bins,255
60,11,residual,max_depth,
60,11,residual,max_features,1.0
60,11,residual,max_iter,90
60,11,residual,max_leaf_nodes,23
60,11,residual,min_samples_leaf,20
60,11,residual,monotonic_cst,
60,11,residual,n_iter_no_change,10
60,11,residual,quantile,
60,11,residual,random_state,0
60,11,residual,scoring,loss
60,11,residual,tol,1e-07
60,11,residual,validation_fraction,0.1
60,11,residual,verbose,0
60,11,residual,warm_start,False
60,11,anchor,categorical_features,from_dtype
60,11,anchor,early_stopping,False
60,11,anchor,interaction_cst,
60,11,anchor,l2_regularization,0.05
60,11,anchor,learning_rate,0.05
60,11,anchor,loss,quantile
60,11,anchor,max_bins,255
60,11,anchor,max_depth,
60,11,anchor,max_features,1.0
60,11,anchor,max_iter,180
60,11,anchor,max_leaf_nodes,31
60,11,anchor,min_samples_leaf,20
60,11,anchor,monotonic_cst,
60,11,anchor,n_iter_no_change,10
60,11,anchor,quantile,0.5
60,11,anchor,random_state,0
60,11,anchor,scoring,loss
60,11,anchor,tol,1e-07
60,11,anchor,validation_fraction,0.1
60,11,anchor,verbose,0
60,11,anchor,warm_start,False
60,11,robust_extratrees,bootstrap,False
60,11,robust_extratrees,ccp_alpha,0.0
60,11,robust_extratrees,criterion,squared_error
60,11,robust_extratrees,max_depth,20
60,11,robust_extratrees,max_features,1.0
60,11,robust_extratrees,max_leaf_nodes,
60,11,robust_extratrees,max_samples,
60,11,robust_extratrees,min_impurity_decrease,0.0
60,11,robust_extratrees,min_samples_leaf,4
60,11,robust_extratrees,min_samples_split,2
60,11,robust_extratrees,min_weight_fraction_leaf,0.0
60,11,robust_extratrees,monotonic_cst,
60,11,robust_extratrees,n_estimators,80
60,11,robust_extratrees,n_jobs,4
60,11,robust_extratrees,oob_score,False
60,11,robust_extratrees,random_state,11
60,11,robust_extratrees,verbose,0
60,11,robust_extratrees,warm_start,False
60,11,quantile_0.05,categorical_features,from_dtype
60,11,quantile_0.05,early_stopping,False
60,11,quantile_0.05,interaction_cst,
60,11,quantile_0.05,l2_regularization,0.08
60,11,quantile_0.05,learning_rate,0.045
60,11,quantile_0.05,loss,quantile
60,11,quantile_0.05,max_bins,255
60,11,quantile_0.05,max_depth,
60,11,quantile_0.05,max_features,1.0
60,11,quantile_0.05,max_iter,190
60,11,quantile_0.05,max_leaf_nodes,45
60,11,quantile_0.05,min_samples_leaf,20
60,11,quantile_0.05,monotonic_cst,
60,11,quantile_0.05,n_iter_no_change,10
60,11,quantile_0.05,quantile,0.05
60,11,quantile_0.05,random_state,0
60,11,quantile_0.05,scoring,loss
60,11,quantile_0.05,tol,1e-07
60,11,quantile_0.05,validation_fraction,0.1
60,11,quantile_0.05,verbose,0
60,11,quantile_0.05,warm_start,False
60,11,quantile_0.5,categorical_features,from_dtype
60,11,quantile_0.5,early_stopping,False
60,11,quantile_0.5,interaction_cst,
60,11,quantile_0.5,l2_regularization,0.08
60,11,quantile_0.5,learning_rate,0.045
60,11,quantile_0.5,loss,quantile
60,11,quantile_0.5,max_bins,255
60,11,quantile_0.5,max_depth,
60,11,quantile_0.5,max_features,1.0
60,11,quantile_0.5,max_iter,190
60,11,quantile_0.5,max_leaf_nodes,45
60,11,quantile_0.5,min_samples_leaf,20
60,11,quantile_0.5,monotonic_cst,
60,11,quantile_0.5,n_iter_no_change,10
60,11,quantile_0.5,quantile,0.5
60,11,quantile_0.5,random_state,0
60,11,quantile_0.5,scoring,loss
60,11,quantile_0.5,tol,1e-07
60,11,quantile_0.5,validation_fraction,0.1
60,11,quantile_0.5,verbose,0
60,11,quantile_0.5,warm_start,False
60,11,quantile_0.95,categorical_features,from_dtype
60,11,quantile_0.95,early_stopping,False
60,11,quantile_0.95,interaction_cst,
60,11,quantile_0.95,l2_regularization,0.08
60,11,quantile_0.95,learning_rate,0.045
60,11,quantile_0.95,loss,quantile
60,11,quantile_0.95,max_bins,255
60,11,quantile_0.95,max_depth,
60,11,quantile_0.95,max_features,1.0
60,11,quantile_0.95,max_iter,190
60,11,quantile_0.95,max_leaf_nodes,45
60,11,quantile_0.95,min_samples_leaf,20
60,11,quantile_0.95,monotonic_cst,
60,11,quantile_0.95,n_iter_no_change,10
60,11,quantile_0.95,quantile,0.95
60,11,quantile_0.95,random_state,0
60,11,quantile_0.95,scoring,loss
60,11,quantile_0.95,tol,1e-07
60,11,quantile_0.95,validation_fraction,0.1
60,11,quantile_0.95,verbose,0
60,11,quantile_0.95,warm_start,False
60,23,hgb,categorical_features,from_dtype
60,23,hgb,early_stopping,False
60,23,hgb,interaction_cst,
60,23,hgb,l2_regularization,0.05
60,23,hgb,learning_rate,0.05
60,23,hgb,loss,squared_error
60,23,hgb,max_bins,255
60,23,hgb,max_depth,
60,23,hgb,max_features,1.0
60,23,hgb,max_iter,180
60,23,hgb,max_leaf_nodes,31
60,23,hgb,min_samples_leaf,20
60,23,hgb,monotonic_cst,
60,23,hgb,n_iter_no_change,10
60,23,hgb,quantile,
60,23,hgb,random_state,0
60,23,hgb,scoring,loss
60,23,hgb,tol,1e-07
60,23,hgb,validation_fraction,0.1
60,23,hgb,verbose,0
60,23,hgb,warm_start,False
60,23,extratrees,bootstrap,False
60,23,extratrees,ccp_alpha,0.0
60,23,extratrees,criterion,squared_error
60,23,extratrees,max_depth,18
60,23,extratrees,max_features,1.0
60,23,extratrees,max_leaf_nodes,
60,23,extratrees,max_samples,
60,23,extratrees,min_impurity_decrease,0.0
60,23,extratrees,min_samples_leaf,4
60,23,extratrees,min_samples_split,2
60,23,extratrees,min_weight_fraction_leaf,0.0
60,23,extratrees,monotonic_cst,
60,23,extratrees,n_estimators,70
60,23,extratrees,n_jobs,4
60,23,extratrees,oob_score,False
60,23,extratrees,random_state,23
60,23,extratrees,verbose,0
60,23,extratrees,warm_start,False
60,23,residual,categorical_features,from_dtype
60,23,residual,early_stopping,False
60,23,residual,interaction_cst,
60,23,residual,l2_regularization,0.08
60,23,residual,learning_rate,0.04
60,23,residual,loss,squared_error
60,23,residual,max_bins,255
60,23,residual,max_depth,
60,23,residual,max_features,1.0
60,23,residual,max_iter,90
60,23,residual,max_leaf_nodes,23
60,23,residual,min_samples_leaf,20
60,23,residual,monotonic_cst,
60,23,residual,n_iter_no_change,10
60,23,residual,quantile,
60,23,residual,random_state,0
60,23,residual,scoring,loss
60,23,residual,tol,1e-07
60,23,residual,validation_fraction,0.1
60,23,residual,verbose,0
60,23,residual,warm_start,False
60,23,anchor,categorical_features,from_dtype
60,23,anchor,early_stopping,False
60,23,anchor,interaction_cst,
60,23,anchor,l2_regularization,0.05
60,23,anchor,learning_rate,0.05
60,23,anchor,loss,quantile
60,23,anchor,max_bins,255
60,23,anchor,max_depth,
60,23,anchor,max_features,1.0
60,23,anchor,max_iter,180
60,23,anchor,max_leaf_nodes,31
60,23,anchor,min_samples_leaf,20
60,23,anchor,monotonic_cst,
60,23,anchor,n_iter_no_change,10
60,23,anchor,quantile,0.5
60,23,anchor,random_state,0
60,23,anchor,scoring,loss
60,23,anchor,tol,1e-07
60,23,anchor,validation_fraction,0.1
60,23,anchor,verbose,0
60,23,anchor,warm_start,False
60,23,robust_extratrees,bootstrap,False
60,23,robust_extratrees,ccp_alpha,0.0
60,23,robust_extratrees,criterion,squared_error
60,23,robust_extratrees,max_depth,20
60,23,robust_extratrees,max_features,1.0
60,23,robust_extratrees,max_leaf_nodes,
60,23,robust_extratrees,max_samples,
60,23,robust_extratrees,min_impurity_decrease,0.0
60,23,robust_extratrees,min_samples_leaf,4
60,23,robust_extratrees,min_samples_split,2
60,23,robust_extratrees,min_weight_fraction_leaf,0.0
60,23,robust_extratrees,monotonic_cst,
60,23,robust_extratrees,n_estimators,80
60,23,robust_extratrees,n_jobs,4
60,23,robust_extratrees,oob_score,False
60,23,robust_extratrees,random_state,23
60,23,robust_extratrees,verbose,0
60,23,robust_extratrees,warm_start,False
60,23,quantile_0.05,categorical_features,from_dtype
60,23,quantile_0.05,early_stopping,False
60,23,quantile_0.05,interaction_cst,
60,23,quantile_0.05,l2_regularization,0.08
60,23,quantile_0.05,learning_rate,0.045
60,23,quantile_0.05,loss,quantile
60,23,quantile_0.05,max_bins,255
60,23,quantile_0.05,max_depth,
60,23,quantile_0.05,max_features,1.0
60,23,quantile_0.05,max_iter,190
60,23,quantile_0.05,max_leaf_nodes,45
60,23,quantile_0.05,min_samples_leaf,20
60,23,quantile_0.05,monotonic_cst,
60,23,quantile_0.05,n_iter_no_change,10
60,23,quantile_0.05,quantile,0.05
60,23,quantile_0.05,random_state,0
60,23,quantile_0.05,scoring,loss
60,23,quantile_0.05,tol,1e-07
60,23,quantile_0.05,validation_fraction,0.1
60,23,quantile_0.05,verbose,0
60,23,quantile_0.05,warm_start,False
60,23,quantile_0.5,categorical_features,from_dtype
60,23,quantile_0.5,early_stopping,False
60,23,quantile_0.5,interaction_cst,
60,23,quantile_0.5,l2_regularization,0.08
60,23,quantile_0.5,learning_rate,0.045
60,23,quantile_0.5,loss,quantile
60,23,quantile_0.5,max_bins,255
60,23,quantile_0.5,max_depth,
60,23,quantile_0.5,max_features,1.0
60,23,quantile_0.5,max_iter,190
60,23,quantile_0.5,max_leaf_nodes,45
60,23,quantile_0.5,min_samples_leaf,20
60,23,quantile_0.5,monotonic_cst,
60,23,quantile_0.5,n_iter_no_change,10
60,23,quantile_0.5,quantile,0.5
60,23,quantile_0.5,random_state,0
60,23,quantile_0.5,scoring,loss
60,23,quantile_0.5,tol,1e-07
60,23,quantile_0.5,validation_fraction,0.1
60,23,quantile_0.5,verbose,0
60,23,quantile_0.5,warm_start,False
60,23,quantile_0.95,categorical_features,from_dtype
60,23,quantile_0.95,early_stopping,False
60,23,quantile_0.95,interaction_cst,
60,23,quantile_0.95,l2_regularization,0.08
60,23,quantile_0.95,learning_rate,0.045
60,23,quantile_0.95,loss,quantile
60,23,quantile_0.95,max_bins,255
60,23,quantile_0.95,max_depth,
60,23,quantile_0.95,max_features,1.0
60,23,quantile_0.95,max_iter,190
60,23,quantile_0.95,max_leaf_nodes,45
60,23,quantile_0.95,min_samples_leaf,20
60,23,quantile_0.95,monotonic_cst,
60,23,quantile_0.95,n_iter_no_change,10
60,23,quantile_0.95,quantile,0.95
60,23,quantile_0.95,random_state,0
60,23,quantile_0.95,scoring,loss
60,23,quantile_0.95,tol,1e-07
60,23,quantile_0.95,validation_fraction,0.1
60,23,quantile_0.95,verbose,0
60,23,quantile_0.95,warm_start,False
60,37,hgb,categorical_features,from_dtype
60,37,hgb,early_stopping,False
60,37,hgb,interaction_cst,
60,37,hgb,l2_regularization,0.05
60,37,hgb,learning_rate,0.05
60,37,hgb,loss,squared_error
60,37,hgb,max_bins,255
60,37,hgb,max_depth,
60,37,hgb,max_features,1.0
60,37,hgb,max_iter,180
60,37,hgb,max_leaf_nodes,31
60,37,hgb,min_samples_leaf,20
60,37,hgb,monotonic_cst,
60,37,hgb,n_iter_no_change,10
60,37,hgb,quantile,
60,37,hgb,random_state,0
60,37,hgb,scoring,loss
60,37,hgb,tol,1e-07
60,37,hgb,validation_fraction,0.1
60,37,hgb,verbose,0
60,37,hgb,warm_start,False
60,37,extratrees,bootstrap,False
60,37,extratrees,ccp_alpha,0.0
60,37,extratrees,criterion,squared_error
60,37,extratrees,max_depth,18
60,37,extratrees,max_features,1.0
60,37,extratrees,max_leaf_nodes,
60,37,extratrees,max_samples,
60,37,extratrees,min_impurity_decrease,0.0
60,37,extratrees,min_samples_leaf,4
60,37,extratrees,min_samples_split,2
60,37,extratrees,min_weight_fraction_leaf,0.0
60,37,extratrees,monotonic_cst,
60,37,extratrees,n_estimators,70
60,37,extratrees,n_jobs,4
60,37,extratrees,oob_score,False
60,37,extratrees,random_state,37
60,37,extratrees,verbose,0
60,37,extratrees,warm_start,False
60,37,residual,categorical_features,from_dtype
60,37,residual,early_stopping,False
60,37,residual,interaction_cst,
60,37,residual,l2_regularization,0.08
60,37,residual,learning_rate,0.04
60,37,residual,loss,squared_error
60,37,residual,max_bins,255
60,37,residual,max_depth,
60,37,residual,max_features,1.0
60,37,residual,max_iter,90
60,37,residual,max_leaf_nodes,23
60,37,residual,min_samples_leaf,20
60,37,residual,monotonic_cst,
60,37,residual,n_iter_no_change,10
60,37,residual,quantile,
60,37,residual,random_state,0
60,37,residual,scoring,loss
60,37,residual,tol,1e-07
60,37,residual,validation_fraction,0.1
60,37,residual,verbose,0
60,37,residual,warm_start,False
60,37,anchor,categorical_features,from_dtype
60,37,anchor,early_stopping,False
60,37,anchor,interaction_cst,
60,37,anchor,l2_regularization,0.05
60,37,anchor,learning_rate,0.05
60,37,anchor,loss,quantile
60,37,anchor,max_bins,255
60,37,anchor,max_depth,
60,37,anchor,max_features,1.0
60,37,anchor,max_iter,180
60,37,anchor,max_leaf_nodes,31
60,37,anchor,min_samples_leaf,20
60,37,anchor,monotonic_cst,
60,37,anchor,n_iter_no_change,10
60,37,anchor,quantile,0.5
60,37,anchor,random_state,0
60,37,anchor,scoring,loss
60,37,anchor,tol,1e-07
60,37,anchor,validation_fraction,0.1
60,37,anchor,verbose,0
60,37,anchor,warm_start,False
60,37,robust_extratrees,bootstrap,False
60,37,robust_extratrees,ccp_alpha,0.0
60,37,robust_extratrees,criterion,squared_error
60,37,robust_extratrees,max_depth,20
60,37,robust_extratrees,max_features,1.0
60,37,robust_extratrees,max_leaf_nodes,
60,37,robust_extratrees,max_samples,
60,37,robust_extratrees,min_impurity_decrease,0.0
60,37,robust_extratrees,min_samples_leaf,4
60,37,robust_extratrees,min_samples_split,2
60,37,robust_extratrees,min_weight_fraction_leaf,0.0
60,37,robust_extratrees,monotonic_cst,
60,37,robust_extratrees,n_estimators,80
60,37,robust_extratrees,n_jobs,4
60,37,robust_extratrees,oob_score,False
60,37,robust_extratrees,random_state,37
60,37,robust_extratrees,verbose,0
60,37,robust_extratrees,warm_start,False
60,37,quantile_0.05,categorical_features,from_dtype
60,37,quantile_0.05,early_stopping,False
60,37,quantile_0.05,interaction_cst,
60,37,quantile_0.05,l2_regularization,0.08
60,37,quantile_0.05,learning_rate,0.045
60,37,quantile_0.05,loss,quantile
60,37,quantile_0.05,max_bins,255
60,37,quantile_0.05,max_depth,
60,37,quantile_0.05,max_features,1.0
60,37,quantile_0.05,max_iter,190
60,37,quantile_0.05,max_leaf_nodes,45
60,37,quantile_0.05,min_samples_leaf,20
60,37,quantile_0.05,monotonic_cst,
60,37,quantile_0.05,n_iter_no_change,10
60,37,quantile_0.05,quantile,0.05
60,37,quantile_0.05,random_state,0
60,37,quantile_0.05,scoring,loss
60,37,quantile_0.05,tol,1e-07
60,37,quantile_0.05,validation_fraction,0.1
60,37,quantile_0.05,verbose,0
60,37,quantile_0.05,warm_start,False
60,37,quantile_0.5,categorical_features,from_dtype
60,37,quantile_0.5,early_stopping,False
60,37,quantile_0.5,interaction_cst,
60,37,quantile_0.5,l2_regularization,0.08
60,37,quantile_0.5,learning_rate,0.045
60,37,quantile_0.5,loss,quantile
60,37,quantile_0.5,max_bins,255
60,37,quantile_0.5,max_depth,
60,37,quantile_0.5,max_features,1.0
60,37,quantile_0.5,max_iter,190
60,37,quantile_0.5,max_leaf_nodes,45
60,37,quantile_0.5,min_samples_leaf,20
60,37,quantile_0.5,monotonic_cst,
60,37,quantile_0.5,n_iter_no_change,10
60,37,quantile_0.5,quantile,0.5
60,37,quantile_0.5,random_state,0
60,37,quantile_0.5,scoring,loss
60,37,quantile_0.5,tol,1e-07
60,37,quantile_0.5,validation_fraction,0.1
60,37,quantile_0.5,verbose,0
60,37,quantile_0.5,warm_start,False
60,37,quantile_0.95,categorical_features,from_dtype
60,37,quantile_0.95,early_stopping,False
60,37,quantile_0.95,interaction_cst,
60,37,quantile_0.95,l2_regularization,0.08
60,37,quantile_0.95,learning_rate,0.045
60,37,quantile_0.95,loss,quantile
60,37,quantile_0.95,max_bins,255
60,37,quantile_0.95,max_depth,
60,37,quantile_0.95,max_features,1.0
60,37,quantile_0.95,max_iter,190
60,37,quantile_0.95,max_leaf_nodes,45
60,37,quantile_0.95,min_samples_leaf,20
60,37,quantile_0.95,monotonic_cst,
60,37,quantile_0.95,n_iter_no_change,10
60,37,quantile_0.95,quantile,0.95
60,37,quantile_0.95,random_state,0
60,37,quantile_0.95,scoring,loss
60,37,quantile_0.95,tol,1e-07
60,37,quantile_0.95,validation_fraction,0.1
60,37,quantile_0.95,verbose,0
60,37,quantile_0.95,warm_start,False
60,53,hgb,categorical_features,from_dtype
60,53,hgb,early_stopping,False
60,53,hgb,interaction_cst,
60,53,hgb,l2_regularization,0.05
60,53,hgb,learning_rate,0.05
60,53,hgb,loss,squared_error
60,53,hgb,max_bins,255
60,53,hgb,max_depth,
60,53,hgb,max_features,1.0
60,53,hgb,max_iter,180
60,53,hgb,max_leaf_nodes,31
60,53,hgb,min_samples_leaf,20
60,53,hgb,monotonic_cst,
60,53,hgb,n_iter_no_change,10
60,53,hgb,quantile,
60,53,hgb,random_state,0
60,53,hgb,scoring,loss
60,53,hgb,tol,1e-07
60,53,hgb,validation_fraction,0.1
60,53,hgb,verbose,0
60,53,hgb,warm_start,False
60,53,extratrees,bootstrap,False
60,53,extratrees,ccp_alpha,0.0
60,53,extratrees,criterion,squared_error
60,53,extratrees,max_depth,18
60,53,extratrees,max_features,1.0
60,53,extratrees,max_leaf_nodes,
60,53,extratrees,max_samples,
60,53,extratrees,min_impurity_decrease,0.0
60,53,extratrees,min_samples_leaf,4
60,53,extratrees,min_samples_split,2
60,53,extratrees,min_weight_fraction_leaf,0.0
60,53,extratrees,monotonic_cst,
60,53,extratrees,n_estimators,70
60,53,extratrees,n_jobs,4
60,53,extratrees,oob_score,False
60,53,extratrees,random_state,53
60,53,extratrees,verbose,0
60,53,extratrees,warm_start,False
60,53,residual,categorical_features,from_dtype
60,53,residual,early_stopping,False
60,53,residual,interaction_cst,
60,53,residual,l2_regularization,0.08
60,53,residual,learning_rate,0.04
60,53,residual,loss,squared_error
60,53,residual,max_bins,255
60,53,residual,max_depth,
60,53,residual,max_features,1.0
60,53,residual,max_iter,90
60,53,residual,max_leaf_nodes,23
60,53,residual,min_samples_leaf,20
60,53,residual,monotonic_cst,
60,53,residual,n_iter_no_change,10
60,53,residual,quantile,
60,53,residual,random_state,0
60,53,residual,scoring,loss
60,53,residual,tol,1e-07
60,53,residual,validation_fraction,0.1
60,53,residual,verbose,0
60,53,residual,warm_start,False
60,53,anchor,categorical_features,from_dtype
60,53,anchor,early_stopping,False
60,53,anchor,interaction_cst,
60,53,anchor,l2_regularization,0.05
60,53,anchor,learning_rate,0.05
60,53,anchor,loss,quantile
60,53,anchor,max_bins,255
60,53,anchor,max_depth,
60,53,anchor,max_features,1.0
60,53,anchor,max_iter,180
60,53,anchor,max_leaf_nodes,31
60,53,anchor,min_samples_leaf,20
60,53,anchor,monotonic_cst,
60,53,anchor,n_iter_no_change,10
60,53,anchor,quantile,0.5
60,53,anchor,random_state,0
60,53,anchor,scoring,loss
60,53,anchor,tol,1e-07
60,53,anchor,validation_fraction,0.1
60,53,anchor,verbose,0
60,53,anchor,warm_start,False
60,53,robust_extratrees,bootstrap,False
60,53,robust_extratrees,ccp_alpha,0.0
60,53,robust_extratrees,criterion,squared_error
60,53,robust_extratrees,max_depth,20
60,53,robust_extratrees,max_features,1.0
60,53,robust_extratrees,max_leaf_nodes,
60,53,robust_extratrees,max_samples,
60,53,robust_extratrees,min_impurity_decrease,0.0
60,53,robust_extratrees,min_samples_leaf,4
60,53,robust_extratrees,min_samples_split,2
60,53,robust_extratrees,min_weight_fraction_leaf,0.0
60,53,robust_extratrees,monotonic_cst,
60,53,robust_extratrees,n_estimators,80
60,53,robust_extratrees,n_jobs,4
60,53,robust_extratrees,oob_score,False
60,53,robust_extratrees,random_state,53
60,53,robust_extratrees,verbose,0
60,53,robust_extratrees,warm_start,False
60,53,quantile_0.05,categorical_features,from_dtype
60,53,quantile_0.05,early_stopping,False
60,53,quantile_0.05,interaction_cst,
60,53,quantile_0.05,l2_regularization,0.08
60,53,quantile_0.05,learning_rate,0.045
60,53,quantile_0.05,loss,quantile
60,53,quantile_0.05,max_bins,255
60,53,quantile_0.05,max_depth,
60,53,quantile_0.05,max_features,1.0
60,53,quantile_0.05,max_iter,190
60,53,quantile_0.05,max_leaf_nodes,45
60,53,quantile_0.05,min_samples_leaf,20
60,53,quantile_0.05,monotonic_cst,
60,53,quantile_0.05,n_iter_no_change,10
60,53,quantile_0.05,quantile,0.05
60,53,quantile_0.05,random_state,0
60,53,quantile_0.05,scoring,loss
60,53,quantile_0.05,tol,1e-07
60,53,quantile_0.05,validation_fraction,0.1
60,53,quantile_0.05,verbose,0
60,53,quantile_0.05,warm_start,False
60,53,quantile_0.5,categorical_features,from_dtype
60,53,quantile_0.5,early_stopping,False
60,53,quantile_0.5,interaction_cst,
60,53,quantile_0.5,l2_regularization,0.08
60,53,quantile_0.5,learning_rate,0.045
60,53,quantile_0.5,loss,quantile
60,53,quantile_0.5,max_bins,255
60,53,quantile_0.5,max_depth,
60,53,quantile_0.5,max_features,1.0
60,53,quantile_0.5,max_iter,190
60,53,quantile_0.5,max_leaf_nodes,45
60,53,quantile_0.5,min_samples_leaf,20
60,53,quantile_0.5,monotonic_cst,
60,53,quantile_0.5,n_iter_no_change,10
60,53,quantile_0.5,quantile,0.5
60,53,quantile_0.5,random_state,0
60,53,quantile_0.5,scoring,loss
60,53,quantile_0.5,tol,1e-07
60,53,quantile_0.5,validation_fraction,0.1
60,53,quantile_0.5,verbose,0
60,53,quantile_0.5,warm_start,False
60,53,quantile_0.95,categorical_features,from_dtype
60,53,quantile_0.95,early_stopping,False
60,53,quantile_0.95,interaction_cst,
60,53,quantile_0.95,l2_regularization,0.08
60,53,quantile_0.95,learning_rate,0.045
60,53,quantile_0.95,loss,quantile
60,53,quantile_0.95,max_bins,255
60,53,quantile_0.95,max_depth,
60,53,quantile_0.95,max_features,1.0
60,53,quantile_0.95,max_iter,190
60,53,quantile_0.95,max_leaf_nodes,45
60,53,quantile_0.95,min_samples_leaf,20
60,53,quantile_0.95,monotonic_cst,
60,53,quantile_0.95,n_iter_no_change,10
60,53,quantile_0.95,quantile,0.95
60,53,quantile_0.95,random_state,0
60,53,quantile_0.95,scoring,loss
60,53,quantile_0.95,tol,1e-07
60,53,quantile_0.95,validation_fraction,0.1
60,53,quantile_0.95,verbose,0
60,53,quantile_0.95,warm_start,False
60,71,hgb,categorical_features,from_dtype
60,71,hgb,early_stopping,False
60,71,hgb,interaction_cst,
60,71,hgb,l2_regularization,0.05
60,71,hgb,learning_rate,0.05
60,71,hgb,loss,squared_error
60,71,hgb,max_bins,255
60,71,hgb,max_depth,
60,71,hgb,max_features,1.0
60,71,hgb,max_iter,180
60,71,hgb,max_leaf_nodes,31
60,71,hgb,min_samples_leaf,20
60,71,hgb,monotonic_cst,
60,71,hgb,n_iter_no_change,10
60,71,hgb,quantile,
60,71,hgb,random_state,0
60,71,hgb,scoring,loss
60,71,hgb,tol,1e-07
60,71,hgb,validation_fraction,0.1
60,71,hgb,verbose,0
60,71,hgb,warm_start,False
60,71,extratrees,bootstrap,False
60,71,extratrees,ccp_alpha,0.0
60,71,extratrees,criterion,squared_error
60,71,extratrees,max_depth,18
60,71,extratrees,max_features,1.0
60,71,extratrees,max_leaf_nodes,
60,71,extratrees,max_samples,
60,71,extratrees,min_impurity_decrease,0.0
60,71,extratrees,min_samples_leaf,4
60,71,extratrees,min_samples_split,2
60,71,extratrees,min_weight_fraction_leaf,0.0
60,71,extratrees,monotonic_cst,
60,71,extratrees,n_estimators,70
60,71,extratrees,n_jobs,4
60,71,extratrees,oob_score,False
60,71,extratrees,random_state,71
60,71,extratrees,verbose,0
60,71,extratrees,warm_start,False
60,71,residual,categorical_features,from_dtype
60,71,residual,early_stopping,False
60,71,residual,interaction_cst,
60,71,residual,l2_regularization,0.08
60,71,residual,learning_rate,0.04
60,71,residual,loss,squared_error
60,71,residual,max_bins,255
60,71,residual,max_depth,
60,71,residual,max_features,1.0
60,71,residual,max_iter,90
60,71,residual,max_leaf_nodes,23
60,71,residual,min_samples_leaf,20
60,71,residual,monotonic_cst,
60,71,residual,n_iter_no_change,10
60,71,residual,quantile,
60,71,residual,random_state,0
60,71,residual,scoring,loss
60,71,residual,tol,1e-07
60,71,residual,validation_fraction,0.1
60,71,residual,verbose,0
60,71,residual,warm_start,False
60,71,anchor,categorical_features,from_dtype
60,71,anchor,early_stopping,False
60,71,anchor,interaction_cst,
60,71,anchor,l2_regularization,0.05
60,71,anchor,learning_rate,0.05
60,71,anchor,loss,quantile
60,71,anchor,max_bins,255
60,71,anchor,max_depth,
60,71,anchor,max_features,1.0
60,71,anchor,max_iter,180
60,71,anchor,max_leaf_nodes,31
60,71,anchor,min_samples_leaf,20
60,71,anchor,monotonic_cst,
60,71,anchor,n_iter_no_change,10
60,71,anchor,quantile,0.5
60,71,anchor,random_state,0
60,71,anchor,scoring,loss
60,71,anchor,tol,1e-07
60,71,anchor,validation_fraction,0.1
60,71,anchor,verbose,0
60,71,anchor,warm_start,False
60,71,robust_extratrees,bootstrap,False
60,71,robust_extratrees,ccp_alpha,0.0
60,71,robust_extratrees,criterion,squared_error
60,71,robust_extratrees,max_depth,20
60,71,robust_extratrees,max_features,1.0
60,71,robust_extratrees,max_leaf_nodes,
60,71,robust_extratrees,max_samples,
60,71,robust_extratrees,min_impurity_decrease,0.0
60,71,robust_extratrees,min_samples_leaf,4
60,71,robust_extratrees,min_samples_split,2
60,71,robust_extratrees,min_weight_fraction_leaf,0.0
60,71,robust_extratrees,monotonic_cst,
60,71,robust_extratrees,n_estimators,80
60,71,robust_extratrees,n_jobs,4
60,71,robust_extratrees,oob_score,False
60,71,robust_extratrees,random_state,71
60,71,robust_extratrees,verbose,0
60,71,robust_extratrees,warm_start,False
60,71,quantile_0.05,categorical_features,from_dtype
60,71,quantile_0.05,early_stopping,False
60,71,quantile_0.05,interaction_cst,
60,71,quantile_0.05,l2_regularization,0.08
60,71,quantile_0.05,learning_rate,0.045
60,71,quantile_0.05,loss,quantile
60,71,quantile_0.05,max_bins,255
60,71,quantile_0.05,max_depth,
60,71,quantile_0.05,max_features,1.0
60,71,quantile_0.05,max_iter,190
60,71,quantile_0.05,max_leaf_nodes,45
60,71,quantile_0.05,min_samples_leaf,20
60,71,quantile_0.05,monotonic_cst,
60,71,quantile_0.05,n_iter_no_change,10
60,71,quantile_0.05,quantile,0.05
60,71,quantile_0.05,random_state,0
60,71,quantile_0.05,scoring,loss
60,71,quantile_0.05,tol,1e-07
60,71,quantile_0.05,validation_fraction,0.1
60,71,quantile_0.05,verbose,0
60,71,quantile_0.05,warm_start,False
60,71,quantile_0.5,categorical_features,from_dtype
60,71,quantile_0.5,early_stopping,False
60,71,quantile_0.5,interaction_cst,
60,71,quantile_0.5,l2_regularization,0.08
60,71,quantile_0.5,learning_rate,0.045
60,71,quantile_0.5,loss,quantile
60,71,quantile_0.5,max_bins,255
60,71,quantile_0.5,max_depth,
60,71,quantile_0.5,max_features,1.0
60,71,quantile_0.5,max_iter,190
60,71,quantile_0.5,max_leaf_nodes,45
60,71,quantile_0.5,min_samples_leaf,20
60,71,quantile_0.5,monotonic_cst,
60,71,quantile_0.5,n_iter_no_change,10
60,71,quantile_0.5,quantile,0.5
60,71,quantile_0.5,random_state,0
60,71,quantile_0.5,scoring,loss
60,71,quantile_0.5,tol,1e-07
60,71,quantile_0.5,validation_fraction,0.1
60,71,quantile_0.5,verbose,0
60,71,quantile_0.5,warm_start,False
60,71,quantile_0.95,categorical_features,from_dtype
60,71,quantile_0.95,early_stopping,False
60,71,quantile_0.95,interaction_cst,
60,71,quantile_0.95,l2_regularization,0.08
60,71,quantile_0.95,learning_rate,0.045
60,71,quantile_0.95,loss,quantile
60,71,quantile_0.95,max_bins,255
60,71,quantile_0.95,max_depth,
60,71,quantile_0.95,max_features,1.0
60,71,quantile_0.95,max_iter,190
60,71,quantile_0.95,max_leaf_nodes,45
60,71,quantile_0.95,min_samples_leaf,20
60,71,quantile_0.95,monotonic_cst,
60,71,quantile_0.95,n_iter_no_change,10
60,71,quantile_0.95,quantile,0.95
60,71,quantile_0.95,random_state,0
60,71,quantile_0.95,scoring,loss
60,71,quantile_0.95,tol,1e-07
60,71,quantile_0.95,validation_fraction,0.1
60,71,quantile_0.95,verbose,0
60,71,quantile_0.95,warm_start,False
15,11,pipeline,revision,"""raw_causal_tree_ensemble_v1"""
15,11,pipeline,preprocessing.revision,"""raw_causal_v1"""
15,11,pipeline,preprocessing.sites,"[""industrial1"", ""industrial2"", ""industrial3"", ""residential1"", ""residential2"", ""residential3"", ""residential4"", ""residential5"", ""residential6""]"
15,11,pipeline,preprocessing.excluded_primary_sites,"[""public1"", ""public2""]"
15,11,pipeline,preprocessing.cohort_reason,"""No 11-site common interval; industrial/residential nine-site common cohort selected from availability, not outcomes."""
15,11,pipeline,preprocessing.splits,"[{""split"": ""train"", ""start"": ""2016-05-13 13:45:00+00:00"", ""end"": ""2016-10-05 18:45:00+00:00""}, {""split"": ""validation"", ""start"": ""2016-10-05 19:00:00+00:00"", ""end"": ""2016-11-14 09:15:00+00:00""}, {""split"": ""calibration"", ""start"": ""2016-11-14 09:30:00+00:00"", ""end"": ""2016-12-23 23:45:00+00:00""}, {""split"": ""test"", ""start"": ""2016-12-24 00:00:00+00:00"", ""end"": ""2017-02-01 14:30:00+00:00""}]"
15,11,pipeline,preprocessing.seeds,"[11, 23, 37, 53, 71]"
15,11,pipeline,preprocessing.n_origins,5
15,11,pipeline,preprocessing.horizons,"[1, 4]"
15,11,pipeline,preprocessing.max_endpoint_age_seconds,180
15,11,pipeline,preprocessing.lags,"[1, 2, 4, 8, 16, 32, 92, 95, 96]"
15,11,pipeline,preprocessing.rolling_windows,"[4, 16, 96]"
15,11,pipeline,preprocessing.graph_neighbors,4
15,11,pipeline,preprocessing.threads,4
15,11,pipeline,preprocessing.alpha,0.1
15,11,pipeline,preprocessing.target_definition,"""Rate from the two most recent original cumulative snapshots at successive 15-minute calendar boundaries, divided by their actual elapsed duration. Endpoints are at most 180 s old. This is measurement-derived, asynchronously aligned interval power, not an exact synchronous 15-minute energy measurement."""
15,11,pipeline,training_row_cap,36000
15,11,pipeline,hgb_candidates,"[{""max_iter"": 180, ""learning_rate"": 0.05, ""max_leaf_nodes"": 31, ""l2_regularization"": 0.05}, {""max_iter"": 240, ""learning_rate"": 0.035, ""max_leaf_nodes"": 45, ""l2_regularization"": 0.1}]"
15,11,pipeline,extratrees.n_estimators,70
15,11,pipeline,extratrees.max_depth,18
15,11,pipeline,extratrees.min_samples_leaf,4
15,11,pipeline,residual.max_iter,90
15,11,pipeline,residual.learning_rate,0.04
15,11,pipeline,residual.max_leaf_nodes,23
15,11,pipeline,residual.l2_regularization,0.08
15,11,pipeline,quantile.max_iter,190
15,11,pipeline,quantile.learning_rate,0.045
15,11,pipeline,quantile.max_leaf_nodes,45
15,11,pipeline,quantile.l2_regularization,0.08
15,11,pipeline,anchor.max_iter,180
15,11,pipeline,anchor.learning_rate,0.05
15,11,pipeline,anchor.max_leaf_nodes,31
15,11,pipeline,anchor.l2_regularization,0.05
15,11,pipeline,robust_extratrees.n_estimators,80
15,11,pipeline,robust_extratrees.max_depth,20
15,11,pipeline,robust_extratrees.min_samples_leaf,4
15,11,pipeline,quantiles,"[0.05, 0.5, 0.95]"
15,11,pipeline,blend_grid_step,0.1
15,11,pipeline,residual_weak_weight_bonus,0.75
15,11,pipeline,residual_fit,"""in_sample_training_residuals; retained from the actual tree implementation, not out-of-fold residuals"""
15,11,pipeline,quality_weight,"""clip((clip(1-.45*channel_missingness-.35*net_missing-.20*anomaly,.05,1))/(1+.1*gap_length),.03,1)"""
15,11,pipeline,empirical_bounds.lower.industrial1,-40.826118633994454
15,11,pipeline,empirical_bounds.lower.industrial2,-1.4721990537436036
15,11,pipeline,empirical_bounds.lower.industrial3,-7.280149144964348
15,11,pipeline,empirical_bounds.lower.residential1,-0.4634142430999044
15,11,pipeline,empirical_bounds.lower.residential2,-0.5038150898765311
15,11,pipeline,empirical_bounds.lower.residential3,-4.975178187194976
15,11,pipeline,empirical_bounds.lower.residential4,-11.90928867381799
15,11,pipeline,empirical_bounds.lower.residential5,-0.35501523004782254
15,11,pipeline,empirical_bounds.lower.residential6,-5.109749503053665
15,11,pipeline,empirical_bounds.upper.industrial1,187.77043113399435
15,11,pipeline,empirical_bounds.upper.industrial2,7.005949053743658
15,11,pipeline,empirical_bounds.upper.industrial3,251.17531895628517
15,11,pipeline,empirical_bounds.upper.residential1,5.577242368100002
15,11,pipeline,empirical_bounds.upper.residential2,3.599721838861748
15,11,pipeline,empirical_bounds.upper.residential3,4.914834437194976
15,11,pipeline,empirical_bounds.upper.residential4,5.831452104271738
15,11,pipeline,empirical_bounds.upper.residential5,2.62082963888814
15,11,pipeline,empirical_bounds.upper.residential6,3.4920827942388812
15,11,pipeline,conformal_alpha,0.1
15,11,pipeline,hgb_random_state,0
15,11,pipeline,hgb_early_stopping,false
15,11,pipeline,validation_regime_bias,false
15,11,pipeline,graph.neighbors,4
15,11,pipeline,graph.self_edges,false
15,11,pipeline,graph.positive_train_correlation_only,true
15,11,pipeline,graph.min_pairwise_observations,500
15,11,pipeline,regime_thresholds.weak_min_abs_ramp_kw,0.02
15,11,pipeline,regime_thresholds.weak_train_abs_ramp_quantile,0.35
15,11,pipeline,regime_thresholds.rapid_train_abs_ramp_quantile,0.85
15,11,pipeline,regime_thresholds.pv_train_quantiles,"[0.3, 0.7]"
15,11,pipeline,anomaly_screen.train_quantile,0.99
15,11,pipeline,anomaly_screen.multiplier,20.0
15,11,pipeline,horizon_minutes,15
15,11,pipeline,seed,11
15,11,pipeline,variant,"""full"""
15,11,pipeline,hgb_weight,0.4
15,11,pipeline,point_weights.deterministic,0.1
15,11,pipeline,point_weights.quantile_median,0.4
15,11,pipeline,point_weights.anchor,0.1
15,11,pipeline,point_weights.robust,0.4
15,11,pipeline,validation_MAE,1.1797679141542998
15,11,pipeline,training_row_hash,"""e5b8f8ecb2203dc780cbb17fa2964d5d53badbaaaed0e3d1ef809bb26d850c17"""
15,11,pipeline,selected_features,"[""net_load_kw"", ""pv_power_kw"", ""missingness_ratio"", ""storage_charge_kw"", ""storage_decharge_kw"", ""ev_kw"", ""heat_pump_kw"", ""raw_anomaly_flag"", ""input_missing_flag"", ""gap_length"", ""data_quality_score"", ""imputed_value_confidence_weight"", ""hour"", ""dayofweek"", ""month"", ""is_weekend"", ""hour_sin"", ""hour_cos"", ""dayofweek_sin"", ""dayofweek_cos"", ""month_sin"", ""month_cos"", ""lag_1_net_load_kw"", ""lag_1_pv_power_kw"", ""lag_2_net_load_kw"", ""lag_2_pv_power_kw"", ""lag_4_net_load_kw"", ""lag_4_pv_power_kw"", ""lag_8_net_load_kw"", ""lag_8_pv_power_kw"", ""lag_16_net_load_kw"", ""lag_16_pv_power_kw"", ""lag_32_net_load_kw"", ""lag_32_pv_power_kw"", ""lag_92_net_load_kw"", ""lag_92_pv_power_kw"", ""lag_95_net_load_kw"", ""lag_95_pv_power_kw"", ""lag_96_net_load_kw"", ""lag_96_pv_power_kw"", ""rolling_mean_4"", ""rolling_std_4"", ""rolling_min_4"", ""rolling_max_4"", ""rolling_mean_16"", ""rolling_std_16"", ""rolling_min_16"", ""rolling_max_16"", ""rolling_mean_96"", ""rolling_std_96"", ""rolling_min_96"", ""rolling_max_96"", ""net_load_ramp_kw"", ""ramp_scale"", ""rapid_ramp_flag"", ""weak_signal_regime"", ""high_interpolation_regime"", ""pv_regime"", ""persistence"", ""graph_neighbor_net_load_kw"", ""graph_neighbor_pv_power_kw"", ""graph_net_load_difference_kw"", ""seasonal_reference_h1"", ""seasonal_reference_h4"", ""site"", ""building_type""]"
15,11,pipeline,empirical_bounds_rule.quantiles,"[0.001, 0.999]"
15,11,pipeline,empirical_bounds_rule.std_multiplier,1.5
15,11,pipeline,empirical_bounds_rule.physical_capacity_claim,false
15,23,pipeline,revision,"""raw_causal_tree_ensemble_v1"""
15,23,pipeline,preprocessing.revision,"""raw_causal_v1"""
15,23,pipeline,preprocessing.sites,"[""industrial1"", ""industrial2"", ""industrial3"", ""residential1"", ""residential2"", ""residential3"", ""residential4"", ""residential5"", ""residential6""]"
15,23,pipeline,preprocessing.excluded_primary_sites,"[""public1"", ""public2""]"
15,23,pipeline,preprocessing.cohort_reason,"""No 11-site common interval; industrial/residential nine-site common cohort selected from availability, not outcomes."""
15,23,pipeline,preprocessing.splits,"[{""split"": ""train"", ""start"": ""2016-05-13 13:45:00+00:00"", ""end"": ""2016-10-05 18:45:00+00:00""}, {""split"": ""validation"", ""start"": ""2016-10-05 19:00:00+00:00"", ""end"": ""2016-11-14 09:15:00+00:00""}, {""split"": ""calibration"", ""start"": ""2016-11-14 09:30:00+00:00"", ""end"": ""2016-12-23 23:45:00+00:00""}, {""split"": ""test"", ""start"": ""2016-12-24 00:00:00+00:00"", ""end"": ""2017-02-01 14:30:00+00:00""}]"
15,23,pipeline,preprocessing.seeds,"[11, 23, 37, 53, 71]"
15,23,pipeline,preprocessing.n_origins,5
15,23,pipeline,preprocessing.horizons,"[1, 4]"
15,23,pipeline,preprocessing.max_endpoint_age_seconds,180
15,23,pipeline,preprocessing.lags,"[1, 2, 4, 8, 16, 32, 92, 95, 96]"
15,23,pipeline,preprocessing.rolling_windows,"[4, 16, 96]"
15,23,pipeline,preprocessing.graph_neighbors,4
15,23,pipeline,preprocessing.threads,4
15,23,pipeline,preprocessing.alpha,0.1
15,23,pipeline,preprocessing.target_definition,"""Rate from the two most recent original cumulative snapshots at successive 15-minute calendar boundaries, divided by their actual elapsed duration. Endpoints are at most 180 s old. This is measurement-derived, asynchronously aligned interval power, not an exact synchronous 15-minute energy measurement."""
15,23,pipeline,training_row_cap,36000
15,23,pipeline,hgb_candidates,"[{""max_iter"": 180, ""learning_rate"": 0.05, ""max_leaf_nodes"": 31, ""l2_regularization"": 0.05}, {""max_iter"": 240, ""learning_rate"": 0.035, ""max_leaf_nodes"": 45, ""l2_regularization"": 0.1}]"
15,23,pipeline,extratrees.n_estimators,70
15,23,pipeline,extratrees.max_depth,18
15,23,pipeline,extratrees.min_samples_leaf,4
15,23,pipeline,residual.max_iter,90
15,23,pipeline,residual.learning_rate,0.04
15,23,pipeline,residual.max_leaf_nodes,23
15,23,pipeline,residual.l2_regularization,0.08
15,23,pipeline,quantile.max_iter,190
15,23,pipeline,quantile.learning_rate,0.045
15,23,pipeline,quantile.max_leaf_nodes,45
15,23,pipeline,quantile.l2_regularization,0.08
15,23,pipeline,anchor.max_iter,180
15,23,pipeline,anchor.learning_rate,0.05
15,23,pipeline,anchor.max_leaf_nodes,31
15,23,pipeline,anchor.l2_regularization,0.05
15,23,pipeline,robust_extratrees.n_estimators,80
15,23,pipeline,robust_extratrees.max_depth,20
15,23,pipeline,robust_extratrees.min_samples_leaf,4
15,23,pipeline,quantiles,"[0.05, 0.5, 0.95]"
15,23,pipeline,blend_grid_step,0.1
15,23,pipeline,residual_weak_weight_bonus,0.75
15,23,pipeline,residual_fit,"""in_sample_training_residuals; retained from the actual tree implementation, not out-of-fold residuals"""
15,23,pipeline,quality_weight,"""clip((clip(1-.45*channel_missingness-.35*net_missing-.20*anomaly,.05,1))/(1+.1*gap_length),.03,1)"""
15,23,pipeline,empirical_bounds.lower.industrial1,-40.826118633994454
15,23,pipeline,empirical_bounds.lower.industrial2,-1.4721990537436036
15,23,pipeline,empirical_bounds.lower.industrial3,-7.280149144964348
15,23,pipeline,empirical_bounds.lower.residential1,-0.4634142430999044
15,23,pipeline,empirical_bounds.lower.residential2,-0.5038150898765311
15,23,pipeline,empirical_bounds.lower.residential3,-4.975178187194976
15,23,pipeline,empirical_bounds.lower.residential4,-11.90928867381799
15,23,pipeline,empirical_bounds.lower.residential5,-0.35501523004782254
15,23,pipeline,empirical_bounds.lower.residential6,-5.109749503053665
15,23,pipeline,empirical_bounds.upper.industrial1,187.77043113399435
15,23,pipeline,empirical_bounds.upper.industrial2,7.005949053743658
15,23,pipeline,empirical_bounds.upper.industrial3,251.17531895628517
15,23,pipeline,empirical_bounds.upper.residential1,5.577242368100002
15,23,pipeline,empirical_bounds.upper.residential2,3.599721838861748
15,23,pipeline,empirical_bounds.upper.residential3,4.914834437194976
15,23,pipeline,empirical_bounds.upper.residential4,5.831452104271738
15,23,pipeline,empirical_bounds.upper.residential5,2.62082963888814
15,23,pipeline,empirical_bounds.upper.residential6,3.4920827942388812
15,23,pipeline,conformal_alpha,0.1
15,23,pipeline,hgb_random_state,0
15,23,pipeline,hgb_early_stopping,false
15,23,pipeline,validation_regime_bias,false
15,23,pipeline,graph.neighbors,4
15,23,pipeline,graph.self_edges,false
15,23,pipeline,graph.positive_train_correlation_only,true
15,23,pipeline,graph.min_pairwise_observations,500
15,23,pipeline,regime_thresholds.weak_min_abs_ramp_kw,0.02
15,23,pipeline,regime_thresholds.weak_train_abs_ramp_quantile,0.35
15,23,pipeline,regime_thresholds.rapid_train_abs_ramp_quantile,0.85
15,23,pipeline,regime_thresholds.pv_train_quantiles,"[0.3, 0.7]"
15,23,pipeline,anomaly_screen.train_quantile,0.99
15,23,pipeline,anomaly_screen.multiplier,20.0
15,23,pipeline,horizon_minutes,15
15,23,pipeline,seed,23
15,23,pipeline,variant,"""full"""
15,23,pipeline,hgb_weight,0.4
15,23,pipeline,point_weights.deterministic,0.1
15,23,pipeline,point_weights.quantile_median,0.4
15,23,pipeline,point_weights.anchor,0.1
15,23,pipeline,point_weights.robust,0.4
15,23,pipeline,validation_MAE,1.1794849868867572
15,23,pipeline,training_row_hash,"""e5b8f8ecb2203dc780cbb17fa2964d5d53badbaaaed0e3d1ef809bb26d850c17"""
15,23,pipeline,selected_features,"[""net_load_kw"", ""pv_power_kw"", ""missingness_ratio"", ""storage_charge_kw"", ""storage_decharge_kw"", ""ev_kw"", ""heat_pump_kw"", ""raw_anomaly_flag"", ""input_missing_flag"", ""gap_length"", ""data_quality_score"", ""imputed_value_confidence_weight"", ""hour"", ""dayofweek"", ""month"", ""is_weekend"", ""hour_sin"", ""hour_cos"", ""dayofweek_sin"", ""dayofweek_cos"", ""month_sin"", ""month_cos"", ""lag_1_net_load_kw"", ""lag_1_pv_power_kw"", ""lag_2_net_load_kw"", ""lag_2_pv_power_kw"", ""lag_4_net_load_kw"", ""lag_4_pv_power_kw"", ""lag_8_net_load_kw"", ""lag_8_pv_power_kw"", ""lag_16_net_load_kw"", ""lag_16_pv_power_kw"", ""lag_32_net_load_kw"", ""lag_32_pv_power_kw"", ""lag_92_net_load_kw"", ""lag_92_pv_power_kw"", ""lag_95_net_load_kw"", ""lag_95_pv_power_kw"", ""lag_96_net_load_kw"", ""lag_96_pv_power_kw"", ""rolling_mean_4"", ""rolling_std_4"", ""rolling_min_4"", ""rolling_max_4"", ""rolling_mean_16"", ""rolling_std_16"", ""rolling_min_16"", ""rolling_max_16"", ""rolling_mean_96"", ""rolling_std_96"", ""rolling_min_96"", ""rolling_max_96"", ""net_load_ramp_kw"", ""ramp_scale"", ""rapid_ramp_flag"", ""weak_signal_regime"", ""high_interpolation_regime"", ""pv_regime"", ""persistence"", ""graph_neighbor_net_load_kw"", ""graph_neighbor_pv_power_kw"", ""graph_net_load_difference_kw"", ""seasonal_reference_h1"", ""seasonal_reference_h4"", ""site"", ""building_type""]"
15,23,pipeline,empirical_bounds_rule.quantiles,"[0.001, 0.999]"
15,23,pipeline,empirical_bounds_rule.std_multiplier,1.5
15,23,pipeline,empirical_bounds_rule.physical_capacity_claim,false
15,37,pipeline,revision,"""raw_causal_tree_ensemble_v1"""
15,37,pipeline,preprocessing.revision,"""raw_causal_v1"""
15,37,pipeline,preprocessing.sites,"[""industrial1"", ""industrial2"", ""industrial3"", ""residential1"", ""residential2"", ""residential3"", ""residential4"", ""residential5"", ""residential6""]"
15,37,pipeline,preprocessing.excluded_primary_sites,"[""public1"", ""public2""]"
15,37,pipeline,preprocessing.cohort_reason,"""No 11-site common interval; industrial/residential nine-site common cohort selected from availability, not outcomes."""
15,37,pipeline,preprocessing.splits,"[{""split"": ""train"", ""start"": ""2016-05-13 13:45:00+00:00"", ""end"": ""2016-10-05 18:45:00+00:00""}, {""split"": ""validation"", ""start"": ""2016-10-05 19:00:00+00:00"", ""end"": ""2016-11-14 09:15:00+00:00""}, {""split"": ""calibration"", ""start"": ""2016-11-14 09:30:00+00:00"", ""end"": ""2016-12-23 23:45:00+00:00""}, {""split"": ""test"", ""start"": ""2016-12-24 00:00:00+00:00"", ""end"": ""2017-02-01 14:30:00+00:00""}]"
15,37,pipeline,preprocessing.seeds,"[11, 23, 37, 53, 71]"
15,37,pipeline,preprocessing.n_origins,5
15,37,pipeline,preprocessing.horizons,"[1, 4]"
15,37,pipeline,preprocessing.max_endpoint_age_seconds,180
15,37,pipeline,preprocessing.lags,"[1, 2, 4, 8, 16, 32, 92, 95, 96]"
15,37,pipeline,preprocessing.rolling_windows,"[4, 16, 96]"
15,37,pipeline,preprocessing.graph_neighbors,4
15,37,pipeline,preprocessing.threads,4
15,37,pipeline,preprocessing.alpha,0.1
15,37,pipeline,preprocessing.target_definition,"""Rate from the two most recent original cumulative snapshots at successive 15-minute calendar boundaries, divided by their actual elapsed duration. Endpoints are at most 180 s old. This is measurement-derived, asynchronously aligned interval power, not an exact synchronous 15-minute energy measurement."""
15,37,pipeline,training_row_cap,36000
15,37,pipeline,hgb_candidates,"[{""max_iter"": 180, ""learning_rate"": 0.05, ""max_leaf_nodes"": 31, ""l2_regularization"": 0.05}, {""max_iter"": 240, ""learning_rate"": 0.035, ""max_leaf_nodes"": 45, ""l2_regularization"": 0.1}]"
15,37,pipeline,extratrees.n_estimators,70
15,37,pipeline,extratrees.max_depth,18
15,37,pipeline,extratrees.min_samples_leaf,4
15,37,pipeline,residual.max_iter,90
15,37,pipeline,residual.learning_rate,0.04
15,37,pipeline,residual.max_leaf_nodes,23
15,37,pipeline,residual.l2_regularization,0.08
15,37,pipeline,quantile.max_iter,190
15,37,pipeline,quantile.learning_rate,0.045
15,37,pipeline,quantile.max_leaf_nodes,45
15,37,pipeline,quantile.l2_regularization,0.08
15,37,pipeline,anchor.max_iter,180
15,37,pipeline,anchor.learning_rate,0.05
15,37,pipeline,anchor.max_leaf_nodes,31
15,37,pipeline,anchor.l2_regularization,0.05
15,37,pipeline,robust_extratrees.n_estimators,80
15,37,pipeline,robust_extratrees.max_depth,20
15,37,pipeline,robust_extratrees.min_samples_leaf,4
15,37,pipeline,quantiles,"[0.05, 0.5, 0.95]"
15,37,pipeline,blend_grid_step,0.1
15,37,pipeline,residual_weak_weight_bonus,0.75
15,37,pipeline,residual_fit,"""in_sample_training_residuals; retained from the actual tree implementation, not out-of-fold residuals"""
15,37,pipeline,quality_weight,"""clip((clip(1-.45*channel_missingness-.35*net_missing-.20*anomaly,.05,1))/(1+.1*gap_length),.03,1)"""
15,37,pipeline,empirical_bounds.lower.industrial1,-40.826118633994454
15,37,pipeline,empirical_bounds.lower.industrial2,-1.4721990537436036
15,37,pipeline,empirical_bounds.lower.industrial3,-7.280149144964348
15,37,pipeline,empirical_bounds.lower.residential1,-0.4634142430999044
15,37,pipeline,empirical_bounds.lower.residential2,-0.5038150898765311
15,37,pipeline,empirical_bounds.lower.residential3,-4.975178187194976
15,37,pipeline,empirical_bounds.lower.residential4,-11.90928867381799
15,37,pipeline,empirical_bounds.lower.residential5,-0.35501523004782254
15,37,pipeline,empirical_bounds.lower.residential6,-5.109749503053665
15,37,pipeline,empirical_bounds.upper.industrial1,187.77043113399435
15,37,pipeline,empirical_bounds.upper.industrial2,7.005949053743658
15,37,pipeline,empirical_bounds.upper.industrial3,251.17531895628517
15,37,pipeline,empirical_bounds.upper.residential1,5.577242368100002
15,37,pipeline,empirical_bounds.upper.residential2,3.599721838861748
15,37,pipeline,empirical_bounds.upper.residential3,4.914834437194976
15,37,pipeline,empirical_bounds.upper.residential4,5.831452104271738
15,37,pipeline,empirical_bounds.upper.residential5,2.62082963888814
15,37,pipeline,empirical_bounds.upper.residential6,3.4920827942388812
15,37,pipeline,conformal_alpha,0.1
15,37,pipeline,hgb_random_state,0
15,37,pipeline,hgb_early_stopping,false
15,37,pipeline,validation_regime_bias,false
15,37,pipeline,graph.neighbors,4
15,37,pipeline,graph.self_edges,false
15,37,pipeline,graph.positive_train_correlation_only,true
15,37,pipeline,graph.min_pairwise_observations,500
15,37,pipeline,regime_thresholds.weak_min_abs_ramp_kw,0.02
15,37,pipeline,regime_thresholds.weak_train_abs_ramp_quantile,0.35
15,37,pipeline,regime_thresholds.rapid_train_abs_ramp_quantile,0.85
15,37,pipeline,regime_thresholds.pv_train_quantiles,"[0.3, 0.7]"
15,37,pipeline,anomaly_screen.train_quantile,0.99
15,37,pipeline,anomaly_screen.multiplier,20.0
15,37,pipeline,horizon_minutes,15
15,37,pipeline,seed,37
15,37,pipeline,variant,"""full"""
15,37,pipeline,hgb_weight,0.4
15,37,pipeline,point_weights.deterministic,0.3
15,37,pipeline,point_weights.quantile_median,0.4
15,37,pipeline,point_weights.anchor,0.0
15,37,pipeline,point_weights.robust,0.3
15,37,pipeline,validation_MAE,1.180538442506393
15,37,pipeline,training_row_hash,"""e5b8f8ecb2203dc780cbb17fa2964d5d53badbaaaed0e3d1ef809bb26d850c17"""
15,37,pipeline,selected_features,"[""net_load_kw"", ""pv_power_kw"", ""missingness_ratio"", ""storage_charge_kw"", ""storage_decharge_kw"", ""ev_kw"", ""heat_pump_kw"", ""raw_anomaly_flag"", ""input_missing_flag"", ""gap_length"", ""data_quality_score"", ""imputed_value_confidence_weight"", ""hour"", ""dayofweek"", ""month"", ""is_weekend"", ""hour_sin"", ""hour_cos"", ""dayofweek_sin"", ""dayofweek_cos"", ""month_sin"", ""month_cos"", ""lag_1_net_load_kw"", ""lag_1_pv_power_kw"", ""lag_2_net_load_kw"", ""lag_2_pv_power_kw"", ""lag_4_net_load_kw"", ""lag_4_pv_power_kw"", ""lag_8_net_load_kw"", ""lag_8_pv_power_kw"", ""lag_16_net_load_kw"", ""lag_16_pv_power_kw"", ""lag_32_net_load_kw"", ""lag_32_pv_power_kw"", ""lag_92_net_load_kw"", ""lag_92_pv_power_kw"", ""lag_95_net_load_kw"", ""lag_95_pv_power_kw"", ""lag_96_net_load_kw"", ""lag_96_pv_power_kw"", ""rolling_mean_4"", ""rolling_std_4"", ""rolling_min_4"", ""rolling_max_4"", ""rolling_mean_16"", ""rolling_std_16"", ""rolling_min_16"", ""rolling_max_16"", ""rolling_mean_96"", ""rolling_std_96"", ""rolling_min_96"", ""rolling_max_96"", ""net_load_ramp_kw"", ""ramp_scale"", ""rapid_ramp_flag"", ""weak_signal_regime"", ""high_interpolation_regime"", ""pv_regime"", ""persistence"", ""graph_neighbor_net_load_kw"", ""graph_neighbor_pv_power_kw"", ""graph_net_load_difference_kw"", ""seasonal_reference_h1"", ""seasonal_reference_h4"", ""site"", ""building_type""]"
15,37,pipeline,empirical_bounds_rule.quantiles,"[0.001, 0.999]"
15,37,pipeline,empirical_bounds_rule.std_multiplier,1.5
15,37,pipeline,empirical_bounds_rule.physical_capacity_claim,false
15,53,pipeline,revision,"""raw_causal_tree_ensemble_v1"""
15,53,pipeline,preprocessing.revision,"""raw_causal_v1"""
15,53,pipeline,preprocessing.sites,"[""industrial1"", ""industrial2"", ""industrial3"", ""residential1"", ""residential2"", ""residential3"", ""residential4"", ""residential5"", ""residential6""]"
15,53,pipeline,preprocessing.excluded_primary_sites,"[""public1"", ""public2""]"
15,53,pipeline,preprocessing.cohort_reason,"""No 11-site common interval; industrial/residential nine-site common cohort selected from availability, not outcomes."""
15,53,pipeline,preprocessing.splits,"[{""split"": ""train"", ""start"": ""2016-05-13 13:45:00+00:00"", ""end"": ""2016-10-05 18:45:00+00:00""}, {""split"": ""validation"", ""start"": ""2016-10-05 19:00:00+00:00"", ""end"": ""2016-11-14 09:15:00+00:00""}, {""split"": ""calibration"", ""start"": ""2016-11-14 09:30:00+00:00"", ""end"": ""2016-12-23 23:45:00+00:00""}, {""split"": ""test"", ""start"": ""2016-12-24 00:00:00+00:00"", ""end"": ""2017-02-01 14:30:00+00:00""}]"
15,53,pipeline,preprocessing.seeds,"[11, 23, 37, 53, 71]"
15,53,pipeline,preprocessing.n_origins,5
15,53,pipeline,preprocessing.horizons,"[1, 4]"
15,53,pipeline,preprocessing.max_endpoint_age_seconds,180
15,53,pipeline,preprocessing.lags,"[1, 2, 4, 8, 16, 32, 92, 95, 96]"
15,53,pipeline,preprocessing.rolling_windows,"[4, 16, 96]"
15,53,pipeline,preprocessing.graph_neighbors,4
15,53,pipeline,preprocessing.threads,4
15,53,pipeline,preprocessing.alpha,0.1
15,53,pipeline,preprocessing.target_definition,"""Rate from the two most recent original cumulative snapshots at successive 15-minute calendar boundaries, divided by their actual elapsed duration. Endpoints are at most 180 s old. This is measurement-derived, asynchronously aligned interval power, not an exact synchronous 15-minute energy measurement."""
15,53,pipeline,training_row_cap,36000
15,53,pipeline,hgb_candidates,"[{""max_iter"": 180, ""learning_rate"": 0.05, ""max_leaf_nodes"": 31, ""l2_regularization"": 0.05}, {""max_iter"": 240, ""learning_rate"": 0.035, ""max_leaf_nodes"": 45, ""l2_regularization"": 0.1}]"
15,53,pipeline,extratrees.n_estimators,70
15,53,pipeline,extratrees.max_depth,18
15,53,pipeline,extratrees.min_samples_leaf,4
15,53,pipeline,residual.max_iter,90
15,53,pipeline,residual.learning_rate,0.04
15,53,pipeline,residual.max_leaf_nodes,23
15,53,pipeline,residual.l2_regularization,0.08
15,53,pipeline,quantile.max_iter,190
15,53,pipeline,quantile.learning_rate,0.045
15,53,pipeline,quantile.max_leaf_nodes,45
15,53,pipeline,quantile.l2_regularization,0.08
15,53,pipeline,anchor.max_iter,180
15,53,pipeline,anchor.learning_rate,0.05
15,53,pipeline,anchor.max_leaf_nodes,31
15,53,pipeline,anchor.l2_regularization,0.05
15,53,pipeline,robust_extratrees.n_estimators,80
15,53,pipeline,robust_extratrees.max_depth,20
15,53,pipeline,robust_extratrees.min_samples_leaf,4
15,53,pipeline,quantiles,"[0.05, 0.5, 0.95]"
15,53,pipeline,blend_grid_step,0.1
15,53,pipeline,residual_weak_weight_bonus,0.75
15,53,pipeline,residual_fit,"""in_sample_training_residuals; retained from the actual tree implementation, not out-of-fold residuals"""
15,53,pipeline,quality_weight,"""clip((clip(1-.45*channel_missingness-.35*net_missing-.20*anomaly,.05,1))/(1+.1*gap_length),.03,1)"""
15,53,pipeline,empirical_bounds.lower.industrial1,-40.826118633994454
15,53,pipeline,empirical_bounds.lower.industrial2,-1.4721990537436036
15,53,pipeline,empirical_bounds.lower.industrial3,-7.280149144964348
15,53,pipeline,empirical_bounds.lower.residential1,-0.4634142430999044
15,53,pipeline,empirical_bounds.lower.residential2,-0.5038150898765311
15,53,pipeline,empirical_bounds.lower.residential3,-4.975178187194976
15,53,pipeline,empirical_bounds.lower.residential4,-11.90928867381799
15,53,pipeline,empirical_bounds.lower.residential5,-0.35501523004782254
15,53,pipeline,empirical_bounds.lower.residential6,-5.109749503053665
15,53,pipeline,empirical_bounds.upper.industrial1,187.77043113399435
15,53,pipeline,empirical_bounds.upper.industrial2,7.005949053743658
15,53,pipeline,empirical_bounds.upper.industrial3,251.17531895628517
15,53,pipeline,empirical_bounds.upper.residential1,5.577242368100002
15,53,pipeline,empirical_bounds.upper.residential2,3.599721838861748
15,53,pipeline,empirical_bounds.upper.residential3,4.914834437194976
15,53,pipeline,empirical_bounds.upper.residential4,5.831452104271738
15,53,pipeline,empirical_bounds.upper.residential5,2.62082963888814
15,53,pipeline,empirical_bounds.upper.residential6,3.4920827942388812
15,53,pipeline,conformal_alpha,0.1
15,53,pipeline,hgb_random_state,0
15,53,pipeline,hgb_early_stopping,false
15,53,pipeline,validation_regime_bias,false
15,53,pipeline,graph.neighbors,4
15,53,pipeline,graph.self_edges,false
15,53,pipeline,graph.positive_train_correlation_only,true
15,53,pipeline,graph.min_pairwise_observations,500
15,53,pipeline,regime_thresholds.weak_min_abs_ramp_kw,0.02
15,53,pipeline,regime_thresholds.weak_train_abs_ramp_quantile,0.35
15,53,pipeline,regime_thresholds.rapid_train_abs_ramp_quantile,0.85
15,53,pipeline,regime_thresholds.pv_train_quantiles,"[0.3, 0.7]"
15,53,pipeline,anomaly_screen.train_quantile,0.99
15,53,pipeline,anomaly_screen.multiplier,20.0
15,53,pipeline,horizon_minutes,15
15,53,pipeline,seed,53
15,53,pipeline,variant,"""full"""
15,53,pipeline,hgb_weight,0.4
15,53,pipeline,point_weights.deterministic,0.2
15,53,pipeline,point_weights.quantile_median,0.4
15,53,pipeline,point_weights.anchor,0.1
15,53,pipeline,point_weights.robust,0.3
15,53,pipeline,validation_MAE,1.1782760557189145
15,53,pipeline,training_row_hash,"""e5b8f8ecb2203dc780cbb17fa2964d5d53badbaaaed0e3d1ef809bb26d850c17"""
15,53,pipeline,selected_features,"[""net_load_kw"", ""pv_power_kw"", ""missingness_ratio"", ""storage_charge_kw"", ""storage_decharge_kw"", ""ev_kw"", ""heat_pump_kw"", ""raw_anomaly_flag"", ""input_missing_flag"", ""gap_length"", ""data_quality_score"", ""imputed_value_confidence_weight"", ""hour"", ""dayofweek"", ""month"", ""is_weekend"", ""hour_sin"", ""hour_cos"", ""dayofweek_sin"", ""dayofweek_cos"", ""month_sin"", ""month_cos"", ""lag_1_net_load_kw"", ""lag_1_pv_power_kw"", ""lag_2_net_load_kw"", ""lag_2_pv_power_kw"", ""lag_4_net_load_kw"", ""lag_4_pv_power_kw"", ""lag_8_net_load_kw"", ""lag_8_pv_power_kw"", ""lag_16_net_load_kw"", ""lag_16_pv_power_kw"", ""lag_32_net_load_kw"", ""lag_32_pv_power_kw"", ""lag_92_net_load_kw"", ""lag_92_pv_power_kw"", ""lag_95_net_load_kw"", ""lag_95_pv_power_kw"", ""lag_96_net_load_kw"", ""lag_96_pv_power_kw"", ""rolling_mean_4"", ""rolling_std_4"", ""rolling_min_4"", ""rolling_max_4"", ""rolling_mean_16"", ""rolling_std_16"", ""rolling_min_16"", ""rolling_max_16"", ""rolling_mean_96"", ""rolling_std_96"", ""rolling_min_96"", ""rolling_max_96"", ""net_load_ramp_kw"", ""ramp_scale"", ""rapid_ramp_flag"", ""weak_signal_regime"", ""high_interpolation_regime"", ""pv_regime"", ""persistence"", ""graph_neighbor_net_load_kw"", ""graph_neighbor_pv_power_kw"", ""graph_net_load_difference_kw"", ""seasonal_reference_h1"", ""seasonal_reference_h4"", ""site"", ""building_type""]"
15,53,pipeline,empirical_bounds_rule.quantiles,"[0.001, 0.999]"
15,53,pipeline,empirical_bounds_rule.std_multiplier,1.5
15,53,pipeline,empirical_bounds_rule.physical_capacity_claim,false
15,71,pipeline,revision,"""raw_causal_tree_ensemble_v1"""
15,71,pipeline,preprocessing.revision,"""raw_causal_v1"""
15,71,pipeline,preprocessing.sites,"[""industrial1"", ""industrial2"", ""industrial3"", ""residential1"", ""residential2"", ""residential3"", ""residential4"", ""residential5"", ""residential6""]"
15,71,pipeline,preprocessing.excluded_primary_sites,"[""public1"", ""public2""]"
15,71,pipeline,preprocessing.cohort_reason,"""No 11-site common interval; industrial/residential nine-site common cohort selected from availability, not outcomes."""
15,71,pipeline,preprocessing.splits,"[{""split"": ""train"", ""start"": ""2016-05-13 13:45:00+00:00"", ""end"": ""2016-10-05 18:45:00+00:00""}, {""split"": ""validation"", ""start"": ""2016-10-05 19:00:00+00:00"", ""end"": ""2016-11-14 09:15:00+00:00""}, {""split"": ""calibration"", ""start"": ""2016-11-14 09:30:00+00:00"", ""end"": ""2016-12-23 23:45:00+00:00""}, {""split"": ""test"", ""start"": ""2016-12-24 00:00:00+00:00"", ""end"": ""2017-02-01 14:30:00+00:00""}]"
15,71,pipeline,preprocessing.seeds,"[11, 23, 37, 53, 71]"
15,71,pipeline,preprocessing.n_origins,5
15,71,pipeline,preprocessing.horizons,"[1, 4]"
15,71,pipeline,preprocessing.max_endpoint_age_seconds,180
15,71,pipeline,preprocessing.lags,"[1, 2, 4, 8, 16, 32, 92, 95, 96]"
15,71,pipeline,preprocessing.rolling_windows,"[4, 16, 96]"
15,71,pipeline,preprocessing.graph_neighbors,4
15,71,pipeline,preprocessing.threads,4
15,71,pipeline,preprocessing.alpha,0.1
15,71,pipeline,preprocessing.target_definition,"""Rate from the two most recent original cumulative snapshots at successive 15-minute calendar boundaries, divided by their actual elapsed duration. Endpoints are at most 180 s old. This is measurement-derived, asynchronously aligned interval power, not an exact synchronous 15-minute energy measurement."""
15,71,pipeline,training_row_cap,36000
15,71,pipeline,hgb_candidates,"[{""max_iter"": 180, ""learning_rate"": 0.05, ""max_leaf_nodes"": 31, ""l2_regularization"": 0.05}, {""max_iter"": 240, ""learning_rate"": 0.035, ""max_leaf_nodes"": 45, ""l2_regularization"": 0.1}]"
15,71,pipeline,extratrees.n_estimators,70
15,71,pipeline,extratrees.max_depth,18
15,71,pipeline,extratrees.min_samples_leaf,4
15,71,pipeline,residual.max_iter,90
15,71,pipeline,residual.learning_rate,0.04
15,71,pipeline,residual.max_leaf_nodes,23
15,71,pipeline,residual.l2_regularization,0.08
15,71,pipeline,quantile.max_iter,190
15,71,pipeline,quantile.learning_rate,0.045
15,71,pipeline,quantile.max_leaf_nodes,45
15,71,pipeline,quantile.l2_regularization,0.08
15,71,pipeline,anchor.max_iter,180
15,71,pipeline,anchor.learning_rate,0.05
15,71,pipeline,anchor.max_leaf_nodes,31
15,71,pipeline,anchor.l2_regularization,0.05
15,71,pipeline,robust_extratrees.n_estimators,80
15,71,pipeline,robust_extratrees.max_depth,20
15,71,pipeline,robust_extratrees.min_samples_leaf,4
15,71,pipeline,quantiles,"[0.05, 0.5, 0.95]"
15,71,pipeline,blend_grid_step,0.1
15,71,pipeline,residual_weak_weight_bonus,0.75
15,71,pipeline,residual_fit,"""in_sample_training_residuals; retained from the actual tree implementation, not out-of-fold residuals"""
15,71,pipeline,quality_weight,"""clip((clip(1-.45*channel_missingness-.35*net_missing-.20*anomaly,.05,1))/(1+.1*gap_length),.03,1)"""
15,71,pipeline,empirical_bounds.lower.industrial1,-40.826118633994454
15,71,pipeline,empirical_bounds.lower.industrial2,-1.4721990537436036
15,71,pipeline,empirical_bounds.lower.industrial3,-7.280149144964348
15,71,pipeline,empirical_bounds.lower.residential1,-0.4634142430999044
15,71,pipeline,empirical_bounds.lower.residential2,-0.5038150898765311
15,71,pipeline,empirical_bounds.lower.residential3,-4.975178187194976
15,71,pipeline,empirical_bounds.lower.residential4,-11.90928867381799
15,71,pipeline,empirical_bounds.lower.residential5,-0.35501523004782254
15,71,pipeline,empirical_bounds.lower.residential6,-5.109749503053665
15,71,pipeline,empirical_bounds.upper.industrial1,187.77043113399435
15,71,pipeline,empirical_bounds.upper.industrial2,7.005949053743658
15,71,pipeline,empirical_bounds.upper.industrial3,251.17531895628517
15,71,pipeline,empirical_bounds.upper.residential1,5.577242368100002
15,71,pipeline,empirical_bounds.upper.residential2,3.599721838861748
15,71,pipeline,empirical_bounds.upper.residential3,4.914834437194976
15,71,pipeline,empirical_bounds.upper.residential4,5.831452104271738
15,71,pipeline,empirical_bounds.upper.residential5,2.62082963888814
15,71,pipeline,empirical_bounds.upper.residential6,3.4920827942388812
15,71,pipeline,conformal_alpha,0.1
15,71,pipeline,hgb_random_state,0
15,71,pipeline,hgb_early_stopping,false
15,71,pipeline,validation_regime_bias,false
15,71,pipeline,graph.neighbors,4
15,71,pipeline,graph.self_edges,false
15,71,pipeline,graph.positive_train_correlation_only,true
15,71,pipeline,graph.min_pairwise_observations,500
15,71,pipeline,regime_thresholds.weak_min_abs_ramp_kw,0.02
15,71,pipeline,regime_thresholds.weak_train_abs_ramp_quantile,0.35
15,71,pipeline,regime_thresholds.rapid_train_abs_ramp_quantile,0.85
15,71,pipeline,regime_thresholds.pv_train_quantiles,"[0.3, 0.7]"
15,71,pipeline,anomaly_screen.train_quantile,0.99
15,71,pipeline,anomaly_screen.multiplier,20.0
15,71,pipeline,horizon_minutes,15
15,71,pipeline,seed,71
15,71,pipeline,variant,"""full"""
15,71,pipeline,hgb_weight,0.4
15,71,pipeline,point_weights.deterministic,0.1
15,71,pipeline,point_weights.quantile_median,0.4
15,71,pipeline,point_weights.anchor,0.1
15,71,pipeline,point_weights.robust,0.4
15,71,pipeline,validation_MAE,1.1789066823270853
15,71,pipeline,training_row_hash,"""e5b8f8ecb2203dc780cbb17fa2964d5d53badbaaaed0e3d1ef809bb26d850c17"""
15,71,pipeline,selected_features,"[""net_load_kw"", ""pv_power_kw"", ""missingness_ratio"", ""storage_charge_kw"", ""storage_decharge_kw"", ""ev_kw"", ""heat_pump_kw"", ""raw_anomaly_flag"", ""input_missing_flag"", ""gap_length"", ""data_quality_score"", ""imputed_value_confidence_weight"", ""hour"", ""dayofweek"", ""month"", ""is_weekend"", ""hour_sin"", ""hour_cos"", ""dayofweek_sin"", ""dayofweek_cos"", ""month_sin"", ""month_cos"", ""lag_1_net_load_kw"", ""lag_1_pv_power_kw"", ""lag_2_net_load_kw"", ""lag_2_pv_power_kw"", ""lag_4_net_load_kw"", ""lag_4_pv_power_kw"", ""lag_8_net_load_kw"", ""lag_8_pv_power_kw"", ""lag_16_net_load_kw"", ""lag_16_pv_power_kw"", ""lag_32_net_load_kw"", ""lag_32_pv_power_kw"", ""lag_92_net_load_kw"", ""lag_92_pv_power_kw"", ""lag_95_net_load_kw"", ""lag_95_pv_power_kw"", ""lag_96_net_load_kw"", ""lag_96_pv_power_kw"", ""rolling_mean_4"", ""rolling_std_4"", ""rolling_min_4"", ""rolling_max_4"", ""rolling_mean_16"", ""rolling_std_16"", ""rolling_min_16"", ""rolling_max_16"", ""rolling_mean_96"", ""rolling_std_96"", ""rolling_min_96"", ""rolling_max_96"", ""net_load_ramp_kw"", ""ramp_scale"", ""rapid_ramp_flag"", ""weak_signal_regime"", ""high_interpolation_regime"", ""pv_regime"", ""persistence"", ""graph_neighbor_net_load_kw"", ""graph_neighbor_pv_power_kw"", ""graph_net_load_difference_kw"", ""seasonal_reference_h1"", ""seasonal_reference_h4"", ""site"", ""building_type""]"
15,71,pipeline,empirical_bounds_rule.quantiles,"[0.001, 0.999]"
15,71,pipeline,empirical_bounds_rule.std_multiplier,1.5
15,71,pipeline,empirical_bounds_rule.physical_capacity_claim,false
60,11,pipeline,revision,"""raw_causal_tree_ensemble_v1"""
60,11,pipeline,preprocessing.revision,"""raw_causal_v1"""
60,11,pipeline,preprocessing.sites,"[""industrial1"", ""industrial2"", ""industrial3"", ""residential1"", ""residential2"", ""residential3"", ""residential4"", ""residential5"", ""residential6""]"
60,11,pipeline,preprocessing.excluded_primary_sites,"[""public1"", ""public2""]"
60,11,pipeline,preprocessing.cohort_reason,"""No 11-site common interval; industrial/residential nine-site common cohort selected from availability, not outcomes."""
60,11,pipeline,preprocessing.splits,"[{""split"": ""train"", ""start"": ""2016-05-13 13:45:00+00:00"", ""end"": ""2016-10-05 18:45:00+00:00""}, {""split"": ""validation"", ""start"": ""2016-10-05 19:00:00+00:00"", ""end"": ""2016-11-14 09:15:00+00:00""}, {""split"": ""calibration"", ""start"": ""2016-11-14 09:30:00+00:00"", ""end"": ""2016-12-23 23:45:00+00:00""}, {""split"": ""test"", ""start"": ""2016-12-24 00:00:00+00:00"", ""end"": ""2017-02-01 14:30:00+00:00""}]"
60,11,pipeline,preprocessing.seeds,"[11, 23, 37, 53, 71]"
60,11,pipeline,preprocessing.n_origins,5
60,11,pipeline,preprocessing.horizons,"[1, 4]"
60,11,pipeline,preprocessing.max_endpoint_age_seconds,180
60,11,pipeline,preprocessing.lags,"[1, 2, 4, 8, 16, 32, 92, 95, 96]"
60,11,pipeline,preprocessing.rolling_windows,"[4, 16, 96]"
60,11,pipeline,preprocessing.graph_neighbors,4
60,11,pipeline,preprocessing.threads,4
60,11,pipeline,preprocessing.alpha,0.1
60,11,pipeline,preprocessing.target_definition,"""Rate from the two most recent original cumulative snapshots at successive 15-minute calendar boundaries, divided by their actual elapsed duration. Endpoints are at most 180 s old. This is measurement-derived, asynchronously aligned interval power, not an exact synchronous 15-minute energy measurement."""
60,11,pipeline,training_row_cap,36000
60,11,pipeline,hgb_candidates,"[{""max_iter"": 180, ""learning_rate"": 0.05, ""max_leaf_nodes"": 31, ""l2_regularization"": 0.05}, {""max_iter"": 240, ""learning_rate"": 0.035, ""max_leaf_nodes"": 45, ""l2_regularization"": 0.1}]"
60,11,pipeline,extratrees.n_estimators,70
60,11,pipeline,extratrees.max_depth,18
60,11,pipeline,extratrees.min_samples_leaf,4
60,11,pipeline,residual.max_iter,90
60,11,pipeline,residual.learning_rate,0.04
60,11,pipeline,residual.max_leaf_nodes,23
60,11,pipeline,residual.l2_regularization,0.08
60,11,pipeline,quantile.max_iter,190
60,11,pipeline,quantile.learning_rate,0.045
60,11,pipeline,quantile.max_leaf_nodes,45
60,11,pipeline,quantile.l2_regularization,0.08
60,11,pipeline,anchor.max_iter,180
60,11,pipeline,anchor.learning_rate,0.05
60,11,pipeline,anchor.max_leaf_nodes,31
60,11,pipeline,anchor.l2_regularization,0.05
60,11,pipeline,robust_extratrees.n_estimators,80
60,11,pipeline,robust_extratrees.max_depth,20
60,11,pipeline,robust_extratrees.min_samples_leaf,4
60,11,pipeline,quantiles,"[0.05, 0.5, 0.95]"
60,11,pipeline,blend_grid_step,0.1
60,11,pipeline,residual_weak_weight_bonus,0.75
60,11,pipeline,residual_fit,"""in_sample_training_residuals; retained from the actual tree implementation, not out-of-fold residuals"""
60,11,pipeline,quality_weight,"""clip((clip(1-.45*channel_missingness-.35*net_missing-.20*anomaly,.05,1))/(1+.1*gap_length),.03,1)"""
60,11,pipeline,empirical_bounds.lower.industrial1,-40.826118633994454
60,11,pipeline,empirical_bounds.lower.industrial2,-1.472227098583554
60,11,pipeline,empirical_bounds.lower.industrial3,-7.283870573395191
60,11,pipeline,empirical_bounds.lower.residential1,-0.4634447560833266
60,11,pipeline,empirical_bounds.lower.residential2,-0.5038734255141581
60,11,pipeline,empirical_bounds.lower.residential3,-4.975408140635138
60,11,pipeline,empirical_bounds.lower.residential4,-11.90997310120241
60,11,pipeline,empirical_bounds.lower.residential5,-0.3550211092147888
60,11,pipeline,empirical_bounds.lower.residential6,-5.109922794320838
60,11,pipeline,empirical_bounds.upper.industrial1,187.77043113399435
60,11,pipeline,empirical_bounds.upper.industrial2,7.0063520985834575
60,11,pipeline,empirical_bounds.upper.industrial3,251.17971962999917
60,11,pipeline,empirical_bounds.upper.residential1,5.577624443583282
60,11,pipeline,empirical_bounds.upper.residential2,3.600091077468863
60,11,pipeline,empirical_bounds.upper.residential3,4.914970640635138
60,11,pipeline,empirical_bounds.upper.residential4,5.83205819695018
60,11,pipeline,empirical_bounds.upper.residential5,2.6208414499308104
60,11,pipeline,empirical_bounds.upper.residential6,3.492184402137583
60,11,pipeline,conformal_alpha,0.1
60,11,pipeline,hgb_random_state,0
60,11,pipeline,hgb_early_stopping,false
60,11,pipeline,validation_regime_bias,false
60,11,pipeline,graph.neighbors,4
60,11,pipeline,graph.self_edges,false
60,11,pipeline,graph.positive_train_correlation_only,true
60,11,pipeline,graph.min_pairwise_observations,500
60,11,pipeline,regime_thresholds.weak_min_abs_ramp_kw,0.02
60,11,pipeline,regime_thresholds.weak_train_abs_ramp_quantile,0.35
60,11,pipeline,regime_thresholds.rapid_train_abs_ramp_quantile,0.85
60,11,pipeline,regime_thresholds.pv_train_quantiles,"[0.3, 0.7]"
60,11,pipeline,anomaly_screen.train_quantile,0.99
60,11,pipeline,anomaly_screen.multiplier,20.0
60,11,pipeline,horizon_minutes,60
60,11,pipeline,seed,11
60,11,pipeline,variant,"""full"""
60,11,pipeline,hgb_weight,0.5
60,11,pipeline,point_weights.deterministic,0.3
60,11,pipeline,point_weights.quantile_median,0.4
60,11,pipeline,point_weights.anchor,0.1
60,11,pipeline,point_weights.robust,0.2
60,11,pipeline,validation_MAE,1.5709996938927302
60,11,pipeline,training_row_hash,"""ea9984675071d665ea40aadf5a78eaab84d402809007ccd41d346f9a34c5b874"""
60,11,pipeline,selected_features,"[""net_load_kw"", ""pv_power_kw"", ""missingness_ratio"", ""storage_charge_kw"", ""storage_decharge_kw"", ""ev_kw"", ""heat_pump_kw"", ""raw_anomaly_flag"", ""input_missing_flag"", ""gap_length"", ""data_quality_score"", ""imputed_value_confidence_weight"", ""hour"", ""dayofweek"", ""month"", ""is_weekend"", ""hour_sin"", ""hour_cos"", ""dayofweek_sin"", ""dayofweek_cos"", ""month_sin"", ""month_cos"", ""lag_1_net_load_kw"", ""lag_1_pv_power_kw"", ""lag_2_net_load_kw"", ""lag_2_pv_power_kw"", ""lag_4_net_load_kw"", ""lag_4_pv_power_kw"", ""lag_8_net_load_kw"", ""lag_8_pv_power_kw"", ""lag_16_net_load_kw"", ""lag_16_pv_power_kw"", ""lag_32_net_load_kw"", ""lag_32_pv_power_kw"", ""lag_92_net_load_kw"", ""lag_92_pv_power_kw"", ""lag_95_net_load_kw"", ""lag_95_pv_power_kw"", ""lag_96_net_load_kw"", ""lag_96_pv_power_kw"", ""rolling_mean_4"", ""rolling_std_4"", ""rolling_min_4"", ""rolling_max_4"", ""rolling_mean_16"", ""rolling_std_16"", ""rolling_min_16"", ""rolling_max_16"", ""rolling_mean_96"", ""rolling_std_96"", ""rolling_min_96"", ""rolling_max_96"", ""net_load_ramp_kw"", ""ramp_scale"", ""rapid_ramp_flag"", ""weak_signal_regime"", ""high_interpolation_regime"", ""pv_regime"", ""persistence"", ""graph_neighbor_net_load_kw"", ""graph_neighbor_pv_power_kw"", ""graph_net_load_difference_kw"", ""seasonal_reference_h1"", ""seasonal_reference_h4"", ""site"", ""building_type""]"
60,11,pipeline,empirical_bounds_rule.quantiles,"[0.001, 0.999]"
60,11,pipeline,empirical_bounds_rule.std_multiplier,1.5
60,11,pipeline,empirical_bounds_rule.physical_capacity_claim,false
60,23,pipeline,revision,"""raw_causal_tree_ensemble_v1"""
60,23,pipeline,preprocessing.revision,"""raw_causal_v1"""
60,23,pipeline,preprocessing.sites,"[""industrial1"", ""industrial2"", ""industrial3"", ""residential1"", ""residential2"", ""residential3"", ""residential4"", ""residential5"", ""residential6""]"
60,23,pipeline,preprocessing.excluded_primary_sites,"[""public1"", ""public2""]"
60,23,pipeline,preprocessing.cohort_reason,"""No 11-site common interval; industrial/residential nine-site common cohort selected from availability, not outcomes."""
60,23,pipeline,preprocessing.splits,"[{""split"": ""train"", ""start"": ""2016-05-13 13:45:00+00:00"", ""end"": ""2016-10-05 18:45:00+00:00""}, {""split"": ""validation"", ""start"": ""2016-10-05 19:00:00+00:00"", ""end"": ""2016-11-14 09:15:00+00:00""}, {""split"": ""calibration"", ""start"": ""2016-11-14 09:30:00+00:00"", ""end"": ""2016-12-23 23:45:00+00:00""}, {""split"": ""test"", ""start"": ""2016-12-24 00:00:00+00:00"", ""end"": ""2017-02-01 14:30:00+00:00""}]"
60,23,pipeline,preprocessing.seeds,"[11, 23, 37, 53, 71]"
60,23,pipeline,preprocessing.n_origins,5
60,23,pipeline,preprocessing.horizons,"[1, 4]"
60,23,pipeline,preprocessing.max_endpoint_age_seconds,180
60,23,pipeline,preprocessing.lags,"[1, 2, 4, 8, 16, 32, 92, 95, 96]"
60,23,pipeline,preprocessing.rolling_windows,"[4, 16, 96]"
60,23,pipeline,preprocessing.graph_neighbors,4
60,23,pipeline,preprocessing.threads,4
60,23,pipeline,preprocessing.alpha,0.1
60,23,pipeline,preprocessing.target_definition,"""Rate from the two most recent original cumulative snapshots at successive 15-minute calendar boundaries, divided by their actual elapsed duration. Endpoints are at most 180 s old. This is measurement-derived, asynchronously aligned interval power, not an exact synchronous 15-minute energy measurement."""
60,23,pipeline,training_row_cap,36000
60,23,pipeline,hgb_candidates,"[{""max_iter"": 180, ""learning_rate"": 0.05, ""max_leaf_nodes"": 31, ""l2_regularization"": 0.05}, {""max_iter"": 240, ""learning_rate"": 0.035, ""max_leaf_nodes"": 45, ""l2_regularization"": 0.1}]"
60,23,pipeline,extratrees.n_estimators,70
60,23,pipeline,extratrees.max_depth,18
60,23,pipeline,extratrees.min_samples_leaf,4
60,23,pipeline,residual.max_iter,90
60,23,pipeline,residual.learning_rate,0.04
60,23,pipeline,residual.max_leaf_nodes,23
60,23,pipeline,residual.l2_regularization,0.08
60,23,pipeline,quantile.max_iter,190
60,23,pipeline,quantile.learning_rate,0.045
60,23,pipeline,quantile.max_leaf_nodes,45
60,23,pipeline,quantile.l2_regularization,0.08
60,23,pipeline,anchor.max_iter,180
60,23,pipeline,anchor.learning_rate,0.05
60,23,pipeline,anchor.max_leaf_nodes,31
60,23,pipeline,anchor.l2_regularization,0.05
60,23,pipeline,robust_extratrees.n_estimators,80
60,23,pipeline,robust_extratrees.max_depth,20
60,23,pipeline,robust_extratrees.min_samples_leaf,4
60,23,pipeline,quantiles,"[0.05, 0.5, 0.95]"
60,23,pipeline,blend_grid_step,0.1
60,23,pipeline,residual_weak_weight_bonus,0.75
60,23,pipeline,residual_fit,"""in_sample_training_residuals; retained from the actual tree implementation, not out-of-fold residuals"""
60,23,pipeline,quality_weight,"""clip((clip(1-.45*channel_missingness-.35*net_missing-.20*anomaly,.05,1))/(1+.1*gap_length),.03,1)"""
60,23,pipeline,empirical_bounds.lower.industrial1,-40.826118633994454
60,23,pipeline,empirical_bounds.lower.industrial2,-1.472227098583554
60,23,pipeline,empirical_bounds.lower.industrial3,-7.283870573395191
60,23,pipeline,empirical_bounds.lower.residential1,-0.4634447560833266
60,23,pipeline,empirical_bounds.lower.residential2,-0.5038734255141581
60,23,pipeline,empirical_bounds.lower.residential3,-4.975408140635138
60,23,pipeline,empirical_bounds.lower.residential4,-11.90997310120241
60,23,pipeline,empirical_bounds.lower.residential5,-0.3550211092147888
60,23,pipeline,empirical_bounds.lower.residential6,-5.109922794320838
60,23,pipeline,empirical_bounds.upper.industrial1,187.77043113399435
60,23,pipeline,empirical_bounds.upper.industrial2,7.0063520985834575
60,23,pipeline,empirical_bounds.upper.industrial3,251.17971962999917
60,23,pipeline,empirical_bounds.upper.residential1,5.577624443583282
60,23,pipeline,empirical_bounds.upper.residential2,3.600091077468863
60,23,pipeline,empirical_bounds.upper.residential3,4.914970640635138
60,23,pipeline,empirical_bounds.upper.residential4,5.83205819695018
60,23,pipeline,empirical_bounds.upper.residential5,2.6208414499308104
60,23,pipeline,empirical_bounds.upper.residential6,3.492184402137583
60,23,pipeline,conformal_alpha,0.1
60,23,pipeline,hgb_random_state,0
60,23,pipeline,hgb_early_stopping,false
60,23,pipeline,validation_regime_bias,false
60,23,pipeline,graph.neighbors,4
60,23,pipeline,graph.self_edges,false
60,23,pipeline,graph.positive_train_correlation_only,true
60,23,pipeline,graph.min_pairwise_observations,500
60,23,pipeline,regime_thresholds.weak_min_abs_ramp_kw,0.02
60,23,pipeline,regime_thresholds.weak_train_abs_ramp_quantile,0.35
60,23,pipeline,regime_thresholds.rapid_train_abs_ramp_quantile,0.85
60,23,pipeline,regime_thresholds.pv_train_quantiles,"[0.3, 0.7]"
60,23,pipeline,anomaly_screen.train_quantile,0.99
60,23,pipeline,anomaly_screen.multiplier,20.0
60,23,pipeline,horizon_minutes,60
60,23,pipeline,seed,23
60,23,pipeline,variant,"""full"""
60,23,pipeline,hgb_weight,0.5
60,23,pipeline,point_weights.deterministic,0.3
60,23,pipeline,point_weights.quantile_median,0.4
60,23,pipeline,point_weights.anchor,0.1
60,23,pipeline,point_weights.robust,0.2
60,23,pipeline,validation_MAE,1.5718476759245055
60,23,pipeline,training_row_hash,"""ea9984675071d665ea40aadf5a78eaab84d402809007ccd41d346f9a34c5b874"""
60,23,pipeline,selected_features,"[""net_load_kw"", ""pv_power_kw"", ""missingness_ratio"", ""storage_charge_kw"", ""storage_decharge_kw"", ""ev_kw"", ""heat_pump_kw"", ""raw_anomaly_flag"", ""input_missing_flag"", ""gap_length"", ""data_quality_score"", ""imputed_value_confidence_weight"", ""hour"", ""dayofweek"", ""month"", ""is_weekend"", ""hour_sin"", ""hour_cos"", ""dayofweek_sin"", ""dayofweek_cos"", ""month_sin"", ""month_cos"", ""lag_1_net_load_kw"", ""lag_1_pv_power_kw"", ""lag_2_net_load_kw"", ""lag_2_pv_power_kw"", ""lag_4_net_load_kw"", ""lag_4_pv_power_kw"", ""lag_8_net_load_kw"", ""lag_8_pv_power_kw"", ""lag_16_net_load_kw"", ""lag_16_pv_power_kw"", ""lag_32_net_load_kw"", ""lag_32_pv_power_kw"", ""lag_92_net_load_kw"", ""lag_92_pv_power_kw"", ""lag_95_net_load_kw"", ""lag_95_pv_power_kw"", ""lag_96_net_load_kw"", ""lag_96_pv_power_kw"", ""rolling_mean_4"", ""rolling_std_4"", ""rolling_min_4"", ""rolling_max_4"", ""rolling_mean_16"", ""rolling_std_16"", ""rolling_min_16"", ""rolling_max_16"", ""rolling_mean_96"", ""rolling_std_96"", ""rolling_min_96"", ""rolling_max_96"", ""net_load_ramp_kw"", ""ramp_scale"", ""rapid_ramp_flag"", ""weak_signal_regime"", ""high_interpolation_regime"", ""pv_regime"", ""persistence"", ""graph_neighbor_net_load_kw"", ""graph_neighbor_pv_power_kw"", ""graph_net_load_difference_kw"", ""seasonal_reference_h1"", ""seasonal_reference_h4"", ""site"", ""building_type""]"
60,23,pipeline,empirical_bounds_rule.quantiles,"[0.001, 0.999]"
60,23,pipeline,empirical_bounds_rule.std_multiplier,1.5
60,23,pipeline,empirical_bounds_rule.physical_capacity_claim,false
60,37,pipeline,revision,"""raw_causal_tree_ensemble_v1"""
60,37,pipeline,preprocessing.revision,"""raw_causal_v1"""
60,37,pipeline,preprocessing.sites,"[""industrial1"", ""industrial2"", ""industrial3"", ""residential1"", ""residential2"", ""residential3"", ""residential4"", ""residential5"", ""residential6""]"
60,37,pipeline,preprocessing.excluded_primary_sites,"[""public1"", ""public2""]"
60,37,pipeline,preprocessing.cohort_reason,"""No 11-site common interval; industrial/residential nine-site common cohort selected from availability, not outcomes."""
60,37,pipeline,preprocessing.splits,"[{""split"": ""train"", ""start"": ""2016-05-13 13:45:00+00:00"", ""end"": ""2016-10-05 18:45:00+00:00""}, {""split"": ""validation"", ""start"": ""2016-10-05 19:00:00+00:00"", ""end"": ""2016-11-14 09:15:00+00:00""}, {""split"": ""calibration"", ""start"": ""2016-11-14 09:30:00+00:00"", ""end"": ""2016-12-23 23:45:00+00:00""}, {""split"": ""test"", ""start"": ""2016-12-24 00:00:00+00:00"", ""end"": ""2017-02-01 14:30:00+00:00""}]"
60,37,pipeline,preprocessing.seeds,"[11, 23, 37, 53, 71]"
60,37,pipeline,preprocessing.n_origins,5
60,37,pipeline,preprocessing.horizons,"[1, 4]"
60,37,pipeline,preprocessing.max_endpoint_age_seconds,180
60,37,pipeline,preprocessing.lags,"[1, 2, 4, 8, 16, 32, 92, 95, 96]"
60,37,pipeline,preprocessing.rolling_windows,"[4, 16, 96]"
60,37,pipeline,preprocessing.graph_neighbors,4
60,37,pipeline,preprocessing.threads,4
60,37,pipeline,preprocessing.alpha,0.1
60,37,pipeline,preprocessing.target_definition,"""Rate from the two most recent original cumulative snapshots at successive 15-minute calendar boundaries, divided by their actual elapsed duration. Endpoints are at most 180 s old. This is measurement-derived, asynchronously aligned interval power, not an exact synchronous 15-minute energy measurement."""
60,37,pipeline,training_row_cap,36000
60,37,pipeline,hgb_candidates,"[{""max_iter"": 180, ""learning_rate"": 0.05, ""max_leaf_nodes"": 31, ""l2_regularization"": 0.05}, {""max_iter"": 240, ""learning_rate"": 0.035, ""max_leaf_nodes"": 45, ""l2_regularization"": 0.1}]"
60,37,pipeline,extratrees.n_estimators,70
60,37,pipeline,extratrees.max_depth,18
60,37,pipeline,extratrees.min_samples_leaf,4
60,37,pipeline,residual.max_iter,90
60,37,pipeline,residual.learning_rate,0.04
60,37,pipeline,residual.max_leaf_nodes,23
60,37,pipeline,residual.l2_regularization,0.08
60,37,pipeline,quantile.max_iter,190
60,37,pipeline,quantile.learning_rate,0.045
60,37,pipeline,quantile.max_leaf_nodes,45
60,37,pipeline,quantile.l2_regularization,0.08
60,37,pipeline,anchor.max_iter,180
60,37,pipeline,anchor.learning_rate,0.05
60,37,pipeline,anchor.max_leaf_nodes,31
60,37,pipeline,anchor.l2_regularization,0.05
60,37,pipeline,robust_extratrees.n_estimators,80
60,37,pipeline,robust_extratrees.max_depth,20
60,37,pipeline,robust_extratrees.min_samples_leaf,4
60,37,pipeline,quantiles,"[0.05, 0.5, 0.95]"
60,37,pipeline,blend_grid_step,0.1
60,37,pipeline,residual_weak_weight_bonus,0.75
60,37,pipeline,residual_fit,"""in_sample_training_residuals; retained from the actual tree implementation, not out-of-fold residuals"""
60,37,pipeline,quality_weight,"""clip((clip(1-.45*channel_missingness-.35*net_missing-.20*anomaly,.05,1))/(1+.1*gap_length),.03,1)"""
60,37,pipeline,empirical_bounds.lower.industrial1,-40.826118633994454
60,37,pipeline,empirical_bounds.lower.industrial2,-1.472227098583554
60,37,pipeline,empirical_bounds.lower.industrial3,-7.283870573395191
60,37,pipeline,empirical_bounds.lower.residential1,-0.4634447560833266
60,37,pipeline,empirical_bounds.lower.residential2,-0.5038734255141581
60,37,pipeline,empirical_bounds.lower.residential3,-4.975408140635138
60,37,pipeline,empirical_bounds.lower.residential4,-11.90997310120241
60,37,pipeline,empirical_bounds.lower.residential5,-0.3550211092147888
60,37,pipeline,empirical_bounds.lower.residential6,-5.109922794320838
60,37,pipeline,empirical_bounds.upper.industrial1,187.77043113399435
60,37,pipeline,empirical_bounds.upper.industrial2,7.0063520985834575
60,37,pipeline,empirical_bounds.upper.industrial3,251.17971962999917
60,37,pipeline,empirical_bounds.upper.residential1,5.577624443583282
60,37,pipeline,empirical_bounds.upper.residential2,3.600091077468863
60,37,pipeline,empirical_bounds.upper.residential3,4.914970640635138
60,37,pipeline,empirical_bounds.upper.residential4,5.83205819695018
60,37,pipeline,empirical_bounds.upper.residential5,2.6208414499308104
60,37,pipeline,empirical_bounds.upper.residential6,3.492184402137583
60,37,pipeline,conformal_alpha,0.1
60,37,pipeline,hgb_random_state,0
60,37,pipeline,hgb_early_stopping,false
60,37,pipeline,validation_regime_bias,false
60,37,pipeline,graph.neighbors,4
60,37,pipeline,graph.self_edges,false
60,37,pipeline,graph.positive_train_correlation_only,true
60,37,pipeline,graph.min_pairwise_observations,500
60,37,pipeline,regime_thresholds.weak_min_abs_ramp_kw,0.02
60,37,pipeline,regime_thresholds.weak_train_abs_ramp_quantile,0.35
60,37,pipeline,regime_thresholds.rapid_train_abs_ramp_quantile,0.85
60,37,pipeline,regime_thresholds.pv_train_quantiles,"[0.3, 0.7]"
60,37,pipeline,anomaly_screen.train_quantile,0.99
60,37,pipeline,anomaly_screen.multiplier,20.0
60,37,pipeline,horizon_minutes,60
60,37,pipeline,seed,37
60,37,pipeline,variant,"""full"""
60,37,pipeline,hgb_weight,0.5
60,37,pipeline,point_weights.deterministic,0.3
60,37,pipeline,point_weights.quantile_median,0.5
60,37,pipeline,point_weights.anchor,0.1
60,37,pipeline,point_weights.robust,0.1
60,37,pipeline,validation_MAE,1.5749593163774256
60,37,pipeline,training_row_hash,"""ea9984675071d665ea40aadf5a78eaab84d402809007ccd41d346f9a34c5b874"""
60,37,pipeline,selected_features,"[""net_load_kw"", ""pv_power_kw"", ""missingness_ratio"", ""storage_charge_kw"", ""storage_decharge_kw"", ""ev_kw"", ""heat_pump_kw"", ""raw_anomaly_flag"", ""input_missing_flag"", ""gap_length"", ""data_quality_score"", ""imputed_value_confidence_weight"", ""hour"", ""dayofweek"", ""month"", ""is_weekend"", ""hour_sin"", ""hour_cos"", ""dayofweek_sin"", ""dayofweek_cos"", ""month_sin"", ""month_cos"", ""lag_1_net_load_kw"", ""lag_1_pv_power_kw"", ""lag_2_net_load_kw"", ""lag_2_pv_power_kw"", ""lag_4_net_load_kw"", ""lag_4_pv_power_kw"", ""lag_8_net_load_kw"", ""lag_8_pv_power_kw"", ""lag_16_net_load_kw"", ""lag_16_pv_power_kw"", ""lag_32_net_load_kw"", ""lag_32_pv_power_kw"", ""lag_92_net_load_kw"", ""lag_92_pv_power_kw"", ""lag_95_net_load_kw"", ""lag_95_pv_power_kw"", ""lag_96_net_load_kw"", ""lag_96_pv_power_kw"", ""rolling_mean_4"", ""rolling_std_4"", ""rolling_min_4"", ""rolling_max_4"", ""rolling_mean_16"", ""rolling_std_16"", ""rolling_min_16"", ""rolling_max_16"", ""rolling_mean_96"", ""rolling_std_96"", ""rolling_min_96"", ""rolling_max_96"", ""net_load_ramp_kw"", ""ramp_scale"", ""rapid_ramp_flag"", ""weak_signal_regime"", ""high_interpolation_regime"", ""pv_regime"", ""persistence"", ""graph_neighbor_net_load_kw"", ""graph_neighbor_pv_power_kw"", ""graph_net_load_difference_kw"", ""seasonal_reference_h1"", ""seasonal_reference_h4"", ""site"", ""building_type""]"
60,37,pipeline,empirical_bounds_rule.quantiles,"[0.001, 0.999]"
60,37,pipeline,empirical_bounds_rule.std_multiplier,1.5
60,37,pipeline,empirical_bounds_rule.physical_capacity_claim,false
60,53,pipeline,revision,"""raw_causal_tree_ensemble_v1"""
60,53,pipeline,preprocessing.revision,"""raw_causal_v1"""
60,53,pipeline,preprocessing.sites,"[""industrial1"", ""industrial2"", ""industrial3"", ""residential1"", ""residential2"", ""residential3"", ""residential4"", ""residential5"", ""residential6""]"
60,53,pipeline,preprocessing.excluded_primary_sites,"[""public1"", ""public2""]"
60,53,pipeline,preprocessing.cohort_reason,"""No 11-site common interval; industrial/residential nine-site common cohort selected from availability, not outcomes."""
60,53,pipeline,preprocessing.splits,"[{""split"": ""train"", ""start"": ""2016-05-13 13:45:00+00:00"", ""end"": ""2016-10-05 18:45:00+00:00""}, {""split"": ""validation"", ""start"": ""2016-10-05 19:00:00+00:00"", ""end"": ""2016-11-14 09:15:00+00:00""}, {""split"": ""calibration"", ""start"": ""2016-11-14 09:30:00+00:00"", ""end"": ""2016-12-23 23:45:00+00:00""}, {""split"": ""test"", ""start"": ""2016-12-24 00:00:00+00:00"", ""end"": ""2017-02-01 14:30:00+00:00""}]"
60,53,pipeline,preprocessing.seeds,"[11, 23, 37, 53, 71]"
60,53,pipeline,preprocessing.n_origins,5
60,53,pipeline,preprocessing.horizons,"[1, 4]"
60,53,pipeline,preprocessing.max_endpoint_age_seconds,180
60,53,pipeline,preprocessing.lags,"[1, 2, 4, 8, 16, 32, 92, 95, 96]"
60,53,pipeline,preprocessing.rolling_windows,"[4, 16, 96]"
60,53,pipeline,preprocessing.graph_neighbors,4
60,53,pipeline,preprocessing.threads,4
60,53,pipeline,preprocessing.alpha,0.1
60,53,pipeline,preprocessing.target_definition,"""Rate from the two most recent original cumulative snapshots at successive 15-minute calendar boundaries, divided by their actual elapsed duration. Endpoints are at most 180 s old. This is measurement-derived, asynchronously aligned interval power, not an exact synchronous 15-minute energy measurement."""
60,53,pipeline,training_row_cap,36000
60,53,pipeline,hgb_candidates,"[{""max_iter"": 180, ""learning_rate"": 0.05, ""max_leaf_nodes"": 31, ""l2_regularization"": 0.05}, {""max_iter"": 240, ""learning_rate"": 0.035, ""max_leaf_nodes"": 45, ""l2_regularization"": 0.1}]"
60,53,pipeline,extratrees.n_estimators,70
60,53,pipeline,extratrees.max_depth,18
60,53,pipeline,extratrees.min_samples_leaf,4
60,53,pipeline,residual.max_iter,90
60,53,pipeline,residual.learning_rate,0.04
60,53,pipeline,residual.max_leaf_nodes,23
60,53,pipeline,residual.l2_regularization,0.08
60,53,pipeline,quantile.max_iter,190
60,53,pipeline,quantile.learning_rate,0.045
60,53,pipeline,quantile.max_leaf_nodes,45
60,53,pipeline,quantile.l2_regularization,0.08
60,53,pipeline,anchor.max_iter,180
60,53,pipeline,anchor.learning_rate,0.05
60,53,pipeline,anchor.max_leaf_nodes,31
60,53,pipeline,anchor.l2_regularization,0.05
60,53,pipeline,robust_extratrees.n_estimators,80
60,53,pipeline,robust_extratrees.max_depth,20
60,53,pipeline,robust_extratrees.min_samples_leaf,4
60,53,pipeline,quantiles,"[0.05, 0.5, 0.95]"
60,53,pipeline,blend_grid_step,0.1
60,53,pipeline,residual_weak_weight_bonus,0.75
60,53,pipeline,residual_fit,"""in_sample_training_residuals; retained from the actual tree implementation, not out-of-fold residuals"""
60,53,pipeline,quality_weight,"""clip((clip(1-.45*channel_missingness-.35*net_missing-.20*anomaly,.05,1))/(1+.1*gap_length),.03,1)"""
60,53,pipeline,empirical_bounds.lower.industrial1,-40.826118633994454
60,53,pipeline,empirical_bounds.lower.industrial2,-1.472227098583554
60,53,pipeline,empirical_bounds.lower.industrial3,-7.283870573395191
60,53,pipeline,empirical_bounds.lower.residential1,-0.4634447560833266
60,53,pipeline,empirical_bounds.lower.residential2,-0.5038734255141581
60,53,pipeline,empirical_bounds.lower.residential3,-4.975408140635138
60,53,pipeline,empirical_bounds.lower.residential4,-11.90997310120241
60,53,pipeline,empirical_bounds.lower.residential5,-0.3550211092147888
60,53,pipeline,empirical_bounds.lower.residential6,-5.109922794320838
60,53,pipeline,empirical_bounds.upper.industrial1,187.77043113399435
60,53,pipeline,empirical_bounds.upper.industrial2,7.0063520985834575
60,53,pipeline,empirical_bounds.upper.industrial3,251.17971962999917
60,53,pipeline,empirical_bounds.upper.residential1,5.577624443583282
60,53,pipeline,empirical_bounds.upper.residential2,3.600091077468863
60,53,pipeline,empirical_bounds.upper.residential3,4.914970640635138
60,53,pipeline,empirical_bounds.upper.residential4,5.83205819695018
60,53,pipeline,empirical_bounds.upper.residential5,2.6208414499308104
60,53,pipeline,empirical_bounds.upper.residential6,3.492184402137583
60,53,pipeline,conformal_alpha,0.1
60,53,pipeline,hgb_random_state,0
60,53,pipeline,hgb_early_stopping,false
60,53,pipeline,validation_regime_bias,false
60,53,pipeline,graph.neighbors,4
60,53,pipeline,graph.self_edges,false
60,53,pipeline,graph.positive_train_correlation_only,true
60,53,pipeline,graph.min_pairwise_observations,500
60,53,pipeline,regime_thresholds.weak_min_abs_ramp_kw,0.02
60,53,pipeline,regime_thresholds.weak_train_abs_ramp_quantile,0.35
60,53,pipeline,regime_thresholds.rapid_train_abs_ramp_quantile,0.85
60,53,pipeline,regime_thresholds.pv_train_quantiles,"[0.3, 0.7]"
60,53,pipeline,anomaly_screen.train_quantile,0.99
60,53,pipeline,anomaly_screen.multiplier,20.0
60,53,pipeline,horizon_minutes,60
60,53,pipeline,seed,53
60,53,pipeline,variant,"""full"""
60,53,pipeline,hgb_weight,0.5
60,53,pipeline,point_weights.deterministic,0.3
60,53,pipeline,point_weights.quantile_median,0.4
60,53,pipeline,point_weights.anchor,0.1
60,53,pipeline,point_weights.robust,0.2
60,53,pipeline,validation_MAE,1.5738761819362808
60,53,pipeline,training_row_hash,"""ea9984675071d665ea40aadf5a78eaab84d402809007ccd41d346f9a34c5b874"""
60,53,pipeline,selected_features,"[""net_load_kw"", ""pv_power_kw"", ""missingness_ratio"", ""storage_charge_kw"", ""storage_decharge_kw"", ""ev_kw"", ""heat_pump_kw"", ""raw_anomaly_flag"", ""input_missing_flag"", ""gap_length"", ""data_quality_score"", ""imputed_value_confidence_weight"", ""hour"", ""dayofweek"", ""month"", ""is_weekend"", ""hour_sin"", ""hour_cos"", ""dayofweek_sin"", ""dayofweek_cos"", ""month_sin"", ""month_cos"", ""lag_1_net_load_kw"", ""lag_1_pv_power_kw"", ""lag_2_net_load_kw"", ""lag_2_pv_power_kw"", ""lag_4_net_load_kw"", ""lag_4_pv_power_kw"", ""lag_8_net_load_kw"", ""lag_8_pv_power_kw"", ""lag_16_net_load_kw"", ""lag_16_pv_power_kw"", ""lag_32_net_load_kw"", ""lag_32_pv_power_kw"", ""lag_92_net_load_kw"", ""lag_92_pv_power_kw"", ""lag_95_net_load_kw"", ""lag_95_pv_power_kw"", ""lag_96_net_load_kw"", ""lag_96_pv_power_kw"", ""rolling_mean_4"", ""rolling_std_4"", ""rolling_min_4"", ""rolling_max_4"", ""rolling_mean_16"", ""rolling_std_16"", ""rolling_min_16"", ""rolling_max_16"", ""rolling_mean_96"", ""rolling_std_96"", ""rolling_min_96"", ""rolling_max_96"", ""net_load_ramp_kw"", ""ramp_scale"", ""rapid_ramp_flag"", ""weak_signal_regime"", ""high_interpolation_regime"", ""pv_regime"", ""persistence"", ""graph_neighbor_net_load_kw"", ""graph_neighbor_pv_power_kw"", ""graph_net_load_difference_kw"", ""seasonal_reference_h1"", ""seasonal_reference_h4"", ""site"", ""building_type""]"
60,53,pipeline,empirical_bounds_rule.quantiles,"[0.001, 0.999]"
60,53,pipeline,empirical_bounds_rule.std_multiplier,1.5
60,53,pipeline,empirical_bounds_rule.physical_capacity_claim,false
60,71,pipeline,revision,"""raw_causal_tree_ensemble_v1"""
60,71,pipeline,preprocessing.revision,"""raw_causal_v1"""
60,71,pipeline,preprocessing.sites,"[""industrial1"", ""industrial2"", ""industrial3"", ""residential1"", ""residential2"", ""residential3"", ""residential4"", ""residential5"", ""residential6""]"
60,71,pipeline,preprocessing.excluded_primary_sites,"[""public1"", ""public2""]"
60,71,pipeline,preprocessing.cohort_reason,"""No 11-site common interval; industrial/residential nine-site common cohort selected from availability, not outcomes."""
60,71,pipeline,preprocessing.splits,"[{""split"": ""train"", ""start"": ""2016-05-13 13:45:00+00:00"", ""end"": ""2016-10-05 18:45:00+00:00""}, {""split"": ""validation"", ""start"": ""2016-10-05 19:00:00+00:00"", ""end"": ""2016-11-14 09:15:00+00:00""}, {""split"": ""calibration"", ""start"": ""2016-11-14 09:30:00+00:00"", ""end"": ""2016-12-23 23:45:00+00:00""}, {""split"": ""test"", ""start"": ""2016-12-24 00:00:00+00:00"", ""end"": ""2017-02-01 14:30:00+00:00""}]"
60,71,pipeline,preprocessing.seeds,"[11, 23, 37, 53, 71]"
60,71,pipeline,preprocessing.n_origins,5
60,71,pipeline,preprocessing.horizons,"[1, 4]"
60,71,pipeline,preprocessing.max_endpoint_age_seconds,180
60,71,pipeline,preprocessing.lags,"[1, 2, 4, 8, 16, 32, 92, 95, 96]"
60,71,pipeline,preprocessing.rolling_windows,"[4, 16, 96]"
60,71,pipeline,preprocessing.graph_neighbors,4
60,71,pipeline,preprocessing.threads,4
60,71,pipeline,preprocessing.alpha,0.1
60,71,pipeline,preprocessing.target_definition,"""Rate from the two most recent original cumulative snapshots at successive 15-minute calendar boundaries, divided by their actual elapsed duration. Endpoints are at most 180 s old. This is measurement-derived, asynchronously aligned interval power, not an exact synchronous 15-minute energy measurement."""
60,71,pipeline,training_row_cap,36000
60,71,pipeline,hgb_candidates,"[{""max_iter"": 180, ""learning_rate"": 0.05, ""max_leaf_nodes"": 31, ""l2_regularization"": 0.05}, {""max_iter"": 240, ""learning_rate"": 0.035, ""max_leaf_nodes"": 45, ""l2_regularization"": 0.1}]"
60,71,pipeline,extratrees.n_estimators,70
60,71,pipeline,extratrees.max_depth,18
60,71,pipeline,extratrees.min_samples_leaf,4
60,71,pipeline,residual.max_iter,90
60,71,pipeline,residual.learning_rate,0.04
60,71,pipeline,residual.max_leaf_nodes,23
60,71,pipeline,residual.l2_regularization,0.08
60,71,pipeline,quantile.max_iter,190
60,71,pipeline,quantile.learning_rate,0.045
60,71,pipeline,quantile.max_leaf_nodes,45
60,71,pipeline,quantile.l2_regularization,0.08
60,71,pipeline,anchor.max_iter,180
60,71,pipeline,anchor.learning_rate,0.05
60,71,pipeline,anchor.max_leaf_nodes,31
60,71,pipeline,anchor.l2_regularization,0.05
60,71,pipeline,robust_extratrees.n_estimators,80
60,71,pipeline,robust_extratrees.max_depth,20
60,71,pipeline,robust_extratrees.min_samples_leaf,4
60,71,pipeline,quantiles,"[0.05, 0.5, 0.95]"
60,71,pipeline,blend_grid_step,0.1
60,71,pipeline,residual_weak_weight_bonus,0.75
60,71,pipeline,residual_fit,"""in_sample_training_residuals; retained from the actual tree implementation, not out-of-fold residuals"""
60,71,pipeline,quality_weight,"""clip((clip(1-.45*channel_missingness-.35*net_missing-.20*anomaly,.05,1))/(1+.1*gap_length),.03,1)"""
60,71,pipeline,empirical_bounds.lower.industrial1,-40.826118633994454
60,71,pipeline,empirical_bounds.lower.industrial2,-1.472227098583554
60,71,pipeline,empirical_bounds.lower.industrial3,-7.283870573395191
60,71,pipeline,empirical_bounds.lower.residential1,-0.4634447560833266
60,71,pipeline,empirical_bounds.lower.residential2,-0.5038734255141581
60,71,pipeline,empirical_bounds.lower.residential3,-4.975408140635138
60,71,pipeline,empirical_bounds.lower.residential4,-11.90997310120241
60,71,pipeline,empirical_bounds.lower.residential5,-0.3550211092147888
60,71,pipeline,empirical_bounds.lower.residential6,-5.109922794320838
60,71,pipeline,empirical_bounds.upper.industrial1,187.77043113399435
60,71,pipeline,empirical_bounds.upper.industrial2,7.0063520985834575
60,71,pipeline,empirical_bounds.upper.industrial3,251.17971962999917
60,71,pipeline,empirical_bounds.upper.residential1,5.577624443583282
60,71,pipeline,empirical_bounds.upper.residential2,3.600091077468863
60,71,pipeline,empirical_bounds.upper.residential3,4.914970640635138
60,71,pipeline,empirical_bounds.upper.residential4,5.83205819695018
60,71,pipeline,empirical_bounds.upper.residential5,2.6208414499308104
60,71,pipeline,empirical_bounds.upper.residential6,3.492184402137583
60,71,pipeline,conformal_alpha,0.1
60,71,pipeline,hgb_random_state,0
60,71,pipeline,hgb_early_stopping,false
60,71,pipeline,validation_regime_bias,false
60,71,pipeline,graph.neighbors,4
60,71,pipeline,graph.self_edges,false
60,71,pipeline,graph.positive_train_correlation_only,true
60,71,pipeline,graph.min_pairwise_observations,500
60,71,pipeline,regime_thresholds.weak_min_abs_ramp_kw,0.02
60,71,pipeline,regime_thresholds.weak_train_abs_ramp_quantile,0.35
60,71,pipeline,regime_thresholds.rapid_train_abs_ramp_quantile,0.85
60,71,pipeline,regime_thresholds.pv_train_quantiles,"[0.3, 0.7]"
60,71,pipeline,anomaly_screen.train_quantile,0.99
60,71,pipeline,anomaly_screen.multiplier,20.0
60,71,pipeline,horizon_minutes,60
60,71,pipeline,seed,71
60,71,pipeline,variant,"""full"""
60,71,pipeline,hgb_weight,0.5
60,71,pipeline,point_weights.deterministic,0.4
60,71,pipeline,point_weights.quantile_median,0.4
60,71,pipeline,point_weights.anchor,0.1
60,71,pipeline,point_weights.robust,0.1
60,71,pipeline,validation_MAE,1.5735143652293968
60,71,pipeline,training_row_hash,"""ea9984675071d665ea40aadf5a78eaab84d402809007ccd41d346f9a34c5b874"""
60,71,pipeline,selected_features,"[""net_load_kw"", ""pv_power_kw"", ""missingness_ratio"", ""storage_charge_kw"", ""storage_decharge_kw"", ""ev_kw"", ""heat_pump_kw"", ""raw_anomaly_flag"", ""input_missing_flag"", ""gap_length"", ""data_quality_score"", ""imputed_value_confidence_weight"", ""hour"", ""dayofweek"", ""month"", ""is_weekend"", ""hour_sin"", ""hour_cos"", ""dayofweek_sin"", ""dayofweek_cos"", ""month_sin"", ""month_cos"", ""lag_1_net_load_kw"", ""lag_1_pv_power_kw"", ""lag_2_net_load_kw"", ""lag_2_pv_power_kw"", ""lag_4_net_load_kw"", ""lag_4_pv_power_kw"", ""lag_8_net_load_kw"", ""lag_8_pv_power_kw"", ""lag_16_net_load_kw"", ""lag_16_pv_power_kw"", ""lag_32_net_load_kw"", ""lag_32_pv_power_kw"", ""lag_92_net_load_kw"", ""lag_92_pv_power_kw"", ""lag_95_net_load_kw"", ""lag_95_pv_power_kw"", ""lag_96_net_load_kw"", ""lag_96_pv_power_kw"", ""rolling_mean_4"", ""rolling_std_4"", ""rolling_min_4"", ""rolling_max_4"", ""rolling_mean_16"", ""rolling_std_16"", ""rolling_min_16"", ""rolling_max_16"", ""rolling_mean_96"", ""rolling_std_96"", ""rolling_min_96"", ""rolling_max_96"", ""net_load_ramp_kw"", ""ramp_scale"", ""rapid_ramp_flag"", ""weak_signal_regime"", ""high_interpolation_regime"", ""pv_regime"", ""persistence"", ""graph_neighbor_net_load_kw"", ""graph_neighbor_pv_power_kw"", ""graph_net_load_difference_kw"", ""seasonal_reference_h1"", ""seasonal_reference_h4"", ""site"", ""building_type""]"
60,71,pipeline,empirical_bounds_rule.quantiles,"[0.001, 0.999]"
60,71,pipeline,empirical_bounds_rule.std_multiplier,1.5
60,71,pipeline,empirical_bounds_rule.physical_capacity_claim,false
