model,horizon_minutes,seed,phase,learning_rate,hidden,history,epoch,train_MAE,validation_MAE
GRU-lite,15,11,trial_1,0.001,32,32,1,3.558820097902126,1.526902950665697
GRU-lite,15,11,trial_1,0.001,32,32,2,1.5530241594424978,1.3342318989814683
GRU-lite,15,11,trial_1,0.001,32,32,3,1.4278160811815832,1.3255868743380312
GRU-lite,15,11,trial_1,0.001,32,32,4,1.3969411586105487,1.3313440085657113
GRU-lite,15,11,trial_1,0.001,32,32,5,1.3871715478500013,1.304563542339309
GRU-lite,15,11,trial_1,0.001,32,32,6,1.3615928732302798,1.2722458471761324
GRU-lite,15,11,trial_1,0.001,32,32,7,1.3523064514752439,1.2498514117023656
GRU-lite,15,11,trial_1,0.001,32,32,8,1.3437416732013592,1.2664524699187807
GRU-lite,15,11,trial_1,0.001,32,32,9,1.3343223877798622,1.2348820893434689
GRU-lite,15,11,trial_1,0.001,32,32,10,1.3277324624922544,1.241717238219238
GRU-lite,15,11,trial_1,0.001,32,32,11,1.3175538447558999,1.2342579101071096
GRU-lite,15,11,trial_1,0.001,32,32,12,1.3122906944454702,1.230327586262651
GRU-lite,15,11,trial_1,0.001,32,32,13,1.3132339659789571,1.2216349826115886
GRU-lite,15,11,trial_1,0.001,32,32,14,1.3025820975877624,1.223565783403301
GRU-lite,15,11,trial_1,0.001,32,32,15,1.2993172072461239,1.2279801808506374
GRU-lite,15,11,trial_1,0.001,32,32,16,1.2942538330048405,1.2241542932449507
GRU-lite,15,11,trial_1,0.001,32,32,17,1.2923017165232389,1.232023618772611
GRU-lite,15,11,trial_1,0.001,32,32,18,1.290848384119826,1.218338219263343
GRU-lite,15,11,trial_1,0.001,32,32,19,1.2885137938851627,1.2259844255591354
GRU-lite,15,11,trial_1,0.001,32,32,20,1.2833343792849998,1.2215251686688897
GRU-lite,15,11,trial_1,0.001,32,32,21,1.2819672085151992,1.2169362078609935
GRU-lite,15,11,trial_1,0.001,32,32,22,1.275542401530661,1.2293037479196172
GRU-lite,15,11,trial_1,0.001,32,32,23,1.274097660692821,1.2166397416219732
GRU-lite,15,11,trial_1,0.001,32,32,24,1.274424385638682,1.2178262961288902
GRU-lite,15,11,trial_1,0.001,32,32,25,1.2745987319422105,1.207409693529686
GRU-lite,15,11,trial_1,0.001,32,32,26,1.2719994547151547,1.2256132579796408
GRU-lite,15,11,trial_1,0.001,32,32,27,1.2655449828325183,1.2113896145068435
GRU-lite,15,11,trial_1,0.001,32,32,28,1.2630694457815737,1.214893335243891
GRU-lite,15,11,trial_1,0.001,32,32,29,1.2605197512343496,1.2057404673084424
GRU-lite,15,11,trial_1,0.001,32,32,30,1.2571547024367082,1.2052776994393428
GRU-lite,15,11,trial_2,0.0003,64,32,1,4.067164767707737,2.3949139784540567
GRU-lite,15,11,trial_2,0.0003,64,32,2,2.197563602133587,1.4538582937208835
GRU-lite,15,11,trial_2,0.0003,64,32,3,1.5381631766731572,1.314222818983997
GRU-lite,15,11,trial_2,0.0003,64,32,4,1.4262135677767818,1.3308146247359733
GRU-lite,15,11,trial_2,0.0003,64,32,5,1.3978004032469684,1.3122340691723158
GRU-lite,15,11,trial_2,0.0003,64,32,6,1.3822008341974117,1.2794845546874365
GRU-lite,15,11,trial_2,0.0003,64,32,7,1.3689212711321734,1.2639901998023477
GRU-lite,15,11,trial_2,0.0003,64,32,8,1.3616092581563102,1.2746440277035211
GRU-lite,15,11,trial_2,0.0003,64,32,9,1.3571739718680391,1.2521785219292383
GRU-lite,15,11,trial_2,0.0003,64,32,10,1.3458530520548562,1.2633062505770034
GRU-lite,15,11,trial_2,0.0003,64,32,11,1.3419041522970707,1.2522575210736246
GRU-lite,15,11,trial_2,0.0003,64,32,12,1.3368304688895412,1.2466510388424143
GRU-lite,15,11,trial_2,0.0003,64,32,13,1.332189411239963,1.2437572783279531
GRU-lite,15,11,trial_2,0.0003,64,32,14,1.3256959040052534,1.2486849215395772
GRU-lite,15,11,trial_2,0.0003,64,32,15,1.3209391143568001,1.2424167667360804
GRU-lite,15,11,trial_2,0.0003,64,32,16,1.3152537943015064,1.2378982421589668
GRU-lite,15,11,trial_2,0.0003,64,32,17,1.3147882044226429,1.2367325703424281
GRU-lite,15,11,trial_2,0.0003,64,32,18,1.311395954027336,1.2379349756019478
GRU-lite,15,11,trial_2,0.0003,64,32,19,1.3134241276805105,1.237181833516939
GRU-lite,15,11,trial_2,0.0003,64,32,20,1.3082897914094571,1.2344580423296712
GRU-lite,15,11,trial_2,0.0003,64,32,21,1.3060594592679529,1.2368287171101688
GRU-lite,15,11,trial_2,0.0003,64,32,22,1.3015438104288164,1.2342043807513294
GRU-lite,15,11,trial_2,0.0003,64,32,23,1.2992843242268037,1.2344788586408741
GRU-lite,15,11,trial_2,0.0003,64,32,24,1.2981621384160653,1.2284970903491035
GRU-lite,15,11,trial_2,0.0003,64,32,25,1.3000415176050744,1.2287691141906327
GRU-lite,15,11,trial_2,0.0003,64,32,26,1.3006318356150575,1.2267574427580867
GRU-lite,15,11,trial_2,0.0003,64,32,27,1.2930581349367545,1.2258023732405834
GRU-lite,15,11,trial_2,0.0003,64,32,28,1.2963360101148864,1.2267266864130777
GRU-lite,15,11,trial_2,0.0003,64,32,29,1.289739478947982,1.2275580627958569
GRU-lite,15,11,trial_2,0.0003,64,32,30,1.2889104657108523,1.2233773804800745
GRU-lite,15,11,trial_3,0.001,32,96,1,3.5588151873205645,1.5269128074778506
GRU-lite,15,11,trial_3,0.001,32,96,2,1.551999938600884,1.333928598659602
GRU-lite,15,11,trial_3,0.001,32,96,3,1.4272718137050775,1.3280673511724204
GRU-lite,15,11,trial_3,0.001,32,96,4,1.394285507305439,1.2884184951863962
GRU-lite,15,11,trial_3,0.001,32,96,5,1.3820086655407087,1.2961780275767707
GRU-lite,15,11,trial_3,0.001,32,96,6,1.358632968448388,1.2710725070787545
GRU-lite,15,11,trial_3,0.001,32,96,7,1.3535921017176848,1.2496835546199716
GRU-lite,15,11,trial_3,0.001,32,96,8,1.3431735925037687,1.257234525623265
GRU-lite,15,11,trial_3,0.001,32,96,9,1.333912043598068,1.2328527164672856
GRU-lite,15,11,trial_3,0.001,32,96,10,1.3241941075093382,1.234053166017971
GRU-lite,15,11,trial_3,0.001,32,96,11,1.3159304596437802,1.2343095937255248
GRU-lite,15,11,trial_3,0.001,32,96,12,1.3107358328841046,1.2270537990256378
GRU-lite,15,11,trial_3,0.001,32,96,13,1.3111858722246514,1.2248650091296531
GRU-lite,15,11,trial_3,0.001,32,96,14,1.3000334554883213,1.2258833062976566
GRU-lite,15,11,trial_3,0.001,32,96,15,1.2971516375806407,1.2276305240868508
GRU-lite,15,11,trial_3,0.001,32,96,16,1.2945582219537528,1.2313841178355827
GRU-lite,15,11,trial_3,0.001,32,96,17,1.2915120476398867,1.2458073298033192
GRU-lite,15,11,trial_3,0.001,32,96,18,1.2896361879990392,1.2188195792459084
GRU-lite,15,11,trial_3,0.001,32,96,19,1.2877925252456734,1.2238043907791423
GRU-lite,15,11,trial_3,0.001,32,96,20,1.2825258515697406,1.21819303512759
GRU-lite,15,11,trial_3,0.001,32,96,21,1.2787574975899867,1.215284452242375
GRU-lite,15,11,trial_3,0.001,32,96,22,1.275882135929552,1.2253499525969467
GRU-lite,15,11,trial_3,0.001,32,96,23,1.2719129306718497,1.2218421599433293
GRU-lite,15,11,trial_3,0.001,32,96,24,1.2736323781263674,1.2210007672402292
GRU-lite,15,11,trial_3,0.001,32,96,25,1.2708090588955867,1.205133324733234
GRU-lite,15,11,trial_3,0.001,32,96,26,1.2717540387366948,1.2206981643950696
GRU-lite,15,11,trial_3,0.001,32,96,27,1.2628774942958376,1.2107966651863251
GRU-lite,15,11,trial_3,0.001,32,96,28,1.2627846704776267,1.2133684906638937
GRU-lite,15,11,trial_3,0.001,32,96,29,1.2604053106294995,1.207444656531083
GRU-lite,15,11,trial_3,0.001,32,96,30,1.2555780912142984,1.2034750025299383
GRU-lite,15,11,trial_4,0.0003,64,96,1,4.067164244683648,2.3949006293046993
GRU-lite,15,11,trial_4,0.0003,64,96,2,2.1994365291091684,1.451697223570325
GRU-lite,15,11,trial_4,0.0003,64,96,3,1.5378186607285074,1.3165463496890775
GRU-lite,15,11,trial_4,0.0003,64,96,4,1.426755017336337,1.3308983031168458
GRU-lite,15,11,trial_4,0.0003,64,96,5,1.3982956146743946,1.3079290368651948
GRU-lite,15,11,trial_4,0.0003,64,96,6,1.3812027693537008,1.2761155876390262
GRU-lite,15,11,trial_4,0.0003,64,96,7,1.3700569503555828,1.2660458548689835
GRU-lite,15,11,trial_4,0.0003,64,96,8,1.362113459157885,1.2749311245714956
GRU-lite,15,11,trial_4,0.0003,64,96,9,1.3566501423560953,1.2503308813645384
GRU-lite,15,11,trial_4,0.0003,64,96,10,1.3456899785517689,1.2597940689719498
GRU-lite,15,11,trial_4,0.0003,64,96,11,1.3427350828098534,1.2525908564861783
GRU-lite,15,11,trial_4,0.0003,64,96,12,1.3336260242950468,1.245363788117419
GRU-lite,15,11,trial_4,0.0003,64,96,13,1.3315109726256824,1.2420575048065656
GRU-lite,15,11,trial_4,0.0003,64,96,14,1.3277458616542834,1.2469727073718722
GRU-lite,15,11,trial_4,0.0003,64,96,15,1.3214411537767392,1.240726216947847
GRU-lite,15,11,trial_4,0.0003,64,96,16,1.3156154433015148,1.240728754217515
GRU-lite,15,11,trial_4,0.0003,64,96,17,1.3156953724536677,1.2388843206586386
GRU-lite,15,11,trial_4,0.0003,64,96,18,1.3111263982469883,1.2396986029176973
GRU-lite,15,11,trial_4,0.0003,64,96,19,1.3123039145770878,1.2408282209347508
GRU-lite,15,11,trial_4,0.0003,64,96,20,1.3094735365892263,1.234392687573362
GRU-lite,15,11,trial_4,0.0003,64,96,21,1.3063503820397169,1.2364377021572828
GRU-lite,15,11,trial_4,0.0003,64,96,22,1.301590168261174,1.2358963195485728
GRU-lite,15,11,trial_4,0.0003,64,96,23,1.299742511872907,1.2347260972909624
GRU-lite,15,11,trial_4,0.0003,64,96,24,1.2983305572311472,1.228898086946622
GRU-lite,15,11,trial_4,0.0003,64,96,25,1.300099567327837,1.2306653007193014
GRU-lite,15,11,trial_4,0.0003,64,96,26,1.2986991558335341,1.2302634283129636
GRU-lite,15,11,trial_4,0.0003,64,96,27,1.2925760990331374,1.2279899366079272
GRU-lite,15,11,trial_4,0.0003,64,96,28,1.2973542770153277,1.2297566262823427
GRU-lite,15,11,trial_4,0.0003,64,96,29,1.2903175643194091,1.2276562782161031
GRU-lite,15,11,trial_4,0.0003,64,96,30,1.2893234958513538,1.2242194270675872
GRU-lite,15,23,selected_seed_repeat,0.001,32,96,1,3.264056702119861,1.6026567755645502
GRU-lite,15,23,selected_seed_repeat,0.001,32,96,2,1.5539651330060567,1.3538689048778731
GRU-lite,15,23,selected_seed_repeat,0.001,32,96,3,1.4284086915388885,1.3358262326505839
GRU-lite,15,23,selected_seed_repeat,0.001,32,96,4,1.397086169687379,1.285055949084771
GRU-lite,15,23,selected_seed_repeat,0.001,32,96,5,1.3695194415216108,1.266200910677899
GRU-lite,15,23,selected_seed_repeat,0.001,32,96,6,1.3522855972948378,1.248987684883638
GRU-lite,15,23,selected_seed_repeat,0.001,32,96,7,1.3539842679865652,1.2597974275600692
GRU-lite,15,23,selected_seed_repeat,0.001,32,96,8,1.339444187153823,1.2616195071886387
GRU-lite,15,23,selected_seed_repeat,0.001,32,96,9,1.3276761013892955,1.2452703133591645
GRU-lite,15,23,selected_seed_repeat,0.001,32,96,10,1.3232296297882493,1.2377902313520726
GRU-lite,15,23,selected_seed_repeat,0.001,32,96,11,1.3130260853654827,1.228706998143634
GRU-lite,15,23,selected_seed_repeat,0.001,32,96,12,1.3036944994017867,1.2454130157063512
GRU-lite,15,23,selected_seed_repeat,0.001,32,96,13,1.30440351614979,1.2361558571700224
GRU-lite,15,23,selected_seed_repeat,0.001,32,96,14,1.29696217992827,1.2381499678431536
GRU-lite,15,23,selected_seed_repeat,0.001,32,96,15,1.2966234267388068,1.2389172368036774
GRU-lite,15,23,selected_seed_repeat,0.001,32,96,16,1.293264411006644,1.2248025790199895
GRU-lite,15,23,selected_seed_repeat,0.001,32,96,17,1.2925207279861743,1.21644061004071
GRU-lite,15,23,selected_seed_repeat,0.001,32,96,18,1.2864797035480675,1.212196894258283
GRU-lite,15,23,selected_seed_repeat,0.001,32,96,19,1.2810647186002764,1.2154665699493683
GRU-lite,15,23,selected_seed_repeat,0.001,32,96,20,1.2765816464557267,1.2176331555158741
GRU-lite,15,23,selected_seed_repeat,0.001,32,96,21,1.2726817641889734,1.2259522683163089
GRU-lite,15,23,selected_seed_repeat,0.001,32,96,22,1.265864559127258,1.2148864654946225
GRU-lite,15,23,selected_seed_repeat,0.001,32,96,23,1.2686782385080007,1.213786318840634
GRU-lite,15,37,selected_seed_repeat,0.001,32,96,1,3.587484916060249,1.6468168385666702
GRU-lite,15,37,selected_seed_repeat,0.001,32,96,2,1.5466242068487581,1.3274324234633448
GRU-lite,15,37,selected_seed_repeat,0.001,32,96,3,1.4290036035191727,1.2781946428510287
GRU-lite,15,37,selected_seed_repeat,0.001,32,96,4,1.4024198389647111,1.2975897035888855
GRU-lite,15,37,selected_seed_repeat,0.001,32,96,5,1.3766844790496284,1.2686821731643174
GRU-lite,15,37,selected_seed_repeat,0.001,32,96,6,1.3621711632498616,1.265450812127611
GRU-lite,15,37,selected_seed_repeat,0.001,32,96,7,1.3453596013051092,1.2470730568330652
GRU-lite,15,37,selected_seed_repeat,0.001,32,96,8,1.3360929384144358,1.2465515632085729
GRU-lite,15,37,selected_seed_repeat,0.001,32,96,9,1.3386179485498246,1.2412045205161506
GRU-lite,15,37,selected_seed_repeat,0.001,32,96,10,1.3267273157322808,1.2376253405271505
GRU-lite,15,37,selected_seed_repeat,0.001,32,96,11,1.3141851895351386,1.226617149875887
GRU-lite,15,37,selected_seed_repeat,0.001,32,96,12,1.3081441327974919,1.2201287499597366
GRU-lite,15,37,selected_seed_repeat,0.001,32,96,13,1.3024920575604364,1.2205037536611187
GRU-lite,15,37,selected_seed_repeat,0.001,32,96,14,1.302481123794029,1.2395154915045434
GRU-lite,15,37,selected_seed_repeat,0.001,32,96,15,1.3007595514662034,1.2268896443160466
GRU-lite,15,37,selected_seed_repeat,0.001,32,96,16,1.2948979532465845,1.2283640040657184
GRU-lite,15,37,selected_seed_repeat,0.001,32,96,17,1.2889219556146114,1.235427916384717
GRU-lite,15,53,selected_seed_repeat,0.001,32,96,1,3.727248193689014,1.6335642748721462
GRU-lite,15,53,selected_seed_repeat,0.001,32,96,2,1.5870599833758814,1.3234554152440254
GRU-lite,15,53,selected_seed_repeat,0.001,32,96,3,1.4307586102489058,1.2958460455068044
GRU-lite,15,53,selected_seed_repeat,0.001,32,96,4,1.3878959232332548,1.2709709201908475
GRU-lite,15,53,selected_seed_repeat,0.001,32,96,5,1.364993570190172,1.242905969368662
GRU-lite,15,53,selected_seed_repeat,0.001,32,96,6,1.3482157047817436,1.239731994615036
GRU-lite,15,53,selected_seed_repeat,0.001,32,96,7,1.3405063935148476,1.2515225500401492
GRU-lite,15,53,selected_seed_repeat,0.001,32,96,8,1.3330499898042882,1.2327714802456209
GRU-lite,15,53,selected_seed_repeat,0.001,32,96,9,1.3155167012995062,1.2379430292782967
GRU-lite,15,53,selected_seed_repeat,0.001,32,96,10,1.314809444144864,1.229950618926563
GRU-lite,15,53,selected_seed_repeat,0.001,32,96,11,1.3102223799149655,1.2361185124441891
GRU-lite,15,53,selected_seed_repeat,0.001,32,96,12,1.307873454440451,1.2280808552725688
GRU-lite,15,53,selected_seed_repeat,0.001,32,96,13,1.3031120281563835,1.2169987558679984
GRU-lite,15,53,selected_seed_repeat,0.001,32,96,14,1.295876639100687,1.2157995506791648
GRU-lite,15,53,selected_seed_repeat,0.001,32,96,15,1.2874281179217624,1.2070278616898618
GRU-lite,15,53,selected_seed_repeat,0.001,32,96,16,1.2855196122769383,1.2058898323415004
GRU-lite,15,53,selected_seed_repeat,0.001,32,96,17,1.288908758158968,1.212048653708268
GRU-lite,15,53,selected_seed_repeat,0.001,32,96,18,1.27719168706243,1.2216694968105024
GRU-lite,15,53,selected_seed_repeat,0.001,32,96,19,1.2721976015661947,1.2158775571081246
GRU-lite,15,53,selected_seed_repeat,0.001,32,96,20,1.2694421491468917,1.2048589637502967
GRU-lite,15,53,selected_seed_repeat,0.001,32,96,21,1.2690277240435448,1.2008957623994239
GRU-lite,15,53,selected_seed_repeat,0.001,32,96,22,1.262878346454,1.2059540596425646
GRU-lite,15,53,selected_seed_repeat,0.001,32,96,23,1.2647237269143448,1.2034430374894998
GRU-lite,15,53,selected_seed_repeat,0.001,32,96,24,1.2589205039874212,1.2024168699309294
GRU-lite,15,53,selected_seed_repeat,0.001,32,96,25,1.257936901453675,1.2040915392445415
GRU-lite,15,53,selected_seed_repeat,0.001,32,96,26,1.2545844475670511,1.2431469911631603
GRU-lite,15,71,selected_seed_repeat,0.001,32,96,1,3.717515055381322,1.820256195598402
GRU-lite,15,71,selected_seed_repeat,0.001,32,96,2,1.607277899773732,1.3221588724252331
GRU-lite,15,71,selected_seed_repeat,0.001,32,96,3,1.4384194516209408,1.2947670054490685
GRU-lite,15,71,selected_seed_repeat,0.001,32,96,4,1.3933284592401178,1.2740056244997189
GRU-lite,15,71,selected_seed_repeat,0.001,32,96,5,1.373155736373907,1.25102344700312
GRU-lite,15,71,selected_seed_repeat,0.001,32,96,6,1.3599302278695942,1.258239554882096
GRU-lite,15,71,selected_seed_repeat,0.001,32,96,7,1.3476653923141917,1.2456373376892445
GRU-lite,15,71,selected_seed_repeat,0.001,32,96,8,1.3399394879862836,1.2370206014725256
GRU-lite,15,71,selected_seed_repeat,0.001,32,96,9,1.3298097442688432,1.230359940661535
GRU-lite,15,71,selected_seed_repeat,0.001,32,96,10,1.321640973653502,1.2250104181620145
GRU-lite,15,71,selected_seed_repeat,0.001,32,96,11,1.3137618811865464,1.231996444921596
GRU-lite,15,71,selected_seed_repeat,0.001,32,96,12,1.317581033017031,1.2178703312811454
GRU-lite,15,71,selected_seed_repeat,0.001,32,96,13,1.3040825974710086,1.225611819433933
GRU-lite,15,71,selected_seed_repeat,0.001,32,96,14,1.3024730625547813,1.2277008166612093
GRU-lite,15,71,selected_seed_repeat,0.001,32,96,15,1.2980302855371462,1.2425316661161885
GRU-lite,15,71,selected_seed_repeat,0.001,32,96,16,1.2971531886582524,1.2354986092155948
GRU-lite,15,71,selected_seed_repeat,0.001,32,96,17,1.290245941646044,1.2140410048378887
GRU-lite,15,71,selected_seed_repeat,0.001,32,96,18,1.2925039429718421,1.2129163781385184
GRU-lite,15,71,selected_seed_repeat,0.001,32,96,19,1.2868909317449464,1.2387975719932287
GRU-lite,15,71,selected_seed_repeat,0.001,32,96,20,1.2912963723554958,1.2212684387874786
GRU-lite,15,71,selected_seed_repeat,0.001,32,96,21,1.2853405728933296,1.2134002189189161
GRU-lite,15,71,selected_seed_repeat,0.001,32,96,22,1.2746931443214262,1.2172050078542218
GRU-lite,15,71,selected_seed_repeat,0.001,32,96,23,1.271091654926695,1.210262407936245
GRU-lite,15,71,selected_seed_repeat,0.001,32,96,24,1.271652393991578,1.2211957189149216
GRU-lite,15,71,selected_seed_repeat,0.001,32,96,25,1.2752089401891518,1.2598987469498075
GRU-lite,15,71,selected_seed_repeat,0.001,32,96,26,1.2701446343406844,1.216303933337459
GRU-lite,15,71,selected_seed_repeat,0.001,32,96,27,1.2641312829544669,1.216486345292438
GRU-lite,15,71,selected_seed_repeat,0.001,32,96,28,1.2564929770997344,1.2226012553486951
TCN-lite,15,11,trial_1,0.001,32,32,1,3.629255293732882,1.7655621864762945
TCN-lite,15,11,trial_1,0.001,32,32,2,1.9882829326067664,1.475136322614934
TCN-lite,15,11,trial_1,0.001,32,32,3,1.8085915287673315,1.4144372342217453
TCN-lite,15,11,trial_1,0.001,32,32,4,1.7046517831232848,1.3111484863075178
TCN-lite,15,11,trial_1,0.001,32,32,5,1.6186980612354216,1.3114760556484326
TCN-lite,15,11,trial_1,0.001,32,32,6,1.6177661775599441,1.398892610486334
TCN-lite,15,11,trial_1,0.001,32,32,7,1.5860397456081796,1.2722339672852354
TCN-lite,15,11,trial_1,0.001,32,32,8,1.5784330390308206,1.285064148399012
TCN-lite,15,11,trial_1,0.001,32,32,9,1.5874059625355075,1.3037070736375618
TCN-lite,15,11,trial_1,0.001,32,32,10,1.5507595605234497,1.3092979617162643
TCN-lite,15,11,trial_1,0.001,32,32,11,1.5442960512059016,1.2639069514000132
TCN-lite,15,11,trial_1,0.001,32,32,12,1.5428607424638856,1.2866899012141548
TCN-lite,15,11,trial_1,0.001,32,32,13,1.513356598916163,1.3367793157465004
TCN-lite,15,11,trial_1,0.001,32,32,14,1.4896168673391805,1.267581656966562
TCN-lite,15,11,trial_1,0.001,32,32,15,1.5013073380838162,1.2762257939123727
TCN-lite,15,11,trial_1,0.001,32,32,16,1.5009758865425842,1.2741464464338523
TCN-lite,15,11,trial_2,0.0003,64,32,1,4.065443406673139,2.1129960791188407
TCN-lite,15,11,trial_2,0.0003,64,32,2,2.371020221646035,1.6115450600704984
TCN-lite,15,11,trial_2,0.0003,64,32,3,1.9209412166917514,1.447825839479794
TCN-lite,15,11,trial_2,0.0003,64,32,4,1.7318453007391033,1.5205814349311932
TCN-lite,15,11,trial_2,0.0003,64,32,5,1.6850785362139866,1.3775496231295576
TCN-lite,15,11,trial_2,0.0003,64,32,6,1.6011380576014294,1.3362201137968122
TCN-lite,15,11,trial_2,0.0003,64,32,7,1.549631384128927,1.3029654973807847
TCN-lite,15,11,trial_2,0.0003,64,32,8,1.5611754804550035,1.3035492893473242
TCN-lite,15,11,trial_2,0.0003,64,32,9,1.5266235867311413,1.28828462027878
TCN-lite,15,11,trial_2,0.0003,64,32,10,1.5125402791180478,1.3017770386831995
TCN-lite,15,11,trial_2,0.0003,64,32,11,1.5155174123250492,1.2844526238075051
TCN-lite,15,11,trial_2,0.0003,64,32,12,1.4814148571513044,1.286097757360345
TCN-lite,15,11,trial_2,0.0003,64,32,13,1.469480059050858,1.2745006516572428
TCN-lite,15,11,trial_2,0.0003,64,32,14,1.4568964342707922,1.2912258954031592
TCN-lite,15,11,trial_2,0.0003,64,32,15,1.4601483704576976,1.2799287997944473
TCN-lite,15,11,trial_2,0.0003,64,32,16,1.4525186844516553,1.2938246351594458
TCN-lite,15,11,trial_2,0.0003,64,32,17,1.4262272445783981,1.2993920567136064
TCN-lite,15,11,trial_2,0.0003,64,32,18,1.4369298700530502,1.291565393180935
TCN-lite,15,11,trial_3,0.001,32,96,1,3.6728067849039436,1.7524786697356487
TCN-lite,15,11,trial_3,0.001,32,96,2,2.0206073549395445,1.4997147161751696
TCN-lite,15,11,trial_3,0.001,32,96,3,1.7643778937027932,1.3848439752136434
TCN-lite,15,11,trial_3,0.001,32,96,4,1.6541130203311334,1.3324591291727494
TCN-lite,15,11,trial_3,0.001,32,96,5,1.6274592145785522,1.2942071040412053
TCN-lite,15,11,trial_3,0.001,32,96,6,1.5950011127158528,1.3492899207609395
TCN-lite,15,11,trial_3,0.001,32,96,7,1.5558574159705567,1.2887098482474566
TCN-lite,15,11,trial_3,0.001,32,96,8,1.5566074895954634,1.450117715244165
TCN-lite,15,11,trial_3,0.001,32,96,9,1.5584868168705623,1.3388407448106465
TCN-lite,15,11,trial_3,0.001,32,96,10,1.5562718694208042,1.305604056716333
TCN-lite,15,11,trial_3,0.001,32,96,11,1.5148338545148834,1.277490601541005
TCN-lite,15,11,trial_3,0.001,32,96,12,1.5183216356853853,1.301232562012337
TCN-lite,15,11,trial_3,0.001,32,96,13,1.5146267851801944,1.2936229950397993
TCN-lite,15,11,trial_3,0.001,32,96,14,1.5074818771562268,1.3221601326388284
TCN-lite,15,11,trial_3,0.001,32,96,15,1.498010271373631,1.2753421008321786
TCN-lite,15,11,trial_3,0.001,32,96,16,1.5166458948568207,1.2624596624650246
TCN-lite,15,11,trial_3,0.001,32,96,17,1.4860905923610825,1.3017542022654551
TCN-lite,15,11,trial_3,0.001,32,96,18,1.4874451844150574,1.301002088562295
TCN-lite,15,11,trial_3,0.001,32,96,19,1.4933064644790839,1.2946604985763233
TCN-lite,15,11,trial_3,0.001,32,96,20,1.476170314398943,1.3203830174709672
TCN-lite,15,11,trial_3,0.001,32,96,21,1.4774051886007196,1.275924362114752
TCN-lite,15,11,trial_4,0.0003,64,96,1,4.050826782049608,2.1586254867753345
TCN-lite,15,11,trial_4,0.0003,64,96,2,2.3844625105057813,1.5764910894814426
TCN-lite,15,11,trial_4,0.0003,64,96,3,1.8961898585772636,1.4531090957477635
TCN-lite,15,11,trial_4,0.0003,64,96,4,1.7454264808570112,1.395527553864858
TCN-lite,15,11,trial_4,0.0003,64,96,5,1.660483938442825,1.4244255306418636
TCN-lite,15,11,trial_4,0.0003,64,96,6,1.6162104308276612,1.3596002463376766
TCN-lite,15,11,trial_4,0.0003,64,96,7,1.5736970935932308,1.3421817543374808
TCN-lite,15,11,trial_4,0.0003,64,96,8,1.5557056343256248,1.3123288744862767
TCN-lite,15,11,trial_4,0.0003,64,96,9,1.5452076323193655,1.3221246197800842
TCN-lite,15,11,trial_4,0.0003,64,96,10,1.5038718168617524,1.2944020854379163
TCN-lite,15,11,trial_4,0.0003,64,96,11,1.4956741425435796,1.2935548048029006
TCN-lite,15,11,trial_4,0.0003,64,96,12,1.5047801118260715,1.2913957597125534
TCN-lite,15,11,trial_4,0.0003,64,96,13,1.4868610858979088,1.2867680830030253
TCN-lite,15,11,trial_4,0.0003,64,96,14,1.4519963537883616,1.2742759214919586
TCN-lite,15,11,trial_4,0.0003,64,96,15,1.4631046342110616,1.286919075811977
TCN-lite,15,11,trial_4,0.0003,64,96,16,1.4602978079998894,1.2774958454958476
TCN-lite,15,11,trial_4,0.0003,64,96,17,1.4263105801984304,1.3139853668039512
TCN-lite,15,11,trial_4,0.0003,64,96,18,1.4424521753478587,1.27766254837318
TCN-lite,15,11,trial_4,0.0003,64,96,19,1.429695392750497,1.2658912785753036
TCN-lite,15,11,trial_4,0.0003,64,96,20,1.4236767628644567,1.270121815614614
TCN-lite,15,11,trial_4,0.0003,64,96,21,1.4298272304392965,1.275844157247138
TCN-lite,15,11,trial_4,0.0003,64,96,22,1.4154804946615644,1.2809184449363697
TCN-lite,15,11,trial_4,0.0003,64,96,23,1.405905833603985,1.2605734635253922
TCN-lite,15,11,trial_4,0.0003,64,96,24,1.4037914245932226,1.2589789911535225
TCN-lite,15,11,trial_4,0.0003,64,96,25,1.392497878260507,1.258181624686072
TCN-lite,15,11,trial_4,0.0003,64,96,26,1.39953824377329,1.2502002372403611
TCN-lite,15,11,trial_4,0.0003,64,96,27,1.3954063024268215,1.2956884207247341
TCN-lite,15,11,trial_4,0.0003,64,96,28,1.3817627600360547,1.2758828880097794
TCN-lite,15,11,trial_4,0.0003,64,96,29,1.3753074383223842,1.261926397930371
TCN-lite,15,11,trial_4,0.0003,64,96,30,1.3741855833987966,1.2612745068744573
TCN-lite,15,23,selected_seed_repeat,0.0003,64,96,1,3.9280820533036955,2.314875665107447
TCN-lite,15,23,selected_seed_repeat,0.0003,64,96,2,2.3547759632229597,1.5951112397277534
TCN-lite,15,23,selected_seed_repeat,0.0003,64,96,3,1.9331447845481313,1.4293626601311409
TCN-lite,15,23,selected_seed_repeat,0.0003,64,96,4,1.7903501169096596,1.4130263904261557
TCN-lite,15,23,selected_seed_repeat,0.0003,64,96,5,1.6928059621708922,1.344517697948328
TCN-lite,15,23,selected_seed_repeat,0.0003,64,96,6,1.6675571032833423,1.3277292463665902
TCN-lite,15,23,selected_seed_repeat,0.0003,64,96,7,1.613035242751118,1.30855517973626
TCN-lite,15,23,selected_seed_repeat,0.0003,64,96,8,1.5809132658412417,1.309835651859511
TCN-lite,15,23,selected_seed_repeat,0.0003,64,96,9,1.5639749094858362,1.282408212580565
TCN-lite,15,23,selected_seed_repeat,0.0003,64,96,10,1.5475318922097523,1.3070961605112021
TCN-lite,15,23,selected_seed_repeat,0.0003,64,96,11,1.5134561532194246,1.2743439651002313
TCN-lite,15,23,selected_seed_repeat,0.0003,64,96,12,1.5174207626300467,1.2950754139952252
TCN-lite,15,23,selected_seed_repeat,0.0003,64,96,13,1.5010023606342289,1.286334197010285
TCN-lite,15,23,selected_seed_repeat,0.0003,64,96,14,1.4953539916084964,1.2650439533572597
TCN-lite,15,23,selected_seed_repeat,0.0003,64,96,15,1.4826035955914172,1.2870171366777257
TCN-lite,15,23,selected_seed_repeat,0.0003,64,96,16,1.4660032592601246,1.2819552153297644
TCN-lite,15,23,selected_seed_repeat,0.0003,64,96,17,1.4680084192271177,1.3033204862747363
TCN-lite,15,23,selected_seed_repeat,0.0003,64,96,18,1.4763826889258522,1.3597473079142808
TCN-lite,15,23,selected_seed_repeat,0.0003,64,96,19,1.4607130998040199,1.2719762357717923
TCN-lite,15,37,selected_seed_repeat,0.0003,64,96,1,4.11502340634097,2.2827225972339598
TCN-lite,15,37,selected_seed_repeat,0.0003,64,96,2,2.409564613020291,1.6040451069124
TCN-lite,15,37,selected_seed_repeat,0.0003,64,96,3,1.8961187647941302,1.3740679472138215
TCN-lite,15,37,selected_seed_repeat,0.0003,64,96,4,1.7337018420309847,1.3459073013985803
TCN-lite,15,37,selected_seed_repeat,0.0003,64,96,5,1.6743693964453057,1.3220931293012121
TCN-lite,15,37,selected_seed_repeat,0.0003,64,96,6,1.6207992525692618,1.3020720544877047
TCN-lite,15,37,selected_seed_repeat,0.0003,64,96,7,1.5774674042745265,1.321514753677224
TCN-lite,15,37,selected_seed_repeat,0.0003,64,96,8,1.5572692793131075,1.2947767324750734
TCN-lite,15,37,selected_seed_repeat,0.0003,64,96,9,1.5334088675389301,1.2950059159895013
TCN-lite,15,37,selected_seed_repeat,0.0003,64,96,10,1.5220328994635068,1.284189459109033
TCN-lite,15,37,selected_seed_repeat,0.0003,64,96,11,1.514058462983092,1.2872249629402093
TCN-lite,15,37,selected_seed_repeat,0.0003,64,96,12,1.499358519048757,1.2755660215678186
TCN-lite,15,37,selected_seed_repeat,0.0003,64,96,13,1.4747838827181174,1.2817682142950895
TCN-lite,15,37,selected_seed_repeat,0.0003,64,96,14,1.4854555751989924,1.261826312004411
TCN-lite,15,37,selected_seed_repeat,0.0003,64,96,15,1.4632463822360786,1.3125214246218535
TCN-lite,15,37,selected_seed_repeat,0.0003,64,96,16,1.4654264480225407,1.2533298657512686
TCN-lite,15,37,selected_seed_repeat,0.0003,64,96,17,1.4503372825570542,1.282558909160063
TCN-lite,15,37,selected_seed_repeat,0.0003,64,96,18,1.4636428801069712,1.2757589283676205
TCN-lite,15,37,selected_seed_repeat,0.0003,64,96,19,1.4509723799625593,1.3188389883185967
TCN-lite,15,37,selected_seed_repeat,0.0003,64,96,20,1.437285703342166,1.2614876523875642
TCN-lite,15,37,selected_seed_repeat,0.0003,64,96,21,1.4317630128843775,1.2685676710685267
TCN-lite,15,53,selected_seed_repeat,0.0003,64,96,1,3.9568373754768413,2.090767280492667
TCN-lite,15,53,selected_seed_repeat,0.0003,64,96,2,2.276052415370941,1.6369442707709831
TCN-lite,15,53,selected_seed_repeat,0.0003,64,96,3,1.8734239582824015,1.4475370861046408
TCN-lite,15,53,selected_seed_repeat,0.0003,64,96,4,1.7359060374855013,1.3623101078054871
TCN-lite,15,53,selected_seed_repeat,0.0003,64,96,5,1.6647386763244143,1.366968907431589
TCN-lite,15,53,selected_seed_repeat,0.0003,64,96,6,1.622159603512761,1.37825279061223
TCN-lite,15,53,selected_seed_repeat,0.0003,64,96,7,1.5895940517395788,1.3275568665836754
TCN-lite,15,53,selected_seed_repeat,0.0003,64,96,8,1.5606104587138616,1.3013058257978372
TCN-lite,15,53,selected_seed_repeat,0.0003,64,96,9,1.534944265236209,1.3205089932567318
TCN-lite,15,53,selected_seed_repeat,0.0003,64,96,10,1.5190141779245032,1.290182668396557
TCN-lite,15,53,selected_seed_repeat,0.0003,64,96,11,1.499641723689715,1.309449792686145
TCN-lite,15,53,selected_seed_repeat,0.0003,64,96,12,1.483760788546778,1.3109611850804532
TCN-lite,15,53,selected_seed_repeat,0.0003,64,96,13,1.4942987578544058,1.2992161479363313
TCN-lite,15,53,selected_seed_repeat,0.0003,64,96,14,1.4773523779228988,1.2760723183241207
TCN-lite,15,53,selected_seed_repeat,0.0003,64,96,15,1.4478465162197804,1.2715972721067779
TCN-lite,15,53,selected_seed_repeat,0.0003,64,96,16,1.4436944048725853,1.2658948462082884
TCN-lite,15,53,selected_seed_repeat,0.0003,64,96,17,1.4418932952547794,1.2588156775770623
TCN-lite,15,53,selected_seed_repeat,0.0003,64,96,18,1.4319091737830876,1.2669103425713912
TCN-lite,15,53,selected_seed_repeat,0.0003,64,96,19,1.4285754362149372,1.2670557466500827
TCN-lite,15,53,selected_seed_repeat,0.0003,64,96,20,1.41116085826937,1.2554077548694018
TCN-lite,15,53,selected_seed_repeat,0.0003,64,96,21,1.4217164871857952,1.2802830287954527
TCN-lite,15,53,selected_seed_repeat,0.0003,64,96,22,1.4093860319495874,1.2608925085913278
TCN-lite,15,53,selected_seed_repeat,0.0003,64,96,23,1.4147108694954877,1.2628917344238868
TCN-lite,15,53,selected_seed_repeat,0.0003,64,96,24,1.3893621553512807,1.2576786330182557
TCN-lite,15,53,selected_seed_repeat,0.0003,64,96,25,1.3864223270558826,1.2699122605213726
TCN-lite,15,71,selected_seed_repeat,0.0003,64,96,1,3.8346132050306463,2.1296627962468904
TCN-lite,15,71,selected_seed_repeat,0.0003,64,96,2,2.2671294578303547,1.5611563299482676
TCN-lite,15,71,selected_seed_repeat,0.0003,64,96,3,1.8926294643101629,1.3974493875235112
TCN-lite,15,71,selected_seed_repeat,0.0003,64,96,4,1.7410893795037055,1.420216461816701
TCN-lite,15,71,selected_seed_repeat,0.0003,64,96,5,1.6719275581650375,1.3260452829777132
TCN-lite,15,71,selected_seed_repeat,0.0003,64,96,6,1.6409814644319103,1.3206368544092195
TCN-lite,15,71,selected_seed_repeat,0.0003,64,96,7,1.6113623068740732,1.3190756558373473
TCN-lite,15,71,selected_seed_repeat,0.0003,64,96,8,1.5715382063819459,1.320416787628678
TCN-lite,15,71,selected_seed_repeat,0.0003,64,96,9,1.5623461922107715,1.2824368438012328
TCN-lite,15,71,selected_seed_repeat,0.0003,64,96,10,1.5430178386366113,1.2910636864950629
TCN-lite,15,71,selected_seed_repeat,0.0003,64,96,11,1.5065433855487862,1.2775370243621005
TCN-lite,15,71,selected_seed_repeat,0.0003,64,96,12,1.5107022565397217,1.2901534744390004
TCN-lite,15,71,selected_seed_repeat,0.0003,64,96,13,1.4914382907835393,1.2706897290879997
TCN-lite,15,71,selected_seed_repeat,0.0003,64,96,14,1.4841142852209415,1.2882474261445085
TCN-lite,15,71,selected_seed_repeat,0.0003,64,96,15,1.4698865202291365,1.261888234858288
TCN-lite,15,71,selected_seed_repeat,0.0003,64,96,16,1.468891036805031,1.2557472249066268
TCN-lite,15,71,selected_seed_repeat,0.0003,64,96,17,1.4562660702990144,1.2628026307838573
TCN-lite,15,71,selected_seed_repeat,0.0003,64,96,18,1.45621825117678,1.2530524097154447
TCN-lite,15,71,selected_seed_repeat,0.0003,64,96,19,1.4348164076037857,1.2478062683230302
TCN-lite,15,71,selected_seed_repeat,0.0003,64,96,20,1.4497672268733401,1.3014940137317945
TCN-lite,15,71,selected_seed_repeat,0.0003,64,96,21,1.4245428706399892,1.2604635445648937
TCN-lite,15,71,selected_seed_repeat,0.0003,64,96,22,1.4310024346240848,1.256893723048866
TCN-lite,15,71,selected_seed_repeat,0.0003,64,96,23,1.4222568004958105,1.2393476790051776
TCN-lite,15,71,selected_seed_repeat,0.0003,64,96,24,1.4167820805318547,1.2566680368253118
TCN-lite,15,71,selected_seed_repeat,0.0003,64,96,25,1.411151726438854,1.2604984649647306
TCN-lite,15,71,selected_seed_repeat,0.0003,64,96,26,1.3955762273367374,1.2460399472016475
TCN-lite,15,71,selected_seed_repeat,0.0003,64,96,27,1.4069178319640703,1.2616034800853915
TCN-lite,15,71,selected_seed_repeat,0.0003,64,96,28,1.4026983047290893,1.2471000226299487
DLinear-lite,15,11,trial_1,0.001,32,32,1,4.9404643922396705,4.4143505737316575
DLinear-lite,15,11,trial_1,0.001,32,32,2,3.862703146788542,3.076846224013286
DLinear-lite,15,11,trial_1,0.001,32,32,3,3.126922009968326,2.327178430979861
DLinear-lite,15,11,trial_1,0.001,32,32,4,2.3578850647781415,1.676329897660828
DLinear-lite,15,11,trial_1,0.001,32,32,5,1.738741660660842,1.4187101964706283
DLinear-lite,15,11,trial_1,0.001,32,32,6,1.5621638121180625,1.40626682860702
DLinear-lite,15,11,trial_1,0.001,32,32,7,1.5317591035154994,1.3986018251158319
DLinear-lite,15,11,trial_1,0.001,32,32,8,1.5196234879345891,1.3883077386594092
DLinear-lite,15,11,trial_1,0.001,32,32,9,1.5139232543054602,1.3853250191520763
DLinear-lite,15,11,trial_1,0.001,32,32,10,1.503642635092954,1.3841273951746405
DLinear-lite,15,11,trial_1,0.001,32,32,11,1.5000252122815323,1.379413817867971
DLinear-lite,15,11,trial_1,0.001,32,32,12,1.4973777043455283,1.3920491097232945
DLinear-lite,15,11,trial_1,0.001,32,32,13,1.4963627589205852,1.3815838977531485
DLinear-lite,15,11,trial_1,0.001,32,32,14,1.493638470758298,1.39172702904851
DLinear-lite,15,11,trial_1,0.001,32,32,15,1.4925919533301608,1.3796044925441642
DLinear-lite,15,11,trial_1,0.001,32,32,16,1.4902054368579842,1.3854989197116174
DLinear-lite,15,11,trial_2,0.0003,64,32,1,5.392978265441819,5.048879058632808
DLinear-lite,15,11,trial_2,0.0003,64,32,2,4.899479034523902,4.887903951164329
DLinear-lite,15,11,trial_2,0.0003,64,32,3,4.499834033632504,4.344003136489343
DLinear-lite,15,11,trial_2,0.0003,64,32,4,4.113228215921698,3.7424704139892015
DLinear-lite,15,11,trial_2,0.0003,64,32,5,3.812272247037919,3.3350033250616824
DLinear-lite,15,11,trial_2,0.0003,64,32,6,3.5789534917747674,3.0402985277978707
DLinear-lite,15,11,trial_2,0.0003,64,32,7,3.365927195361913,2.8362987216012847
DLinear-lite,15,11,trial_2,0.0003,64,32,8,3.1471090158280313,2.6277167074394643
DLinear-lite,15,11,trial_2,0.0003,64,32,9,2.9193103442172594,2.3949859493317414
DLinear-lite,15,11,trial_2,0.0003,64,32,10,2.6776657444825083,2.15935977717458
DLinear-lite,15,11,trial_2,0.0003,64,32,11,2.433595914589121,1.9548119554054317
DLinear-lite,15,11,trial_2,0.0003,64,32,12,2.1940881359383124,1.7679799974063377
DLinear-lite,15,11,trial_2,0.0003,64,32,13,1.9716065146129986,1.6048359028322374
DLinear-lite,15,11,trial_2,0.0003,64,32,14,1.790996497069686,1.4949551717850256
DLinear-lite,15,11,trial_2,0.0003,64,32,15,1.6709267576115474,1.4375423895431503
DLinear-lite,15,11,trial_2,0.0003,64,32,16,1.6041130492663878,1.415465878615212
DLinear-lite,15,11,trial_2,0.0003,64,32,17,1.5720950345544935,1.403839086559776
DLinear-lite,15,11,trial_2,0.0003,64,32,18,1.554481590680942,1.4017342910887967
DLinear-lite,15,11,trial_2,0.0003,64,32,19,1.5420884123741634,1.3976644362365527
DLinear-lite,15,11,trial_2,0.0003,64,32,20,1.5331338635987133,1.3968198117592798
DLinear-lite,15,11,trial_2,0.0003,64,32,21,1.5261612601514936,1.3966567696439243
DLinear-lite,15,11,trial_2,0.0003,64,32,22,1.5205903093641204,1.3948629685347333
DLinear-lite,15,11,trial_2,0.0003,64,32,23,1.5170927618455854,1.392511761676521
DLinear-lite,15,11,trial_2,0.0003,64,32,24,1.5132487922359885,1.3911189353687015
DLinear-lite,15,11,trial_2,0.0003,64,32,25,1.5104708384815007,1.3889512728743827
DLinear-lite,15,11,trial_2,0.0003,64,32,26,1.5076479103146332,1.3900892427787066
DLinear-lite,15,11,trial_2,0.0003,64,32,27,1.506065932265886,1.3995220128721229
DLinear-lite,15,11,trial_2,0.0003,64,32,28,1.503659556611548,1.390226482218846
DLinear-lite,15,11,trial_2,0.0003,64,32,29,1.5022207654181974,1.3857158111898218
DLinear-lite,15,11,trial_2,0.0003,64,32,30,1.5002905330357055,1.3888492768133507
DLinear-lite,15,11,trial_3,0.001,32,96,1,4.727364250005347,3.123353838065311
DLinear-lite,15,11,trial_3,0.001,32,96,2,3.9438439348620875,2.7037208293841357
DLinear-lite,15,11,trial_3,0.001,32,96,3,3.326105229662383,2.3836323363136303
DLinear-lite,15,11,trial_3,0.001,32,96,4,2.6317719867299196,1.8448799033484335
DLinear-lite,15,11,trial_3,0.001,32,96,5,1.9805703837936959,1.5365433003288413
DLinear-lite,15,11,trial_3,0.001,32,96,6,1.6572078362661034,1.433658824378599
DLinear-lite,15,11,trial_3,0.001,32,96,7,1.5302305990399163,1.3907248332888005
DLinear-lite,15,11,trial_3,0.001,32,96,8,1.4950136550631425,1.3829340026219417
DLinear-lite,15,11,trial_3,0.001,32,96,9,1.48815554795589,1.3724533104336936
DLinear-lite,15,11,trial_3,0.001,32,96,10,1.4806383637589033,1.3646830404686765
DLinear-lite,15,11,trial_3,0.001,32,96,11,1.4765444328112471,1.3656694488827565
DLinear-lite,15,11,trial_3,0.001,32,96,12,1.474817771211627,1.3699687418680557
DLinear-lite,15,11,trial_3,0.001,32,96,13,1.4764371126091924,1.3584144814457246
DLinear-lite,15,11,trial_3,0.001,32,96,14,1.474707990906042,1.3935874956550371
DLinear-lite,15,11,trial_3,0.001,32,96,15,1.4724813963631045,1.3661551542244643
DLinear-lite,15,11,trial_3,0.001,32,96,16,1.4788750917989306,1.3683499241906227
DLinear-lite,15,11,trial_3,0.001,32,96,17,1.4745289610744845,1.3649012753821286
DLinear-lite,15,11,trial_3,0.001,32,96,18,1.476623344965672,1.3599201771197713
DLinear-lite,15,11,trial_4,0.0003,64,96,1,5.11407430625486,5.367745627994077
DLinear-lite,15,11,trial_4,0.0003,64,96,2,4.670928806915026,3.926749310021168
DLinear-lite,15,11,trial_4,0.0003,64,96,3,4.361936207534785,3.0653254563431576
DLinear-lite,15,11,trial_4,0.0003,64,96,4,4.1150660107931945,2.8480723959104783
DLinear-lite,15,11,trial_4,0.0003,64,96,5,3.908410756533399,2.8078538361948056
DLinear-lite,15,11,trial_4,0.0003,64,96,6,3.7175918669078714,2.762394383004496
DLinear-lite,15,11,trial_4,0.0003,64,96,7,3.532996107859481,2.694899217310662
DLinear-lite,15,11,trial_4,0.0003,64,96,8,3.34907441767314,2.5968087008760814
DLinear-lite,15,11,trial_4,0.0003,64,96,9,3.1532069048426,2.4105254410652472
DLinear-lite,15,11,trial_4,0.0003,64,96,10,2.9487689161541875,2.2869514282293935
DLinear-lite,15,11,trial_4,0.0003,64,96,11,2.7317419648595695,2.1067928500838495
DLinear-lite,15,11,trial_4,0.0003,64,96,12,2.493804475592998,1.9316149481479965
DLinear-lite,15,11,trial_4,0.0003,64,96,13,2.2620792132777243,1.7880492694454604
DLinear-lite,15,11,trial_4,0.0003,64,96,14,2.060814415591338,1.6657556544278105
DLinear-lite,15,11,trial_4,0.0003,64,96,15,1.9124099144877469,1.5860443833516495
DLinear-lite,15,11,trial_4,0.0003,64,96,16,1.8006104529309856,1.520249861043618
DLinear-lite,15,11,trial_4,0.0003,64,96,17,1.7076853670895475,1.4746104350853357
DLinear-lite,15,11,trial_4,0.0003,64,96,18,1.6396068994332027,1.4438614393408313
DLinear-lite,15,11,trial_4,0.0003,64,96,19,1.585997789690363,1.4155936179074229
DLinear-lite,15,11,trial_4,0.0003,64,96,20,1.5479184030380932,1.4032906697399603
DLinear-lite,15,11,trial_4,0.0003,64,96,21,1.5216772496000601,1.3927754762323399
DLinear-lite,15,11,trial_4,0.0003,64,96,22,1.5040508659056508,1.3859903534770737
DLinear-lite,15,11,trial_4,0.0003,64,96,23,1.492773104184827,1.381008501266174
DLinear-lite,15,11,trial_4,0.0003,64,96,24,1.4857938275919234,1.3815977175011362
DLinear-lite,15,11,trial_4,0.0003,64,96,25,1.4803136221296678,1.3736359446063366
DLinear-lite,15,11,trial_4,0.0003,64,96,26,1.4775850545672702,1.3719144106042838
DLinear-lite,15,11,trial_4,0.0003,64,96,27,1.4739714358573341,1.3786085502972012
DLinear-lite,15,11,trial_4,0.0003,64,96,28,1.471507012600549,1.3722545434425268
DLinear-lite,15,11,trial_4,0.0003,64,96,29,1.4702662425874944,1.369373366240073
DLinear-lite,15,11,trial_4,0.0003,64,96,30,1.4682803664800297,1.3697473009395138
DLinear-lite,15,23,selected_seed_repeat,0.001,32,96,1,4.780539749684412,5.3427973716509705
DLinear-lite,15,23,selected_seed_repeat,0.001,32,96,2,4.054852642084623,3.808092710078082
DLinear-lite,15,23,selected_seed_repeat,0.001,32,96,3,3.1030405036314073,2.5531610405236504
DLinear-lite,15,23,selected_seed_repeat,0.001,32,96,4,2.3346799315549003,1.956939294036904
DLinear-lite,15,23,selected_seed_repeat,0.001,32,96,5,1.7957030866611359,1.5793226259589037
DLinear-lite,15,23,selected_seed_repeat,0.001,32,96,6,1.5697281282230593,1.4234539436078035
DLinear-lite,15,23,selected_seed_repeat,0.001,32,96,7,1.5104110220525584,1.3785185837278937
DLinear-lite,15,23,selected_seed_repeat,0.001,32,96,8,1.4956359204572418,1.3849680051979134
DLinear-lite,15,23,selected_seed_repeat,0.001,32,96,9,1.4947814609152588,1.3688604969546898
DLinear-lite,15,23,selected_seed_repeat,0.001,32,96,10,1.4933182647568575,1.3700909766423928
DLinear-lite,15,23,selected_seed_repeat,0.001,32,96,11,1.4920837385303911,1.3763195308188325
DLinear-lite,15,23,selected_seed_repeat,0.001,32,96,12,1.4894586565878165,1.3919294013205517
DLinear-lite,15,23,selected_seed_repeat,0.001,32,96,13,1.4961663070251694,1.3822582190258836
DLinear-lite,15,23,selected_seed_repeat,0.001,32,96,14,1.4957536883457478,1.4036989472413401
DLinear-lite,15,37,selected_seed_repeat,0.001,32,96,1,4.5949888129094845,4.685839195017404
DLinear-lite,15,37,selected_seed_repeat,0.001,32,96,2,3.6470877860135023,3.18332533243008
DLinear-lite,15,37,selected_seed_repeat,0.001,32,96,3,2.758217163312929,2.3183727479269725
DLinear-lite,15,37,selected_seed_repeat,0.001,32,96,4,2.089997939527232,1.810820243267511
DLinear-lite,15,37,selected_seed_repeat,0.001,32,96,5,1.6925762188373523,1.533675370230147
DLinear-lite,15,37,selected_seed_repeat,0.001,32,96,6,1.554766337570339,1.4275785761406155
DLinear-lite,15,37,selected_seed_repeat,0.001,32,96,7,1.5245842909533054,1.4000290942897202
DLinear-lite,15,37,selected_seed_repeat,0.001,32,96,8,1.5120851224062082,1.3912949115158857
DLinear-lite,15,37,selected_seed_repeat,0.001,32,96,9,1.5057836230166561,1.3932751588487349
DLinear-lite,15,37,selected_seed_repeat,0.001,32,96,10,1.5035648829232349,1.3883073968561934
DLinear-lite,15,37,selected_seed_repeat,0.001,32,96,11,1.4940345707791072,1.3803367103279687
DLinear-lite,15,37,selected_seed_repeat,0.001,32,96,12,1.4967192977974175,1.3780375903168929
DLinear-lite,15,37,selected_seed_repeat,0.001,32,96,13,1.5000825610379778,1.3789603183150536
DLinear-lite,15,37,selected_seed_repeat,0.001,32,96,14,1.4941769874399757,1.3817040034402088
DLinear-lite,15,37,selected_seed_repeat,0.001,32,96,15,1.4916077064697795,1.384496487166492
DLinear-lite,15,37,selected_seed_repeat,0.001,32,96,16,1.5001604670262598,1.391318782259883
DLinear-lite,15,37,selected_seed_repeat,0.001,32,96,17,1.495022680499039,1.3880706926802864
DLinear-lite,15,53,selected_seed_repeat,0.001,32,96,1,4.671751454504434,4.69936854104866
DLinear-lite,15,53,selected_seed_repeat,0.001,32,96,2,4.342755961823273,4.284204055592444
DLinear-lite,15,53,selected_seed_repeat,0.001,32,96,3,4.079790691657091,3.7597903893860276
DLinear-lite,15,53,selected_seed_repeat,0.001,32,96,4,3.7927111202010275,3.3298389935258945
DLinear-lite,15,53,selected_seed_repeat,0.001,32,96,5,3.5544877929812437,2.885703592467911
DLinear-lite,15,53,selected_seed_repeat,0.001,32,96,6,3.4100276795688544,2.8246230982505
DLinear-lite,15,53,selected_seed_repeat,0.001,32,96,7,3.336537629104989,2.6695738162900886
DLinear-lite,15,53,selected_seed_repeat,0.001,32,96,8,3.2847746142896357,2.6014691758333073
DLinear-lite,15,53,selected_seed_repeat,0.001,32,96,9,3.2503823139485206,2.6496870850013594
DLinear-lite,15,53,selected_seed_repeat,0.001,32,96,10,3.2111376210930236,2.558012658774232
DLinear-lite,15,53,selected_seed_repeat,0.001,32,96,11,3.1873142717722533,2.594797016563994
DLinear-lite,15,53,selected_seed_repeat,0.001,32,96,12,3.166872415501472,2.5490931820003326
DLinear-lite,15,53,selected_seed_repeat,0.001,32,96,13,3.142727395866437,2.5830249521974826
DLinear-lite,15,53,selected_seed_repeat,0.001,32,96,14,3.1258616750748582,2.7042391477062906
DLinear-lite,15,53,selected_seed_repeat,0.001,32,96,15,3.1156597339161425,2.5042258013309886
DLinear-lite,15,53,selected_seed_repeat,0.001,32,96,16,3.1121206215301744,2.4786280544803496
DLinear-lite,15,53,selected_seed_repeat,0.001,32,96,17,3.0980552854886803,2.664973277765153
DLinear-lite,15,53,selected_seed_repeat,0.001,32,96,18,3.088739787645474,2.536575529895247
DLinear-lite,15,53,selected_seed_repeat,0.001,32,96,19,3.083742455862802,2.4797010015242402
DLinear-lite,15,53,selected_seed_repeat,0.001,32,96,20,3.081891128429141,2.589889991516781
DLinear-lite,15,53,selected_seed_repeat,0.001,32,96,21,3.079816957694933,2.4808026848065987
DLinear-lite,15,71,selected_seed_repeat,0.001,32,96,1,4.354231642187704,3.0134242668061453
DLinear-lite,15,71,selected_seed_repeat,0.001,32,96,2,3.054762929714687,2.419727039241181
DLinear-lite,15,71,selected_seed_repeat,0.001,32,96,3,2.3462693866290842,2.0762212878561823
DLinear-lite,15,71,selected_seed_repeat,0.001,32,96,4,1.8459392824798593,1.5753150585506333
DLinear-lite,15,71,selected_seed_repeat,0.001,32,96,5,1.5735896919068832,1.3972467467625667
DLinear-lite,15,71,selected_seed_repeat,0.001,32,96,6,1.4980206931485487,1.4094992408124565
DLinear-lite,15,71,selected_seed_repeat,0.001,32,96,7,1.4876627946063867,1.3821997885092108
DLinear-lite,15,71,selected_seed_repeat,0.001,32,96,8,1.4799129563714213,1.3819356568543952
DLinear-lite,15,71,selected_seed_repeat,0.001,32,96,9,1.47666649158088,1.3728489550863678
DLinear-lite,15,71,selected_seed_repeat,0.001,32,96,10,1.475856322341179,1.3732106770083017
DLinear-lite,15,71,selected_seed_repeat,0.001,32,96,11,1.4812562907667535,1.3885112998122011
DLinear-lite,15,71,selected_seed_repeat,0.001,32,96,12,1.4789911300858154,1.3856574262469108
DLinear-lite,15,71,selected_seed_repeat,0.001,32,96,13,1.476046760750695,1.3692707143131604
DLinear-lite,15,71,selected_seed_repeat,0.001,32,96,14,1.4776281060292042,1.3787638577525423
DLinear-lite,15,71,selected_seed_repeat,0.001,32,96,15,1.4793513668164089,1.3626887554263687
DLinear-lite,15,71,selected_seed_repeat,0.001,32,96,16,1.4786712939277358,1.3652797218840165
DLinear-lite,15,71,selected_seed_repeat,0.001,32,96,17,1.4755298365638354,1.3665573109714482
DLinear-lite,15,71,selected_seed_repeat,0.001,32,96,18,1.4788506737486136,1.3670386253802516
DLinear-lite,15,71,selected_seed_repeat,0.001,32,96,19,1.4741549121938455,1.3649642484140014
DLinear-lite,15,71,selected_seed_repeat,0.001,32,96,20,1.4809970552567664,1.3798058532768342
PatchTST-lite,15,11,trial_1,0.001,32,32,1,2.796328335434123,1.6382196207996684
PatchTST-lite,15,11,trial_1,0.001,32,32,2,1.8553467250355828,1.4546673379695032
PatchTST-lite,15,11,trial_1,0.001,32,32,3,1.6505631011850879,1.4113884169076343
PatchTST-lite,15,11,trial_1,0.001,32,32,4,1.5948539039482363,1.3561101293686137
PatchTST-lite,15,11,trial_1,0.001,32,32,5,1.5274049138170835,1.4078892624634014
PatchTST-lite,15,11,trial_1,0.001,32,32,6,1.4978161161260866,1.4802853542462002
PatchTST-lite,15,11,trial_1,0.001,32,32,7,1.489551307154781,1.3809984790014491
PatchTST-lite,15,11,trial_1,0.001,32,32,8,1.4623355942869072,1.3668210294902028
PatchTST-lite,15,11,trial_1,0.001,32,32,9,1.448116041990993,1.3260478192566472
PatchTST-lite,15,11,trial_1,0.001,32,32,10,1.4146043684543033,1.3061731709592765
PatchTST-lite,15,11,trial_1,0.001,32,32,11,1.4416207717166847,1.3545141124425026
PatchTST-lite,15,11,trial_1,0.001,32,32,12,1.4197331078669944,1.3038711698938492
PatchTST-lite,15,11,trial_1,0.001,32,32,13,1.4067633409963691,1.2863831571010484
PatchTST-lite,15,11,trial_1,0.001,32,32,14,1.3939531876679192,1.3642250370391835
PatchTST-lite,15,11,trial_1,0.001,32,32,15,1.3770311617674984,1.2800166878039096
PatchTST-lite,15,11,trial_1,0.001,32,32,16,1.370155993908232,1.3532982579694957
PatchTST-lite,15,11,trial_1,0.001,32,32,17,1.389522794542536,1.4028759177921615
PatchTST-lite,15,11,trial_1,0.001,32,32,18,1.38229161274403,1.3512494498652474
PatchTST-lite,15,11,trial_1,0.001,32,32,19,1.3816545208114788,1.3040717558725636
PatchTST-lite,15,11,trial_1,0.001,32,32,20,1.3526518594021075,1.3428272670481696
PatchTST-lite,15,11,trial_2,0.0003,64,32,1,3.1669770324730413,1.9166161187596125
PatchTST-lite,15,11,trial_2,0.0003,64,32,2,2.0386258087483538,1.6827669854837977
PatchTST-lite,15,11,trial_2,0.0003,64,32,3,1.7393341977986405,1.5805554021679225
PatchTST-lite,15,11,trial_2,0.0003,64,32,4,1.596363038908949,1.374428433690509
PatchTST-lite,15,11,trial_2,0.0003,64,32,5,1.5495054916236426,1.458931320205786
PatchTST-lite,15,11,trial_2,0.0003,64,32,6,1.506001103607796,1.5086581558313237
PatchTST-lite,15,11,trial_2,0.0003,64,32,7,1.4813388625396753,1.3764923168026704
PatchTST-lite,15,11,trial_2,0.0003,64,32,8,1.4761002873723412,1.3232123812688572
PatchTST-lite,15,11,trial_2,0.0003,64,32,9,1.4310624030663257,1.3084999156053185
PatchTST-lite,15,11,trial_2,0.0003,64,32,10,1.4193393981861104,1.355761952761361
PatchTST-lite,15,11,trial_2,0.0003,64,32,11,1.4305262381955184,1.416425282593784
PatchTST-lite,15,11,trial_2,0.0003,64,32,12,1.4001682639214785,1.3153685691220975
PatchTST-lite,15,11,trial_2,0.0003,64,32,13,1.375804589140917,1.2822897762802248
PatchTST-lite,15,11,trial_2,0.0003,64,32,14,1.3916626919436157,1.2857421948314314
PatchTST-lite,15,11,trial_2,0.0003,64,32,15,1.369808270105693,1.315434755104198
PatchTST-lite,15,11,trial_2,0.0003,64,32,16,1.3693558539434416,1.3216903137161458
PatchTST-lite,15,11,trial_2,0.0003,64,32,17,1.3560033042388047,1.4123562312267803
PatchTST-lite,15,11,trial_2,0.0003,64,32,18,1.3633329131405474,1.3593508260914116
PatchTST-lite,15,11,trial_3,0.001,32,96,1,4.022667793743929,2.7352932478992003
PatchTST-lite,15,11,trial_3,0.001,32,96,2,3.3260652323286855,2.558848755013589
PatchTST-lite,15,11,trial_3,0.001,32,96,3,2.948764709610212,2.380161032391706
PatchTST-lite,15,11,trial_3,0.001,32,96,4,2.6387739494482565,2.3131970437560745
PatchTST-lite,15,11,trial_3,0.001,32,96,5,2.4242095955731426,1.8498014079724505
PatchTST-lite,15,11,trial_3,0.001,32,96,6,2.263603412182664,1.9106892807214395
PatchTST-lite,15,11,trial_3,0.001,32,96,7,2.1498208726857206,1.75330961118622
PatchTST-lite,15,11,trial_3,0.001,32,96,8,1.9917345586527537,1.7697128337013897
PatchTST-lite,15,11,trial_3,0.001,32,96,9,1.8766725483018916,1.613150454293527
PatchTST-lite,15,11,trial_3,0.001,32,96,10,1.7053305630678024,1.468404964019396
PatchTST-lite,15,11,trial_3,0.001,32,96,11,1.6264834796549692,1.453732265426219
PatchTST-lite,15,11,trial_3,0.001,32,96,12,1.5611096263179227,1.4050481138850746
PatchTST-lite,15,11,trial_3,0.001,32,96,13,1.5246862972267439,1.401544102862977
PatchTST-lite,15,11,trial_3,0.001,32,96,14,1.4906396942230211,1.3444119143113724
PatchTST-lite,15,11,trial_3,0.001,32,96,15,1.4727593965819237,1.3277430581887062
PatchTST-lite,15,11,trial_3,0.001,32,96,16,1.4477332332918358,1.3492802561511739
PatchTST-lite,15,11,trial_3,0.001,32,96,17,1.4321251334526466,1.590986190095945
PatchTST-lite,15,11,trial_3,0.001,32,96,18,1.4373898063159667,1.3518909837883586
PatchTST-lite,15,11,trial_3,0.001,32,96,19,1.4218451782874508,1.3349188640009826
PatchTST-lite,15,11,trial_3,0.001,32,96,20,1.4084611287747262,1.298105257763296
PatchTST-lite,15,11,trial_3,0.001,32,96,21,1.4165167896785782,1.3198462635713115
PatchTST-lite,15,11,trial_3,0.001,32,96,22,1.408130409096116,1.3340437526583373
PatchTST-lite,15,11,trial_3,0.001,32,96,23,1.3959113378315726,1.3306483954294732
PatchTST-lite,15,11,trial_3,0.001,32,96,24,1.390797485659826,1.32132729987713
PatchTST-lite,15,11,trial_3,0.001,32,96,25,1.411220737449606,1.376783234931523
PatchTST-lite,15,11,trial_4,0.0003,64,96,1,4.157280493458311,2.9993724730735947
PatchTST-lite,15,11,trial_4,0.0003,64,96,2,3.6720576560159426,2.5667275489856913
PatchTST-lite,15,11,trial_4,0.0003,64,96,3,3.23498084427774,2.457149181026021
PatchTST-lite,15,11,trial_4,0.0003,64,96,4,2.9499397291980354,2.2408846689927726
PatchTST-lite,15,11,trial_4,0.0003,64,96,5,2.7431530798213695,2.0321482865914033
PatchTST-lite,15,11,trial_4,0.0003,64,96,6,2.5726788676746066,1.91885096292366
PatchTST-lite,15,11,trial_4,0.0003,64,96,7,2.3724406085455647,1.851914495886663
PatchTST-lite,15,11,trial_4,0.0003,64,96,8,2.2387945332124515,1.7372296304860348
PatchTST-lite,15,11,trial_4,0.0003,64,96,9,2.0643818109669,1.8194997870635317
PatchTST-lite,15,11,trial_4,0.0003,64,96,10,1.96264404015161,1.960724812205982
PatchTST-lite,15,11,trial_4,0.0003,64,96,11,1.9038195354294178,1.7267533044623418
PatchTST-lite,15,11,trial_4,0.0003,64,96,12,1.8148343015856698,1.6113520373548234
PatchTST-lite,15,11,trial_4,0.0003,64,96,13,1.7727592910331111,1.5915209546018119
PatchTST-lite,15,11,trial_4,0.0003,64,96,14,1.7021159760736602,1.4673055812212894
PatchTST-lite,15,11,trial_4,0.0003,64,96,15,1.6326607993020337,1.5047792104592213
PatchTST-lite,15,11,trial_4,0.0003,64,96,16,1.586764401541864,1.4181310470834187
PatchTST-lite,15,11,trial_4,0.0003,64,96,17,1.5765155702259175,1.3815704574562668
PatchTST-lite,15,11,trial_4,0.0003,64,96,18,1.5302670900595468,1.443812024503181
PatchTST-lite,15,11,trial_4,0.0003,64,96,19,1.5047230032509469,1.5135301792385152
PatchTST-lite,15,11,trial_4,0.0003,64,96,20,1.5263268055406494,1.4086269461264553
PatchTST-lite,15,11,trial_4,0.0003,64,96,21,1.5014737102337343,1.3592284763919353
PatchTST-lite,15,11,trial_4,0.0003,64,96,22,1.4729800708748981,1.3296071825850084
PatchTST-lite,15,11,trial_4,0.0003,64,96,23,1.4332419972149453,1.5203320751196996
PatchTST-lite,15,11,trial_4,0.0003,64,96,24,1.4705664021850242,1.4927771907965286
PatchTST-lite,15,11,trial_4,0.0003,64,96,25,1.4462737497501594,1.3854381173778478
PatchTST-lite,15,11,trial_4,0.0003,64,96,26,1.422627219981632,1.3320864200112155
PatchTST-lite,15,11,trial_4,0.0003,64,96,27,1.408316353483959,1.350829311296916
PatchTST-lite,15,23,selected_seed_repeat,0.001,32,32,1,2.7634815266681434,1.8059533558251606
PatchTST-lite,15,23,selected_seed_repeat,0.001,32,32,2,1.9237546915325783,1.6469398510671647
PatchTST-lite,15,23,selected_seed_repeat,0.001,32,32,3,1.668615928894738,1.3683878693012348
PatchTST-lite,15,23,selected_seed_repeat,0.001,32,32,4,1.5688662800438495,1.417511058651704
PatchTST-lite,15,23,selected_seed_repeat,0.001,32,32,5,1.532814781430306,1.5235549188165647
PatchTST-lite,15,23,selected_seed_repeat,0.001,32,32,6,1.501239891788732,1.391061450012225
PatchTST-lite,15,23,selected_seed_repeat,0.001,32,32,7,1.4833879151250904,1.3327912856118924
PatchTST-lite,15,23,selected_seed_repeat,0.001,32,32,8,1.4640617810981702,1.4500244148550872
PatchTST-lite,15,23,selected_seed_repeat,0.001,32,32,9,1.4435130847405735,1.3436584888764513
PatchTST-lite,15,23,selected_seed_repeat,0.001,32,32,10,1.4304422780854962,1.3120627762245536
PatchTST-lite,15,23,selected_seed_repeat,0.001,32,32,11,1.4228147691894546,1.302576219184528
PatchTST-lite,15,23,selected_seed_repeat,0.001,32,32,12,1.3945773363275762,1.3151018883088066
PatchTST-lite,15,23,selected_seed_repeat,0.001,32,32,13,1.4054832223850402,1.3492355116334043
PatchTST-lite,15,23,selected_seed_repeat,0.001,32,32,14,1.3783153215768358,1.3640656665838784
PatchTST-lite,15,23,selected_seed_repeat,0.001,32,32,15,1.3933872827737355,1.281275668926132
PatchTST-lite,15,23,selected_seed_repeat,0.001,32,32,16,1.366853097106891,1.267593731041315
PatchTST-lite,15,23,selected_seed_repeat,0.001,32,32,17,1.3572696604627572,1.3390414100480776
PatchTST-lite,15,23,selected_seed_repeat,0.001,32,32,18,1.3690233224328447,1.2808481444361395
PatchTST-lite,15,23,selected_seed_repeat,0.001,32,32,19,1.3632685307267653,1.3139428841318088
PatchTST-lite,15,23,selected_seed_repeat,0.001,32,32,20,1.3511800535481777,1.271558313475326
PatchTST-lite,15,23,selected_seed_repeat,0.001,32,32,21,1.3575440883999847,1.3418027728392552
PatchTST-lite,15,37,selected_seed_repeat,0.001,32,32,1,2.8162047058253044,2.0055331055020384
PatchTST-lite,15,37,selected_seed_repeat,0.001,32,32,2,1.8838938017772542,1.5407129260536463
PatchTST-lite,15,37,selected_seed_repeat,0.001,32,32,3,1.6320145443624015,1.424089782792121
PatchTST-lite,15,37,selected_seed_repeat,0.001,32,32,4,1.5346439613412424,1.4953185809268907
PatchTST-lite,15,37,selected_seed_repeat,0.001,32,32,5,1.5218779200655268,1.4856659114869721
PatchTST-lite,15,37,selected_seed_repeat,0.001,32,32,6,1.4873648097028187,1.3856735841270407
PatchTST-lite,15,37,selected_seed_repeat,0.001,32,32,7,1.5019437048142812,1.3381199670318613
PatchTST-lite,15,37,selected_seed_repeat,0.001,32,32,8,1.4588480891826683,1.3154302541998242
PatchTST-lite,15,37,selected_seed_repeat,0.001,32,32,9,1.4350529233338853,1.3269821646012057
PatchTST-lite,15,37,selected_seed_repeat,0.001,32,32,10,1.4326142414518117,1.4080490401103636
PatchTST-lite,15,37,selected_seed_repeat,0.001,32,32,11,1.4134611482169968,1.306080246058369
PatchTST-lite,15,37,selected_seed_repeat,0.001,32,32,12,1.4192557535991648,1.3810017137478239
PatchTST-lite,15,37,selected_seed_repeat,0.001,32,32,13,1.393233504000167,1.3696992949255526
PatchTST-lite,15,37,selected_seed_repeat,0.001,32,32,14,1.410648745606479,1.4512156733668393
PatchTST-lite,15,37,selected_seed_repeat,0.001,32,32,15,1.399104593170316,1.3378257259813118
PatchTST-lite,15,37,selected_seed_repeat,0.001,32,32,16,1.3981726915117785,1.4373237801322618
PatchTST-lite,15,53,selected_seed_repeat,0.001,32,32,1,2.681473389887394,1.8271692379594595
PatchTST-lite,15,53,selected_seed_repeat,0.001,32,32,2,1.9202726459261956,1.701255849610326
PatchTST-lite,15,53,selected_seed_repeat,0.001,32,32,3,1.70771640435183,1.5797752259253868
PatchTST-lite,15,53,selected_seed_repeat,0.001,32,32,4,1.5972960205368514,1.34981871708544
PatchTST-lite,15,53,selected_seed_repeat,0.001,32,32,5,1.5358481234756995,1.3476257918659125
PatchTST-lite,15,53,selected_seed_repeat,0.001,32,32,6,1.5363112021895016,1.5067047603609531
PatchTST-lite,15,53,selected_seed_repeat,0.001,32,32,7,1.500881276173817,1.3887192291110164
PatchTST-lite,15,53,selected_seed_repeat,0.001,32,32,8,1.468498961448793,1.3348596428786106
PatchTST-lite,15,53,selected_seed_repeat,0.001,32,32,9,1.462525112034862,1.3338438483045862
PatchTST-lite,15,53,selected_seed_repeat,0.001,32,32,10,1.4356522035201364,1.3906371236114508
PatchTST-lite,15,53,selected_seed_repeat,0.001,32,32,11,1.4402566745522591,1.3379292378653003
PatchTST-lite,15,53,selected_seed_repeat,0.001,32,32,12,1.4186676487638774,1.3907082692077477
PatchTST-lite,15,53,selected_seed_repeat,0.001,32,32,13,1.4215134146326562,1.3266288609457175
PatchTST-lite,15,53,selected_seed_repeat,0.001,32,32,14,1.4030426749846638,1.3016701157021917
PatchTST-lite,15,53,selected_seed_repeat,0.001,32,32,15,1.3958702121265545,1.3691286628781845
PatchTST-lite,15,53,selected_seed_repeat,0.001,32,32,16,1.3920095220243924,1.350465416695411
PatchTST-lite,15,53,selected_seed_repeat,0.001,32,32,17,1.386821399133055,1.2852332359729826
PatchTST-lite,15,53,selected_seed_repeat,0.001,32,32,18,1.3890138623531834,1.347802167278882
PatchTST-lite,15,53,selected_seed_repeat,0.001,32,32,19,1.4025517114908579,1.3161143024985644
PatchTST-lite,15,53,selected_seed_repeat,0.001,32,32,20,1.3706404379048278,1.3827684747550841
PatchTST-lite,15,53,selected_seed_repeat,0.001,32,32,21,1.3870065453814984,1.33704745789238
PatchTST-lite,15,53,selected_seed_repeat,0.001,32,32,22,1.3522473242320132,1.2738947217403997
PatchTST-lite,15,53,selected_seed_repeat,0.001,32,32,23,1.3718019969361759,1.2606194613216195
PatchTST-lite,15,53,selected_seed_repeat,0.001,32,32,24,1.352979319388165,1.320478589613012
PatchTST-lite,15,53,selected_seed_repeat,0.001,32,32,25,1.360876287392075,1.2627232165219424
PatchTST-lite,15,53,selected_seed_repeat,0.001,32,32,26,1.3426781020373855,1.325259289145373
PatchTST-lite,15,53,selected_seed_repeat,0.001,32,32,27,1.339502740980192,1.2701551429142455
PatchTST-lite,15,53,selected_seed_repeat,0.001,32,32,28,1.3422302006940696,1.3253245438375523
PatchTST-lite,15,71,selected_seed_repeat,0.001,32,32,1,2.8953027685905943,1.9989078981057546
PatchTST-lite,15,71,selected_seed_repeat,0.001,32,32,2,1.9491018299091898,1.6868663820412175
PatchTST-lite,15,71,selected_seed_repeat,0.001,32,32,3,1.6830576546685891,1.4762814921829348
PatchTST-lite,15,71,selected_seed_repeat,0.001,32,32,4,1.5871572471544804,1.3613419189889049
PatchTST-lite,15,71,selected_seed_repeat,0.001,32,32,5,1.5208372363004172,1.3826946135570068
PatchTST-lite,15,71,selected_seed_repeat,0.001,32,32,6,1.4841840380677238,1.4169769252433686
PatchTST-lite,15,71,selected_seed_repeat,0.001,32,32,7,1.4699288941100765,1.3574883245173335
PatchTST-lite,15,71,selected_seed_repeat,0.001,32,32,8,1.4445946705048323,1.31160387419936
PatchTST-lite,15,71,selected_seed_repeat,0.001,32,32,9,1.4316455068596916,1.3140287332107845
PatchTST-lite,15,71,selected_seed_repeat,0.001,32,32,10,1.4285330620981915,1.4363047577470005
PatchTST-lite,15,71,selected_seed_repeat,0.001,32,32,11,1.3945560009843359,1.346757092553447
PatchTST-lite,15,71,selected_seed_repeat,0.001,32,32,12,1.4076989817243581,1.4024688529491471
PatchTST-lite,15,71,selected_seed_repeat,0.001,32,32,13,1.407844968900211,1.3460235561027436
GraphTemporalMLP-lite,15,11,trial_1,0.001,32,32,1,3.2126265039192856,1.7738987342129318
GraphTemporalMLP-lite,15,11,trial_1,0.001,32,32,2,1.9280605368696457,1.5308064236384114
GraphTemporalMLP-lite,15,11,trial_1,0.001,32,32,3,1.6662782936625322,1.3443647603286155
GraphTemporalMLP-lite,15,11,trial_1,0.001,32,32,4,1.5687580747133996,1.3208305508239864
GraphTemporalMLP-lite,15,11,trial_1,0.001,32,32,5,1.50585271851532,1.3826765178012541
GraphTemporalMLP-lite,15,11,trial_1,0.001,32,32,6,1.479188742615368,1.3371059310106133
GraphTemporalMLP-lite,15,11,trial_1,0.001,32,32,7,1.451418170522906,1.3035057951358102
GraphTemporalMLP-lite,15,11,trial_1,0.001,32,32,8,1.444380157845394,1.2834455486830498
GraphTemporalMLP-lite,15,11,trial_1,0.001,32,32,9,1.420431316154029,1.2848442470710417
GraphTemporalMLP-lite,15,11,trial_1,0.001,32,32,10,1.4175687750819685,1.3452322658066609
GraphTemporalMLP-lite,15,11,trial_1,0.001,32,32,11,1.4119831790363706,1.2950713718006743
GraphTemporalMLP-lite,15,11,trial_1,0.001,32,32,12,1.400867991471725,1.2658087870937136
GraphTemporalMLP-lite,15,11,trial_1,0.001,32,32,13,1.3758949151847202,1.2888122366391361
GraphTemporalMLP-lite,15,11,trial_1,0.001,32,32,14,1.370588302241201,1.287094631887963
GraphTemporalMLP-lite,15,11,trial_1,0.001,32,32,15,1.3589497248798161,1.3205464548891723
GraphTemporalMLP-lite,15,11,trial_1,0.001,32,32,16,1.3728278464083155,1.2764618313243257
GraphTemporalMLP-lite,15,11,trial_1,0.001,32,32,17,1.3617141316570855,1.2928626750872607
GraphTemporalMLP-lite,15,11,trial_2,0.0003,64,32,1,3.610184151209841,2.015485060809824
GraphTemporalMLP-lite,15,11,trial_2,0.0003,64,32,2,2.18270320861486,1.533769913990343
GraphTemporalMLP-lite,15,11,trial_2,0.0003,64,32,3,1.744853617009412,1.4520997746294242
GraphTemporalMLP-lite,15,11,trial_2,0.0003,64,32,4,1.5717147799679043,1.410081591261086
GraphTemporalMLP-lite,15,11,trial_2,0.0003,64,32,5,1.5213037194448946,1.3058996649797452
GraphTemporalMLP-lite,15,11,trial_2,0.0003,64,32,6,1.4703092216726361,1.3216522972726885
GraphTemporalMLP-lite,15,11,trial_2,0.0003,64,32,7,1.4408028398833315,1.2968432796708493
GraphTemporalMLP-lite,15,11,trial_2,0.0003,64,32,8,1.4251387026961873,1.3018293306122652
GraphTemporalMLP-lite,15,11,trial_2,0.0003,64,32,9,1.4049191794682123,1.2889611330550317
GraphTemporalMLP-lite,15,11,trial_2,0.0003,64,32,10,1.4128900714147585,1.2931954398370542
GraphTemporalMLP-lite,15,11,trial_2,0.0003,64,32,11,1.372634087654007,1.2913243317570782
GraphTemporalMLP-lite,15,11,trial_2,0.0003,64,32,12,1.3670094449260803,1.279115512232283
GraphTemporalMLP-lite,15,11,trial_2,0.0003,64,32,13,1.3574014649184594,1.2877946349663716
GraphTemporalMLP-lite,15,11,trial_2,0.0003,64,32,14,1.3333426959992878,1.293050620291398
GraphTemporalMLP-lite,15,11,trial_2,0.0003,64,32,15,1.3382366641972252,1.2759769958470335
GraphTemporalMLP-lite,15,11,trial_2,0.0003,64,32,16,1.331318074810388,1.2699357280366488
GraphTemporalMLP-lite,15,11,trial_2,0.0003,64,32,17,1.3261287355401326,1.2797041617674212
GraphTemporalMLP-lite,15,11,trial_2,0.0003,64,32,18,1.3249836448132817,1.2690747158289675
GraphTemporalMLP-lite,15,11,trial_2,0.0003,64,32,19,1.314068690542504,1.2803604873485335
GraphTemporalMLP-lite,15,11,trial_2,0.0003,64,32,20,1.3014894052156099,1.2722490957927826
GraphTemporalMLP-lite,15,11,trial_2,0.0003,64,32,21,1.297255491806813,1.263670774294572
GraphTemporalMLP-lite,15,11,trial_2,0.0003,64,32,22,1.29895169290481,1.2595959707262052
GraphTemporalMLP-lite,15,11,trial_2,0.0003,64,32,23,1.2964290874586841,1.2853379169230421
GraphTemporalMLP-lite,15,11,trial_2,0.0003,64,32,24,1.2924080401092692,1.256752682162528
GraphTemporalMLP-lite,15,11,trial_2,0.0003,64,32,25,1.2763659115106387,1.2734070022365542
GraphTemporalMLP-lite,15,11,trial_2,0.0003,64,32,26,1.278455239502293,1.269386644452879
GraphTemporalMLP-lite,15,11,trial_2,0.0003,64,32,27,1.2745866619571884,1.3126958542333285
GraphTemporalMLP-lite,15,11,trial_2,0.0003,64,32,28,1.2649289689659957,1.2635704634720035
GraphTemporalMLP-lite,15,11,trial_2,0.0003,64,32,29,1.255932156755439,1.2684721871018043
GraphTemporalMLP-lite,15,11,trial_3,0.001,32,96,1,3.1181837906207517,2.0024265492035576
GraphTemporalMLP-lite,15,11,trial_3,0.001,32,96,2,2.1185711629273665,1.5962110594395356
GraphTemporalMLP-lite,15,11,trial_3,0.001,32,96,3,1.8036933892763916,1.4648997225057219
GraphTemporalMLP-lite,15,11,trial_3,0.001,32,96,4,1.6929213440142235,1.3732918953967552
GraphTemporalMLP-lite,15,11,trial_3,0.001,32,96,5,1.6219195342881878,1.3845623789006067
GraphTemporalMLP-lite,15,11,trial_3,0.001,32,96,6,1.542070536628463,1.3615276043288829
GraphTemporalMLP-lite,15,11,trial_3,0.001,32,96,7,1.5607794187854287,1.3717698536031266
GraphTemporalMLP-lite,15,11,trial_3,0.001,32,96,8,1.5246817020716172,1.3817169424257074
GraphTemporalMLP-lite,15,11,trial_3,0.001,32,96,9,1.4868961306534911,1.339060878961097
GraphTemporalMLP-lite,15,11,trial_3,0.001,32,96,10,1.4423256475325958,1.3699459876812299
GraphTemporalMLP-lite,15,11,trial_3,0.001,32,96,11,1.4472359529504268,1.4095955193478136
GraphTemporalMLP-lite,15,11,trial_3,0.001,32,96,12,1.4409746404047938,1.3128535235984269
GraphTemporalMLP-lite,15,11,trial_3,0.001,32,96,13,1.3829129362656793,1.310267077859832
GraphTemporalMLP-lite,15,11,trial_3,0.001,32,96,14,1.3730206987614901,1.3357632437669678
GraphTemporalMLP-lite,15,11,trial_3,0.001,32,96,15,1.3786597091119202,1.348862566677188
GraphTemporalMLP-lite,15,11,trial_3,0.001,32,96,16,1.349036704043144,1.3572484886313834
GraphTemporalMLP-lite,15,11,trial_3,0.001,32,96,17,1.357081790596326,1.3693340568888
GraphTemporalMLP-lite,15,11,trial_3,0.001,32,96,18,1.3561840699227592,1.3640056974573678
GraphTemporalMLP-lite,15,11,trial_4,0.0003,64,96,1,3.5218130131393752,2.4462949752002645
GraphTemporalMLP-lite,15,11,trial_4,0.0003,64,96,2,2.4061950600961355,1.8505723248154096
GraphTemporalMLP-lite,15,11,trial_4,0.0003,64,96,3,1.9812681514300357,1.6619379869417776
GraphTemporalMLP-lite,15,11,trial_4,0.0003,64,96,4,1.7814101357583414,1.4464193192471995
GraphTemporalMLP-lite,15,11,trial_4,0.0003,64,96,5,1.659503169367924,1.383015534082326
GraphTemporalMLP-lite,15,11,trial_4,0.0003,64,96,6,1.5576653022642102,1.3493135923674109
GraphTemporalMLP-lite,15,11,trial_4,0.0003,64,96,7,1.4927329717616997,1.3648991671002646
GraphTemporalMLP-lite,15,11,trial_4,0.0003,64,96,8,1.4689438295017243,1.3536402623041865
GraphTemporalMLP-lite,15,11,trial_4,0.0003,64,96,9,1.4336688616016169,1.3866780952320112
GraphTemporalMLP-lite,15,11,trial_4,0.0003,64,96,10,1.4144982294478423,1.3146261230009049
GraphTemporalMLP-lite,15,11,trial_4,0.0003,64,96,11,1.393981949566666,1.3597157431303617
GraphTemporalMLP-lite,15,11,trial_4,0.0003,64,96,12,1.3856060893412376,1.329031493831516
GraphTemporalMLP-lite,15,11,trial_4,0.0003,64,96,13,1.3673773964630103,1.3443248723887107
GraphTemporalMLP-lite,15,11,trial_4,0.0003,64,96,14,1.3316451707535104,1.3399963943624607
GraphTemporalMLP-lite,15,11,trial_4,0.0003,64,96,15,1.3373551140948565,1.325406111955093
GraphTemporalMLP-lite,15,23,selected_seed_repeat,0.0003,64,32,1,3.6429585561004547,2.166410135262292
GraphTemporalMLP-lite,15,23,selected_seed_repeat,0.0003,64,32,2,2.2952601214707364,1.623028929835809
GraphTemporalMLP-lite,15,23,selected_seed_repeat,0.0003,64,32,3,1.7994457530336734,1.4139709393397533
GraphTemporalMLP-lite,15,23,selected_seed_repeat,0.0003,64,32,4,1.6052293761732574,1.3372144421381567
GraphTemporalMLP-lite,15,23,selected_seed_repeat,0.0003,64,32,5,1.5089215220926615,1.3343703659409822
GraphTemporalMLP-lite,15,23,selected_seed_repeat,0.0003,64,32,6,1.4832660043407364,1.3168965216345228
GraphTemporalMLP-lite,15,23,selected_seed_repeat,0.0003,64,32,7,1.4507891084790825,1.2783858693660368
GraphTemporalMLP-lite,15,23,selected_seed_repeat,0.0003,64,32,8,1.4494687755699016,1.2931604699005195
GraphTemporalMLP-lite,15,23,selected_seed_repeat,0.0003,64,32,9,1.423860452233744,1.2983859336844854
GraphTemporalMLP-lite,15,23,selected_seed_repeat,0.0003,64,32,10,1.3986999626343364,1.2913778294093716
GraphTemporalMLP-lite,15,23,selected_seed_repeat,0.0003,64,32,11,1.3953902718119215,1.2837423993268462
GraphTemporalMLP-lite,15,23,selected_seed_repeat,0.0003,64,32,12,1.3833969927683005,1.2916143978547265
GraphTemporalMLP-lite,15,37,selected_seed_repeat,0.0003,64,32,1,3.7074088206341607,2.3353172173202994
GraphTemporalMLP-lite,15,37,selected_seed_repeat,0.0003,64,32,2,2.350963200006096,1.6745081400207948
GraphTemporalMLP-lite,15,37,selected_seed_repeat,0.0003,64,32,3,1.8324548819702309,1.4168635714082358
GraphTemporalMLP-lite,15,37,selected_seed_repeat,0.0003,64,32,4,1.6406813166053218,1.3559758492508085
GraphTemporalMLP-lite,15,37,selected_seed_repeat,0.0003,64,32,5,1.5368105598449768,1.325147299550901
GraphTemporalMLP-lite,15,37,selected_seed_repeat,0.0003,64,32,6,1.4944092364841277,1.2931561720966074
GraphTemporalMLP-lite,15,37,selected_seed_repeat,0.0003,64,32,7,1.4542975236264113,1.2926979566500474
GraphTemporalMLP-lite,15,37,selected_seed_repeat,0.0003,64,32,8,1.4527139621676541,1.2970600037150146
GraphTemporalMLP-lite,15,37,selected_seed_repeat,0.0003,64,32,9,1.4104619973696533,1.2914382671530447
GraphTemporalMLP-lite,15,37,selected_seed_repeat,0.0003,64,32,10,1.402106734014561,1.2862480041466258
GraphTemporalMLP-lite,15,37,selected_seed_repeat,0.0003,64,32,11,1.391916423647527,1.3006064964185204
GraphTemporalMLP-lite,15,37,selected_seed_repeat,0.0003,64,32,12,1.3878804776747253,1.2981290551929805
GraphTemporalMLP-lite,15,37,selected_seed_repeat,0.0003,64,32,13,1.3776375564807382,1.2814295071230126
GraphTemporalMLP-lite,15,37,selected_seed_repeat,0.0003,64,32,14,1.359311754728726,1.2881081983013145
GraphTemporalMLP-lite,15,37,selected_seed_repeat,0.0003,64,32,15,1.356996881736841,1.2656849185990786
GraphTemporalMLP-lite,15,37,selected_seed_repeat,0.0003,64,32,16,1.3449505692875425,1.280566495614203
GraphTemporalMLP-lite,15,37,selected_seed_repeat,0.0003,64,32,17,1.3379957161839429,1.2929351126006396
GraphTemporalMLP-lite,15,37,selected_seed_repeat,0.0003,64,32,18,1.3362139822757308,1.2734277729739951
GraphTemporalMLP-lite,15,37,selected_seed_repeat,0.0003,64,32,19,1.3266616597761014,1.3035327995713182
GraphTemporalMLP-lite,15,37,selected_seed_repeat,0.0003,64,32,20,1.3118911528063157,1.2592811293444557
GraphTemporalMLP-lite,15,37,selected_seed_repeat,0.0003,64,32,21,1.3131474217588286,1.293587752651426
GraphTemporalMLP-lite,15,37,selected_seed_repeat,0.0003,64,32,22,1.3222106169522432,1.2728736891559365
GraphTemporalMLP-lite,15,37,selected_seed_repeat,0.0003,64,32,23,1.3148763340938507,1.2735744729327043
GraphTemporalMLP-lite,15,37,selected_seed_repeat,0.0003,64,32,24,1.2954814655109403,1.2738003632474542
GraphTemporalMLP-lite,15,37,selected_seed_repeat,0.0003,64,32,25,1.2920799376752885,1.2697208160448936
GraphTemporalMLP-lite,15,53,selected_seed_repeat,0.0003,64,32,1,3.745993481357163,2.2461425337401186
GraphTemporalMLP-lite,15,53,selected_seed_repeat,0.0003,64,32,2,2.2477000190270178,1.6503005851163797
GraphTemporalMLP-lite,15,53,selected_seed_repeat,0.0003,64,32,3,1.7828093033772714,1.38997382821694
GraphTemporalMLP-lite,15,53,selected_seed_repeat,0.0003,64,32,4,1.6117125497237588,1.3772112280386777
GraphTemporalMLP-lite,15,53,selected_seed_repeat,0.0003,64,32,5,1.5222494175202328,1.3194304128995527
GraphTemporalMLP-lite,15,53,selected_seed_repeat,0.0003,64,32,6,1.4882506617575708,1.3264949989176429
GraphTemporalMLP-lite,15,53,selected_seed_repeat,0.0003,64,32,7,1.4582941934473126,1.3165463566242153
GraphTemporalMLP-lite,15,53,selected_seed_repeat,0.0003,64,32,8,1.4419740726453134,1.2859855616932097
GraphTemporalMLP-lite,15,53,selected_seed_repeat,0.0003,64,32,9,1.4204355590738855,1.3045306767217022
GraphTemporalMLP-lite,15,53,selected_seed_repeat,0.0003,64,32,10,1.4031955838992025,1.2932137466191402
GraphTemporalMLP-lite,15,53,selected_seed_repeat,0.0003,64,32,11,1.3942982604380085,1.3169719561181261
GraphTemporalMLP-lite,15,53,selected_seed_repeat,0.0003,64,32,12,1.384489922005036,1.2930361070296394
GraphTemporalMLP-lite,15,53,selected_seed_repeat,0.0003,64,32,13,1.371246459485028,1.275193995021982
GraphTemporalMLP-lite,15,53,selected_seed_repeat,0.0003,64,32,14,1.36226990973024,1.284932422393352
GraphTemporalMLP-lite,15,53,selected_seed_repeat,0.0003,64,32,15,1.350962500019724,1.295722553491074
GraphTemporalMLP-lite,15,53,selected_seed_repeat,0.0003,64,32,16,1.3551406257076326,1.2605455852625327
GraphTemporalMLP-lite,15,53,selected_seed_repeat,0.0003,64,32,17,1.3419078303818357,1.2785805832645791
GraphTemporalMLP-lite,15,53,selected_seed_repeat,0.0003,64,32,18,1.3327980965319848,1.303683553613386
GraphTemporalMLP-lite,15,53,selected_seed_repeat,0.0003,64,32,19,1.330474380714218,1.268843204089737
GraphTemporalMLP-lite,15,53,selected_seed_repeat,0.0003,64,32,20,1.325463083991204,1.2640072374542328
GraphTemporalMLP-lite,15,53,selected_seed_repeat,0.0003,64,32,21,1.3139609711431826,1.2920599289344155
GraphTemporalMLP-lite,15,71,selected_seed_repeat,0.0003,64,32,1,3.591336154197083,2.3754713278105015
GraphTemporalMLP-lite,15,71,selected_seed_repeat,0.0003,64,32,2,2.3245243325300877,1.6065315667891646
GraphTemporalMLP-lite,15,71,selected_seed_repeat,0.0003,64,32,3,1.8440637798561057,1.4209264673451552
GraphTemporalMLP-lite,15,71,selected_seed_repeat,0.0003,64,32,4,1.6311171945527305,1.3445748494274603
GraphTemporalMLP-lite,15,71,selected_seed_repeat,0.0003,64,32,5,1.5364285861520393,1.3043330550189915
GraphTemporalMLP-lite,15,71,selected_seed_repeat,0.0003,64,32,6,1.4922706671776695,1.2988295169812119
GraphTemporalMLP-lite,15,71,selected_seed_repeat,0.0003,64,32,7,1.4462417462617556,1.288831954226379
GraphTemporalMLP-lite,15,71,selected_seed_repeat,0.0003,64,32,8,1.4285102062972497,1.285806917499475
GraphTemporalMLP-lite,15,71,selected_seed_repeat,0.0003,64,32,9,1.4115669122078716,1.290991345082878
GraphTemporalMLP-lite,15,71,selected_seed_repeat,0.0003,64,32,10,1.3993797696891543,1.2731066047651862
GraphTemporalMLP-lite,15,71,selected_seed_repeat,0.0003,64,32,11,1.3927550933589745,1.3050274554968646
GraphTemporalMLP-lite,15,71,selected_seed_repeat,0.0003,64,32,12,1.3756844971892637,1.3289874953364171
GraphTemporalMLP-lite,15,71,selected_seed_repeat,0.0003,64,32,13,1.3631991072923837,1.2982920051700777
GraphTemporalMLP-lite,15,71,selected_seed_repeat,0.0003,64,32,14,1.3551982038447392,1.2874593081785612
GraphTemporalMLP-lite,15,71,selected_seed_repeat,0.0003,64,32,15,1.3464345898066323,1.2733635704412796
STGCN,15,11,trial_1,0.001,32,32,1,2.409153691958002,1.5427807403981553
STGCN,15,11,trial_1,0.001,32,32,2,1.7124572929237223,1.7314981225829262
STGCN,15,11,trial_1,0.001,32,32,3,1.594323501643198,1.4280133716271295
STGCN,15,11,trial_1,0.001,32,32,4,1.5405502383815182,1.4596589290952156
STGCN,15,11,trial_1,0.001,32,32,5,1.519773894818626,1.473511292044847
STGCN,15,11,trial_1,0.001,32,32,6,1.4719309143089538,1.3253561522137658
STGCN,15,11,trial_1,0.001,32,32,7,1.482828422227918,1.2929380303121474
STGCN,15,11,trial_1,0.001,32,32,8,1.456243080846669,1.325121728707431
STGCN,15,11,trial_1,0.001,32,32,9,1.4385985252581819,1.2725841521102221
STGCN,15,11,trial_1,0.001,32,32,10,1.397186433629571,1.2739560501539013
STGCN,15,11,trial_1,0.001,32,32,11,1.3889031632106292,1.3094030191452284
STGCN,15,11,trial_1,0.001,32,32,12,1.378396590358746,1.2529553485002602
STGCN,15,11,trial_1,0.001,32,32,13,1.3625551035017793,1.2954619973951147
STGCN,15,11,trial_1,0.001,32,32,14,1.3609709539830326,1.3346426077439824
STGCN,15,11,trial_1,0.001,32,32,15,1.339319933109443,1.258841517900169
STGCN,15,11,trial_1,0.001,32,32,16,1.3356320389232188,1.2939347166003135
STGCN,15,11,trial_1,0.001,32,32,17,1.3331475883685582,1.4366981128134968
STGCN,15,11,trial_2,0.0003,64,32,1,2.7034997423572356,1.6263201252592077
STGCN,15,11,trial_2,0.0003,64,32,2,1.7847404845556138,1.5417064558634204
STGCN,15,11,trial_2,0.0003,64,32,3,1.6335021982366793,1.4471703381893353
STGCN,15,11,trial_2,0.0003,64,32,4,1.5857797480756743,1.3679927675707697
STGCN,15,11,trial_2,0.0003,64,32,5,1.5558300208733065,1.3422425011901489
STGCN,15,11,trial_2,0.0003,64,32,6,1.4717830804096477,1.3506185752487962
STGCN,15,11,trial_2,0.0003,64,32,7,1.4652614865725788,1.3791457985731022
STGCN,15,11,trial_2,0.0003,64,32,8,1.4424284173980113,1.3364031102848266
STGCN,15,11,trial_2,0.0003,64,32,9,1.4180076852004981,1.40897412209241
STGCN,15,11,trial_2,0.0003,64,32,10,1.4115865900518212,1.3178029035131014
STGCN,15,11,trial_2,0.0003,64,32,11,1.3960917297059965,1.2728941279975012
STGCN,15,11,trial_2,0.0003,64,32,12,1.3790677217157197,1.3046443683971147
STGCN,15,11,trial_2,0.0003,64,32,13,1.3543645942579936,1.2929841063763574
STGCN,15,11,trial_2,0.0003,64,32,14,1.329321035109371,1.2944008143262475
STGCN,15,11,trial_2,0.0003,64,32,15,1.3514832904949765,1.3079379049248576
STGCN,15,11,trial_2,0.0003,64,32,16,1.338166939623896,1.311013313538416
STGCN,15,11,trial_3,0.001,32,96,1,3.39753225920644,1.5556036425895383
STGCN,15,11,trial_3,0.001,32,96,2,1.7426855457811723,1.6585520902314836
STGCN,15,11,trial_3,0.001,32,96,3,1.6023703112746965,1.6146884825703107
STGCN,15,11,trial_3,0.001,32,96,4,1.5746984550001804,1.4388595188228672
STGCN,15,11,trial_3,0.001,32,96,5,1.546535422585649,1.5702516629905416
STGCN,15,11,trial_3,0.001,32,96,6,1.4693077611307805,1.3485099941833614
STGCN,15,11,trial_3,0.001,32,96,7,1.436668732289373,1.3372520325660118
STGCN,15,11,trial_3,0.001,32,96,8,1.4056321233655933,1.3403560139469344
STGCN,15,11,trial_3,0.001,32,96,9,1.3894848304543563,1.30731626890257
STGCN,15,11,trial_3,0.001,32,96,10,1.3752538196361284,1.2921227097639003
STGCN,15,11,trial_3,0.001,32,96,11,1.3796995870179027,1.3395212571798887
STGCN,15,11,trial_3,0.001,32,96,12,1.3459601722436854,1.3273562231423912
STGCN,15,11,trial_3,0.001,32,96,13,1.3474298152093858,1.3204133190690892
STGCN,15,11,trial_3,0.001,32,96,14,1.3164072063300263,1.271563233460164
STGCN,15,11,trial_3,0.001,32,96,15,1.2970714052020826,1.3046028080982879
STGCN,15,11,trial_3,0.001,32,96,16,1.3005422188429465,1.2931876705013514
STGCN,15,11,trial_3,0.001,32,96,17,1.3009624570691252,1.386525821404051
STGCN,15,11,trial_3,0.001,32,96,18,1.2695954008122983,1.3002572498185927
STGCN,15,11,trial_3,0.001,32,96,19,1.267486509058183,1.294195095354894
STGCN,15,11,trial_4,0.0003,64,96,1,3.5740971092166847,1.8150519087528
STGCN,15,11,trial_4,0.0003,64,96,2,1.9063790693373692,1.566794522601289
STGCN,15,11,trial_4,0.0003,64,96,3,1.8078692201294242,1.5511005189718103
STGCN,15,11,trial_4,0.0003,64,96,4,1.6652413357192497,1.423998203307929
STGCN,15,11,trial_4,0.0003,64,96,5,1.5261079059538423,1.3954511187399563
STGCN,15,11,trial_4,0.0003,64,96,6,1.4919419253457729,1.3759175959962555
STGCN,15,11,trial_4,0.0003,64,96,7,1.4917695777558022,1.4575509028407974
STGCN,15,11,trial_4,0.0003,64,96,8,1.4274567208623166,1.3568960072850809
STGCN,15,11,trial_4,0.0003,64,96,9,1.411463013518853,1.3132098767330393
STGCN,15,11,trial_4,0.0003,64,96,10,1.3731175299608969,1.326911251827389
STGCN,15,11,trial_4,0.0003,64,96,11,1.3888068315900712,1.369840641948684
STGCN,15,11,trial_4,0.0003,64,96,12,1.3427428843423206,1.3820038599708353
STGCN,15,11,trial_4,0.0003,64,96,13,1.323590598470375,1.3363004226914916
STGCN,15,11,trial_4,0.0003,64,96,14,1.3002449237030067,1.3116213586722605
STGCN,15,11,trial_4,0.0003,64,96,15,1.2949032884054172,1.332076397746491
STGCN,15,11,trial_4,0.0003,64,96,16,1.2618776848440048,1.3334984279192064
STGCN,15,11,trial_4,0.0003,64,96,17,1.239595735438008,1.358347342377556
STGCN,15,11,trial_4,0.0003,64,96,18,1.224500278166678,1.3192405506252054
STGCN,15,11,trial_4,0.0003,64,96,19,1.195755163889094,1.3266902844696793
STGCN,15,23,selected_seed_repeat,0.001,32,32,1,2.410102290918997,1.63530772093716
STGCN,15,23,selected_seed_repeat,0.001,32,32,2,1.7520959328156251,1.5779218935940948
STGCN,15,23,selected_seed_repeat,0.001,32,32,3,1.6425811741299354,1.4126800120010379
STGCN,15,23,selected_seed_repeat,0.001,32,32,4,1.5685237103441252,1.4820080810919392
STGCN,15,23,selected_seed_repeat,0.001,32,32,5,1.5248530555292514,1.3155502618042225
STGCN,15,23,selected_seed_repeat,0.001,32,32,6,1.518339181628253,1.6987036931740365
STGCN,15,23,selected_seed_repeat,0.001,32,32,7,1.460389581192977,1.3320066946588376
STGCN,15,23,selected_seed_repeat,0.001,32,32,8,1.4311385410205733,1.3212308113061735
STGCN,15,23,selected_seed_repeat,0.001,32,32,9,1.4272092513300827,1.3340486458933587
STGCN,15,23,selected_seed_repeat,0.001,32,32,10,1.404765529544895,1.2856348349367477
STGCN,15,23,selected_seed_repeat,0.001,32,32,11,1.3905424216129303,1.2712697919319191
STGCN,15,23,selected_seed_repeat,0.001,32,32,12,1.3779994115089425,1.561301021689243
STGCN,15,23,selected_seed_repeat,0.001,32,32,13,1.3761711415478177,1.2791033846578965
STGCN,15,23,selected_seed_repeat,0.001,32,32,14,1.3705242272905898,1.3128333651345725
STGCN,15,23,selected_seed_repeat,0.001,32,32,15,1.336620952049515,1.296053942111399
STGCN,15,23,selected_seed_repeat,0.001,32,32,16,1.339510672874384,1.3297202094779348
STGCN,15,37,selected_seed_repeat,0.001,32,32,1,2.9078727901789825,1.7155995839091742
STGCN,15,37,selected_seed_repeat,0.001,32,32,2,1.7372923885092861,1.6741112708209478
STGCN,15,37,selected_seed_repeat,0.001,32,32,3,1.5804402733817082,1.3203533410259731
STGCN,15,37,selected_seed_repeat,0.001,32,32,4,1.523636778146734,1.3586766464936324
STGCN,15,37,selected_seed_repeat,0.001,32,32,5,1.477033311205543,1.2983897807044464
STGCN,15,37,selected_seed_repeat,0.001,32,32,6,1.4546931974618333,1.3762967290767767
STGCN,15,37,selected_seed_repeat,0.001,32,32,7,1.4551596266493985,1.3659344097818953
STGCN,15,37,selected_seed_repeat,0.001,32,32,8,1.4119925507621485,1.3799382599167238
STGCN,15,37,selected_seed_repeat,0.001,32,32,9,1.4199860053803408,1.3285865532292664
STGCN,15,37,selected_seed_repeat,0.001,32,32,10,1.3815768039468523,1.305560058221234
STGCN,15,53,selected_seed_repeat,0.001,32,32,1,2.691187382451801,1.4908134758412457
STGCN,15,53,selected_seed_repeat,0.001,32,32,2,1.7468516564073866,1.565053702971999
STGCN,15,53,selected_seed_repeat,0.001,32,32,3,1.6221613000204487,1.3001148040715012
STGCN,15,53,selected_seed_repeat,0.001,32,32,4,1.5448662568038598,1.4456134800229357
STGCN,15,53,selected_seed_repeat,0.001,32,32,5,1.5030240201789262,1.3727968593226259
STGCN,15,53,selected_seed_repeat,0.001,32,32,6,1.500445815018391,1.3141541224820457
STGCN,15,53,selected_seed_repeat,0.001,32,32,7,1.4347887237956918,1.3049086278566109
STGCN,15,53,selected_seed_repeat,0.001,32,32,8,1.4420413300680104,1.3320372855512754
STGCN,15,71,selected_seed_repeat,0.001,32,32,1,2.6701123423826543,1.9436161385663657
STGCN,15,71,selected_seed_repeat,0.001,32,32,2,1.78051316331461,1.452486470972985
STGCN,15,71,selected_seed_repeat,0.001,32,32,3,1.6071177486841746,1.4158726868581313
STGCN,15,71,selected_seed_repeat,0.001,32,32,4,1.5563790289388804,1.4149255551011037
STGCN,15,71,selected_seed_repeat,0.001,32,32,5,1.4934603531882182,1.3205014795303902
STGCN,15,71,selected_seed_repeat,0.001,32,32,6,1.4463183423047,1.3046394206717258
STGCN,15,71,selected_seed_repeat,0.001,32,32,7,1.4273647423097924,1.3598320523248928
STGCN,15,71,selected_seed_repeat,0.001,32,32,8,1.4419971375979062,1.461096490013465
STGCN,15,71,selected_seed_repeat,0.001,32,32,9,1.4070708409490054,1.3549390828203498
STGCN,15,71,selected_seed_repeat,0.001,32,32,10,1.3825316075546066,1.3659336469167471
STGCN,15,71,selected_seed_repeat,0.001,32,32,11,1.355653570315139,1.298036937740249
STGCN,15,71,selected_seed_repeat,0.001,32,32,12,1.3649517861435607,1.4093280261326768
STGCN,15,71,selected_seed_repeat,0.001,32,32,13,1.359246550227767,1.287836301273732
STGCN,15,71,selected_seed_repeat,0.001,32,32,14,1.3730568274564723,1.2880650934482463
STGCN,15,71,selected_seed_repeat,0.001,32,32,15,1.3112957208983373,1.3416262735845408
STGCN,15,71,selected_seed_repeat,0.001,32,32,16,1.3327665015744887,1.3597197585750957
STGCN,15,71,selected_seed_repeat,0.001,32,32,17,1.2886907820981783,1.3062652259957686
STGCN,15,71,selected_seed_repeat,0.001,32,32,18,1.3106575242368557,1.3378012548525358
GRU-lite,60,11,trial_1,0.001,32,32,1,3.7727483713314376,1.937279763604865
GRU-lite,60,11,trial_1,0.001,32,32,2,2.142991063674023,1.7577767085988774
GRU-lite,60,11,trial_1,0.001,32,32,3,2.050198911286285,1.7325767483130747
GRU-lite,60,11,trial_1,0.001,32,32,4,2.0308502459066613,1.7167654045841423
GRU-lite,60,11,trial_1,0.001,32,32,5,2.0079795356086714,1.7114095324417116
GRU-lite,60,11,trial_1,0.001,32,32,6,1.9887929308957444,1.6863684362825886
GRU-lite,60,11,trial_1,0.001,32,32,7,1.973282980769602,1.665382865390922
GRU-lite,60,11,trial_1,0.001,32,32,8,1.9631260624998983,1.6659948876418504
GRU-lite,60,11,trial_1,0.001,32,32,9,1.9552508699346325,1.6536607769885845
GRU-lite,60,11,trial_1,0.001,32,32,10,1.9430137308130258,1.6455699650840594
GRU-lite,60,11,trial_1,0.001,32,32,11,1.932780422144607,1.6606256202467973
GRU-lite,60,11,trial_1,0.001,32,32,12,1.9281563564976438,1.6269661524037162
GRU-lite,60,11,trial_1,0.001,32,32,13,1.9185820932036215,1.6308489493093024
GRU-lite,60,11,trial_1,0.001,32,32,14,1.9131933838484847,1.6558308485651998
GRU-lite,60,11,trial_1,0.001,32,32,15,1.904061832668996,1.6271804734711572
GRU-lite,60,11,trial_1,0.001,32,32,16,1.8928052697542455,1.6391140393003347
GRU-lite,60,11,trial_1,0.001,32,32,17,1.8978887406566252,1.6411381194789747
GRU-lite,60,11,trial_2,0.0003,64,32,1,4.164678351200929,2.583843382777726
GRU-lite,60,11,trial_2,0.0003,64,32,2,2.6081239757230303,1.8624301983400056
GRU-lite,60,11,trial_2,0.0003,64,32,3,2.141897181021434,1.7783572748702825
GRU-lite,60,11,trial_2,0.0003,64,32,4,2.065471495958294,1.7623625777959784
GRU-lite,60,11,trial_2,0.0003,64,32,5,2.040147300037105,1.7580063395179648
GRU-lite,60,11,trial_2,0.0003,64,32,6,2.0214858730752656,1.7314023495324657
GRU-lite,60,11,trial_2,0.0003,64,32,7,2.0094177091458914,1.7134385423905987
GRU-lite,60,11,trial_2,0.0003,64,32,8,1.9974603784717029,1.7016177148148772
GRU-lite,60,11,trial_2,0.0003,64,32,9,1.9944575277630645,1.7049024935071395
GRU-lite,60,11,trial_2,0.0003,64,32,10,1.9871514961916288,1.6870540699580325
GRU-lite,60,11,trial_2,0.0003,64,32,11,1.9716204531643566,1.6884110794456548
GRU-lite,60,11,trial_2,0.0003,64,32,12,1.9697295091707863,1.6765179046161878
GRU-lite,60,11,trial_2,0.0003,64,32,13,1.9592106934301332,1.6679067015241216
GRU-lite,60,11,trial_2,0.0003,64,32,14,1.9562461661953694,1.6860842368125513
GRU-lite,60,11,trial_2,0.0003,64,32,15,1.9474933280856337,1.670266337242735
GRU-lite,60,11,trial_2,0.0003,64,32,16,1.9398986437577197,1.6621297851610093
GRU-lite,60,11,trial_2,0.0003,64,32,17,1.9419464208292028,1.6679900981261448
GRU-lite,60,11,trial_2,0.0003,64,32,18,1.932774066944386,1.646820766379941
GRU-lite,60,11,trial_2,0.0003,64,32,19,1.924467781666437,1.6391224234791781
GRU-lite,60,11,trial_2,0.0003,64,32,20,1.9239621449028892,1.649302141247888
GRU-lite,60,11,trial_2,0.0003,64,32,21,1.915584985977979,1.6433337481267667
GRU-lite,60,11,trial_2,0.0003,64,32,22,1.9074568510937313,1.6420425032813313
GRU-lite,60,11,trial_2,0.0003,64,32,23,1.9100606903499546,1.6442580661670194
GRU-lite,60,11,trial_2,0.0003,64,32,24,1.9033670432105672,1.6313257746933658
GRU-lite,60,11,trial_2,0.0003,64,32,25,1.8968038378467567,1.6344571336210616
GRU-lite,60,11,trial_2,0.0003,64,32,26,1.8951618595886566,1.6307177035957832
GRU-lite,60,11,trial_2,0.0003,64,32,27,1.8895332146249373,1.6275576078356109
GRU-lite,60,11,trial_2,0.0003,64,32,28,1.8866507501423344,1.620793693366736
GRU-lite,60,11,trial_2,0.0003,64,32,29,1.883770368310683,1.630475697684247
GRU-lite,60,11,trial_2,0.0003,64,32,30,1.8844723121712432,1.6330094716869532
GRU-lite,60,11,trial_3,0.001,32,96,1,3.772751465992837,1.9372657327965852
GRU-lite,60,11,trial_3,0.001,32,96,2,2.1428505219818863,1.7606519822229392
GRU-lite,60,11,trial_3,0.001,32,96,3,2.0519462289854733,1.7295881058374318
GRU-lite,60,11,trial_3,0.001,32,96,4,2.0300283801615966,1.7215638012134515
GRU-lite,60,11,trial_3,0.001,32,96,5,2.00925726854829,1.710222648611434
GRU-lite,60,11,trial_3,0.001,32,96,6,1.989000312622386,1.687015640158151
GRU-lite,60,11,trial_3,0.001,32,96,7,1.9724985723592323,1.668883697312456
GRU-lite,60,11,trial_3,0.001,32,96,8,1.9634693833665047,1.6680175350936186
GRU-lite,60,11,trial_3,0.001,32,96,9,1.9547023465462916,1.6520643523958731
GRU-lite,60,11,trial_3,0.001,32,96,10,1.9424203397808155,1.643503284829259
GRU-lite,60,11,trial_3,0.001,32,96,11,1.9323282405954505,1.6558102014341403
GRU-lite,60,11,trial_3,0.001,32,96,12,1.9273612667895155,1.6318922154081315
GRU-lite,60,11,trial_3,0.001,32,96,13,1.9203511451533204,1.6336212401122214
GRU-lite,60,11,trial_3,0.001,32,96,14,1.9152518750366347,1.6587662005417527
GRU-lite,60,11,trial_3,0.001,32,96,15,1.9044468734687006,1.631968174720005
GRU-lite,60,11,trial_3,0.001,32,96,16,1.8935643881791417,1.6414673898593348
GRU-lite,60,11,trial_3,0.001,32,96,17,1.897354329657994,1.6432972438324807
GRU-lite,60,11,trial_4,0.0003,64,96,1,4.164677497847434,2.583831383566235
GRU-lite,60,11,trial_4,0.0003,64,96,2,2.608128843046367,1.8623189116520447
GRU-lite,60,11,trial_4,0.0003,64,96,3,2.1414744981559504,1.7783824105512027
GRU-lite,60,11,trial_4,0.0003,64,96,4,2.0641074360012546,1.761808141250236
GRU-lite,60,11,trial_4,0.0003,64,96,5,2.039199477259351,1.7616608301571282
GRU-lite,60,11,trial_4,0.0003,64,96,6,2.02347499137184,1.7343112034981871
GRU-lite,60,11,trial_4,0.0003,64,96,7,2.009584624006041,1.7124776744467616
GRU-lite,60,11,trial_4,0.0003,64,96,8,1.9973313124140237,1.7002843428418752
GRU-lite,60,11,trial_4,0.0003,64,96,9,1.9936976076456407,1.7012876234671468
GRU-lite,60,11,trial_4,0.0003,64,96,10,1.9858610982357172,1.687934075590424
GRU-lite,60,11,trial_4,0.0003,64,96,11,1.972125996444679,1.6911663887169925
GRU-lite,60,11,trial_4,0.0003,64,96,12,1.9701780511548295,1.672432115596267
GRU-lite,60,11,trial_4,0.0003,64,96,13,1.95916343973251,1.6694221676292582
GRU-lite,60,11,trial_4,0.0003,64,96,14,1.9583041583009735,1.685179241250693
GRU-lite,60,11,trial_4,0.0003,64,96,15,1.9479103953829686,1.669643428250593
GRU-lite,60,11,trial_4,0.0003,64,96,16,1.9402480023598132,1.65365767753931
GRU-lite,60,11,trial_4,0.0003,64,96,17,1.942130750714727,1.6689322047842583
GRU-lite,60,11,trial_4,0.0003,64,96,18,1.9321185345583818,1.6494347750704874
GRU-lite,60,11,trial_4,0.0003,64,96,19,1.9256530409892008,1.639726138888769
GRU-lite,60,11,trial_4,0.0003,64,96,20,1.9240742839414549,1.6459254429638512
GRU-lite,60,11,trial_4,0.0003,64,96,21,1.9148482371546094,1.645831242907159
GRU-lite,60,11,trial_4,0.0003,64,96,22,1.907245013274034,1.6426096796939091
GRU-lite,60,11,trial_4,0.0003,64,96,23,1.9104830099643437,1.6435021346817356
GRU-lite,60,11,trial_4,0.0003,64,96,24,1.902120055361534,1.6363477272815246
GRU-lite,60,11,trial_4,0.0003,64,96,25,1.8976501711360703,1.6354847706031557
GRU-lite,60,11,trial_4,0.0003,64,96,26,1.89431015319896,1.6332288990127959
GRU-lite,60,11,trial_4,0.0003,64,96,27,1.8895144567044406,1.6304598613426564
GRU-lite,60,11,trial_4,0.0003,64,96,28,1.8870574952471328,1.627304412773383
GRU-lite,60,11,trial_4,0.0003,64,96,29,1.884424299005561,1.6332337127767842
GRU-lite,60,11,trial_4,0.0003,64,96,30,1.8848133850625173,1.6352813055402273
GRU-lite,60,23,selected_seed_repeat,0.0003,64,32,1,4.190861554276377,2.6519111021789157
GRU-lite,60,23,selected_seed_repeat,0.0003,64,32,2,2.6432357343905255,1.8210084473259085
GRU-lite,60,23,selected_seed_repeat,0.0003,64,32,3,2.129366161152353,1.785665020731528
GRU-lite,60,23,selected_seed_repeat,0.0003,64,32,4,2.0518615036321064,1.7362607709729163
GRU-lite,60,23,selected_seed_repeat,0.0003,64,32,5,2.028152152095372,1.7432445341578902
GRU-lite,60,23,selected_seed_repeat,0.0003,64,32,6,2.0196086325499722,1.7125650182361045
GRU-lite,60,23,selected_seed_repeat,0.0003,64,32,7,2.0036749274636936,1.7136112925656113
GRU-lite,60,23,selected_seed_repeat,0.0003,64,32,8,1.9967902775649866,1.7024967398473543
GRU-lite,60,23,selected_seed_repeat,0.0003,64,32,9,1.9856336544024427,1.7096408742488665
GRU-lite,60,23,selected_seed_repeat,0.0003,64,32,10,1.9795044829265007,1.6857788885091727
GRU-lite,60,23,selected_seed_repeat,0.0003,64,32,11,1.9691733839626038,1.6868133589539667
GRU-lite,60,23,selected_seed_repeat,0.0003,64,32,12,1.9662643998683411,1.6787613942735535
GRU-lite,60,23,selected_seed_repeat,0.0003,64,32,13,1.9596169747309717,1.7007345423107705
GRU-lite,60,23,selected_seed_repeat,0.0003,64,32,14,1.9515824717281702,1.6759452927650549
GRU-lite,60,23,selected_seed_repeat,0.0003,64,32,15,1.9502782425786376,1.6717624084895037
GRU-lite,60,23,selected_seed_repeat,0.0003,64,32,16,1.946205975957236,1.6725612870782178
GRU-lite,60,23,selected_seed_repeat,0.0003,64,32,17,1.9406485558948423,1.6549971720648615
GRU-lite,60,23,selected_seed_repeat,0.0003,64,32,18,1.9310567977210005,1.6518188058146763
GRU-lite,60,23,selected_seed_repeat,0.0003,64,32,19,1.9341294742267905,1.650635992118523
GRU-lite,60,23,selected_seed_repeat,0.0003,64,32,20,1.9239178403241277,1.6484803182075873
GRU-lite,60,23,selected_seed_repeat,0.0003,64,32,21,1.923626996470432,1.6532846846974474
GRU-lite,60,23,selected_seed_repeat,0.0003,64,32,22,1.914911208069544,1.6482749177239986
GRU-lite,60,23,selected_seed_repeat,0.0003,64,32,23,1.9132447609213337,1.650946616227912
GRU-lite,60,23,selected_seed_repeat,0.0003,64,32,24,1.908076242258293,1.644686275013567
GRU-lite,60,23,selected_seed_repeat,0.0003,64,32,25,1.9036341762383386,1.6347707500970248
GRU-lite,60,23,selected_seed_repeat,0.0003,64,32,26,1.8994872965481322,1.643426877356454
GRU-lite,60,23,selected_seed_repeat,0.0003,64,32,27,1.8957625681081438,1.6432672894300395
GRU-lite,60,23,selected_seed_repeat,0.0003,64,32,28,1.8916965181985954,1.6538477552816677
GRU-lite,60,23,selected_seed_repeat,0.0003,64,32,29,1.890909129602396,1.6343323713684528
GRU-lite,60,23,selected_seed_repeat,0.0003,64,32,30,1.8849524799342778,1.6317186065885019
GRU-lite,60,37,selected_seed_repeat,0.0003,64,32,1,4.2675501691298825,2.804232206170781
GRU-lite,60,37,selected_seed_repeat,0.0003,64,32,2,2.7451280703714476,1.899649779285897
GRU-lite,60,37,selected_seed_repeat,0.0003,64,32,3,2.1391536934736823,1.769983281772881
GRU-lite,60,37,selected_seed_repeat,0.0003,64,32,4,2.0534596348656575,1.7728317262229447
GRU-lite,60,37,selected_seed_repeat,0.0003,64,32,5,2.038266137331268,1.7603863943211457
GRU-lite,60,37,selected_seed_repeat,0.0003,64,32,6,2.0205724765008806,1.7478259534738834
GRU-lite,60,37,selected_seed_repeat,0.0003,64,32,7,2.0092096159767863,1.7230454866926186
GRU-lite,60,37,selected_seed_repeat,0.0003,64,32,8,2.0051670989184576,1.7172336484795716
GRU-lite,60,37,selected_seed_repeat,0.0003,64,32,9,1.9983159509025052,1.7078175156347088
GRU-lite,60,37,selected_seed_repeat,0.0003,64,32,10,1.9880591973588895,1.703729260738158
GRU-lite,60,37,selected_seed_repeat,0.0003,64,32,11,1.9835927052185995,1.7153227824775008
GRU-lite,60,37,selected_seed_repeat,0.0003,64,32,12,1.9782665379436302,1.6890876953696108
GRU-lite,60,37,selected_seed_repeat,0.0003,64,32,13,1.9770419412221718,1.695797754180699
GRU-lite,60,37,selected_seed_repeat,0.0003,64,32,14,1.9686840621064676,1.6881276741723126
GRU-lite,60,37,selected_seed_repeat,0.0003,64,32,15,1.9606574968590291,1.6787754637505863
GRU-lite,60,37,selected_seed_repeat,0.0003,64,32,16,1.9551700640043406,1.6749062960931536
GRU-lite,60,37,selected_seed_repeat,0.0003,64,32,17,1.9543416124410578,1.675220827729603
GRU-lite,60,37,selected_seed_repeat,0.0003,64,32,18,1.9529032473622314,1.677557441659124
GRU-lite,60,37,selected_seed_repeat,0.0003,64,32,19,1.947108590777682,1.672147016829847
GRU-lite,60,37,selected_seed_repeat,0.0003,64,32,20,1.939282108766365,1.6631500988761996
GRU-lite,60,37,selected_seed_repeat,0.0003,64,32,21,1.9362504786519055,1.662885290298504
GRU-lite,60,37,selected_seed_repeat,0.0003,64,32,22,1.928915357476793,1.667923256707914
GRU-lite,60,37,selected_seed_repeat,0.0003,64,32,23,1.9246873575667112,1.662365856906228
GRU-lite,60,37,selected_seed_repeat,0.0003,64,32,24,1.9212728093196718,1.6581071808833996
GRU-lite,60,37,selected_seed_repeat,0.0003,64,32,25,1.9195819388975455,1.649107797053122
GRU-lite,60,37,selected_seed_repeat,0.0003,64,32,26,1.9126362070506993,1.663885178980088
GRU-lite,60,37,selected_seed_repeat,0.0003,64,32,27,1.9097907410800659,1.662421160163484
GRU-lite,60,37,selected_seed_repeat,0.0003,64,32,28,1.9062053961411036,1.6520837998040847
GRU-lite,60,37,selected_seed_repeat,0.0003,64,32,29,1.9072806428979658,1.6504764537674328
GRU-lite,60,37,selected_seed_repeat,0.0003,64,32,30,1.9004220541091885,1.6442912717192273
GRU-lite,60,53,selected_seed_repeat,0.0003,64,32,1,4.1944659567485685,2.6895420889109407
GRU-lite,60,53,selected_seed_repeat,0.0003,64,32,2,2.552774670729382,1.8799522020898989
GRU-lite,60,53,selected_seed_repeat,0.0003,64,32,3,2.1008643360492814,1.7544761590044526
GRU-lite,60,53,selected_seed_repeat,0.0003,64,32,4,2.05759534087006,1.7520446460061674
GRU-lite,60,53,selected_seed_repeat,0.0003,64,32,5,2.0374404915371342,1.7469249517001497
GRU-lite,60,53,selected_seed_repeat,0.0003,64,32,6,2.019436360012702,1.7315694510950292
GRU-lite,60,53,selected_seed_repeat,0.0003,64,32,7,2.010577152278434,1.721057650042059
GRU-lite,60,53,selected_seed_repeat,0.0003,64,32,8,1.9993457092021059,1.7080405361800557
GRU-lite,60,53,selected_seed_repeat,0.0003,64,32,9,1.9865302861108118,1.7145498912737784
GRU-lite,60,53,selected_seed_repeat,0.0003,64,32,10,1.9816844112999001,1.6939810793117618
GRU-lite,60,53,selected_seed_repeat,0.0003,64,32,11,1.9776269471006458,1.6846008370186705
GRU-lite,60,53,selected_seed_repeat,0.0003,64,32,12,1.9698723847877506,1.6929316926433962
GRU-lite,60,53,selected_seed_repeat,0.0003,64,32,13,1.9666507814592922,1.6762167999605682
GRU-lite,60,53,selected_seed_repeat,0.0003,64,32,14,1.9616796759670505,1.6981404133252633
GRU-lite,60,53,selected_seed_repeat,0.0003,64,32,15,1.9541377707592642,1.6921283096407174
GRU-lite,60,53,selected_seed_repeat,0.0003,64,32,16,1.9504361814132085,1.668435631565518
GRU-lite,60,53,selected_seed_repeat,0.0003,64,32,17,1.9491548147018687,1.6722201116794833
GRU-lite,60,53,selected_seed_repeat,0.0003,64,32,18,1.941638804459739,1.6681699266659593
GRU-lite,60,53,selected_seed_repeat,0.0003,64,32,19,1.9394215914473236,1.6616065929676458
GRU-lite,60,53,selected_seed_repeat,0.0003,64,32,20,1.9333984685538188,1.6632295958832144
GRU-lite,60,53,selected_seed_repeat,0.0003,64,32,21,1.9377841995987928,1.6630630227936078
GRU-lite,60,53,selected_seed_repeat,0.0003,64,32,22,1.925466775569302,1.6632663193004336
GRU-lite,60,53,selected_seed_repeat,0.0003,64,32,23,1.9244516777228047,1.6590139026580497
GRU-lite,60,53,selected_seed_repeat,0.0003,64,32,24,1.9158510219005063,1.651322857245022
GRU-lite,60,53,selected_seed_repeat,0.0003,64,32,25,1.9162679030512824,1.6533065196532768
GRU-lite,60,53,selected_seed_repeat,0.0003,64,32,26,1.913678086514817,1.6474288384690303
GRU-lite,60,53,selected_seed_repeat,0.0003,64,32,27,1.9111980460129743,1.6716792756282057
GRU-lite,60,53,selected_seed_repeat,0.0003,64,32,28,1.9066086803941704,1.6520836124093587
GRU-lite,60,53,selected_seed_repeat,0.0003,64,32,29,1.9046542914717222,1.6555449476700328
GRU-lite,60,53,selected_seed_repeat,0.0003,64,32,30,1.902003037173068,1.6435348732343886
GRU-lite,60,71,selected_seed_repeat,0.0003,64,32,1,4.656722803147403,3.031069407008685
GRU-lite,60,71,selected_seed_repeat,0.0003,64,32,2,3.1111665756059503,1.8662004354633028
GRU-lite,60,71,selected_seed_repeat,0.0003,64,32,3,2.1585463759320884,1.7532970307379068
GRU-lite,60,71,selected_seed_repeat,0.0003,64,32,4,2.0537822551420066,1.7406817476839043
GRU-lite,60,71,selected_seed_repeat,0.0003,64,32,5,2.0270418507222723,1.7208137622512127
GRU-lite,60,71,selected_seed_repeat,0.0003,64,32,6,2.014022405611488,1.7079350002297122
GRU-lite,60,71,selected_seed_repeat,0.0003,64,32,7,1.9981184468241813,1.6973202718799623
GRU-lite,60,71,selected_seed_repeat,0.0003,64,32,8,1.990199776476091,1.709584282033179
GRU-lite,60,71,selected_seed_repeat,0.0003,64,32,9,1.9840623236015003,1.682403948166135
GRU-lite,60,71,selected_seed_repeat,0.0003,64,32,10,1.9737198264675266,1.6767992505305591
GRU-lite,60,71,selected_seed_repeat,0.0003,64,32,11,1.9671451278377006,1.6681182285262857
GRU-lite,60,71,selected_seed_repeat,0.0003,64,32,12,1.9638229109174767,1.6753673763542234
GRU-lite,60,71,selected_seed_repeat,0.0003,64,32,13,1.9561033482067993,1.685410400081275
GRU-lite,60,71,selected_seed_repeat,0.0003,64,32,14,1.9552131493718723,1.666362103966927
GRU-lite,60,71,selected_seed_repeat,0.0003,64,32,15,1.9482075799418028,1.6898413801011978
GRU-lite,60,71,selected_seed_repeat,0.0003,64,32,16,1.9442075531752796,1.6615212341742873
GRU-lite,60,71,selected_seed_repeat,0.0003,64,32,17,1.9363812187871716,1.661995059259725
GRU-lite,60,71,selected_seed_repeat,0.0003,64,32,18,1.932710318983978,1.6472346687794057
GRU-lite,60,71,selected_seed_repeat,0.0003,64,32,19,1.9303832037044197,1.6888203475438053
GRU-lite,60,71,selected_seed_repeat,0.0003,64,32,20,1.9278984808849107,1.667981697091691
GRU-lite,60,71,selected_seed_repeat,0.0003,64,32,21,1.9226444744302673,1.653361766394663
GRU-lite,60,71,selected_seed_repeat,0.0003,64,32,22,1.917567097031541,1.6467095560379794
GRU-lite,60,71,selected_seed_repeat,0.0003,64,32,23,1.9163264221775975,1.659913391392886
GRU-lite,60,71,selected_seed_repeat,0.0003,64,32,24,1.907638614440843,1.6562483878104541
GRU-lite,60,71,selected_seed_repeat,0.0003,64,32,25,1.9069246536620152,1.6538395247863296
GRU-lite,60,71,selected_seed_repeat,0.0003,64,32,26,1.9023324114307008,1.6370886314945103
GRU-lite,60,71,selected_seed_repeat,0.0003,64,32,27,1.89590564232862,1.6463135989144004
GRU-lite,60,71,selected_seed_repeat,0.0003,64,32,28,1.8932501755726359,1.6472446175554838
GRU-lite,60,71,selected_seed_repeat,0.0003,64,32,29,1.8913761952187593,1.6361321945931582
GRU-lite,60,71,selected_seed_repeat,0.0003,64,32,30,1.8844605377284762,1.6351449337381767
TCN-lite,60,11,trial_1,0.001,32,32,1,3.8678553336600405,2.058479812023696
TCN-lite,60,11,trial_1,0.001,32,32,2,2.425965224036668,1.844278859644436
TCN-lite,60,11,trial_1,0.001,32,32,3,2.295924369662482,1.7872769177829497
TCN-lite,60,11,trial_1,0.001,32,32,4,2.2417791547935844,1.7708459013390445
TCN-lite,60,11,trial_1,0.001,32,32,5,2.1570929531583283,1.734936397912779
TCN-lite,60,11,trial_1,0.001,32,32,6,2.156841991970578,1.793305729343287
TCN-lite,60,11,trial_1,0.001,32,32,7,2.124054793573001,1.7506199255491264
TCN-lite,60,11,trial_1,0.001,32,32,8,2.0908204926675307,1.686373151887435
TCN-lite,60,11,trial_1,0.001,32,32,9,2.09188929161885,1.6980716949852552
TCN-lite,60,11,trial_1,0.001,32,32,10,2.086160008242277,1.7346769910624178
TCN-lite,60,11,trial_1,0.001,32,32,11,2.06466694685536,1.706285915736036
TCN-lite,60,11,trial_1,0.001,32,32,12,2.0428706320607444,1.6836935609918948
TCN-lite,60,11,trial_1,0.001,32,32,13,2.048466072495869,1.790835191641229
TCN-lite,60,11,trial_1,0.001,32,32,14,2.043354406187109,1.6933297844804391
TCN-lite,60,11,trial_1,0.001,32,32,15,2.0253368363368365,1.7380153111049108
TCN-lite,60,11,trial_1,0.001,32,32,16,2.025270225802645,1.6961712754955185
TCN-lite,60,11,trial_1,0.001,32,32,17,2.0247223689599125,1.6974320364740494
TCN-lite,60,11,trial_2,0.0003,64,32,1,4.207693064990924,2.3628188391372262
TCN-lite,60,11,trial_2,0.0003,64,32,2,2.7379743380652384,1.9464170005478827
TCN-lite,60,11,trial_2,0.0003,64,32,3,2.4076442441018626,1.855162743336315
TCN-lite,60,11,trial_2,0.0003,64,32,4,2.260750609216305,1.7836337660119572
TCN-lite,60,11,trial_2,0.0003,64,32,5,2.2155823313529357,1.7892218093130918
TCN-lite,60,11,trial_2,0.0003,64,32,6,2.1663891602043606,1.7236486696632267
TCN-lite,60,11,trial_2,0.0003,64,32,7,2.1227742127828586,1.7141950459751245
TCN-lite,60,11,trial_2,0.0003,64,32,8,2.1006282303021107,1.7266491576668548
TCN-lite,60,11,trial_2,0.0003,64,32,9,2.0698048142552405,1.6988120270989986
TCN-lite,60,11,trial_2,0.0003,64,32,10,2.0658034373847287,1.7048087237642624
TCN-lite,60,11,trial_2,0.0003,64,32,11,2.0484182865719283,1.7557786574485013
TCN-lite,60,11,trial_2,0.0003,64,32,12,2.0360717531762553,1.6742280055147432
TCN-lite,60,11,trial_2,0.0003,64,32,13,2.0127380911812915,1.6733507651939405
TCN-lite,60,11,trial_2,0.0003,64,32,14,2.0102128551481546,1.6778891927887114
TCN-lite,60,11,trial_2,0.0003,64,32,15,1.9964045179515204,1.6804917475963344
TCN-lite,60,11,trial_2,0.0003,64,32,16,1.9792015009109862,1.7164758361064845
TCN-lite,60,11,trial_2,0.0003,64,32,17,1.9792210363101068,1.6772614561514902
TCN-lite,60,11,trial_2,0.0003,64,32,18,1.9606651510475765,1.6662927946890533
TCN-lite,60,11,trial_2,0.0003,64,32,19,1.9695760771349873,1.665795670192707
TCN-lite,60,11,trial_2,0.0003,64,32,20,1.9497356229352234,1.6628433822938706
TCN-lite,60,11,trial_2,0.0003,64,32,21,1.9308827015878998,1.669418772711051
TCN-lite,60,11,trial_2,0.0003,64,32,22,1.916498245491073,1.6798537101982327
TCN-lite,60,11,trial_2,0.0003,64,32,23,1.9233373233266784,1.665432964230634
TCN-lite,60,11,trial_2,0.0003,64,32,24,1.9209760107948908,1.6705802868648774
TCN-lite,60,11,trial_2,0.0003,64,32,25,1.906020892651057,1.7112777007478592
TCN-lite,60,11,trial_3,0.001,32,96,1,3.8772671833197356,2.0494160923120774
TCN-lite,60,11,trial_3,0.001,32,96,2,2.4785081909100732,1.8991594198383028
TCN-lite,60,11,trial_3,0.001,32,96,3,2.3204801721933936,1.8254431663167892
TCN-lite,60,11,trial_3,0.001,32,96,4,2.2257873165841042,1.7441314168792668
TCN-lite,60,11,trial_3,0.001,32,96,5,2.1913831074408607,1.7333522729580233
TCN-lite,60,11,trial_3,0.001,32,96,6,2.1476752182051575,1.8115044679979146
TCN-lite,60,11,trial_3,0.001,32,96,7,2.1246366118753603,1.6973218622563655
TCN-lite,60,11,trial_3,0.001,32,96,8,2.096315603506989,1.753419632497883
TCN-lite,60,11,trial_3,0.001,32,96,9,2.103088821772009,1.6908016194299227
TCN-lite,60,11,trial_3,0.001,32,96,10,2.072331954558546,1.7201395844417053
TCN-lite,60,11,trial_3,0.001,32,96,11,2.0682664352858064,1.7073498329319503
TCN-lite,60,11,trial_3,0.001,32,96,12,2.0555681886183823,1.674193042021536
TCN-lite,60,11,trial_3,0.001,32,96,13,2.046504956269586,1.6977322824850523
TCN-lite,60,11,trial_3,0.001,32,96,14,2.035335751893828,1.6626440200847803
TCN-lite,60,11,trial_3,0.001,32,96,15,2.038178162871167,1.7051122139844868
TCN-lite,60,11,trial_3,0.001,32,96,16,2.0353053052828214,1.6990975651027918
TCN-lite,60,11,trial_3,0.001,32,96,17,2.0431173807060814,1.6756416121755855
TCN-lite,60,11,trial_3,0.001,32,96,18,1.9967575571365614,1.6820322413081845
TCN-lite,60,11,trial_3,0.001,32,96,19,2.007245379312763,1.6966749350111126
TCN-lite,60,11,trial_4,0.0003,64,96,1,4.202913874670836,2.455125247337242
TCN-lite,60,11,trial_4,0.0003,64,96,2,2.7245425333875883,1.9242433193324158
TCN-lite,60,11,trial_4,0.0003,64,96,3,2.3814281432575415,1.8708752705543579
TCN-lite,60,11,trial_4,0.0003,64,96,4,2.2817491581076124,1.7743381180607238
TCN-lite,60,11,trial_4,0.0003,64,96,5,2.211085437208437,1.7963282010287174
TCN-lite,60,11,trial_4,0.0003,64,96,6,2.1658644534622327,1.7569602932349497
TCN-lite,60,11,trial_4,0.0003,64,96,7,2.1185950307591748,1.7187583395610517
TCN-lite,60,11,trial_4,0.0003,64,96,8,2.0763976049522226,1.6981929879566704
TCN-lite,60,11,trial_4,0.0003,64,96,9,2.0739079151576196,1.7549006497016788
TCN-lite,60,11,trial_4,0.0003,64,96,10,2.060337388995806,1.6891632194101371
TCN-lite,60,11,trial_4,0.0003,64,96,11,2.0315493578697965,1.7272211637075248
TCN-lite,60,11,trial_4,0.0003,64,96,12,2.0326360407399724,1.693873150856268
TCN-lite,60,11,trial_4,0.0003,64,96,13,2.0129429418492126,1.6964944153912773
TCN-lite,60,11,trial_4,0.0003,64,96,14,2.0147561075979477,1.675026032399386
TCN-lite,60,11,trial_4,0.0003,64,96,15,1.989686996483382,1.6995628642239584
TCN-lite,60,11,trial_4,0.0003,64,96,16,1.9846460425966659,1.7556712088821467
TCN-lite,60,11,trial_4,0.0003,64,96,17,1.9656656817696232,1.6862839500149376
TCN-lite,60,11,trial_4,0.0003,64,96,18,1.9605509345171948,1.6941643384640173
TCN-lite,60,11,trial_4,0.0003,64,96,19,1.95669000037933,1.6762908416988982
TCN-lite,60,23,selected_seed_repeat,0.001,32,96,1,3.774668378448474,2.039523225301748
TCN-lite,60,23,selected_seed_repeat,0.001,32,96,2,2.5324333736162017,1.7829217771026156
TCN-lite,60,23,selected_seed_repeat,0.001,32,96,3,2.324905212315961,1.8385047809728858
TCN-lite,60,23,selected_seed_repeat,0.001,32,96,4,2.244457946004974,1.712445318615612
TCN-lite,60,23,selected_seed_repeat,0.001,32,96,5,2.1884902412786813,1.7318609579678668
TCN-lite,60,23,selected_seed_repeat,0.001,32,96,6,2.149854197444589,1.7748666871937593
TCN-lite,60,23,selected_seed_repeat,0.001,32,96,7,2.1618904348374834,1.7511626048109608
TCN-lite,60,23,selected_seed_repeat,0.001,32,96,8,2.152786531499878,1.7826870290185552
TCN-lite,60,23,selected_seed_repeat,0.001,32,96,9,2.1032009355872754,1.7572816414784889
TCN-lite,60,37,selected_seed_repeat,0.001,32,96,1,3.950604142344156,2.3405223033276292
TCN-lite,60,37,selected_seed_repeat,0.001,32,96,2,2.5513146564213605,1.8213677980300336
TCN-lite,60,37,selected_seed_repeat,0.001,32,96,3,2.282564137632773,1.69919271700571
TCN-lite,60,37,selected_seed_repeat,0.001,32,96,4,2.1994941248395303,1.7240841095665749
TCN-lite,60,37,selected_seed_repeat,0.001,32,96,5,2.1677214736725614,1.7564438591497933
TCN-lite,60,37,selected_seed_repeat,0.001,32,96,6,2.153254070143993,1.8884596033764651
TCN-lite,60,37,selected_seed_repeat,0.001,32,96,7,2.1211852517037957,1.7153662382237584
TCN-lite,60,37,selected_seed_repeat,0.001,32,96,8,2.1087223336375165,1.7419396273445875
TCN-lite,60,53,selected_seed_repeat,0.001,32,96,1,3.864438306100332,2.06372665910446
TCN-lite,60,53,selected_seed_repeat,0.001,32,96,2,2.500732008633662,1.8606436672512483
TCN-lite,60,53,selected_seed_repeat,0.001,32,96,3,2.3125807704506,1.74217895123108
TCN-lite,60,53,selected_seed_repeat,0.001,32,96,4,2.2131522496025684,1.6872534024219283
TCN-lite,60,53,selected_seed_repeat,0.001,32,96,5,2.1916214611130878,1.704278846834172
TCN-lite,60,53,selected_seed_repeat,0.001,32,96,6,2.1540037447133686,1.7473974560989483
TCN-lite,60,53,selected_seed_repeat,0.001,32,96,7,2.1368038365044533,1.7168742303530056
TCN-lite,60,53,selected_seed_repeat,0.001,32,96,8,2.14774619991551,1.8114263848791485
TCN-lite,60,53,selected_seed_repeat,0.001,32,96,9,2.0911799315164963,1.7835122410280244
TCN-lite,60,71,selected_seed_repeat,0.001,32,96,1,3.7186147181083715,2.039147597035646
TCN-lite,60,71,selected_seed_repeat,0.001,32,96,2,2.4600425540333504,1.8315215026345835
TCN-lite,60,71,selected_seed_repeat,0.001,32,96,3,2.2863370005051995,1.821563188264142
TCN-lite,60,71,selected_seed_repeat,0.001,32,96,4,2.2185183810183764,1.7483958148860246
TCN-lite,60,71,selected_seed_repeat,0.001,32,96,5,2.1619971967032754,1.8282394723982998
TCN-lite,60,71,selected_seed_repeat,0.001,32,96,6,2.1539271435674494,1.7328973033514252
TCN-lite,60,71,selected_seed_repeat,0.001,32,96,7,2.1211424790711457,1.7439375039898222
TCN-lite,60,71,selected_seed_repeat,0.001,32,96,8,2.1203590849065916,1.7094822877440026
TCN-lite,60,71,selected_seed_repeat,0.001,32,96,9,2.0950451526097624,1.702616043856759
TCN-lite,60,71,selected_seed_repeat,0.001,32,96,10,2.0671520466862363,1.7308128553004
TCN-lite,60,71,selected_seed_repeat,0.001,32,96,11,2.072257176292985,1.7017992546948864
TCN-lite,60,71,selected_seed_repeat,0.001,32,96,12,2.076010265479204,1.7091811682157858
TCN-lite,60,71,selected_seed_repeat,0.001,32,96,13,2.0657935021312213,1.7873243117929687
TCN-lite,60,71,selected_seed_repeat,0.001,32,96,14,2.0385567475890545,1.698344394963071
TCN-lite,60,71,selected_seed_repeat,0.001,32,96,15,2.0437087399864273,1.74152522919188
TCN-lite,60,71,selected_seed_repeat,0.001,32,96,16,2.0173956867381873,1.7215169475744674
TCN-lite,60,71,selected_seed_repeat,0.001,32,96,17,2.021565014774416,1.715457506395772
TCN-lite,60,71,selected_seed_repeat,0.001,32,96,18,2.0118027777601273,1.696942219380503
TCN-lite,60,71,selected_seed_repeat,0.001,32,96,19,2.03126549762919,1.7142251471205256
TCN-lite,60,71,selected_seed_repeat,0.001,32,96,20,2.0010268678494687,1.720721993368424
TCN-lite,60,71,selected_seed_repeat,0.001,32,96,21,2.011692880300185,1.7263068182395058
TCN-lite,60,71,selected_seed_repeat,0.001,32,96,22,1.9929250439296844,1.7134715526160287
TCN-lite,60,71,selected_seed_repeat,0.001,32,96,23,2.0008856044082,1.7063675077962552
DLinear-lite,60,11,trial_1,0.001,32,32,1,5.018256575047057,4.558277013253126
DLinear-lite,60,11,trial_1,0.001,32,32,2,4.03239219040336,3.1978179912802003
DLinear-lite,60,11,trial_1,0.001,32,32,3,3.374761116039032,2.605628586794542
DLinear-lite,60,11,trial_1,0.001,32,32,4,2.7581951704747394,2.0763863100906867
DLinear-lite,60,11,trial_1,0.001,32,32,5,2.3065573495184015,1.8746982151709313
DLinear-lite,60,11,trial_1,0.001,32,32,6,2.1709010661723487,1.8361474376172675
DLinear-lite,60,11,trial_1,0.001,32,32,7,2.1471536294024176,1.83808639002356
DLinear-lite,60,11,trial_1,0.001,32,32,8,2.1352590208637725,1.8368010664548575
DLinear-lite,60,11,trial_1,0.001,32,32,9,2.128236204888522,1.8233983477884932
DLinear-lite,60,11,trial_1,0.001,32,32,10,2.1212864722751994,1.8271500219273642
DLinear-lite,60,11,trial_1,0.001,32,32,11,2.118928879460761,1.8358212498305713
DLinear-lite,60,11,trial_1,0.001,32,32,12,2.1168417036030593,1.8236555981122478
DLinear-lite,60,11,trial_1,0.001,32,32,13,2.111895576146495,1.8264887842690023
DLinear-lite,60,11,trial_1,0.001,32,32,14,2.114426285685919,1.8294039422329602
DLinear-lite,60,11,trial_2,0.0003,64,32,1,5.42135615521148,5.0597410756960155
DLinear-lite,60,11,trial_2,0.0003,64,32,2,4.9808816495048145,4.953899556934618
DLinear-lite,60,11,trial_2,0.0003,64,32,3,4.6273779094977225,4.478752077483709
DLinear-lite,60,11,trial_2,0.0003,64,32,4,4.278067074872721,3.9145267173875906
DLinear-lite,60,11,trial_2,0.0003,64,32,5,3.98337299082609,3.4755963641822043
DLinear-lite,60,11,trial_2,0.0003,64,32,6,3.767113174180566,3.1899493343358603
DLinear-lite,60,11,trial_2,0.0003,64,32,7,3.5785983816589777,2.992484043725785
DLinear-lite,60,11,trial_2,0.0003,64,32,8,3.388044334296403,2.8015828810107184
DLinear-lite,60,11,trial_2,0.0003,64,32,9,3.1957001698007836,2.632553700943115
DLinear-lite,60,11,trial_2,0.0003,64,32,10,3.000500737971032,2.4523149005323868
DLinear-lite,60,11,trial_2,0.0003,64,32,11,2.8116872228881213,2.282322544293847
DLinear-lite,60,11,trial_2,0.0003,64,32,12,2.63841398486898,2.1359522321999678
DLinear-lite,60,11,trial_2,0.0003,64,32,13,2.478403078068735,2.0124476500439625
DLinear-lite,60,11,trial_2,0.0003,64,32,14,2.3481274346910204,1.9280995032124175
DLinear-lite,60,11,trial_2,0.0003,64,32,15,2.2570929592990145,1.8887806948198245
DLinear-lite,60,11,trial_2,0.0003,64,32,16,2.2045937756106913,1.8638694969169065
DLinear-lite,60,11,trial_2,0.0003,64,32,17,2.178148679069782,1.8569115376882244
DLinear-lite,60,11,trial_2,0.0003,64,32,18,2.165006856360808,1.845835884743923
DLinear-lite,60,11,trial_2,0.0003,64,32,19,2.153846923825557,1.8502785685064036
DLinear-lite,60,11,trial_2,0.0003,64,32,20,2.1467585214315807,1.837712730889339
DLinear-lite,60,11,trial_2,0.0003,64,32,21,2.1402872559074733,1.8392480003535157
DLinear-lite,60,11,trial_2,0.0003,64,32,22,2.134931217624774,1.8315479927133633
DLinear-lite,60,11,trial_2,0.0003,64,32,23,2.1313101069326374,1.8318036923209742
DLinear-lite,60,11,trial_2,0.0003,64,32,24,2.1288734266789215,1.8295670410838407
DLinear-lite,60,11,trial_2,0.0003,64,32,25,2.1252384277758214,1.827380820841092
DLinear-lite,60,11,trial_2,0.0003,64,32,26,2.1230734428151563,1.8295184592490517
DLinear-lite,60,11,trial_2,0.0003,64,32,27,2.1228932879232847,1.8260531559794217
DLinear-lite,60,11,trial_2,0.0003,64,32,28,2.118881830697613,1.824831397891521
DLinear-lite,60,11,trial_2,0.0003,64,32,29,2.116581404604387,1.8306651483979033
DLinear-lite,60,11,trial_2,0.0003,64,32,30,2.1150323969108733,1.8257712042545877
DLinear-lite,60,11,trial_3,0.001,32,96,1,4.811394709969012,3.2397760471609347
DLinear-lite,60,11,trial_3,0.001,32,96,2,4.045735672135617,2.7505659360379644
DLinear-lite,60,11,trial_3,0.001,32,96,3,3.5182447738069516,2.5850139236065988
DLinear-lite,60,11,trial_3,0.001,32,96,4,3.0072652631894417,2.201448435904071
DLinear-lite,60,11,trial_3,0.001,32,96,5,2.512451621265093,1.9116036610829674
DLinear-lite,60,11,trial_3,0.001,32,96,6,2.233746543170847,1.8156018427711214
DLinear-lite,60,11,trial_3,0.001,32,96,7,2.1152478554690934,1.8093285653716566
DLinear-lite,60,11,trial_3,0.001,32,96,8,2.0803952207240135,1.798750709165099
DLinear-lite,60,11,trial_3,0.001,32,96,9,2.072669219025506,1.76956201446324
DLinear-lite,60,11,trial_3,0.001,32,96,10,2.066786565391268,1.800483214056954
DLinear-lite,60,11,trial_3,0.001,32,96,11,2.066947567445131,1.7913230475349466
DLinear-lite,60,11,trial_3,0.001,32,96,12,2.066657015020712,1.7836241246028897
DLinear-lite,60,11,trial_3,0.001,32,96,13,2.0612046733525644,1.7847375387940794
DLinear-lite,60,11,trial_3,0.001,32,96,14,2.064261686637932,1.7807201567811302
DLinear-lite,60,11,trial_4,0.0003,64,96,1,5.181123470675317,5.4551618597057345
DLinear-lite,60,11,trial_4,0.0003,64,96,2,4.743936569867677,4.053740468529171
DLinear-lite,60,11,trial_4,0.0003,64,96,3,4.449250442136147,3.1403570334741473
DLinear-lite,60,11,trial_4,0.0003,64,96,4,4.19947168651012,2.882973488925079
DLinear-lite,60,11,trial_4,0.0003,64,96,5,4.000321365496477,2.8287801359274485
DLinear-lite,60,11,trial_4,0.0003,64,96,6,3.82575416984943,2.8117657497870403
DLinear-lite,60,11,trial_4,0.0003,64,96,7,3.668162133967199,2.754108967467038
DLinear-lite,60,11,trial_4,0.0003,64,96,8,3.5135763714584534,2.686710935342482
DLinear-lite,60,11,trial_4,0.0003,64,96,9,3.352802144051712,2.5635179182355206
DLinear-lite,60,11,trial_4,0.0003,64,96,10,3.196331364533637,2.4835498127781928
DLinear-lite,60,11,trial_4,0.0003,64,96,11,3.0326985027027105,2.345186450970274
DLinear-lite,60,11,trial_4,0.0003,64,96,12,2.8575803988047337,2.216747755768696
DLinear-lite,60,11,trial_4,0.0003,64,96,13,2.6841625537217637,2.107982036504191
DLinear-lite,60,11,trial_4,0.0003,64,96,14,2.5307638356276003,2.010694297736738
DLinear-lite,60,11,trial_4,0.0003,64,96,15,2.408246762464642,1.9331986921728035
DLinear-lite,60,11,trial_4,0.0003,64,96,16,2.312852609445298,1.890197310702851
DLinear-lite,60,11,trial_4,0.0003,64,96,17,2.24746655556186,1.8529693842468689
DLinear-lite,60,11,trial_4,0.0003,64,96,18,2.193299459786097,1.8234940747651731
DLinear-lite,60,11,trial_4,0.0003,64,96,19,2.1515465588336666,1.8120963249899358
DLinear-lite,60,11,trial_4,0.0003,64,96,20,2.124427025465262,1.7948799679868732
DLinear-lite,60,11,trial_4,0.0003,64,96,21,2.1037211535218594,1.7867821104372603
DLinear-lite,60,11,trial_4,0.0003,64,96,22,2.0875921733397,1.7815270140225352
DLinear-lite,60,11,trial_4,0.0003,64,96,23,2.078001741233845,1.7834980148929669
DLinear-lite,60,11,trial_4,0.0003,64,96,24,2.0717477366200616,1.7788255326468025
DLinear-lite,60,11,trial_4,0.0003,64,96,25,2.0675667817642744,1.782572451520568
DLinear-lite,60,11,trial_4,0.0003,64,96,26,2.06227834012225,1.7826184058631698
DLinear-lite,60,11,trial_4,0.0003,64,96,27,2.061219999539119,1.781666591365054
DLinear-lite,60,11,trial_4,0.0003,64,96,28,2.0577341741148665,1.7769789866619692
DLinear-lite,60,11,trial_4,0.0003,64,96,29,2.057675235362106,1.772320918937095
DLinear-lite,60,11,trial_4,0.0003,64,96,30,2.0563388519045165,1.7782987402933894
DLinear-lite,60,23,selected_seed_repeat,0.001,32,96,1,4.8182528293770135,5.3357236895583995
DLinear-lite,60,23,selected_seed_repeat,0.001,32,96,2,4.195712954981619,4.096547585124877
DLinear-lite,60,23,selected_seed_repeat,0.001,32,96,3,3.4135491765151853,2.8401257879858983
DLinear-lite,60,23,selected_seed_repeat,0.001,32,96,4,2.799545181592718,2.3720423896943483
DLinear-lite,60,23,selected_seed_repeat,0.001,32,96,5,2.4036454239542566,2.0544494501993418
DLinear-lite,60,23,selected_seed_repeat,0.001,32,96,6,2.2052238075927484,1.8773310317480059
DLinear-lite,60,23,selected_seed_repeat,0.001,32,96,7,2.1322293980629636,1.8072891426216562
DLinear-lite,60,23,selected_seed_repeat,0.001,32,96,8,2.1139596140782246,1.8016947169932727
DLinear-lite,60,23,selected_seed_repeat,0.001,32,96,9,2.104614227607966,1.8210656503095912
DLinear-lite,60,23,selected_seed_repeat,0.001,32,96,10,2.096690047291573,1.8111272176272022
DLinear-lite,60,23,selected_seed_repeat,0.001,32,96,11,2.094456197676057,1.8207189908884838
DLinear-lite,60,23,selected_seed_repeat,0.001,32,96,12,2.090532535040747,1.8078560890047293
DLinear-lite,60,23,selected_seed_repeat,0.001,32,96,13,2.0913537002185274,1.818578541559637
DLinear-lite,60,37,selected_seed_repeat,0.001,32,96,1,4.653895563354376,4.604685332963425
DLinear-lite,60,37,selected_seed_repeat,0.001,32,96,2,3.7563751320962067,3.1585429975592123
DLinear-lite,60,37,selected_seed_repeat,0.001,32,96,3,3.0408791147545657,2.556541950274538
DLinear-lite,60,37,selected_seed_repeat,0.001,32,96,4,2.596579821557464,2.197518543431918
DLinear-lite,60,37,selected_seed_repeat,0.001,32,96,5,2.291828636624366,1.98300222952528
DLinear-lite,60,37,selected_seed_repeat,0.001,32,96,6,2.1761914479664446,1.859611682513214
DLinear-lite,60,37,selected_seed_repeat,0.001,32,96,7,2.1312229260937627,1.8478958485337889
DLinear-lite,60,37,selected_seed_repeat,0.001,32,96,8,2.1201162690926676,1.8111135655744
DLinear-lite,60,37,selected_seed_repeat,0.001,32,96,9,2.106421611949805,1.812470014860858
DLinear-lite,60,37,selected_seed_repeat,0.001,32,96,10,2.101424511279374,1.8247847742820413
DLinear-lite,60,37,selected_seed_repeat,0.001,32,96,11,2.10467014524988,1.8014204722483522
DLinear-lite,60,37,selected_seed_repeat,0.001,32,96,12,2.0965738308304416,1.8208514571464869
DLinear-lite,60,37,selected_seed_repeat,0.001,32,96,13,2.092274621229589,1.81508190866807
DLinear-lite,60,37,selected_seed_repeat,0.001,32,96,14,2.095029528187276,1.8123632216802903
DLinear-lite,60,37,selected_seed_repeat,0.001,32,96,15,2.0908234428421975,1.8005470591425845
DLinear-lite,60,37,selected_seed_repeat,0.001,32,96,16,2.08637181871933,1.8099399857781482
DLinear-lite,60,37,selected_seed_repeat,0.001,32,96,17,2.0904252783078947,1.8187995394317529
DLinear-lite,60,37,selected_seed_repeat,0.001,32,96,18,2.09352984209974,1.8203410633188415
DLinear-lite,60,37,selected_seed_repeat,0.001,32,96,19,2.0836354738554332,1.8077892674166285
DLinear-lite,60,37,selected_seed_repeat,0.001,32,96,20,2.0843865010890283,1.8035684114171924
DLinear-lite,60,53,selected_seed_repeat,0.001,32,96,1,4.7015169902866365,4.6531670831046785
DLinear-lite,60,53,selected_seed_repeat,0.001,32,96,2,4.40893109877203,4.432800265206568
DLinear-lite,60,53,selected_seed_repeat,0.001,32,96,3,4.208199888258948,3.9630273477953466
DLinear-lite,60,53,selected_seed_repeat,0.001,32,96,4,3.9919846131604833,3.681747858409447
DLinear-lite,60,53,selected_seed_repeat,0.001,32,96,5,3.8060333127561496,3.218531805116719
DLinear-lite,60,53,selected_seed_repeat,0.001,32,96,6,3.668441701199895,3.030963339610865
DLinear-lite,60,53,selected_seed_repeat,0.001,32,96,7,3.5940943667479006,2.777948440060466
DLinear-lite,60,53,selected_seed_repeat,0.001,32,96,8,3.541390245908457,2.7986113063277216
DLinear-lite,60,53,selected_seed_repeat,0.001,32,96,9,3.5029292039954134,2.8296158351010177
DLinear-lite,60,53,selected_seed_repeat,0.001,32,96,10,3.4694365901495927,2.775889640299215
DLinear-lite,60,53,selected_seed_repeat,0.001,32,96,11,3.4489021154617046,2.8102743713404688
DLinear-lite,60,53,selected_seed_repeat,0.001,32,96,12,3.4224411963472856,2.805172778968361
DLinear-lite,60,53,selected_seed_repeat,0.001,32,96,13,3.408427948143276,2.8994601616025486
DLinear-lite,60,53,selected_seed_repeat,0.001,32,96,14,3.405078858369176,2.8457611162313388
DLinear-lite,60,53,selected_seed_repeat,0.001,32,96,15,3.382964912441344,2.802827134397768
DLinear-lite,60,71,selected_seed_repeat,0.001,32,96,1,4.388941466181797,3.180478652770177
DLinear-lite,60,71,selected_seed_repeat,0.001,32,96,2,3.2991848580564365,2.6014154080298257
DLinear-lite,60,71,selected_seed_repeat,0.001,32,96,3,2.752714409538594,2.2634895895071137
DLinear-lite,60,71,selected_seed_repeat,0.001,32,96,4,2.3967388536352754,1.9349720590299493
DLinear-lite,60,71,selected_seed_repeat,0.001,32,96,5,2.18877523900811,1.8178065625418813
DLinear-lite,60,71,selected_seed_repeat,0.001,32,96,6,2.09669102427095,1.8782405465964263
DLinear-lite,60,71,selected_seed_repeat,0.001,32,96,7,2.077991541127957,1.798814832864052
DLinear-lite,60,71,selected_seed_repeat,0.001,32,96,8,2.0762353139846565,1.7978843307978476
DLinear-lite,60,71,selected_seed_repeat,0.001,32,96,9,2.069847346094717,1.7986103505154691
DLinear-lite,60,71,selected_seed_repeat,0.001,32,96,10,2.069377700183536,1.7969499440092322
DLinear-lite,60,71,selected_seed_repeat,0.001,32,96,11,2.0665899341698286,1.7968404935912827
DLinear-lite,60,71,selected_seed_repeat,0.001,32,96,12,2.0692000948559794,1.7842655162674328
DLinear-lite,60,71,selected_seed_repeat,0.001,32,96,13,2.0672141916019218,1.8002357429616682
DLinear-lite,60,71,selected_seed_repeat,0.001,32,96,14,2.0659440188184517,1.791498584834691
DLinear-lite,60,71,selected_seed_repeat,0.001,32,96,15,2.067760802246582,1.7871534871235513
DLinear-lite,60,71,selected_seed_repeat,0.001,32,96,16,2.0711293570443994,1.7865484004604906
DLinear-lite,60,71,selected_seed_repeat,0.001,32,96,17,2.0649815460760315,1.7846447635322074
PatchTST-lite,60,11,trial_1,0.001,32,32,1,3.1960451701709642,2.1475028167509453
PatchTST-lite,60,11,trial_1,0.001,32,32,2,2.3926418014479833,1.8681291703952598
PatchTST-lite,60,11,trial_1,0.001,32,32,3,2.263753197984729,1.7749873049492577
PatchTST-lite,60,11,trial_1,0.001,32,32,4,2.1602779933841947,1.7358133378071163
PatchTST-lite,60,11,trial_1,0.001,32,32,5,2.1348637007302567,1.6960193628208102
PatchTST-lite,60,11,trial_1,0.001,32,32,6,2.0695446542360987,1.7422166344265775
PatchTST-lite,60,11,trial_1,0.001,32,32,7,2.018513092546379,1.754546106812503
PatchTST-lite,60,11,trial_1,0.001,32,32,8,2.0029606449350332,1.7109679551132164
PatchTST-lite,60,11,trial_1,0.001,32,32,9,1.9750265689127295,1.7819569758525495
PatchTST-lite,60,11,trial_1,0.001,32,32,10,1.9568410875609779,1.761249082301257
PatchTST-lite,60,11,trial_2,0.0003,64,32,1,3.4809681384200837,2.1404995159306694
PatchTST-lite,60,11,trial_2,0.0003,64,32,2,2.491612625460856,1.9802677369326107
PatchTST-lite,60,11,trial_2,0.0003,64,32,3,2.2712940614725627,1.854438741334392
PatchTST-lite,60,11,trial_2,0.0003,64,32,4,2.125575069329382,1.7634960164521545
PatchTST-lite,60,11,trial_2,0.0003,64,32,5,2.108414505349021,1.7729339604566907
PatchTST-lite,60,11,trial_2,0.0003,64,32,6,2.0624713554897154,1.7607990761761265
PatchTST-lite,60,11,trial_2,0.0003,64,32,7,2.0270814715949648,1.7768878533348376
PatchTST-lite,60,11,trial_2,0.0003,64,32,8,2.011210999100851,1.693438229510812
PatchTST-lite,60,11,trial_2,0.0003,64,32,9,1.9822717969166344,1.7487230140093362
PatchTST-lite,60,11,trial_2,0.0003,64,32,10,1.9720162072724379,1.6907368710818838
PatchTST-lite,60,11,trial_2,0.0003,64,32,11,1.9745748639802885,1.7424292649754602
PatchTST-lite,60,11,trial_2,0.0003,64,32,12,1.9551675222367397,1.7293745472384783
PatchTST-lite,60,11,trial_2,0.0003,64,32,13,1.9321502189828983,1.6815395389307646
PatchTST-lite,60,11,trial_2,0.0003,64,32,14,1.903929148870043,1.8061826620353214
PatchTST-lite,60,11,trial_2,0.0003,64,32,15,1.9199983905676956,1.684913586917965
PatchTST-lite,60,11,trial_2,0.0003,64,32,16,1.8861655552967969,1.7159331072693258
PatchTST-lite,60,11,trial_2,0.0003,64,32,17,1.894908712060613,1.7748997906207993
PatchTST-lite,60,11,trial_2,0.0003,64,32,18,1.8883476722883987,1.7079458592087442
PatchTST-lite,60,11,trial_3,0.001,32,96,1,4.1308473756166055,2.8278753406499004
PatchTST-lite,60,11,trial_3,0.001,32,96,2,3.4419813803688384,2.808760713743162
PatchTST-lite,60,11,trial_3,0.001,32,96,3,3.085917323557024,2.318116483673172
PatchTST-lite,60,11,trial_3,0.001,32,96,4,2.881332063679568,2.3410363002898436
PatchTST-lite,60,11,trial_3,0.001,32,96,5,2.7355701673535164,2.205568912778396
PatchTST-lite,60,11,trial_3,0.001,32,96,6,2.6482272470288235,2.0614571572744405
PatchTST-lite,60,11,trial_3,0.001,32,96,7,2.5053593136492007,2.113166534682611
PatchTST-lite,60,11,trial_3,0.001,32,96,8,2.4229291952603087,2.1055573767987354
PatchTST-lite,60,11,trial_3,0.001,32,96,9,2.366743788382248,1.9329442567359618
PatchTST-lite,60,11,trial_3,0.001,32,96,10,2.2852048789011543,2.0241920394101776
PatchTST-lite,60,11,trial_3,0.001,32,96,11,2.2612475709902164,1.9635493918241993
PatchTST-lite,60,11,trial_3,0.001,32,96,12,2.2075427063495936,1.9111771972878346
PatchTST-lite,60,11,trial_3,0.001,32,96,13,2.1201921555204204,1.882236560653101
PatchTST-lite,60,11,trial_3,0.001,32,96,14,2.110068290501392,1.8819210989835677
PatchTST-lite,60,11,trial_3,0.001,32,96,15,2.0888471661250128,1.9785514015285255
PatchTST-lite,60,11,trial_3,0.001,32,96,16,2.024539054623524,1.9037316865579261
PatchTST-lite,60,11,trial_3,0.001,32,96,17,2.0144143533527217,1.7789262419435736
PatchTST-lite,60,11,trial_3,0.001,32,96,18,2.0104248088937036,2.053584290393562
PatchTST-lite,60,11,trial_3,0.001,32,96,19,1.9546479398194703,1.7902458223389806
PatchTST-lite,60,11,trial_3,0.001,32,96,20,1.9397030755966445,1.9091221146843982
PatchTST-lite,60,11,trial_3,0.001,32,96,21,1.9385680603943891,1.8230879130568427
PatchTST-lite,60,11,trial_3,0.001,32,96,22,1.9097295352701333,1.7541925593958392
PatchTST-lite,60,11,trial_3,0.001,32,96,23,1.9040191761981102,1.8708848078552442
PatchTST-lite,60,11,trial_3,0.001,32,96,24,1.9149393943140112,1.7365679505887741
PatchTST-lite,60,11,trial_3,0.001,32,96,25,1.8709812555611984,1.7861977016419601
PatchTST-lite,60,11,trial_3,0.001,32,96,26,1.8631571270013023,1.7540991158585957
PatchTST-lite,60,11,trial_3,0.001,32,96,27,1.8410896195271342,1.8328385831645182
PatchTST-lite,60,11,trial_3,0.001,32,96,28,1.828476733591165,1.7547753867382945
PatchTST-lite,60,11,trial_3,0.001,32,96,29,1.8335762518723229,1.7541285943379237
PatchTST-lite,60,11,trial_4,0.0003,64,96,1,4.224335837180107,2.9892995489740115
PatchTST-lite,60,11,trial_4,0.0003,64,96,2,3.749670496125856,2.78354454430933
PatchTST-lite,60,11,trial_4,0.0003,64,96,3,3.388760079741633,2.734536821790527
PatchTST-lite,60,11,trial_4,0.0003,64,96,4,3.201237540499687,2.469105498701428
PatchTST-lite,60,11,trial_4,0.0003,64,96,5,3.0070482214379552,2.3814093755457253
PatchTST-lite,60,11,trial_4,0.0003,64,96,6,2.85994173648634,2.1966960739293886
PatchTST-lite,60,11,trial_4,0.0003,64,96,7,2.7479166253461424,2.2066507881397803
PatchTST-lite,60,11,trial_4,0.0003,64,96,8,2.6454296081430595,2.1136151616222203
PatchTST-lite,60,11,trial_4,0.0003,64,96,9,2.541197442139027,2.0046295272106818
PatchTST-lite,60,11,trial_4,0.0003,64,96,10,2.500640752499301,2.1772100842174504
PatchTST-lite,60,11,trial_4,0.0003,64,96,11,2.396473931428553,2.328050829365827
PatchTST-lite,60,11,trial_4,0.0003,64,96,12,2.3366343180622153,1.9952953721220612
PatchTST-lite,60,11,trial_4,0.0003,64,96,13,2.277923930640379,2.043368991423104
PatchTST-lite,60,11,trial_4,0.0003,64,96,14,2.215076991572276,1.8630082932220045
PatchTST-lite,60,11,trial_4,0.0003,64,96,15,2.173820035808154,1.8354413997298533
PatchTST-lite,60,11,trial_4,0.0003,64,96,16,2.104834230192723,1.8772579953972524
PatchTST-lite,60,11,trial_4,0.0003,64,96,17,2.10886043577404,1.8101171352674383
PatchTST-lite,60,11,trial_4,0.0003,64,96,18,2.0511514649603417,1.8868775120015118
PatchTST-lite,60,11,trial_4,0.0003,64,96,19,2.036498230717382,1.7959937986107868
PatchTST-lite,60,11,trial_4,0.0003,64,96,20,2.0099168129820284,1.9044860960807541
PatchTST-lite,60,11,trial_4,0.0003,64,96,21,1.9827508706915635,2.034658600005216
PatchTST-lite,60,11,trial_4,0.0003,64,96,22,1.9660540305768364,1.7199374817086883
PatchTST-lite,60,11,trial_4,0.0003,64,96,23,1.952185114300811,1.7307264921109715
PatchTST-lite,60,11,trial_4,0.0003,64,96,24,1.9276957916743163,2.1059998048397954
PatchTST-lite,60,11,trial_4,0.0003,64,96,25,1.9464168098107146,1.765310906609417
PatchTST-lite,60,11,trial_4,0.0003,64,96,26,1.9163953769780926,1.731833374257433
PatchTST-lite,60,11,trial_4,0.0003,64,96,27,1.8921430238710883,1.73938284245936
PatchTST-lite,60,23,selected_seed_repeat,0.0003,64,32,1,3.3233981108993422,2.1896863769007733
PatchTST-lite,60,23,selected_seed_repeat,0.0003,64,32,2,2.453676266772172,1.9976765869878306
PatchTST-lite,60,23,selected_seed_repeat,0.0003,64,32,3,2.3023130790060478,1.8243826896483804
PatchTST-lite,60,23,selected_seed_repeat,0.0003,64,32,4,2.1909324446615233,1.768555792038225
PatchTST-lite,60,23,selected_seed_repeat,0.0003,64,32,5,2.115685369545783,1.7467912391184939
PatchTST-lite,60,23,selected_seed_repeat,0.0003,64,32,6,2.0990538263967555,1.7144605347262694
PatchTST-lite,60,23,selected_seed_repeat,0.0003,64,32,7,2.086302685785566,1.7317288427031594
PatchTST-lite,60,23,selected_seed_repeat,0.0003,64,32,8,2.057408403656466,1.748815137851447
PatchTST-lite,60,23,selected_seed_repeat,0.0003,64,32,9,2.0228109453796814,1.7104581760195923
PatchTST-lite,60,23,selected_seed_repeat,0.0003,64,32,10,1.9872161339404766,1.676913537517146
PatchTST-lite,60,23,selected_seed_repeat,0.0003,64,32,11,1.9569161210915902,1.6843468170230464
PatchTST-lite,60,23,selected_seed_repeat,0.0003,64,32,12,1.960225656141314,1.797587194151184
PatchTST-lite,60,23,selected_seed_repeat,0.0003,64,32,13,1.938045588594395,1.734507082544993
PatchTST-lite,60,23,selected_seed_repeat,0.0003,64,32,14,1.9435451870386302,1.6820264439697623
PatchTST-lite,60,23,selected_seed_repeat,0.0003,64,32,15,1.9404883385826142,1.6618943955722525
PatchTST-lite,60,23,selected_seed_repeat,0.0003,64,32,16,1.916690035687618,1.7158660606092526
PatchTST-lite,60,23,selected_seed_repeat,0.0003,64,32,17,1.9087385722577896,1.7296382770571175
PatchTST-lite,60,23,selected_seed_repeat,0.0003,64,32,18,1.875000928470354,1.6860104528659074
PatchTST-lite,60,23,selected_seed_repeat,0.0003,64,32,19,1.8838447974760317,1.8830333620357276
PatchTST-lite,60,23,selected_seed_repeat,0.0003,64,32,20,1.8692094035854656,1.7616810390423208
PatchTST-lite,60,37,selected_seed_repeat,0.0003,64,32,1,3.246513079264985,2.1628438145906985
PatchTST-lite,60,37,selected_seed_repeat,0.0003,64,32,2,2.414409026024003,1.9345974956418135
PatchTST-lite,60,37,selected_seed_repeat,0.0003,64,32,3,2.2431216160337737,1.8244573679338743
PatchTST-lite,60,37,selected_seed_repeat,0.0003,64,32,4,2.189446545818271,1.7484675721934115
PatchTST-lite,60,37,selected_seed_repeat,0.0003,64,32,5,2.115555784890567,1.7430669672443697
PatchTST-lite,60,37,selected_seed_repeat,0.0003,64,32,6,2.0812159882693546,1.723176057190221
PatchTST-lite,60,37,selected_seed_repeat,0.0003,64,32,7,2.0458585460782204,1.727242025003985
PatchTST-lite,60,37,selected_seed_repeat,0.0003,64,32,8,2.0151559701027453,1.6991318860997962
PatchTST-lite,60,37,selected_seed_repeat,0.0003,64,32,9,1.9988779008674709,1.7247012985578007
PatchTST-lite,60,37,selected_seed_repeat,0.0003,64,32,10,1.982016750737781,1.6715545639424279
PatchTST-lite,60,37,selected_seed_repeat,0.0003,64,32,11,1.9640482025442882,1.6976400624668122
PatchTST-lite,60,37,selected_seed_repeat,0.0003,64,32,12,1.9671019962699947,1.6704766912927265
PatchTST-lite,60,37,selected_seed_repeat,0.0003,64,32,13,1.9420139152849614,1.7369742947342979
PatchTST-lite,60,37,selected_seed_repeat,0.0003,64,32,14,1.922728434340415,1.6669372639897282
PatchTST-lite,60,37,selected_seed_repeat,0.0003,64,32,15,1.9185358496098095,1.7529195721508324
PatchTST-lite,60,37,selected_seed_repeat,0.0003,64,32,16,1.904007081509936,1.7642730144757408
PatchTST-lite,60,37,selected_seed_repeat,0.0003,64,32,17,1.9117454039201223,1.6898583943524932
PatchTST-lite,60,37,selected_seed_repeat,0.0003,64,32,18,1.9073229277409303,1.7062551215276016
PatchTST-lite,60,37,selected_seed_repeat,0.0003,64,32,19,1.8937716545097678,1.6717615091931213
PatchTST-lite,60,53,selected_seed_repeat,0.0003,64,32,1,3.1114510317267055,2.120027267776807
PatchTST-lite,60,53,selected_seed_repeat,0.0003,64,32,2,2.4319637027725505,1.8217589106529233
PatchTST-lite,60,53,selected_seed_repeat,0.0003,64,32,3,2.2526850122354136,1.8656736797956297
PatchTST-lite,60,53,selected_seed_repeat,0.0003,64,32,4,2.188695321682828,1.7844796201949533
PatchTST-lite,60,53,selected_seed_repeat,0.0003,64,32,5,2.117779585179217,1.7862196912728012
PatchTST-lite,60,53,selected_seed_repeat,0.0003,64,32,6,2.0784099459679073,1.7554014982963857
PatchTST-lite,60,53,selected_seed_repeat,0.0003,64,32,7,2.063988608611487,1.7515416210547243
PatchTST-lite,60,53,selected_seed_repeat,0.0003,64,32,8,2.0201992876083237,1.7416265829678668
PatchTST-lite,60,53,selected_seed_repeat,0.0003,64,32,9,2.001262525591082,1.6889503717213339
PatchTST-lite,60,53,selected_seed_repeat,0.0003,64,32,10,1.990942062935271,1.6627623910865819
PatchTST-lite,60,53,selected_seed_repeat,0.0003,64,32,11,1.976953871952321,1.758512689982161
PatchTST-lite,60,53,selected_seed_repeat,0.0003,64,32,12,1.9656677152386215,1.7209762721472408
PatchTST-lite,60,53,selected_seed_repeat,0.0003,64,32,13,1.9502084267323523,1.7102964910569605
PatchTST-lite,60,53,selected_seed_repeat,0.0003,64,32,14,1.9457044954264966,1.6983750880378439
PatchTST-lite,60,53,selected_seed_repeat,0.0003,64,32,15,1.9277888181153564,1.7003182265845194
PatchTST-lite,60,71,selected_seed_repeat,0.0003,64,32,1,3.2602597572897554,2.2536445220329555
PatchTST-lite,60,71,selected_seed_repeat,0.0003,64,32,2,2.4487594382548807,1.923319005258189
PatchTST-lite,60,71,selected_seed_repeat,0.0003,64,32,3,2.2457582934890326,1.7951492224796508
PatchTST-lite,60,71,selected_seed_repeat,0.0003,64,32,4,2.1646910191061837,1.7847337175280833
PatchTST-lite,60,71,selected_seed_repeat,0.0003,64,32,5,2.125410054048222,1.859684174526907
PatchTST-lite,60,71,selected_seed_repeat,0.0003,64,32,6,2.1164487506193588,1.785956110180135
PatchTST-lite,60,71,selected_seed_repeat,0.0003,64,32,7,2.06168357911139,1.734651674927317
PatchTST-lite,60,71,selected_seed_repeat,0.0003,64,32,8,2.035601118876815,1.7641684551592858
PatchTST-lite,60,71,selected_seed_repeat,0.0003,64,32,9,2.007760868528401,1.7928770495311586
PatchTST-lite,60,71,selected_seed_repeat,0.0003,64,32,10,2.0105258848468823,1.7569610566949436
PatchTST-lite,60,71,selected_seed_repeat,0.0003,64,32,11,2.0034178967193417,1.7102111897709782
PatchTST-lite,60,71,selected_seed_repeat,0.0003,64,32,12,1.9746955942827604,1.688344065505296
PatchTST-lite,60,71,selected_seed_repeat,0.0003,64,32,13,1.9583553817406463,1.6909761424185321
PatchTST-lite,60,71,selected_seed_repeat,0.0003,64,32,14,1.9427319686930427,1.6789919324210754
PatchTST-lite,60,71,selected_seed_repeat,0.0003,64,32,15,1.9295846586556302,1.7783505584053478
PatchTST-lite,60,71,selected_seed_repeat,0.0003,64,32,16,1.9240044892538128,1.7637027187837588
PatchTST-lite,60,71,selected_seed_repeat,0.0003,64,32,17,1.901185977971,1.7170617787623181
PatchTST-lite,60,71,selected_seed_repeat,0.0003,64,32,18,1.9234919096049536,1.7510056711474087
PatchTST-lite,60,71,selected_seed_repeat,0.0003,64,32,19,1.8838312335364578,1.7621435550047821
GraphTemporalMLP-lite,60,11,trial_1,0.001,32,32,1,3.4535635051141305,2.1848209395604297
GraphTemporalMLP-lite,60,11,trial_1,0.001,32,32,2,2.42396784671059,1.892007300835061
GraphTemporalMLP-lite,60,11,trial_1,0.001,32,32,3,2.2107566221484944,1.769173524375005
GraphTemporalMLP-lite,60,11,trial_1,0.001,32,32,4,2.1174469520070787,1.7020878286915389
GraphTemporalMLP-lite,60,11,trial_1,0.001,32,32,5,2.0737643413673026,1.733501647376128
GraphTemporalMLP-lite,60,11,trial_1,0.001,32,32,6,2.034653735963704,1.7064012457874458
GraphTemporalMLP-lite,60,11,trial_1,0.001,32,32,7,2.0254556598630535,1.7120297128080046
GraphTemporalMLP-lite,60,11,trial_1,0.001,32,32,8,1.9983176171447035,1.7282058783738508
GraphTemporalMLP-lite,60,11,trial_1,0.001,32,32,9,1.97011331266748,1.704829175568544
GraphTemporalMLP-lite,60,11,trial_2,0.0003,64,32,1,3.772072992107016,2.3259706368606388
GraphTemporalMLP-lite,60,11,trial_2,0.0003,64,32,2,2.547812474398931,1.9439160206221926
GraphTemporalMLP-lite,60,11,trial_2,0.0003,64,32,3,2.2413987006819034,1.787121552682658
GraphTemporalMLP-lite,60,11,trial_2,0.0003,64,32,4,2.132529285954649,1.7487145257223118
GraphTemporalMLP-lite,60,11,trial_2,0.0003,64,32,5,2.0639308208100307,1.6986250061711363
GraphTemporalMLP-lite,60,11,trial_2,0.0003,64,32,6,2.0346157814144252,1.7267051212674303
GraphTemporalMLP-lite,60,11,trial_2,0.0003,64,32,7,1.9988542787253067,1.6957259859667406
GraphTemporalMLP-lite,60,11,trial_2,0.0003,64,32,8,1.9868355998699305,1.6789523554481902
GraphTemporalMLP-lite,60,11,trial_2,0.0003,64,32,9,1.9732036335713332,1.691121257324774
GraphTemporalMLP-lite,60,11,trial_2,0.0003,64,32,10,1.9595578772748503,1.6854080115421508
GraphTemporalMLP-lite,60,11,trial_2,0.0003,64,32,11,1.9279362479920452,1.6741830476361597
GraphTemporalMLP-lite,60,11,trial_2,0.0003,64,32,12,1.9259577115464452,1.6759601990735618
GraphTemporalMLP-lite,60,11,trial_2,0.0003,64,32,13,1.900109015233078,1.679065038177283
GraphTemporalMLP-lite,60,11,trial_2,0.0003,64,32,14,1.891039660367259,1.6963458688810882
GraphTemporalMLP-lite,60,11,trial_2,0.0003,64,32,15,1.8917290155311512,1.677580807500967
GraphTemporalMLP-lite,60,11,trial_2,0.0003,64,32,16,1.8816723902520036,1.694295459247719
GraphTemporalMLP-lite,60,11,trial_3,0.001,32,96,1,3.303708346407351,2.2203994245804006
GraphTemporalMLP-lite,60,11,trial_3,0.001,32,96,2,2.4545616957388265,1.9918278171412023
GraphTemporalMLP-lite,60,11,trial_3,0.001,32,96,3,2.285984104016277,1.8624342218733247
GraphTemporalMLP-lite,60,11,trial_3,0.001,32,96,4,2.1653697512388352,1.892591962464515
GraphTemporalMLP-lite,60,11,trial_3,0.001,32,96,5,2.0770184242652663,1.8118988565582332
GraphTemporalMLP-lite,60,11,trial_3,0.001,32,96,6,2.037963443805792,1.797636590012798
GraphTemporalMLP-lite,60,11,trial_3,0.001,32,96,7,1.9894741804660712,1.9513110448333533
GraphTemporalMLP-lite,60,11,trial_3,0.001,32,96,8,1.9768646671234895,1.7370993722859691
GraphTemporalMLP-lite,60,11,trial_3,0.001,32,96,9,1.949658880048438,1.8087190189124231
GraphTemporalMLP-lite,60,11,trial_3,0.001,32,96,10,1.9130842058442952,1.7562653493136047
GraphTemporalMLP-lite,60,11,trial_3,0.001,32,96,11,1.8871512416002814,1.7530659125590906
GraphTemporalMLP-lite,60,11,trial_3,0.001,32,96,12,1.8962937358050356,1.9813561284746195
GraphTemporalMLP-lite,60,11,trial_3,0.001,32,96,13,1.8763790793684034,1.7708101010143635
GraphTemporalMLP-lite,60,11,trial_4,0.0003,64,96,1,3.6355552624378333,2.5424661057870472
GraphTemporalMLP-lite,60,11,trial_4,0.0003,64,96,2,2.6672297202857043,2.079781450395359
GraphTemporalMLP-lite,60,11,trial_4,0.0003,64,96,3,2.3364967818294846,1.8818926417559203
GraphTemporalMLP-lite,60,11,trial_4,0.0003,64,96,4,2.161015960312713,1.7742275224527833
GraphTemporalMLP-lite,60,11,trial_4,0.0003,64,96,5,2.080186578335157,1.7436427132475039
GraphTemporalMLP-lite,60,11,trial_4,0.0003,64,96,6,2.0301801753321036,1.726307328865346
GraphTemporalMLP-lite,60,11,trial_4,0.0003,64,96,7,1.9732438005311688,1.776403126635589
GraphTemporalMLP-lite,60,11,trial_4,0.0003,64,96,8,1.9549265987813365,1.7241836865629392
GraphTemporalMLP-lite,60,11,trial_4,0.0003,64,96,9,1.9097007327139486,1.723776349919423
GraphTemporalMLP-lite,60,11,trial_4,0.0003,64,96,10,1.8917134058705993,1.7092831853096115
GraphTemporalMLP-lite,60,11,trial_4,0.0003,64,96,11,1.8684170076073903,1.6902097941661092
GraphTemporalMLP-lite,60,11,trial_4,0.0003,64,96,12,1.862358401088847,1.7448829064154943
GraphTemporalMLP-lite,60,11,trial_4,0.0003,64,96,13,1.8300994002537514,1.6793800734990274
GraphTemporalMLP-lite,60,11,trial_4,0.0003,64,96,14,1.7906314495969307,1.7034361109390737
GraphTemporalMLP-lite,60,11,trial_4,0.0003,64,96,15,1.8033598141680438,1.695552954203886
GraphTemporalMLP-lite,60,11,trial_4,0.0003,64,96,16,1.7827501495743676,1.7069054883088535
GraphTemporalMLP-lite,60,11,trial_4,0.0003,64,96,17,1.7854492845873755,1.7266426989936066
GraphTemporalMLP-lite,60,11,trial_4,0.0003,64,96,18,1.7656687857569147,1.6923054680535659
GraphTemporalMLP-lite,60,23,selected_seed_repeat,0.0003,64,32,1,3.794846309165722,2.416213896551956
GraphTemporalMLP-lite,60,23,selected_seed_repeat,0.0003,64,32,2,2.6450039328784407,1.9292945818437996
GraphTemporalMLP-lite,60,23,selected_seed_repeat,0.0003,64,32,3,2.2955348338248234,1.78723325382033
GraphTemporalMLP-lite,60,23,selected_seed_repeat,0.0003,64,32,4,2.16024758592306,1.7523601364293888
GraphTemporalMLP-lite,60,23,selected_seed_repeat,0.0003,64,32,5,2.079426711429536,1.7078643534095894
GraphTemporalMLP-lite,60,23,selected_seed_repeat,0.0003,64,32,6,2.0451399439299474,1.7270286250460694
GraphTemporalMLP-lite,60,23,selected_seed_repeat,0.0003,64,32,7,2.0030018087527734,1.735240979781644
GraphTemporalMLP-lite,60,23,selected_seed_repeat,0.0003,64,32,8,1.996360855344794,1.7295365732793413
GraphTemporalMLP-lite,60,23,selected_seed_repeat,0.0003,64,32,9,1.9775579977802817,1.7237839746042984
GraphTemporalMLP-lite,60,23,selected_seed_repeat,0.0003,64,32,10,1.966939934818212,1.7027626678358723
GraphTemporalMLP-lite,60,23,selected_seed_repeat,0.0003,64,32,11,1.9412191943776722,1.7426041736600923
GraphTemporalMLP-lite,60,23,selected_seed_repeat,0.0003,64,32,12,1.9329815078618586,1.7183894386664558
GraphTemporalMLP-lite,60,23,selected_seed_repeat,0.0003,64,32,13,1.915987228074075,1.7157208852211152
GraphTemporalMLP-lite,60,23,selected_seed_repeat,0.0003,64,32,14,1.9012392642488425,1.6742815944572853
GraphTemporalMLP-lite,60,23,selected_seed_repeat,0.0003,64,32,15,1.893907164292864,1.6759764627544476
GraphTemporalMLP-lite,60,23,selected_seed_repeat,0.0003,64,32,16,1.886374298810897,1.6957870528511982
GraphTemporalMLP-lite,60,23,selected_seed_repeat,0.0003,64,32,17,1.8755427416101729,1.696328150660188
GraphTemporalMLP-lite,60,23,selected_seed_repeat,0.0003,64,32,18,1.8708916842906531,1.6963385803169115
GraphTemporalMLP-lite,60,23,selected_seed_repeat,0.0003,64,32,19,1.8789154458225408,1.6990463349541793
GraphTemporalMLP-lite,60,37,selected_seed_repeat,0.0003,64,32,1,3.849534427248717,2.6558081232365462
GraphTemporalMLP-lite,60,37,selected_seed_repeat,0.0003,64,32,2,2.6747423458603676,1.992370036344027
GraphTemporalMLP-lite,60,37,selected_seed_repeat,0.0003,64,32,3,2.316694399222534,1.8335868374150825
GraphTemporalMLP-lite,60,37,selected_seed_repeat,0.0003,64,32,4,2.178078189681729,1.7429960725476252
GraphTemporalMLP-lite,60,37,selected_seed_repeat,0.0003,64,32,5,2.0901082597233986,1.7630887283924561
GraphTemporalMLP-lite,60,37,selected_seed_repeat,0.0003,64,32,6,2.048848121708596,1.7478082342614765
GraphTemporalMLP-lite,60,37,selected_seed_repeat,0.0003,64,32,7,2.0218352555973387,1.7448532544225315
GraphTemporalMLP-lite,60,37,selected_seed_repeat,0.0003,64,32,8,1.9919294639164957,1.7334119854446213
GraphTemporalMLP-lite,60,37,selected_seed_repeat,0.0003,64,32,9,1.9566160637992653,1.7029123010371696
GraphTemporalMLP-lite,60,37,selected_seed_repeat,0.0003,64,32,10,1.953826703794461,1.7014557928821954
GraphTemporalMLP-lite,60,37,selected_seed_repeat,0.0003,64,32,11,1.9422801220854815,1.6918775051006267
GraphTemporalMLP-lite,60,37,selected_seed_repeat,0.0003,64,32,12,1.929271000725803,1.7909269357363558
GraphTemporalMLP-lite,60,37,selected_seed_repeat,0.0003,64,32,13,1.9315756010624021,1.707010534454993
GraphTemporalMLP-lite,60,37,selected_seed_repeat,0.0003,64,32,14,1.9020655449182995,1.684426468705073
GraphTemporalMLP-lite,60,37,selected_seed_repeat,0.0003,64,32,15,1.9064204002158411,1.713121369380871
GraphTemporalMLP-lite,60,37,selected_seed_repeat,0.0003,64,32,16,1.890394218360762,1.6984804603896173
GraphTemporalMLP-lite,60,37,selected_seed_repeat,0.0003,64,32,17,1.8781377131671928,1.7112003116836332
GraphTemporalMLP-lite,60,37,selected_seed_repeat,0.0003,64,32,18,1.8771469605385158,1.6864077812429563
GraphTemporalMLP-lite,60,37,selected_seed_repeat,0.0003,64,32,19,1.8531163406741795,1.7321110892750535
GraphTemporalMLP-lite,60,53,selected_seed_repeat,0.0003,64,32,1,3.885969688745093,2.456336180157331
GraphTemporalMLP-lite,60,53,selected_seed_repeat,0.0003,64,32,2,2.6437491204733665,1.9415252902686795
GraphTemporalMLP-lite,60,53,selected_seed_repeat,0.0003,64,32,3,2.2919394525999284,1.8035125846445121
GraphTemporalMLP-lite,60,53,selected_seed_repeat,0.0003,64,32,4,2.1577114166414897,1.7664330995990316
GraphTemporalMLP-lite,60,53,selected_seed_repeat,0.0003,64,32,5,2.103631376516284,1.7068866695157539
GraphTemporalMLP-lite,60,53,selected_seed_repeat,0.0003,64,32,6,2.044087307525244,1.715498464537192
GraphTemporalMLP-lite,60,53,selected_seed_repeat,0.0003,64,32,7,2.018252279946874,1.6964956161056315
GraphTemporalMLP-lite,60,53,selected_seed_repeat,0.0003,64,32,8,2.002350381924801,1.7081762516048127
GraphTemporalMLP-lite,60,53,selected_seed_repeat,0.0003,64,32,9,1.9718740178553,1.7205093638110476
GraphTemporalMLP-lite,60,53,selected_seed_repeat,0.0003,64,32,10,1.9679273342099277,1.6799557580287594
GraphTemporalMLP-lite,60,53,selected_seed_repeat,0.0003,64,32,11,1.9482845190497704,1.6822645066600046
GraphTemporalMLP-lite,60,53,selected_seed_repeat,0.0003,64,32,12,1.9288948811619677,1.715300819617335
GraphTemporalMLP-lite,60,53,selected_seed_repeat,0.0003,64,32,13,1.9282674050635868,1.7036371378875537
GraphTemporalMLP-lite,60,53,selected_seed_repeat,0.0003,64,32,14,1.9000962061013242,1.7043420038143016
GraphTemporalMLP-lite,60,53,selected_seed_repeat,0.0003,64,32,15,1.8904804141644282,1.6819850108967356
GraphTemporalMLP-lite,60,71,selected_seed_repeat,0.0003,64,32,1,3.7675887576069673,2.503328614185504
GraphTemporalMLP-lite,60,71,selected_seed_repeat,0.0003,64,32,2,2.6828288680898225,1.9301016869618262
GraphTemporalMLP-lite,60,71,selected_seed_repeat,0.0003,64,32,3,2.3111931937965453,1.8377385626078124
GraphTemporalMLP-lite,60,71,selected_seed_repeat,0.0003,64,32,4,2.1901501571315314,1.7511617580644219
GraphTemporalMLP-lite,60,71,selected_seed_repeat,0.0003,64,32,5,2.1021720248091045,1.7657647052468557
GraphTemporalMLP-lite,60,71,selected_seed_repeat,0.0003,64,32,6,2.0591795428593436,1.7218624528820254
GraphTemporalMLP-lite,60,71,selected_seed_repeat,0.0003,64,32,7,2.017559664302172,1.7367657234129676
GraphTemporalMLP-lite,60,71,selected_seed_repeat,0.0003,64,32,8,1.9970813505786629,1.6783647946537716
GraphTemporalMLP-lite,60,71,selected_seed_repeat,0.0003,64,32,9,1.9715333296870245,1.6917323624322032
GraphTemporalMLP-lite,60,71,selected_seed_repeat,0.0003,64,32,10,1.9556321728749304,1.7112800873039704
GraphTemporalMLP-lite,60,71,selected_seed_repeat,0.0003,64,32,11,1.9435287681904947,1.6860885548232967
GraphTemporalMLP-lite,60,71,selected_seed_repeat,0.0003,64,32,12,1.9317394532833723,1.6857333515908015
GraphTemporalMLP-lite,60,71,selected_seed_repeat,0.0003,64,32,13,1.91199140419689,1.693542069985065
STGCN,60,11,trial_1,0.001,32,32,1,2.919238148820329,1.8371002475878948
STGCN,60,11,trial_1,0.001,32,32,2,2.325177127796583,2.1936162148400697
STGCN,60,11,trial_1,0.001,32,32,3,2.142939165462743,1.8536608717766045
STGCN,60,11,trial_1,0.001,32,32,4,2.139957891852089,1.7839121354238583
STGCN,60,11,trial_1,0.001,32,32,5,2.071924256777225,1.8648505985335984
STGCN,60,11,trial_1,0.001,32,32,6,2.0306903932223284,1.722236266691258
STGCN,60,11,trial_1,0.001,32,32,7,2.0106330044565652,1.8386160874909765
STGCN,60,11,trial_1,0.001,32,32,8,1.99893945887155,1.7500251446044788
STGCN,60,11,trial_1,0.001,32,32,9,1.9678081066390924,1.718487442142027
STGCN,60,11,trial_1,0.001,32,32,10,1.9361092714660977,1.7904826506036482
STGCN,60,11,trial_1,0.001,32,32,11,1.9153907339843006,1.6939728765786053
STGCN,60,11,trial_1,0.001,32,32,12,1.8997310988784857,1.752883855112696
STGCN,60,11,trial_1,0.001,32,32,13,1.869743666933816,1.7658694311364003
STGCN,60,11,trial_1,0.001,32,32,14,1.8425008056923657,1.7485999155046106
STGCN,60,11,trial_1,0.001,32,32,15,1.8646318008381146,1.7315671676555926
STGCN,60,11,trial_1,0.001,32,32,16,1.836573134892147,1.7228101536197316
STGCN,60,11,trial_2,0.0003,64,32,1,3.075786116423002,1.9316825677073604
STGCN,60,11,trial_2,0.0003,64,32,2,2.2753199244431945,1.8723140862676002
STGCN,60,11,trial_2,0.0003,64,32,3,2.151790356453505,1.7813417381460879
STGCN,60,11,trial_2,0.0003,64,32,4,2.0886625847761087,1.8556790078738623
STGCN,60,11,trial_2,0.0003,64,32,5,2.080842577046677,1.7233320509056245
STGCN,60,11,trial_2,0.0003,64,32,6,2.0071525262944765,1.7930763958761453
STGCN,60,11,trial_2,0.0003,64,32,7,1.9920668885780872,1.6830241374559867
STGCN,60,11,trial_2,0.0003,64,32,8,1.969543722823413,1.7140949504208682
STGCN,60,11,trial_2,0.0003,64,32,9,1.9196396626932355,1.7556467077653772
STGCN,60,11,trial_2,0.0003,64,32,10,1.9189922820932364,1.6834568725296417
STGCN,60,11,trial_2,0.0003,64,32,11,1.88728902101625,1.6944447265831233
STGCN,60,11,trial_2,0.0003,64,32,12,1.8696694540035375,1.8314727681077958
STGCN,60,11,trial_3,0.001,32,96,1,3.5240963252061626,2.004552533757544
STGCN,60,11,trial_3,0.001,32,96,2,2.3275248416787213,1.8540447285550314
STGCN,60,11,trial_3,0.001,32,96,3,2.173567915211057,1.7684807508613574
STGCN,60,11,trial_3,0.001,32,96,4,2.113163384928228,1.7861353547226295
STGCN,60,11,trial_3,0.001,32,96,5,2.0775962479542116,1.9163949000269562
STGCN,60,11,trial_3,0.001,32,96,6,1.9985101925160338,1.7822489804616428
STGCN,60,11,trial_3,0.001,32,96,7,1.955076509111583,1.7677371289290944
STGCN,60,11,trial_3,0.001,32,96,8,1.8946514844994962,1.8057096043759036
STGCN,60,11,trial_3,0.001,32,96,9,1.8775848565962048,1.8090310410459571
STGCN,60,11,trial_3,0.001,32,96,10,1.862988456306351,1.8236261434290755
STGCN,60,11,trial_3,0.001,32,96,11,1.7939880707110487,1.7107447352750658
STGCN,60,11,trial_3,0.001,32,96,12,1.7947747944555683,1.7910685278200538
STGCN,60,11,trial_3,0.001,32,96,13,1.7674276140326808,1.7673297070160205
STGCN,60,11,trial_3,0.001,32,96,14,1.7308748259757545,1.7744327325671267
STGCN,60,11,trial_3,0.001,32,96,15,1.6761420496231607,1.761700263361573
STGCN,60,11,trial_3,0.001,32,96,16,1.6356967083593483,1.769945996171484
STGCN,60,11,trial_4,0.0003,64,96,1,3.733978181837628,2.1091813101995145
STGCN,60,11,trial_4,0.0003,64,96,2,2.3341936267430894,1.9373205601307277
STGCN,60,11,trial_4,0.0003,64,96,3,2.2212724755553186,1.8507224689345947
STGCN,60,11,trial_4,0.0003,64,96,4,2.082459177234994,1.8450586457842604
STGCN,60,11,trial_4,0.0003,64,96,5,2.0414299251559553,1.7891843819262676
STGCN,60,11,trial_4,0.0003,64,96,6,2.036622402414606,1.8952070737102737
STGCN,60,11,trial_4,0.0003,64,96,7,1.9280021652838424,1.7015330560250979
STGCN,60,11,trial_4,0.0003,64,96,8,1.945174017932209,1.7486168613419586
STGCN,60,11,trial_4,0.0003,64,96,9,1.873948209233294,1.776496977681998
STGCN,60,11,trial_4,0.0003,64,96,10,1.8412546555260514,1.7909433620243054
STGCN,60,11,trial_4,0.0003,64,96,11,1.7983890156366285,1.7592404894539246
STGCN,60,11,trial_4,0.0003,64,96,12,1.7555897804110074,1.7042142065603398
STGCN,60,23,selected_seed_repeat,0.0003,64,32,1,2.9271130858382217,1.9505495440561391
STGCN,60,23,selected_seed_repeat,0.0003,64,32,2,2.1898865095909437,1.9111428108514024
STGCN,60,23,selected_seed_repeat,0.0003,64,32,3,2.135583272219756,1.8020199311205998
STGCN,60,23,selected_seed_repeat,0.0003,64,32,4,2.0525629968456625,1.8798401321118143
STGCN,60,23,selected_seed_repeat,0.0003,64,32,5,2.008514139715214,1.7685999378729969
STGCN,60,23,selected_seed_repeat,0.0003,64,32,6,1.9690051841064455,1.7800670336118478
STGCN,60,23,selected_seed_repeat,0.0003,64,32,7,1.9401563021066497,1.7604709470197315
STGCN,60,23,selected_seed_repeat,0.0003,64,32,8,1.920761916800935,1.785849975359874
STGCN,60,23,selected_seed_repeat,0.0003,64,32,9,1.9143867817886953,1.7705672533138208
STGCN,60,23,selected_seed_repeat,0.0003,64,32,10,1.8769060853175488,1.6933834170492665
STGCN,60,23,selected_seed_repeat,0.0003,64,32,11,1.8617809112856922,1.7717255490375947
STGCN,60,23,selected_seed_repeat,0.0003,64,32,12,1.8523397118495155,1.7169728455880786
STGCN,60,23,selected_seed_repeat,0.0003,64,32,13,1.8286707691293305,1.7600024145959146
STGCN,60,23,selected_seed_repeat,0.0003,64,32,14,1.8159058264113699,1.7636410847575914
STGCN,60,23,selected_seed_repeat,0.0003,64,32,15,1.8094244130147206,1.740281642097189
STGCN,60,37,selected_seed_repeat,0.0003,64,32,1,3.3186086328222077,1.9450782883209483
STGCN,60,37,selected_seed_repeat,0.0003,64,32,2,2.2775055964736235,1.858752603616711
STGCN,60,37,selected_seed_repeat,0.0003,64,32,3,2.1566004568791657,1.883120396475047
STGCN,60,37,selected_seed_repeat,0.0003,64,32,4,2.137015005260853,1.8062447035706544
STGCN,60,37,selected_seed_repeat,0.0003,64,32,5,2.0442740057865554,1.744904707660103
STGCN,60,37,selected_seed_repeat,0.0003,64,32,6,2.02049000072009,1.8302343675835315
STGCN,60,37,selected_seed_repeat,0.0003,64,32,7,1.9782763137164254,1.7851523414814332
STGCN,60,37,selected_seed_repeat,0.0003,64,32,8,1.925397258214198,1.692126308780629
STGCN,60,37,selected_seed_repeat,0.0003,64,32,9,1.930010579443275,1.753768401844792
STGCN,60,37,selected_seed_repeat,0.0003,64,32,10,1.90254115981388,1.7039232797187966
STGCN,60,37,selected_seed_repeat,0.0003,64,32,11,1.8747538120490435,1.6816701907318987
STGCN,60,37,selected_seed_repeat,0.0003,64,32,12,1.8600565379946195,1.7082568531500526
STGCN,60,37,selected_seed_repeat,0.0003,64,32,13,1.8379068155583238,1.7337372669943893
STGCN,60,37,selected_seed_repeat,0.0003,64,32,14,1.8370772285095414,1.7824969066584055
STGCN,60,37,selected_seed_repeat,0.0003,64,32,15,1.8194474171786192,1.6941733086231938
STGCN,60,37,selected_seed_repeat,0.0003,64,32,16,1.7773386106076812,1.6683191940013635
STGCN,60,37,selected_seed_repeat,0.0003,64,32,17,1.790998693119542,1.7718600716800492
STGCN,60,37,selected_seed_repeat,0.0003,64,32,18,1.7731783758416721,1.722374192183972
STGCN,60,37,selected_seed_repeat,0.0003,64,32,19,1.738219173073521,1.675777794599897
STGCN,60,37,selected_seed_repeat,0.0003,64,32,20,1.7614989638746232,1.6818203375335556
STGCN,60,37,selected_seed_repeat,0.0003,64,32,21,1.7063087157783279,1.7722917983916082
STGCN,60,53,selected_seed_repeat,0.0003,64,32,1,2.9914516203749373,2.4743916937170787
STGCN,60,53,selected_seed_repeat,0.0003,64,32,2,2.278587472379254,1.8363731897629827
STGCN,60,53,selected_seed_repeat,0.0003,64,32,3,2.145944381681412,1.988508899889129
STGCN,60,53,selected_seed_repeat,0.0003,64,32,4,2.080864533306313,1.7676494976028705
STGCN,60,53,selected_seed_repeat,0.0003,64,32,5,2.063751452113943,1.8366039470334379
STGCN,60,53,selected_seed_repeat,0.0003,64,32,6,2.006587272123674,1.7661698466950122
STGCN,60,53,selected_seed_repeat,0.0003,64,32,7,1.99097449215873,1.7474929361905134
STGCN,60,53,selected_seed_repeat,0.0003,64,32,8,1.9530598289574272,1.7657855615857834
STGCN,60,53,selected_seed_repeat,0.0003,64,32,9,1.9573621585125927,1.89603858674346
STGCN,60,53,selected_seed_repeat,0.0003,64,32,10,1.9204746797823948,1.7404287340673632
STGCN,60,53,selected_seed_repeat,0.0003,64,32,11,1.890078757007556,1.8444468347242133
STGCN,60,53,selected_seed_repeat,0.0003,64,32,12,1.8872313321665481,1.7223041372932208
STGCN,60,53,selected_seed_repeat,0.0003,64,32,13,1.862914443866884,1.8161570427768579
STGCN,60,53,selected_seed_repeat,0.0003,64,32,14,1.849728993071756,1.697300496283104
STGCN,60,53,selected_seed_repeat,0.0003,64,32,15,1.8132245765006483,1.7762142833188062
STGCN,60,53,selected_seed_repeat,0.0003,64,32,16,1.8114398255298394,1.7598112719755912
STGCN,60,53,selected_seed_repeat,0.0003,64,32,17,1.7849173001807725,1.7014324072102225
STGCN,60,53,selected_seed_repeat,0.0003,64,32,18,1.7809817535851549,1.7389926360733983
STGCN,60,53,selected_seed_repeat,0.0003,64,32,19,1.7282997590209057,1.7192200712418826
STGCN,60,71,selected_seed_repeat,0.0003,64,32,1,3.001754929779289,1.928477164066815
STGCN,60,71,selected_seed_repeat,0.0003,64,32,2,2.347584684348218,1.931905330461021
STGCN,60,71,selected_seed_repeat,0.0003,64,32,3,2.2348139532743847,1.9529974704527895
STGCN,60,71,selected_seed_repeat,0.0003,64,32,4,2.1140859113779435,1.756755831708003
STGCN,60,71,selected_seed_repeat,0.0003,64,32,5,2.041657288171798,1.8269523869225721
STGCN,60,71,selected_seed_repeat,0.0003,64,32,6,1.9867871291384336,1.7069321330626452
STGCN,60,71,selected_seed_repeat,0.0003,64,32,7,1.9570544620179646,1.986783896735345
STGCN,60,71,selected_seed_repeat,0.0003,64,32,8,1.9417176131780756,1.796523413783165
STGCN,60,71,selected_seed_repeat,0.0003,64,32,9,1.8847957002267324,1.6892849536019383
STGCN,60,71,selected_seed_repeat,0.0003,64,32,10,1.8886862546979004,1.7024215499445137
STGCN,60,71,selected_seed_repeat,0.0003,64,32,11,1.8635039843121906,1.738486597933745
STGCN,60,71,selected_seed_repeat,0.0003,64,32,12,1.8510525200449273,1.755040579029
STGCN,60,71,selected_seed_repeat,0.0003,64,32,13,1.834240024886656,1.7510230413495327
STGCN,60,71,selected_seed_repeat,0.0003,64,32,14,1.8337709588367785,1.8098084485617223
