origin,model,horizon_minutes,seed,reference,n,MAE,RMSE,R2
1,IA-GTPF,15,11,measured,10717,1.5328259379092573,4.203661775726519,0.9833562525128432
1,IA-GTPF,15,11,supplier_interpolated,103,0.3677295664101709,0.6216133974621314,0.8779742755966712
1,IA-GTPF,15,11,raw_unscreened,10717,1.5328259379092573,4.203661775726519,0.9833562525128432
1,IA-GTPF without conformal calibration,15,11,measured,10717,1.5328259379092573,4.203661775726519,0.9833562525128432
1,IA-GTPF without conformal calibration,15,11,supplier_interpolated,103,0.3677295664101709,0.6216133974621314,0.8779742755966712
1,IA-GTPF without conformal calibration,15,11,raw_unscreened,10717,1.5328259379092573,4.203661775726519,0.9833562525128432
1,IA-GTPF without graph,15,11,measured,10717,1.5265884266733731,4.198631699509002,0.9833960602965588
1,IA-GTPF without graph,15,11,supplier_interpolated,103,0.367351722563888,0.6198612594236811,0.8786612124855189
1,IA-GTPF without graph,15,11,raw_unscreened,10717,1.5265884266733731,4.198631699509002,0.9833960602965588
1,IA-GTPF without quality features and weights,15,11,measured,10717,1.5332265492479031,4.206982372540349,0.9833299473501473
1,IA-GTPF without quality features and weights,15,11,supplier_interpolated,103,0.3624863409599927,0.6066890581279784,0.883763376207216
1,IA-GTPF without quality features and weights,15,11,raw_unscreened,10717,1.5332265492479031,4.206982372540349,0.9833299473501473
1,IA-GTPF without weak signal,15,11,measured,10717,1.5334917073612584,4.214524016621416,0.9832701266623782
1,IA-GTPF without weak signal,15,11,supplier_interpolated,103,0.3549112106624503,0.5977019429818163,0.887181584081182
1,IA-GTPF without weak signal,15,11,raw_unscreened,10717,1.5334917073612584,4.214524016621416,0.9832701266623782
1,IA-GTPF without residual,15,11,measured,10717,1.5320602358923912,4.2048485476980515,0.9833468535067867
1,IA-GTPF without residual,15,11,supplier_interpolated,103,0.36787464041404455,0.6217149294572433,0.877934409895151
1,IA-GTPF without residual,15,11,raw_unscreened,10717,1.5320602358923912,4.2048485476980515,0.9833468535067867
1,IA-GTPF without probabilistic branch in point aggregation,15,11,measured,10717,1.605894320504883,4.319175974965107,0.9824289633599403
1,IA-GTPF without probabilistic branch in point aggregation,15,11,supplier_interpolated,103,0.3253367684195553,0.5746068946582716,0.8957316916095017
1,IA-GTPF without probabilistic branch in point aggregation,15,11,raw_unscreened,10717,1.605894320504883,4.319175974965107,0.9824289633599403
1,IA-GTPF,15,23,measured,10717,1.5336288685189685,4.205988737025949,0.9833378209273462
1,IA-GTPF,15,23,supplier_interpolated,103,0.36480060133962533,0.6145112035435141,0.8807467365483874
1,IA-GTPF,15,23,raw_unscreened,10717,1.5336288685189685,4.205988737025949,0.9833378209273462
1,IA-GTPF without conformal calibration,15,23,measured,10717,1.5336288685189685,4.205988737025949,0.9833378209273462
1,IA-GTPF without conformal calibration,15,23,supplier_interpolated,103,0.36480060133962533,0.6145112035435141,0.8807467365483874
1,IA-GTPF without conformal calibration,15,23,raw_unscreened,10717,1.5336288685189685,4.205988737025949,0.9833378209273462
1,IA-GTPF without graph,15,23,measured,10717,1.5247693571050875,4.1943923700763515,0.9834295731356866
1,IA-GTPF without graph,15,23,supplier_interpolated,103,0.3689324896364254,0.6314572413707388,0.8740788856880358
1,IA-GTPF without graph,15,23,raw_unscreened,10717,1.5247693571050875,4.1943923700763515,0.9834295731356866
1,IA-GTPF without quality features and weights,15,23,measured,10717,1.5356413783013116,4.2150250044966535,0.9832661490070971
1,IA-GTPF without quality features and weights,15,23,supplier_interpolated,103,0.35986687701948,0.6000033660047971,0.8863111075026444
1,IA-GTPF without quality features and weights,15,23,raw_unscreened,10717,1.5356413783013116,4.2150250044966535,0.9832661490070971
1,IA-GTPF without weak signal,15,23,measured,10717,1.5340393618897912,4.212610276255771,0.9832853166884405
1,IA-GTPF without weak signal,15,23,supplier_interpolated,103,0.35269838966489536,0.5934826647433249,0.8887687703618367
1,IA-GTPF without weak signal,15,23,raw_unscreened,10717,1.5340393618897912,4.212610276255771,0.9832853166884405
1,IA-GTPF without residual,15,23,measured,10717,1.534046821685005,4.20995317629887,0.9833063955800528
1,IA-GTPF without residual,15,23,supplier_interpolated,103,0.3648608023648934,0.614560283920865,0.8807276865168399
1,IA-GTPF without residual,15,23,raw_unscreened,10717,1.534046821685005,4.20995317629887,0.9833063955800528
1,IA-GTPF without probabilistic branch in point aggregation,15,23,measured,10717,1.618677258048603,4.335764482695951,0.9822937352460063
1,IA-GTPF without probabilistic branch in point aggregation,15,23,supplier_interpolated,103,0.31410492120766387,0.5531912870760645,0.9033590201319653
1,IA-GTPF without probabilistic branch in point aggregation,15,23,raw_unscreened,10717,1.618677258048603,4.335764482695951,0.9822937352460063
1,IA-GTPF,15,37,measured,10717,1.5332130451216046,4.201899774738351,0.9833702023284554
1,IA-GTPF,15,37,supplier_interpolated,103,0.35446479647445805,0.6051380880550711,0.8843569227190436
1,IA-GTPF,15,37,raw_unscreened,10717,1.5332130451216046,4.201899774738351,0.9833702023284554
1,IA-GTPF without conformal calibration,15,37,measured,10717,1.5332130451216046,4.201899774738351,0.9833702023284554
1,IA-GTPF without conformal calibration,15,37,supplier_interpolated,103,0.35446479647445805,0.6051380880550711,0.8843569227190436
1,IA-GTPF without conformal calibration,15,37,raw_unscreened,10717,1.5332130451216046,4.201899774738351,0.9833702023284554
1,IA-GTPF without graph,15,37,measured,10717,1.527742684391075,4.187184450771382,0.9834864756206468
1,IA-GTPF without graph,15,37,supplier_interpolated,103,0.36246658782174507,0.6134452668158799,0.88116009332369
1,IA-GTPF without graph,15,37,raw_unscreened,10717,1.527742684391075,4.187184450771382,0.9834864756206468
1,IA-GTPF without quality features and weights,15,37,measured,10717,1.5377435331945264,4.2153610036555165,0.9832634810352809
1,IA-GTPF without quality features and weights,15,37,supplier_interpolated,103,0.36622741924056873,0.6068859765692376,0.883687908060453
1,IA-GTPF without quality features and weights,15,37,raw_unscreened,10717,1.5377435331945264,4.2153610036555165,0.9832634810352809
1,IA-GTPF without weak signal,15,37,measured,10717,1.5295350599907862,4.195285168583279,0.9834225181796623
1,IA-GTPF without weak signal,15,37,supplier_interpolated,103,0.34432820888465393,0.5847253528880421,0.8920271632682008
1,IA-GTPF without weak signal,15,37,raw_unscreened,10717,1.5295350599907862,4.195285168583279,0.9834225181796623
1,IA-GTPF without residual,15,37,measured,10717,1.5326571309133143,4.199657208862543,0.9833879483323952
1,IA-GTPF without residual,15,37,supplier_interpolated,103,0.35456993036650014,0.6052152294872122,0.8843274370813698
1,IA-GTPF without residual,15,37,raw_unscreened,10717,1.5326571309133143,4.199657208862543,0.9833879483323952
1,IA-GTPF without probabilistic branch in point aggregation,15,37,measured,10717,1.6000073396783456,4.303945605086914,0.9825526636012458
1,IA-GTPF without probabilistic branch in point aggregation,15,37,supplier_interpolated,103,0.30605330266736364,0.5580600254595061,0.9016504241212525
1,IA-GTPF without probabilistic branch in point aggregation,15,37,raw_unscreened,10717,1.6000073396783456,4.303945605086914,0.9825526636012458
1,IA-GTPF,15,53,measured,10717,1.5384729844875646,4.2219981235445205,0.9832107359760691
1,IA-GTPF,15,53,supplier_interpolated,103,0.3612826728272339,0.6061673366749923,0.8839632053106063
1,IA-GTPF,15,53,raw_unscreened,10717,1.5384729844875646,4.2219981235445205,0.9832107359760691
1,IA-GTPF without conformal calibration,15,53,measured,10717,1.5384729844875646,4.2219981235445205,0.9832107359760691
1,IA-GTPF without conformal calibration,15,53,supplier_interpolated,103,0.3612826728272339,0.6061673366749923,0.8839632053106063
1,IA-GTPF without conformal calibration,15,53,raw_unscreened,10717,1.5384729844875646,4.2219981235445205,0.9832107359760691
1,IA-GTPF without graph,15,53,measured,10717,1.5238632281052638,4.183107753256994,0.9835186155334942
1,IA-GTPF without graph,15,53,supplier_interpolated,103,0.36276716772415785,0.6097430270859826,0.8825902002679553
1,IA-GTPF without graph,15,53,raw_unscreened,10717,1.5238632281052638,4.183107753256994,0.9835186155334942
1,IA-GTPF without quality features and weights,15,53,measured,10717,1.5390970519211427,4.226279617998067,0.9831766669941551
1,IA-GTPF without quality features and weights,15,53,supplier_interpolated,103,0.3561486124073394,0.591717809389874,0.8894293293334622
1,IA-GTPF without quality features and weights,15,53,raw_unscreened,10717,1.5390970519211427,4.226279617998067,0.9831766669941551
1,IA-GTPF without weak signal,15,53,measured,10717,1.533063379656816,4.211985244786841,0.9832902762870477
1,IA-GTPF without weak signal,15,53,supplier_interpolated,103,0.3531904054648032,0.5949050320874923,0.8882349678880244
1,IA-GTPF without weak signal,15,53,raw_unscreened,10717,1.533063379656816,4.211985244786841,0.9832902762870477
1,IA-GTPF without residual,15,53,measured,10717,1.5378919433082885,4.222151738984025,0.9832095142147058
1,IA-GTPF without residual,15,53,supplier_interpolated,103,0.36135111548411203,0.6062213530483507,0.8839425240045846
1,IA-GTPF without residual,15,53,raw_unscreened,10717,1.5378919433082885,4.222151738984025,0.9832095142147058
1,IA-GTPF without probabilistic branch in point aggregation,15,53,measured,10717,1.6109954531542843,4.3407086872272735,0.9822533302337041
1,IA-GTPF without probabilistic branch in point aggregation,15,53,supplier_interpolated,103,0.3086238955422905,0.5382639991629444,0.9085041639687967
1,IA-GTPF without probabilistic branch in point aggregation,15,53,raw_unscreened,10717,1.6109954531542843,4.3407086872272735,0.9822533302337041
1,IA-GTPF,15,71,measured,10717,1.5354094710734603,4.2088232736217055,0.9833153551177697
1,IA-GTPF,15,71,supplier_interpolated,103,0.3665548089940319,0.6177267828417158,0.8794954278054085
1,IA-GTPF,15,71,raw_unscreened,10717,1.5354094710734603,4.2088232736217055,0.9833153551177697
1,IA-GTPF without conformal calibration,15,71,measured,10717,1.5354094710734603,4.2088232736217055,0.9833153551177697
1,IA-GTPF without conformal calibration,15,71,supplier_interpolated,103,0.3665548089940319,0.6177267828417158,0.8794954278054085
1,IA-GTPF without conformal calibration,15,71,raw_unscreened,10717,1.5354094710734603,4.2088232736217055,0.9833153551177697
1,IA-GTPF without graph,15,71,measured,10717,1.5221245379372705,4.176391244020612,0.9835714989437232
1,IA-GTPF without graph,15,71,supplier_interpolated,103,0.36992148733941765,0.6189054614812851,0.8790351217992651
1,IA-GTPF without graph,15,71,raw_unscreened,10717,1.5221245379372705,4.176391244020612,0.9835714989437232
1,IA-GTPF without quality features and weights,15,71,measured,10717,1.5355258025904028,4.213125046195552,0.9832812314578288
1,IA-GTPF without quality features and weights,15,71,supplier_interpolated,103,0.36084460610338104,0.6011371404585529,0.8858810454310454
1,IA-GTPF without quality features and weights,15,71,raw_unscreened,10717,1.5355258025904028,4.213125046195552,0.9832812314578288
1,IA-GTPF without weak signal,15,71,measured,10717,1.5367631619363737,4.22178303288028,0.9832124465983186
1,IA-GTPF without weak signal,15,71,supplier_interpolated,103,0.35282118696980214,0.5952297219451649,0.8881129353840516
1,IA-GTPF without weak signal,15,71,raw_unscreened,10717,1.5367631619363737,4.22178303288028,0.9832124465983186
1,IA-GTPF without residual,15,71,measured,10717,1.535400122242431,4.210887536126649,0.9832989847782722
1,IA-GTPF without residual,15,71,supplier_interpolated,103,0.36418130186053754,0.614454723264999,0.8807686568908116
1,IA-GTPF without residual,15,71,raw_unscreened,10717,1.535400122242431,4.210887536126649,0.9832989847782722
1,IA-GTPF without probabilistic branch in point aggregation,15,71,measured,10717,1.6051844879313273,4.308084247235075,0.9825190930100276
1,IA-GTPF without probabilistic branch in point aggregation,15,71,supplier_interpolated,103,0.3160236482135204,0.54745758374516,0.9053519621922892
1,IA-GTPF without probabilistic branch in point aggregation,15,71,raw_unscreened,10717,1.6051844879313273,4.308084247235075,0.9825190930100276
1,IA-GTPF,60,11,measured,10693,2.2099505306443716,6.305358046204154,0.9623349585970835
1,IA-GTPF,60,11,supplier_interpolated,103,0.483133085113355,0.7973258277889308,0.7992376238780045
1,IA-GTPF,60,11,raw_unscreened,10693,2.2099505306443716,6.305358046204154,0.9623349585970835
1,IA-GTPF without conformal calibration,60,11,measured,10693,2.2099505306443716,6.305358046204154,0.9623349585970835
1,IA-GTPF without conformal calibration,60,11,supplier_interpolated,103,0.483133085113355,0.7973258277889308,0.7992376238780045
1,IA-GTPF without conformal calibration,60,11,raw_unscreened,10693,2.2099505306443716,6.305358046204154,0.9623349585970835
1,IA-GTPF without graph,60,11,measured,10693,2.2112642849994044,6.311330375224712,0.9622635734190583
1,IA-GTPF without graph,60,11,supplier_interpolated,103,0.48845845381876735,0.8059210825527214,0.7948858148616467
1,IA-GTPF without graph,60,11,raw_unscreened,10693,2.2112642849994044,6.311330375224712,0.9622635734190583
1,IA-GTPF without quality features and weights,60,11,measured,10693,2.206736384089363,6.357374465868188,0.9617109553744967
1,IA-GTPF without quality features and weights,60,11,supplier_interpolated,103,0.47531352514352426,0.7808490872987804,0.8074493999853775
1,IA-GTPF without quality features and weights,60,11,raw_unscreened,10693,2.206736384089363,6.357374465868188,0.9617109553744967
1,IA-GTPF without weak signal,60,11,measured,10693,2.2210877988976074,6.366313537148577,0.961603203618804
1,IA-GTPF without weak signal,60,11,supplier_interpolated,103,0.4884077800039355,0.7935665015499953,0.8011263172927197
1,IA-GTPF without weak signal,60,11,raw_unscreened,10693,2.2210877988976074,6.366313537148577,0.961603203618804
1,IA-GTPF without residual,60,11,measured,10693,2.2126746123590055,6.310805074794369,0.9622698548636979
1,IA-GTPF without residual,60,11,supplier_interpolated,103,0.48317337690858236,0.7972983972952801,0.7992514373433719
1,IA-GTPF without residual,60,11,raw_unscreened,10693,2.2126746123590055,6.310805074794369,0.9622698548636979
1,IA-GTPF without probabilistic branch in point aggregation,60,11,measured,10693,2.421710431482643,6.493722590776491,0.9600509544994433
1,IA-GTPF without probabilistic branch in point aggregation,60,11,supplier_interpolated,103,0.49783753903073824,0.8372786301482779,0.7786137336636704
1,IA-GTPF without probabilistic branch in point aggregation,60,11,raw_unscreened,10693,2.421710431482643,6.493722590776491,0.9600509544994433
1,IA-GTPF,60,23,measured,10693,2.210134022706654,6.354012747090714,0.9617514384288837
1,IA-GTPF,60,23,supplier_interpolated,103,0.4849888204177278,0.7952902875582738,0.8002613916607009
1,IA-GTPF,60,23,raw_unscreened,10693,2.210134022706654,6.354012747090714,0.9617514384288837
1,IA-GTPF without conformal calibration,60,23,measured,10693,2.210134022706654,6.354012747090714,0.9617514384288837
1,IA-GTPF without conformal calibration,60,23,supplier_interpolated,103,0.4849888204177278,0.7952902875582738,0.8002613916607009
1,IA-GTPF without conformal calibration,60,23,raw_unscreened,10693,2.210134022706654,6.354012747090714,0.9617514384288837
1,IA-GTPF without graph,60,23,measured,10693,2.207811698325315,6.307908936534974,0.9623044769577795
1,IA-GTPF without graph,60,23,supplier_interpolated,103,0.48698885916116635,0.8023402850734921,0.7967044561692412
1,IA-GTPF without graph,60,23,raw_unscreened,10693,2.207811698325315,6.307908936534974,0.9623044769577795
1,IA-GTPF without quality features and weights,60,23,measured,10693,2.209768442816919,6.356687623605374,0.9617192283222563
1,IA-GTPF without quality features and weights,60,23,supplier_interpolated,103,0.47787099174917586,0.7834267516515283,0.8061760424422464
1,IA-GTPF without quality features and weights,60,23,raw_unscreened,10693,2.209768442816919,6.356687623605374,0.9617192283222563
1,IA-GTPF without weak signal,60,23,measured,10693,2.2236893716272395,6.330822465681846,0.9620301209893496
1,IA-GTPF without weak signal,60,23,supplier_interpolated,103,0.4771244092356934,0.7862071768039431,0.8047978170453569
1,IA-GTPF without weak signal,60,23,raw_unscreened,10693,2.2236893716272395,6.330822465681846,0.9620301209893496
1,IA-GTPF without residual,60,23,measured,10693,2.2138909261402477,6.367083599116783,0.9615939141923024
1,IA-GTPF without residual,60,23,supplier_interpolated,103,0.4850391552881299,0.795244653124834,0.8002843133456711
1,IA-GTPF without residual,60,23,raw_unscreened,10693,2.2138909261402477,6.367083599116783,0.9615939141923024
1,IA-GTPF without probabilistic branch in point aggregation,60,23,measured,10693,2.460294225003924,6.594496223618525,0.9588014253105231
1,IA-GTPF without probabilistic branch in point aggregation,60,23,supplier_interpolated,103,0.4748967442021358,0.8210439068902792,0.7871158012912913
1,IA-GTPF without probabilistic branch in point aggregation,60,23,raw_unscreened,10693,2.460294225003924,6.594496223618525,0.9588014253105231
1,IA-GTPF,60,37,measured,10693,2.207551099089772,6.348676355568458,0.9618156572454485
1,IA-GTPF,60,37,supplier_interpolated,103,0.4833319116374443,0.7925537898239368,0.8016335796342113
1,IA-GTPF,60,37,raw_unscreened,10693,2.207551099089772,6.348676355568458,0.9618156572454485
1,IA-GTPF without conformal calibration,60,37,measured,10693,2.207551099089772,6.348676355568458,0.9618156572454485
1,IA-GTPF without conformal calibration,60,37,supplier_interpolated,103,0.4833319116374443,0.7925537898239368,0.8016335796342113
1,IA-GTPF without conformal calibration,60,37,raw_unscreened,10693,2.207551099089772,6.348676355568458,0.9618156572454485
1,IA-GTPF without graph,60,37,measured,10693,2.2096739370349017,6.304115171760531,0.9623498057487578
1,IA-GTPF without graph,60,37,supplier_interpolated,103,0.484631510609044,0.8013747492962213,0.7971934532132078
1,IA-GTPF without graph,60,37,raw_unscreened,10693,2.2096739370349017,6.304115171760531,0.9623498057487578
1,IA-GTPF without quality features and weights,60,37,measured,10693,2.2059267537983653,6.355136644233521,0.9617379064286862
1,IA-GTPF without quality features and weights,60,37,supplier_interpolated,103,0.47620838780013,0.7794061207113286,0.8081603884884416
1,IA-GTPF without quality features and weights,60,37,raw_unscreened,10693,2.2059267537983653,6.355136644233521,0.9617379064286862
1,IA-GTPF without weak signal,60,37,measured,10693,2.2235948723562364,6.3743330127778135,0.9615064078478441
1,IA-GTPF without weak signal,60,37,supplier_interpolated,103,0.486693096844061,0.790657461437587,0.8025816991279339
1,IA-GTPF without weak signal,60,37,raw_unscreened,10693,2.2235948723562364,6.3743330127778135,0.9615064078478441
1,IA-GTPF without residual,60,37,measured,10693,2.2086092773349137,6.3537112915521305,0.961755067621229
1,IA-GTPF without residual,60,37,supplier_interpolated,103,0.4833970696079001,0.7925079788594521,0.8016565108081521
1,IA-GTPF without residual,60,37,raw_unscreened,10693,2.2086092773349137,6.3537112915521305,0.961755067621229
1,IA-GTPF without probabilistic branch in point aggregation,60,37,measured,10693,2.4354284835620787,6.533694258629892,0.959557633590029
1,IA-GTPF without probabilistic branch in point aggregation,60,37,supplier_interpolated,103,0.4976757289880331,0.8343782313157956,0.7801448758385334
1,IA-GTPF without probabilistic branch in point aggregation,60,37,raw_unscreened,10693,2.4354284835620787,6.533694258629892,0.959557633590029
1,IA-GTPF,60,53,measured,10693,2.207883435010644,6.356789724900907,0.9617179985787159
1,IA-GTPF,60,53,supplier_interpolated,103,0.4890427844300089,0.8018364645419808,0.7969596902954758
1,IA-GTPF,60,53,raw_unscreened,10693,2.207883435010644,6.356789724900907,0.9617179985787159
1,IA-GTPF without conformal calibration,60,53,measured,10693,2.207883435010644,6.356789724900907,0.9617179985787159
1,IA-GTPF without conformal calibration,60,53,supplier_interpolated,103,0.4890427844300089,0.8018364645419808,0.7969596902954758
1,IA-GTPF without conformal calibration,60,53,raw_unscreened,10693,2.207883435010644,6.356789724900907,0.9617179985787159
1,IA-GTPF without graph,60,53,measured,10693,2.2099941734724124,6.307639394815039,0.962307698405373
1,IA-GTPF without graph,60,53,supplier_interpolated,103,0.48193385935930955,0.7965395938287388,0.7996333676689719
1,IA-GTPF without graph,60,53,raw_unscreened,10693,2.2099941734724124,6.307639394815039,0.962307698405373
1,IA-GTPF without quality features and weights,60,53,measured,10693,2.210490675659298,6.355398113940265,0.9617347579254357
1,IA-GTPF without quality features and weights,60,53,supplier_interpolated,103,0.47251266987173324,0.7787972680228512,0.8084599920935158
1,IA-GTPF without quality features and weights,60,53,raw_unscreened,10693,2.210490675659298,6.355398113940265,0.9617347579254357
1,IA-GTPF without weak signal,60,53,measured,10693,2.223598847864786,6.325629860239988,0.9620923820127959
1,IA-GTPF without weak signal,60,53,supplier_interpolated,103,0.48718008142293107,0.8017677686176364,0.7969944790457613
1,IA-GTPF without weak signal,60,53,raw_unscreened,10693,2.223598847864786,6.325629860239988,0.9620923820127959
1,IA-GTPF without residual,60,53,measured,10693,2.2108960344486595,6.364660543257955,0.9616231402523405
1,IA-GTPF without residual,60,53,supplier_interpolated,103,0.4890760257530491,0.8018007662862807,0.7969777688535532
1,IA-GTPF without residual,60,53,raw_unscreened,10693,2.2108960344486595,6.364660543257955,0.9616231402523405
1,IA-GTPF without probabilistic branch in point aggregation,60,53,measured,10693,2.450218392479494,6.565453591312563,0.9591635091595009
1,IA-GTPF without probabilistic branch in point aggregation,60,53,supplier_interpolated,103,0.501927894382183,0.855589242384257,0.7688247728290034
1,IA-GTPF without probabilistic branch in point aggregation,60,53,raw_unscreened,10693,2.450218392479494,6.565453591312563,0.9591635091595009
1,IA-GTPF,60,71,measured,10693,2.2074250199958585,6.3358584733852235,0.9619696888233253
1,IA-GTPF,60,71,supplier_interpolated,103,0.48517189794803833,0.7933100008804396,0.8012548584763874
1,IA-GTPF,60,71,raw_unscreened,10693,2.2074250199958585,6.3358584733852235,0.9619696888233253
1,IA-GTPF without conformal calibration,60,71,measured,10693,2.2074250199958585,6.3358584733852235,0.9619696888233253
1,IA-GTPF without conformal calibration,60,71,supplier_interpolated,103,0.48517189794803833,0.7933100008804396,0.8012548584763874
1,IA-GTPF without conformal calibration,60,71,raw_unscreened,10693,2.2074250199958585,6.3358584733852235,0.9619696888233253
1,IA-GTPF without graph,60,71,measured,10693,2.2032321368185936,6.286734019651908,0.9625571311554637
1,IA-GTPF without graph,60,71,supplier_interpolated,103,0.48653875139313774,0.7972082460053918,0.7992968324395207
1,IA-GTPF without graph,60,71,raw_unscreened,10693,2.2032321368185936,6.286734019651908,0.9625571311554637
1,IA-GTPF without quality features and weights,60,71,measured,10693,2.20850435897737,6.353081403143219,0.9617626502274859
1,IA-GTPF without quality features and weights,60,71,supplier_interpolated,103,0.4740431059131522,0.7797110940753212,0.8080102294981582
1,IA-GTPF without quality features and weights,60,71,raw_unscreened,10693,2.20850435897737,6.353081403143219,0.9617626502274859
1,IA-GTPF without weak signal,60,71,measured,10693,2.219874853386356,6.351954567902012,0.9617762132119242
1,IA-GTPF without weak signal,60,71,supplier_interpolated,103,0.49021184712424715,0.7973299926197964,0.7992355265082834
1,IA-GTPF without weak signal,60,71,raw_unscreened,10693,2.219874853386356,6.351954567902012,0.9617762132119242
1,IA-GTPF without residual,60,71,measured,10693,2.210138073576223,6.348972745187798,0.9618120918701296
1,IA-GTPF without residual,60,71,supplier_interpolated,103,0.48522287608082704,0.7932509095424563,0.8012844652604312
1,IA-GTPF without residual,60,71,raw_unscreened,10693,2.210138073576223,6.348972745187798,0.9618120918701296
1,IA-GTPF without probabilistic branch in point aggregation,60,71,measured,10693,2.4488393559533175,6.544308853061319,0.9594261220737611
1,IA-GTPF without probabilistic branch in point aggregation,60,71,supplier_interpolated,103,0.5002649554835831,0.850597782639234,0.7715142314713138
1,IA-GTPF without probabilistic branch in point aggregation,60,71,raw_unscreened,10693,2.4488393559533175,6.544308853061319,0.9594261220737611
1,IA-GTPF lagged graph context,15,11,measured,10717,1.54049006982679,4.213624212580897,0.9832772695808141
1,IA-GTPF lagged graph context,15,11,supplier_interpolated,103,0.3550029518009155,0.600812391253853,0.8860043119100804
1,IA-GTPF lagged graph context,15,11,raw_unscreened,10717,1.54049006982679,4.213624212580897,0.9832772695808141
1,IA-GTPF lagged graph context,15,23,measured,10717,1.5373457500075254,4.205246628031473,0.9833437001927795
1,IA-GTPF lagged graph context,15,23,supplier_interpolated,103,0.3458022440809924,0.5912988012559313,0.8895858688393226
1,IA-GTPF lagged graph context,15,23,raw_unscreened,10717,1.5373457500075254,4.205246628031473,0.9833437001927795
1,IA-GTPF lagged graph context,15,37,measured,10717,1.5371379984908633,4.202211012229632,0.9833677386770248
1,IA-GTPF lagged graph context,15,37,supplier_interpolated,103,0.35213245346371413,0.597000398747094,0.8874462667086518
1,IA-GTPF lagged graph context,15,37,raw_unscreened,10717,1.5371379984908633,4.202211012229632,0.9833677386770248
1,IA-GTPF lagged graph context,15,53,measured,10717,1.536983007237723,4.206003572312626,0.9833377033860713
1,IA-GTPF lagged graph context,15,53,supplier_interpolated,103,0.350387533510812,0.5897695842264526,0.8901562364200543
1,IA-GTPF lagged graph context,15,53,raw_unscreened,10717,1.536983007237723,4.206003572312626,0.9833377033860713
1,IA-GTPF lagged graph context,15,71,measured,10717,1.5385865278960786,4.203685366440993,0.9833560657047613
1,IA-GTPF lagged graph context,15,71,supplier_interpolated,103,0.34528320888670405,0.5844983909597479,0.8921109666030225
1,IA-GTPF lagged graph context,15,71,raw_unscreened,10717,1.5385865278960786,4.203685366440993,0.9833560657047613
1,IA-GTPF lagged graph context,60,11,measured,10693,2.2291518619173996,6.408676902136474,0.961090495757035
1,IA-GTPF lagged graph context,60,11,supplier_interpolated,103,0.49173581016109724,0.797574662862556,0.7991122936445538
1,IA-GTPF lagged graph context,60,11,raw_unscreened,10693,2.2291518619173996,6.408676902136474,0.961090495757035
1,IA-GTPF lagged graph context,60,23,measured,10693,2.229157516075129,6.39637585410813,0.96123972104645
1,IA-GTPF lagged graph context,60,23,supplier_interpolated,103,0.4981244805102306,0.8098056690938954,0.7929037248222018
1,IA-GTPF lagged graph context,60,23,raw_unscreened,10693,2.229157516075129,6.39637585410813,0.96123972104645
1,IA-GTPF lagged graph context,60,37,measured,10693,2.2269976131635087,6.393080941449213,0.9612796432909053
1,IA-GTPF lagged graph context,60,37,supplier_interpolated,103,0.493465535515439,0.800810215572537,0.7974790893856185
1,IA-GTPF lagged graph context,60,37,raw_unscreened,10693,2.2269976131635087,6.393080941449213,0.9612796432909053
1,IA-GTPF lagged graph context,60,53,measured,10693,2.2251280831958593,6.34908322772674,0.961810762794096
1,IA-GTPF lagged graph context,60,53,supplier_interpolated,103,0.49007346342197206,0.7981627801654794,0.798815922406201
1,IA-GTPF lagged graph context,60,53,raw_unscreened,10693,2.2251280831958593,6.34908322772674,0.961810762794096
1,IA-GTPF lagged graph context,60,71,measured,10693,2.2291307227722643,6.366422642526292,0.9616018875250094
1,IA-GTPF lagged graph context,60,71,supplier_interpolated,103,0.4917151508513512,0.8083852305988996,0.7936296015123416
1,IA-GTPF lagged graph context,60,71,raw_unscreened,10693,2.2291307227722643,6.366422642526292,0.9616018875250094
2,IA-GTPF,15,11,measured,10466,1.262618782163923,3.3010188609926594,0.9807058384030173
2,IA-GTPF,15,11,supplier_interpolated,226,0.5109338924376124,0.8451728897698172,0.8436818756224653
2,IA-GTPF,15,11,raw_unscreened,10466,1.262618782163923,3.3010188609926594,0.9807058384030173
2,IA-GTPF without conformal calibration,15,11,measured,10466,1.262618782163923,3.3010188609926594,0.9807058384030173
2,IA-GTPF without conformal calibration,15,11,supplier_interpolated,226,0.5109338924376124,0.8451728897698172,0.8436818756224653
2,IA-GTPF without conformal calibration,15,11,raw_unscreened,10466,1.262618782163923,3.3010188609926594,0.9807058384030173
2,IA-GTPF without graph,15,11,measured,10466,1.2663742870005896,3.3108542638309473,0.9805906930106965
2,IA-GTPF without graph,15,11,supplier_interpolated,226,0.5039617838577326,0.8365174006888294,0.8468672160170319
2,IA-GTPF without graph,15,11,raw_unscreened,10466,1.2663742870005896,3.3108542638309473,0.9805906930106965
2,IA-GTPF without quality features and weights,15,11,measured,10466,1.2600399481113924,3.301103467431142,0.9807048493561292
2,IA-GTPF without quality features and weights,15,11,supplier_interpolated,226,0.482792650034058,0.8028020461184453,0.8589623181984443
2,IA-GTPF without quality features and weights,15,11,raw_unscreened,10466,1.2600399481113924,3.301103467431142,0.9807048493561292
2,IA-GTPF without weak signal,15,11,measured,10466,1.2612438080650483,3.303366282302266,0.9806783877086396
2,IA-GTPF without weak signal,15,11,supplier_interpolated,226,0.5269180728500253,0.8799759203340812,0.8305428897576383
2,IA-GTPF without weak signal,15,11,raw_unscreened,10466,1.2612438080650483,3.303366282302266,0.9806783877086396
2,IA-GTPF without residual,15,11,measured,10466,1.2638032588207915,3.301857365213313,0.9806960351929408
2,IA-GTPF without residual,15,11,supplier_interpolated,226,0.5224682168543908,0.865595282252676,0.8360361976916869
2,IA-GTPF without residual,15,11,raw_unscreened,10466,1.2638032588207915,3.301857365213313,0.9806960351929408
2,IA-GTPF without probabilistic branch in point aggregation,15,11,measured,10466,1.283870093816314,3.349853386344363,0.9801307488520006
2,IA-GTPF without probabilistic branch in point aggregation,15,11,supplier_interpolated,226,0.4982250246792545,0.8221155470583504,0.8520946300626373
2,IA-GTPF without probabilistic branch in point aggregation,15,11,raw_unscreened,10466,1.283870093816314,3.349853386344363,0.9801307488520006
2,IA-GTPF,15,23,measured,10466,1.2607793017767435,3.2962033498784904,0.9807620898116077
2,IA-GTPF,15,23,supplier_interpolated,226,0.5258133294667826,0.8796353893031754,0.8306740166163638
2,IA-GTPF,15,23,raw_unscreened,10466,1.2607793017767435,3.2962033498784904,0.9807620898116077
2,IA-GTPF without conformal calibration,15,23,measured,10466,1.2607793017767435,3.2962033498784904,0.9807620898116077
2,IA-GTPF without conformal calibration,15,23,supplier_interpolated,226,0.5258133294667826,0.8796353893031754,0.8306740166163638
2,IA-GTPF without conformal calibration,15,23,raw_unscreened,10466,1.2607793017767435,3.2962033498784904,0.9807620898116077
2,IA-GTPF without graph,15,23,measured,10466,1.2670399250061952,3.305414354646166,0.9806544216548382
2,IA-GTPF without graph,15,23,supplier_interpolated,226,0.5002861695599538,0.8338549490226892,0.8478404409897023
2,IA-GTPF without graph,15,23,raw_unscreened,10466,1.2670399250061952,3.305414354646166,0.9806544216548382
2,IA-GTPF without quality features and weights,15,23,measured,10466,1.2561111848068416,3.284955659855072,0.9808931574949493
2,IA-GTPF without quality features and weights,15,23,supplier_interpolated,226,0.5000764293508825,0.8277646375074575,0.850055010566853
2,IA-GTPF without quality features and weights,15,23,raw_unscreened,10466,1.2561111848068416,3.284955659855072,0.9808931574949493
2,IA-GTPF without weak signal,15,23,measured,10466,1.2609850288171218,3.296049721658511,0.9807638830365459
2,IA-GTPF without weak signal,15,23,supplier_interpolated,226,0.5365665034534636,0.8937828292973914,0.825183575403471
2,IA-GTPF without weak signal,15,23,raw_unscreened,10466,1.2609850288171218,3.296049721658511,0.9807638830365459
2,IA-GTPF without residual,15,23,measured,10466,1.264682104622441,3.300376791497445,0.980713343351233
2,IA-GTPF without residual,15,23,supplier_interpolated,226,0.5423219709155263,0.9040544521474227,0.8211424003223494
2,IA-GTPF without residual,15,23,raw_unscreened,10466,1.264682104622441,3.300376791497445,0.980713343351233
2,IA-GTPF without probabilistic branch in point aggregation,15,23,measured,10466,1.281617286373253,3.340880200772155,0.9802370530185537
2,IA-GTPF without probabilistic branch in point aggregation,15,23,supplier_interpolated,226,0.5147931920522628,0.8576633487149555,0.8390274135074887
2,IA-GTPF without probabilistic branch in point aggregation,15,23,raw_unscreened,10466,1.281617286373253,3.340880200772155,0.9802370530185537
2,IA-GTPF,15,37,measured,10466,1.2605955614173785,3.294401859083665,0.9807831124511888
2,IA-GTPF,15,37,supplier_interpolated,226,0.5249947136121459,0.8700438448596375,0.8343465453343579
2,IA-GTPF,15,37,raw_unscreened,10466,1.2605955614173785,3.294401859083665,0.9807831124511888
2,IA-GTPF without conformal calibration,15,37,measured,10466,1.2605955614173785,3.294401859083665,0.9807831124511888
2,IA-GTPF without conformal calibration,15,37,supplier_interpolated,226,0.5249947136121459,0.8700438448596375,0.8343465453343579
2,IA-GTPF without conformal calibration,15,37,raw_unscreened,10466,1.2605955614173785,3.294401859083665,0.9807831124511888
2,IA-GTPF without graph,15,37,measured,10466,1.2645578305996492,3.312808372828836,0.9805677750015204
2,IA-GTPF without graph,15,37,supplier_interpolated,226,0.5192636634153331,0.8539579920819863,0.8404153063194972
2,IA-GTPF without graph,15,37,raw_unscreened,10466,1.2645578305996492,3.312808372828836,0.9805677750015204
2,IA-GTPF without quality features and weights,15,37,measured,10466,1.2556391510252303,3.2819711353597247,0.9809278605111351
2,IA-GTPF without quality features and weights,15,37,supplier_interpolated,226,0.5048090255652158,0.8359958338544071,0.8470581124221798
2,IA-GTPF without quality features and weights,15,37,raw_unscreened,10466,1.2556391510252303,3.2819711353597247,0.9809278605111351
2,IA-GTPF without weak signal,15,37,measured,10466,1.2562080180887003,3.290777913432208,0.9808253675587459
2,IA-GTPF without weak signal,15,37,supplier_interpolated,226,0.5039094436996251,0.8449446179803927,0.8437663037900274
2,IA-GTPF without weak signal,15,37,raw_unscreened,10466,1.2562080180887003,3.290777913432208,0.9808253675587459
2,IA-GTPF without residual,15,37,measured,10466,1.2627805363455091,3.29930632536892,0.9807258524468879
2,IA-GTPF without residual,15,37,supplier_interpolated,226,0.5331615431444421,0.8862066295923403,0.8281346967253995
2,IA-GTPF without residual,15,37,raw_unscreened,10466,1.2627805363455091,3.29930632536892,0.9807258524468879
2,IA-GTPF without probabilistic branch in point aggregation,15,37,measured,10466,1.281821872941826,3.34333770355593,0.9802079676535754
2,IA-GTPF without probabilistic branch in point aggregation,15,37,supplier_interpolated,226,0.5166112682126168,0.8554803849129343,0.8398458001943309
2,IA-GTPF without probabilistic branch in point aggregation,15,37,raw_unscreened,10466,1.281821872941826,3.34333770355593,0.9802079676535754
2,IA-GTPF,15,53,measured,10466,1.2528950258098155,3.274277356384568,0.9810171756363806
2,IA-GTPF,15,53,supplier_interpolated,226,0.5333719240438013,0.8830265303506925,0.829365940261093
2,IA-GTPF,15,53,raw_unscreened,10466,1.2528950258098155,3.274277356384568,0.9810171756363806
2,IA-GTPF without conformal calibration,15,53,measured,10466,1.2528950258098155,3.274277356384568,0.9810171756363806
2,IA-GTPF without conformal calibration,15,53,supplier_interpolated,226,0.5333719240438013,0.8830265303506925,0.829365940261093
2,IA-GTPF without conformal calibration,15,53,raw_unscreened,10466,1.2528950258098155,3.274277356384568,0.9810171756363806
2,IA-GTPF without graph,15,53,measured,10466,1.2650381560116537,3.3059702310889625,0.9806479143584101
2,IA-GTPF without graph,15,53,supplier_interpolated,226,0.5052520209342825,0.8337226701461665,0.8478887129321437
2,IA-GTPF without graph,15,53,raw_unscreened,10466,1.2650381560116537,3.3059702310889625,0.9806479143584101
2,IA-GTPF without quality features and weights,15,53,measured,10466,1.252103549292379,3.2693438195900852,0.981074337505443
2,IA-GTPF without quality features and weights,15,53,supplier_interpolated,226,0.5043909560870827,0.8408228725079023,0.8452868410383773
2,IA-GTPF without quality features and weights,15,53,raw_unscreened,10466,1.252103549292379,3.2693438195900852,0.981074337505443
2,IA-GTPF without weak signal,15,53,measured,10466,1.2583153131370755,3.298594982586066,0.9807341627075218
2,IA-GTPF without weak signal,15,53,supplier_interpolated,226,0.496440095018012,0.8322860448712016,0.848412480968239
2,IA-GTPF without weak signal,15,53,raw_unscreened,10466,1.2583153131370755,3.298594982586066,0.9807341627075218
2,IA-GTPF without residual,15,53,measured,10466,1.2566115796914084,3.278803833518492,0.9809646542985918
2,IA-GTPF without residual,15,53,supplier_interpolated,226,0.5573501287838211,0.9247123925809544,0.8128751025610912
2,IA-GTPF without residual,15,53,raw_unscreened,10466,1.2566115796914084,3.278803833518492,0.9809646542985918
2,IA-GTPF without probabilistic branch in point aggregation,15,53,measured,10466,1.2809003880578784,3.3352763733512147,0.9803032961974947
2,IA-GTPF without probabilistic branch in point aggregation,15,53,supplier_interpolated,226,0.5164140542977409,0.8543019453144782,0.8402867268674397
2,IA-GTPF without probabilistic branch in point aggregation,15,53,raw_unscreened,10466,1.2809003880578784,3.3352763733512147,0.9803032961974947
2,IA-GTPF,15,71,measured,10466,1.2582971829595835,3.286319497223356,0.980877288766135
2,IA-GTPF,15,71,supplier_interpolated,226,0.528915439926564,0.8704805200367977,0.834180220602551
2,IA-GTPF,15,71,raw_unscreened,10466,1.2582971829595835,3.286319497223356,0.980877288766135
2,IA-GTPF without conformal calibration,15,71,measured,10466,1.2582971829595835,3.286319497223356,0.980877288766135
2,IA-GTPF without conformal calibration,15,71,supplier_interpolated,226,0.528915439926564,0.8704805200367977,0.834180220602551
2,IA-GTPF without conformal calibration,15,71,raw_unscreened,10466,1.2582971829595835,3.286319497223356,0.980877288766135
2,IA-GTPF without graph,15,71,measured,10466,1.2679212540037563,3.313895996791152,0.9805550133681474
2,IA-GTPF without graph,15,71,supplier_interpolated,226,0.4965128152797563,0.8267700729289429,0.8504151138574422
2,IA-GTPF without graph,15,71,raw_unscreened,10466,1.2679212540037563,3.313895996791152,0.9805550133681474
2,IA-GTPF without quality features and weights,15,71,measured,10466,1.251562879736728,3.277812894997125,0.9809761584982093
2,IA-GTPF without quality features and weights,15,71,supplier_interpolated,226,0.5066029697786175,0.8422557088073491,0.8447591020403532
2,IA-GTPF without quality features and weights,15,71,raw_unscreened,10466,1.251562879736728,3.277812894997125,0.9809761584982093
2,IA-GTPF without weak signal,15,71,measured,10466,1.2624012791336354,3.3042963947592705,0.9806675055957967
2,IA-GTPF without weak signal,15,71,supplier_interpolated,226,0.5190312799142596,0.8503209094862014,0.8417717821215474
2,IA-GTPF without weak signal,15,71,raw_unscreened,10466,1.2624012791336354,3.3042963947592705,0.9806675055957967
2,IA-GTPF without residual,15,71,measured,10466,1.260757766874739,3.2904498352469966,0.980829190645685
2,IA-GTPF without residual,15,71,supplier_interpolated,226,0.5396248021277408,0.8890620145973663,0.8270254019272834
2,IA-GTPF without residual,15,71,raw_unscreened,10466,1.260757766874739,3.2904498352469966,0.980829190645685
2,IA-GTPF without probabilistic branch in point aggregation,15,71,measured,10466,1.2778287103186692,3.330037258031309,0.9803651275074693
2,IA-GTPF without probabilistic branch in point aggregation,15,71,supplier_interpolated,226,0.513545812646805,0.8418909226755409,0.8448935444970359
2,IA-GTPF without probabilistic branch in point aggregation,15,71,raw_unscreened,10466,1.2778287103186692,3.330037258031309,0.9803651275074693
2,IA-GTPF,60,11,measured,10441,1.6480094044493359,4.381203876657942,0.9660311466455569
2,IA-GTPF,60,11,supplier_interpolated,226,0.6091978232496836,1.0490706227125866,0.7591605256199038
2,IA-GTPF,60,11,raw_unscreened,10441,1.6480094044493359,4.381203876657942,0.9660311466455569
2,IA-GTPF without conformal calibration,60,11,measured,10441,1.6480094044493359,4.381203876657942,0.9660311466455569
2,IA-GTPF without conformal calibration,60,11,supplier_interpolated,226,0.6091978232496836,1.0490706227125866,0.7591605256199038
2,IA-GTPF without conformal calibration,60,11,raw_unscreened,10441,1.6480094044493359,4.381203876657942,0.9660311466455569
2,IA-GTPF without graph,60,11,measured,10441,1.6392996966854618,4.350526631279156,0.9665051819025958
2,IA-GTPF without graph,60,11,supplier_interpolated,226,0.6443170375643923,1.1277507884143962,0.7216799470798576
2,IA-GTPF without graph,60,11,raw_unscreened,10441,1.6392996966854618,4.350526631279156,0.9665051819025958
2,IA-GTPF without quality features and weights,60,11,measured,10441,1.6409269247518166,4.352826041311669,0.9664697661100824
2,IA-GTPF without quality features and weights,60,11,supplier_interpolated,226,0.615746843627077,1.043676354566173,0.7616309267315216
2,IA-GTPF without quality features and weights,60,11,raw_unscreened,10441,1.6409269247518166,4.352826041311669,0.9664697661100824
2,IA-GTPF without weak signal,60,11,measured,10441,1.635878676746573,4.342753822601572,0.9666247610986294
2,IA-GTPF without weak signal,60,11,supplier_interpolated,226,0.6102657944377453,1.0512552290528017,0.7581564230301922
2,IA-GTPF without weak signal,60,11,raw_unscreened,10441,1.635878676746573,4.342753822601572,0.9666247610986294
2,IA-GTPF without residual,60,11,measured,10441,1.6496468565384685,4.384643640642523,0.9659777865599841
2,IA-GTPF without residual,60,11,supplier_interpolated,226,0.6108342113139653,1.0563310872324911,0.7558153602026993
2,IA-GTPF without residual,60,11,raw_unscreened,10441,1.6496468565384685,4.384643640642523,0.9659777865599841
2,IA-GTPF without probabilistic branch in point aggregation,60,11,measured,10441,1.793915166270514,4.758526376609666,0.9599281934104742
2,IA-GTPF without probabilistic branch in point aggregation,60,11,supplier_interpolated,226,0.5990049157322219,1.0007599171031232,0.7808315559270115
2,IA-GTPF without probabilistic branch in point aggregation,60,11,raw_unscreened,10441,1.793915166270514,4.758526376609666,0.9599281934104742
2,IA-GTPF,60,23,measured,10441,1.6391995358328437,4.3439912727776235,0.9666057381094831
2,IA-GTPF,60,23,supplier_interpolated,226,0.6163914487550313,1.0725815802504595,0.7482445456704371
2,IA-GTPF,60,23,raw_unscreened,10441,1.6391995358328437,4.3439912727776235,0.9666057381094831
2,IA-GTPF without conformal calibration,60,23,measured,10441,1.6391995358328437,4.3439912727776235,0.9666057381094831
2,IA-GTPF without conformal calibration,60,23,supplier_interpolated,226,0.6163914487550313,1.0725815802504595,0.7482445456704371
2,IA-GTPF without conformal calibration,60,23,raw_unscreened,10441,1.6391995358328437,4.3439912727776235,0.9666057381094831
2,IA-GTPF without graph,60,23,measured,10441,1.6359477686307498,4.344657771787049,0.9665954899535646
2,IA-GTPF without graph,60,23,supplier_interpolated,226,0.6397927654626689,1.1153684783311997,0.7277581089362815
2,IA-GTPF without graph,60,23,raw_unscreened,10441,1.6359477686307498,4.344657771787049,0.9665954899535646
2,IA-GTPF without quality features and weights,60,23,measured,10441,1.6431139223733784,4.34631028037021,0.9665700740333802
2,IA-GTPF without quality features and weights,60,23,supplier_interpolated,226,0.6101853088971877,1.0383539766073933,0.7640559224911357
2,IA-GTPF without quality features and weights,60,23,raw_unscreened,10441,1.6431139223733784,4.34631028037021,0.9665700740333802
2,IA-GTPF without weak signal,60,23,measured,10441,1.6612038753641862,4.390105417809133,0.9658929735173906
2,IA-GTPF without weak signal,60,23,supplier_interpolated,226,0.5992129520372733,1.0275122970267732,0.7689572869015948
2,IA-GTPF without weak signal,60,23,raw_unscreened,10441,1.6612038753641862,4.390105417809133,0.9658929735173906
2,IA-GTPF without residual,60,23,measured,10441,1.640696966029296,4.351033111388112,0.9664973826414752
2,IA-GTPF without residual,60,23,supplier_interpolated,226,0.6162886521627698,1.072429854504324,0.7483157665139704
2,IA-GTPF without residual,60,23,raw_unscreened,10441,1.640696966029296,4.351033111388112,0.9664973826414752
2,IA-GTPF without probabilistic branch in point aggregation,60,23,measured,10441,1.7626484233818167,4.6600884761389985,0.9615689469164526
2,IA-GTPF without probabilistic branch in point aggregation,60,23,supplier_interpolated,226,0.6174644706546679,1.0348794677508995,0.7656322986160629
2,IA-GTPF without probabilistic branch in point aggregation,60,23,raw_unscreened,10441,1.7626484233818167,4.6600884761389985,0.9615689469164526
2,IA-GTPF,60,37,measured,10441,1.6469237730170143,4.374499955321959,0.9661350223382901
2,IA-GTPF,60,37,supplier_interpolated,226,0.6150611086638131,1.0666071122790035,0.7510413787725329
2,IA-GTPF,60,37,raw_unscreened,10441,1.6469237730170143,4.374499955321959,0.9661350223382901
2,IA-GTPF without conformal calibration,60,37,measured,10441,1.6469237730170143,4.374499955321959,0.9661350223382901
2,IA-GTPF without conformal calibration,60,37,supplier_interpolated,226,0.6150611086638131,1.0666071122790035,0.7510413787725329
2,IA-GTPF without conformal calibration,60,37,raw_unscreened,10441,1.6469237730170143,4.374499955321959,0.9661350223382901
2,IA-GTPF without graph,60,37,measured,10441,1.6389336671140962,4.331475394003873,0.9667978915451965
2,IA-GTPF without graph,60,37,supplier_interpolated,226,0.6257961506309346,1.0992626137652433,0.7355636615452963
2,IA-GTPF without graph,60,37,raw_unscreened,10441,1.6389336671140962,4.331475394003873,0.9667978915451965
2,IA-GTPF without quality features and weights,60,37,measured,10441,1.6495392096417043,4.370363118420047,0.9661990422945607
2,IA-GTPF without quality features and weights,60,37,supplier_interpolated,226,0.6134831077954859,1.045477749861473,0.7608073620376644
2,IA-GTPF without quality features and weights,60,37,raw_unscreened,10441,1.6495392096417043,4.370363118420047,0.9661990422945607
2,IA-GTPF without weak signal,60,37,measured,10441,1.6489154487597768,4.374524141174176,0.9661346478700684
2,IA-GTPF without weak signal,60,37,supplier_interpolated,226,0.6077370786544296,1.051163680839129,0.7581985429318213
2,IA-GTPF without weak signal,60,37,raw_unscreened,10441,1.6489154487597768,4.374524141174176,0.9661346478700684
2,IA-GTPF without residual,60,37,measured,10441,1.648076384195242,4.375394738393709,0.9661211670825618
2,IA-GTPF without residual,60,37,supplier_interpolated,226,0.6163063767745158,1.0740679342355854,0.7475463106715166
2,IA-GTPF without residual,60,37,raw_unscreened,10441,1.648076384195242,4.375394738393709,0.9661211670825618
2,IA-GTPF without probabilistic branch in point aggregation,60,37,measured,10441,1.79501640918515,4.751232946454459,0.9600509360094022
2,IA-GTPF without probabilistic branch in point aggregation,60,37,supplier_interpolated,226,0.6071538125387955,1.0304732349523917,0.7676237966671784
2,IA-GTPF without probabilistic branch in point aggregation,60,37,raw_unscreened,10441,1.79501640918515,4.751232946454459,0.9600509360094022
2,IA-GTPF,60,53,measured,10441,1.653411004070578,4.381674103894463,0.9660238546145662
2,IA-GTPF,60,53,supplier_interpolated,226,0.6068149925965909,1.049633843004076,0.7589018545858585
2,IA-GTPF,60,53,raw_unscreened,10441,1.653411004070578,4.381674103894463,0.9660238546145662
2,IA-GTPF without conformal calibration,60,53,measured,10441,1.653411004070578,4.381674103894463,0.9660238546145662
2,IA-GTPF without conformal calibration,60,53,supplier_interpolated,226,0.6068149925965909,1.049633843004076,0.7589018545858585
2,IA-GTPF without conformal calibration,60,53,raw_unscreened,10441,1.653411004070578,4.381674103894463,0.9660238546145662
2,IA-GTPF without graph,60,53,measured,10441,1.6352933266266938,4.343389996542977,0.9666149820444506
2,IA-GTPF without graph,60,53,supplier_interpolated,226,0.6276736111914003,1.1048846047130512,0.7328519158469606
2,IA-GTPF without graph,60,53,raw_unscreened,10441,1.6352933266266938,4.343389996542977,0.9666149820444506
2,IA-GTPF without quality features and weights,60,53,measured,10441,1.675847098378278,4.422734081746715,0.96538410086451
2,IA-GTPF without quality features and weights,60,53,supplier_interpolated,226,0.5945337477205515,1.0075966673619208,0.7778268030494436
2,IA-GTPF without quality features and weights,60,53,raw_unscreened,10441,1.675847098378278,4.422734081746715,0.96538410086451
2,IA-GTPF without weak signal,60,53,measured,10441,1.6298532711689893,4.320146859126451,0.966971337931424
2,IA-GTPF without weak signal,60,53,supplier_interpolated,226,0.6072305299983584,1.0501016787953865,0.7586868853766129
2,IA-GTPF without weak signal,60,53,raw_unscreened,10441,1.6298532711689893,4.320146859126451,0.966971337931424
2,IA-GTPF without residual,60,53,measured,10441,1.6538294150266417,4.382611856478863,0.966009310115451
2,IA-GTPF without residual,60,53,supplier_interpolated,226,0.6083244597735821,1.057220681586969,0.7554039044606475
2,IA-GTPF without residual,60,53,raw_unscreened,10441,1.6538294150266417,4.382611856478863,0.966009310115451
2,IA-GTPF without probabilistic branch in point aggregation,60,53,measured,10441,1.7974719582820777,4.744295115549263,0.960167519429812
2,IA-GTPF without probabilistic branch in point aggregation,60,53,supplier_interpolated,226,0.5927211476708936,0.999871170758704,0.7812206575658449
2,IA-GTPF without probabilistic branch in point aggregation,60,53,raw_unscreened,10441,1.7974719582820777,4.744295115549263,0.960167519429812
2,IA-GTPF,60,71,measured,10441,1.648400292332466,4.37332831335557,0.9661531603270457
2,IA-GTPF,60,71,supplier_interpolated,226,0.6190618850376618,1.065281737258559,0.75165971053905
2,IA-GTPF,60,71,raw_unscreened,10441,1.648400292332466,4.37332831335557,0.9661531603270457
2,IA-GTPF without conformal calibration,60,71,measured,10441,1.648400292332466,4.37332831335557,0.9661531603270457
2,IA-GTPF without conformal calibration,60,71,supplier_interpolated,226,0.6190618850376618,1.065281737258559,0.75165971053905
2,IA-GTPF without conformal calibration,60,71,raw_unscreened,10441,1.648400292332466,4.37332831335557,0.9661531603270457
2,IA-GTPF without graph,60,71,measured,10441,1.6324336282271956,4.333613997234192,0.9667650973311885
2,IA-GTPF without graph,60,71,supplier_interpolated,226,0.6465610492958441,1.125135830571942,0.7229691528682491
2,IA-GTPF without graph,60,71,raw_unscreened,10441,1.6324336282271956,4.333613997234192,0.9667650973311885
2,IA-GTPF without quality features and weights,60,71,measured,10441,1.6703747419163641,4.415066533670212,0.965504021706139
2,IA-GTPF without quality features and weights,60,71,supplier_interpolated,226,0.6104360100337626,1.0337373236171377,0.7661493327060043
2,IA-GTPF without quality features and weights,60,71,raw_unscreened,10441,1.6703747419163641,4.415066533670212,0.965504021706139
2,IA-GTPF without weak signal,60,71,measured,10441,1.637005870688512,4.336786740754831,0.9667164153664884
2,IA-GTPF without weak signal,60,71,supplier_interpolated,226,0.6265293124824179,1.0770027144501162,0.7461648183467161
2,IA-GTPF without weak signal,60,71,raw_unscreened,10441,1.637005870688512,4.336786740754831,0.9667164153664884
2,IA-GTPF without residual,60,71,measured,10441,1.6493205302983243,4.374778192095283,0.9661307142885177
2,IA-GTPF without residual,60,71,supplier_interpolated,226,0.6216487480116776,1.0727076529382564,0.7481853588398399
2,IA-GTPF without residual,60,71,raw_unscreened,10441,1.6493205302983243,4.374778192095283,0.9661307142885177
2,IA-GTPF without probabilistic branch in point aggregation,60,71,measured,10441,1.7890418839842357,4.721316648072243,0.9605524334310694
2,IA-GTPF without probabilistic branch in point aggregation,60,71,supplier_interpolated,226,0.6188727514144239,1.0356978222656992,0.7652614888628397
2,IA-GTPF without probabilistic branch in point aggregation,60,71,raw_unscreened,10441,1.7890418839842357,4.721316648072243,0.9605524334310694
2,IA-GTPF lagged graph context,15,11,measured,10466,1.2565793559930536,3.289301820901347,0.9808425654278442
2,IA-GTPF lagged graph context,15,11,supplier_interpolated,226,0.5018714790860048,0.8377886490406065,0.8464014331938727
2,IA-GTPF lagged graph context,15,11,raw_unscreened,10466,1.2565793559930536,3.289301820901347,0.9808425654278442
2,IA-GTPF lagged graph context,15,23,measured,10466,1.2605620115694647,3.30090918895641,0.9807071204283119
2,IA-GTPF lagged graph context,15,23,supplier_interpolated,226,0.5168684858688591,0.8606826236307981,0.8378920590019868
2,IA-GTPF lagged graph context,15,23,raw_unscreened,10466,1.2605620115694647,3.30090918895641,0.9807071204283119
2,IA-GTPF lagged graph context,15,37,measured,10466,1.2647178892340074,3.301648432338115,0.9806984781241868
2,IA-GTPF lagged graph context,15,37,supplier_interpolated,226,0.5202641084940163,0.868745613974485,0.8348405341942174
2,IA-GTPF lagged graph context,15,37,raw_unscreened,10466,1.2647178892340074,3.301648432338115,0.9806984781241868
2,IA-GTPF lagged graph context,15,53,measured,10466,1.2594415859577606,3.2922293632071127,0.9808084492772159
2,IA-GTPF lagged graph context,15,53,supplier_interpolated,226,0.5323836445003922,0.8875507416003242,0.8276129642218335
2,IA-GTPF lagged graph context,15,53,raw_unscreened,10466,1.2594415859577606,3.2922293632071127,0.9808084492772159
2,IA-GTPF lagged graph context,15,71,measured,10466,1.2619070175151164,3.3029787569764983,0.9806829207662924
2,IA-GTPF lagged graph context,15,71,supplier_interpolated,226,0.5037212654575156,0.8396336486306308,0.845724170887479
2,IA-GTPF lagged graph context,15,71,raw_unscreened,10466,1.2619070175151164,3.3029787569764983,0.9806829207662924
2,IA-GTPF lagged graph context,60,11,measured,10441,1.6329145215289746,4.328982856009216,0.966836092711305
2,IA-GTPF lagged graph context,60,11,supplier_interpolated,226,0.6373753078311042,1.0845080728854564,0.7426146653917999
2,IA-GTPF lagged graph context,60,11,raw_unscreened,10441,1.6329145215289746,4.328982856009216,0.966836092711305
2,IA-GTPF lagged graph context,60,23,measured,10441,1.6360854456565113,4.342670738183433,0.9666260381389093
2,IA-GTPF lagged graph context,60,23,supplier_interpolated,226,0.6376819157898312,1.0902086314908574,0.7399017370366039
2,IA-GTPF lagged graph context,60,23,raw_unscreened,10441,1.6360854456565113,4.342670738183433,0.9666260381389093
2,IA-GTPF lagged graph context,60,37,measured,10441,1.639739000082948,4.348984636072838,0.9665289214174374
2,IA-GTPF lagged graph context,60,37,supplier_interpolated,226,0.6231810852725987,1.0715302186240885,0.748737853226795
2,IA-GTPF lagged graph context,60,37,raw_unscreened,10441,1.639739000082948,4.348984636072838,0.9665289214174374
2,IA-GTPF lagged graph context,60,53,measured,10441,1.6325796070667586,4.323523366292233,0.9669196891801882
2,IA-GTPF lagged graph context,60,53,supplier_interpolated,226,0.6249231296562812,1.0721288628709864,0.748457023711173
2,IA-GTPF lagged graph context,60,53,raw_unscreened,10441,1.6325796070667586,4.323523366292233,0.9669196891801882
2,IA-GTPF lagged graph context,60,71,measured,10441,1.643081491362295,4.353346736123812,0.9664617437067452
2,IA-GTPF lagged graph context,60,71,supplier_interpolated,226,0.6221999337820101,1.066747658619414,0.7509757641182757
2,IA-GTPF lagged graph context,60,71,raw_unscreened,10441,1.643081491362295,4.353346736123812,0.9664617437067452
3,IA-GTPF,15,11,measured,9829,1.1022054995039519,3.1800904470540385,0.9734729604376796
3,IA-GTPF,15,11,supplier_interpolated,416,13.4699250554607,19.806125084496667,0.587435855089397
3,IA-GTPF,15,11,raw_unscreened,9829,1.1022054995039519,3.1800904470540385,0.9734729604376796
3,IA-GTPF without conformal calibration,15,11,measured,9829,1.1022054995039519,3.1800904470540385,0.9734729604376796
3,IA-GTPF without conformal calibration,15,11,supplier_interpolated,416,13.4699250554607,19.806125084496667,0.587435855089397
3,IA-GTPF without conformal calibration,15,11,raw_unscreened,9829,1.1022054995039519,3.1800904470540385,0.9734729604376796
3,IA-GTPF without graph,15,11,measured,9829,1.103567575081406,3.189242381278791,0.9733200572025605
3,IA-GTPF without graph,15,11,supplier_interpolated,416,13.482699379912447,19.785677631806625,0.5882872615384287
3,IA-GTPF without graph,15,11,raw_unscreened,9829,1.103567575081406,3.189242381278791,0.9733200572025605
3,IA-GTPF without quality features and weights,15,11,measured,9829,1.1057025693152802,3.1588817180544164,0.9738256099830044
3,IA-GTPF without quality features and weights,15,11,supplier_interpolated,416,9.622063617145288,14.214889776701623,0.7874899665489843
3,IA-GTPF without quality features and weights,15,11,raw_unscreened,9829,1.1057025693152802,3.1588817180544164,0.9738256099830044
3,IA-GTPF without weak signal,15,11,measured,9829,1.1095727655502894,3.192802342986774,0.9732604614908549
3,IA-GTPF without weak signal,15,11,supplier_interpolated,416,13.438091016442105,19.73895801086274,0.5902293080737709
3,IA-GTPF without weak signal,15,11,raw_unscreened,9829,1.1095727655502894,3.192802342986774,0.9732604614908549
3,IA-GTPF without residual,15,11,measured,9829,1.103909198587529,3.1842216516708124,0.9734039939648376
3,IA-GTPF without residual,15,11,supplier_interpolated,416,13.645872544261174,20.057964752817004,0.5768774471334718
3,IA-GTPF without residual,15,11,raw_unscreened,9829,1.103909198587529,3.1842216516708124,0.9734039939648376
3,IA-GTPF without probabilistic branch in point aggregation,15,11,measured,9829,1.1358727372027542,3.1444513114193455,0.9740642035132777
3,IA-GTPF without probabilistic branch in point aggregation,15,11,supplier_interpolated,416,7.5167682652074275,11.063976806751517,0.8712595686037082
3,IA-GTPF without probabilistic branch in point aggregation,15,11,raw_unscreened,9829,1.1358727372027542,3.1444513114193455,0.9740642035132777
3,IA-GTPF,15,23,measured,9829,1.1027854789982003,3.1729687486941844,0.9735916401043262
3,IA-GTPF,15,23,supplier_interpolated,416,13.020066361809798,19.13183255644041,0.6150488785715962
3,IA-GTPF,15,23,raw_unscreened,9829,1.1027854789982003,3.1729687486941844,0.9735916401043262
3,IA-GTPF without conformal calibration,15,23,measured,9829,1.1027854789982003,3.1729687486941844,0.9735916401043262
3,IA-GTPF without conformal calibration,15,23,supplier_interpolated,416,13.020066361809798,19.13183255644041,0.6150488785715962
3,IA-GTPF without conformal calibration,15,23,raw_unscreened,9829,1.1027854789982003,3.1729687486941844,0.9735916401043262
3,IA-GTPF without graph,15,23,measured,9829,1.1071056794267398,3.183690944669154,0.9734128586180757
3,IA-GTPF without graph,15,23,supplier_interpolated,416,13.32681013326385,19.543681706081347,0.5982968765226059
3,IA-GTPF without graph,15,23,raw_unscreened,9829,1.1071056794267398,3.183690944669154,0.9734128586180757
3,IA-GTPF without quality features and weights,15,23,measured,9829,1.104344402137157,3.1481718933765768,0.9740027916260462
3,IA-GTPF without quality features and weights,15,23,supplier_interpolated,416,9.013712707090118,13.344337719021471,0.8127221151022435
3,IA-GTPF without quality features and weights,15,23,raw_unscreened,9829,1.104344402137157,3.1481718933765768,0.9740027916260462
3,IA-GTPF without weak signal,15,23,measured,9829,1.1093201984663468,3.189333059299532,0.9733185400279402
3,IA-GTPF without weak signal,15,23,supplier_interpolated,416,12.874004715561153,18.925756026919096,0.6232971367345028
3,IA-GTPF without weak signal,15,23,raw_unscreened,9829,1.1093201984663468,3.189333059299532,0.9733185400279402
3,IA-GTPF without residual,15,23,measured,9829,1.1048628397620868,3.17901245694579,0.9734909417121087
3,IA-GTPF without residual,15,23,supplier_interpolated,416,13.165167134932762,19.31272500522052,0.6077349998970158
3,IA-GTPF without residual,15,23,raw_unscreened,9829,1.1048628397620868,3.17901245694579,0.9734909417121087
3,IA-GTPF without probabilistic branch in point aggregation,15,23,measured,9829,1.1364429228427884,3.1306026694084905,0.974292150835979
3,IA-GTPF without probabilistic branch in point aggregation,15,23,supplier_interpolated,416,6.222530988135329,9.434980585539591,0.9063787428881744
3,IA-GTPF without probabilistic branch in point aggregation,15,23,raw_unscreened,9829,1.1364429228427884,3.1306026694084905,0.974292150835979
3,IA-GTPF,15,37,measured,9829,1.105441089295255,3.184844830646663,0.9733935828217335
3,IA-GTPF,15,37,supplier_interpolated,416,12.59288032078767,18.510217207797226,0.6396575087973366
3,IA-GTPF,15,37,raw_unscreened,9829,1.105441089295255,3.184844830646663,0.9733935828217335
3,IA-GTPF without conformal calibration,15,37,measured,9829,1.105441089295255,3.184844830646663,0.9733935828217335
3,IA-GTPF without conformal calibration,15,37,supplier_interpolated,416,12.59288032078767,18.510217207797226,0.6396575087973366
3,IA-GTPF without conformal calibration,15,37,raw_unscreened,9829,1.105441089295255,3.184844830646663,0.9733935828217335
3,IA-GTPF without graph,15,37,measured,9829,1.1063872252438138,3.1913572287656278,0.9732846615122083
3,IA-GTPF without graph,15,37,supplier_interpolated,416,13.198488019251071,19.371795591133928,0.6053317388658511
3,IA-GTPF without graph,15,37,raw_unscreened,9829,1.1063872252438138,3.1913572287656278,0.9732846615122083
3,IA-GTPF without quality features and weights,15,37,measured,9829,1.107282463605635,3.159372370017704,0.9738174782994687
3,IA-GTPF without quality features and weights,15,37,supplier_interpolated,416,8.919316090733949,13.19869969221781,0.8167876514861339
3,IA-GTPF without quality features and weights,15,37,raw_unscreened,9829,1.107282463605635,3.159372370017704,0.9738174782994687
3,IA-GTPF without weak signal,15,37,measured,9829,1.1100287576955834,3.1985389975541847,0.9731642868545382
3,IA-GTPF without weak signal,15,37,supplier_interpolated,416,13.57371785428443,19.938449106457988,0.5819047872161461
3,IA-GTPF without weak signal,15,37,raw_unscreened,9829,1.1100287576955834,3.1985389975541847,0.9731642868545382
3,IA-GTPF without residual,15,37,measured,9829,1.106421878679543,3.187010285323686,0.9733573898010308
3,IA-GTPF without residual,15,37,supplier_interpolated,416,12.742281401140534,18.696081053970033,0.6323846722044231
3,IA-GTPF without residual,15,37,raw_unscreened,9829,1.106421878679543,3.187010285323686,0.9733573898010308
3,IA-GTPF without probabilistic branch in point aggregation,15,37,measured,9829,1.1397431615684457,3.144945290804303,0.9740560540755141
3,IA-GTPF without probabilistic branch in point aggregation,15,37,supplier_interpolated,416,5.745033585223287,8.777359679434543,0.9189747765795652
3,IA-GTPF without probabilistic branch in point aggregation,15,37,raw_unscreened,9829,1.1397431615684457,3.144945290804303,0.9740560540755141
3,IA-GTPF,15,53,measured,9829,1.1025281858677507,3.165571985156921,0.9737146219089339
3,IA-GTPF,15,53,supplier_interpolated,416,12.57569319636416,18.490417067438383,0.6404280039032806
3,IA-GTPF,15,53,raw_unscreened,9829,1.1025281858677507,3.165571985156921,0.9737146219089339
3,IA-GTPF without conformal calibration,15,53,measured,9829,1.1025281858677507,3.165571985156921,0.9737146219089339
3,IA-GTPF without conformal calibration,15,53,supplier_interpolated,416,12.57569319636416,18.490417067438383,0.6404280039032806
3,IA-GTPF without conformal calibration,15,53,raw_unscreened,9829,1.1025281858677507,3.165571985156921,0.9737146219089339
3,IA-GTPF without graph,15,53,measured,9829,1.1048213775350886,3.1835782536250194,0.9734147407603746
3,IA-GTPF without graph,15,53,supplier_interpolated,416,13.009213974696173,19.114218949728503,0.6157573581674922
3,IA-GTPF without graph,15,53,raw_unscreened,9829,1.1048213775350886,3.1835782536250194,0.9734147407603746
3,IA-GTPF without quality features and weights,15,53,measured,9829,1.102462580180435,3.1624879998770687,0.9737658128041411
3,IA-GTPF without quality features and weights,15,53,supplier_interpolated,416,9.588727387923454,14.143940766055968,0.7896060223109228
3,IA-GTPF without quality features and weights,15,53,raw_unscreened,9829,1.102462580180435,3.1624879998770687,0.9737658128041411
3,IA-GTPF without weak signal,15,53,measured,9829,1.1102381529171101,3.192686069901551,0.9732624090163787
3,IA-GTPF without weak signal,15,53,supplier_interpolated,416,12.867670038261716,18.91617936655615,0.6236782726469484
3,IA-GTPF without weak signal,15,53,raw_unscreened,9829,1.1102381529171101,3.192686069901551,0.9732624090163787
3,IA-GTPF without residual,15,53,measured,9829,1.1047968664795573,3.1738830109658474,0.9735764192512492
3,IA-GTPF without residual,15,53,supplier_interpolated,416,12.903214073428218,18.946019751457804,0.6224900366568109
3,IA-GTPF without residual,15,53,raw_unscreened,9829,1.1047968664795573,3.1738830109658474,0.9735764192512492
3,IA-GTPF without probabilistic branch in point aggregation,15,53,measured,9829,1.137263613283038,3.127639029106877,0.974340801375921
3,IA-GTPF without probabilistic branch in point aggregation,15,53,supplier_interpolated,416,4.91019749820971,7.640811146512901,0.9385995749065603
3,IA-GTPF without probabilistic branch in point aggregation,15,53,raw_unscreened,9829,1.137263613283038,3.127639029106877,0.974340801375921
3,IA-GTPF,15,71,measured,9829,1.1019598746221517,3.1675223949262965,0.9736822214124948
3,IA-GTPF,15,71,supplier_interpolated,416,12.630203879127944,18.559983261384186,0.6377172905524553
3,IA-GTPF,15,71,raw_unscreened,9829,1.1019598746221517,3.1675223949262965,0.9736822214124948
3,IA-GTPF without conformal calibration,15,71,measured,9829,1.1019598746221517,3.1675223949262965,0.9736822214124948
3,IA-GTPF without conformal calibration,15,71,supplier_interpolated,416,12.630203879127944,18.559983261384186,0.6377172905524553
3,IA-GTPF without conformal calibration,15,71,raw_unscreened,9829,1.1019598746221517,3.1675223949262965,0.9736822214124948
3,IA-GTPF without graph,15,71,measured,9829,1.1052305544713337,3.179060509077466,0.9734901403145654
3,IA-GTPF without graph,15,71,supplier_interpolated,416,13.321856217886399,19.528308868467477,0.5989285781909042
3,IA-GTPF without graph,15,71,raw_unscreened,9829,1.1052305544713337,3.179060509077466,0.9734901403145654
3,IA-GTPF without quality features and weights,15,71,measured,9829,1.1022842349771886,3.163076023965298,0.9737560560757859
3,IA-GTPF without quality features and weights,15,71,supplier_interpolated,416,10.06716284701856,14.835011239694682,0.7685441264946236
3,IA-GTPF without quality features and weights,15,71,raw_unscreened,9829,1.1022842349771886,3.163076023965298,0.9737560560757859
3,IA-GTPF without weak signal,15,71,measured,9829,1.1092922203646174,3.1902908601379885,0.9733025119985083
3,IA-GTPF without weak signal,15,71,supplier_interpolated,416,12.824666672202763,18.851634898279116,0.6262420087881975
3,IA-GTPF without weak signal,15,71,raw_unscreened,9829,1.1092922203646174,3.1902908601379885,0.9733025119985083
3,IA-GTPF without residual,15,71,measured,9829,1.1037193266458887,3.1733339102918903,0.9735855613342168
3,IA-GTPF without residual,15,71,supplier_interpolated,416,12.786193234426637,18.766275938989093,0.6296190489913699
3,IA-GTPF without residual,15,71,raw_unscreened,9829,1.1037193266458887,3.1733339102918903,0.9735855613342168
3,IA-GTPF without probabilistic branch in point aggregation,15,71,measured,9829,1.1353622935087349,3.1278264635875694,0.9743377258530523
3,IA-GTPF without probabilistic branch in point aggregation,15,71,supplier_interpolated,416,5.4947372954247875,8.431768547991036,0.9252295834761645
3,IA-GTPF without probabilistic branch in point aggregation,15,71,raw_unscreened,9829,1.1353622935087349,3.1278264635875694,0.9743377258530523
3,IA-GTPF,60,11,measured,9805,1.492637246327102,4.342772065163289,0.9505034465100973
3,IA-GTPF,60,11,supplier_interpolated,415,10.908041926692903,15.948978588994814,0.7326130057258142
3,IA-GTPF,60,11,raw_unscreened,9805,1.492637246327102,4.342772065163289,0.9505034465100973
3,IA-GTPF without conformal calibration,60,11,measured,9805,1.492637246327102,4.342772065163289,0.9505034465100973
3,IA-GTPF without conformal calibration,60,11,supplier_interpolated,415,10.908041926692903,15.948978588994814,0.7326130057258142
3,IA-GTPF without conformal calibration,60,11,raw_unscreened,9805,1.492637246327102,4.342772065163289,0.9505034465100973
3,IA-GTPF without graph,60,11,measured,9805,1.4923812691580691,4.325157456690784,0.9509041556552321
3,IA-GTPF without graph,60,11,supplier_interpolated,415,10.20794849529842,14.961806893107868,0.7646887886189038
3,IA-GTPF without graph,60,11,raw_unscreened,9805,1.4923812691580691,4.325157456690784,0.9509041556552321
3,IA-GTPF without quality features and weights,60,11,measured,9805,1.4941948811551402,4.311983131520983,0.9512027896581451
3,IA-GTPF without quality features and weights,60,11,supplier_interpolated,415,9.081871598699673,13.343489184348844,0.8128398669868588
3,IA-GTPF without quality features and weights,60,11,raw_unscreened,9805,1.4941948811551402,4.311983131520983,0.9512027896581451
3,IA-GTPF without weak signal,60,11,measured,9805,1.498254214086131,4.3642419881905905,0.9500128317370861
3,IA-GTPF without weak signal,60,11,supplier_interpolated,415,11.850921170078285,17.392178471924566,0.682032673030001
3,IA-GTPF without weak signal,60,11,raw_unscreened,9805,1.498254214086131,4.3642419881905905,0.9500128317370861
3,IA-GTPF without residual,60,11,measured,9805,1.495350280502427,4.336129485665498,0.9506547477235177
3,IA-GTPF without residual,60,11,supplier_interpolated,415,10.456706044323393,15.29460030896823,0.7541043796739664
3,IA-GTPF without residual,60,11,raw_unscreened,9805,1.495350280502427,4.336129485665498,0.9506547477235177
3,IA-GTPF without probabilistic branch in point aggregation,60,11,measured,9805,1.5901859845881432,4.4325933479212,0.9484348044469331
3,IA-GTPF without probabilistic branch in point aggregation,60,11,supplier_interpolated,415,15.122864669894351,21.72926099334835,0.5036769534623111
3,IA-GTPF without probabilistic branch in point aggregation,60,11,raw_unscreened,9805,1.5901859845881432,4.4325933479212,0.9484348044469331
3,IA-GTPF,60,23,measured,9805,1.4890444094757045,4.28680768126955,0.95177092985652
3,IA-GTPF,60,23,supplier_interpolated,415,8.835369128404656,12.949306577226325,0.8237344033999773
3,IA-GTPF,60,23,raw_unscreened,9805,1.4890444094757045,4.28680768126955,0.95177092985652
3,IA-GTPF without conformal calibration,60,23,measured,9805,1.4890444094757045,4.28680768126955,0.95177092985652
3,IA-GTPF without conformal calibration,60,23,supplier_interpolated,415,8.835369128404656,12.949306577226325,0.8237344033999773
3,IA-GTPF without conformal calibration,60,23,raw_unscreened,9805,1.4890444094757045,4.28680768126955,0.95177092985652
3,IA-GTPF without graph,60,23,measured,9805,1.4926889885385237,4.3186141709928965,0.9510525919331192
3,IA-GTPF without graph,60,23,supplier_interpolated,415,10.292574917511374,15.070534989249474,0.7612563284048267
3,IA-GTPF without graph,60,23,raw_unscreened,9805,1.4926889885385237,4.3186141709928965,0.9510525919331192
3,IA-GTPF without quality features and weights,60,23,measured,9805,1.4931381460290825,4.2995628923612745,0.9514834958379879
3,IA-GTPF without quality features and weights,60,23,supplier_interpolated,415,8.31870894126313,12.263025706897936,0.8419225918311704
3,IA-GTPF without quality features and weights,60,23,raw_unscreened,9805,1.4931381460290825,4.2995628923612745,0.9514834958379879
3,IA-GTPF without weak signal,60,23,measured,9805,1.4975746988321756,4.361182518673317,0.9500828922938309
3,IA-GTPF without weak signal,60,23,supplier_interpolated,415,12.446039149869613,18.232680434554975,0.6505576240834833
3,IA-GTPF without weak signal,60,23,raw_unscreened,9805,1.4975746988321756,4.361182518673317,0.9500828922938309
3,IA-GTPF without residual,60,23,measured,9805,1.4914020658231188,4.280639594401544,0.951909619109923
3,IA-GTPF without residual,60,23,supplier_interpolated,415,8.352200246951886,12.265099404019738,0.8418691250293676
3,IA-GTPF without residual,60,23,raw_unscreened,9805,1.4914020658231188,4.280639594401544,0.951909619109923
3,IA-GTPF without probabilistic branch in point aggregation,60,23,measured,9805,1.5916385209662272,4.421288288088475,0.9486974968209377
3,IA-GTPF without probabilistic branch in point aggregation,60,23,supplier_interpolated,415,13.242687459863536,19.03084634253572,0.6192931117367111
3,IA-GTPF without probabilistic branch in point aggregation,60,23,raw_unscreened,9805,1.5916385209662272,4.421288288088475,0.9486974968209377
3,IA-GTPF,60,37,measured,9805,1.4949646452219671,4.301756277142745,0.9514339826628203
3,IA-GTPF,60,37,supplier_interpolated,415,8.54255687896899,12.589468377779879,0.8333945085879613
3,IA-GTPF,60,37,raw_unscreened,9805,1.4949646452219671,4.301756277142745,0.9514339826628203
3,IA-GTPF without conformal calibration,60,37,measured,9805,1.4949646452219671,4.301756277142745,0.9514339826628203
3,IA-GTPF without conformal calibration,60,37,supplier_interpolated,415,8.54255687896899,12.589468377779879,0.8333945085879613
3,IA-GTPF without conformal calibration,60,37,raw_unscreened,9805,1.4949646452219671,4.301756277142745,0.9514339826628203
3,IA-GTPF without graph,60,37,measured,9805,1.4955479763735595,4.431317627303135,0.9484644815734755
3,IA-GTPF without graph,60,37,supplier_interpolated,415,15.691366500380129,22.867870179565664,0.45029971084065146
3,IA-GTPF without graph,60,37,raw_unscreened,9805,1.4955479763735595,4.431317627303135,0.9484644815734755
3,IA-GTPF without quality features and weights,60,37,measured,9805,1.499928468232345,4.2964089296168515,0.9515546487093307
3,IA-GTPF without quality features and weights,60,37,supplier_interpolated,415,7.534099758523528,11.211646201553007,0.8678663906177219
3,IA-GTPF without quality features and weights,60,37,raw_unscreened,9805,1.499928468232345,4.2964089296168515,0.9515546487093307
3,IA-GTPF without weak signal,60,37,measured,9805,1.4987848718789614,4.373114005707788,0.9498093884754532
3,IA-GTPF without weak signal,60,37,supplier_interpolated,415,12.561378381530314,18.35006240719489,0.6460437213438885
3,IA-GTPF without weak signal,60,37,raw_unscreened,9805,1.4987848718789614,4.373114005707788,0.9498093884754532
3,IA-GTPF without residual,60,37,measured,9805,1.4974554696220093,4.296108028324794,0.951561434263766
3,IA-GTPF without residual,60,37,supplier_interpolated,415,8.104301883233761,11.963454001039993,0.8495515570365587
3,IA-GTPF without residual,60,37,raw_unscreened,9805,1.4974554696220093,4.296108028324794,0.951561434263766
3,IA-GTPF without probabilistic branch in point aggregation,60,37,measured,9805,1.5899077083909992,4.425109075959924,0.9486087893376586
3,IA-GTPF without probabilistic branch in point aggregation,60,37,supplier_interpolated,415,15.443931287425581,22.296362757071194,0.4774322877741981
3,IA-GTPF without probabilistic branch in point aggregation,60,37,raw_unscreened,9805,1.5899077083909992,4.425109075959924,0.9486087893376586
3,IA-GTPF,60,53,measured,9805,1.4935929840244422,4.282680739819537,0.9518637461223856
3,IA-GTPF,60,53,supplier_interpolated,415,8.357908951380969,12.293925107821273,0.8411249663326301
3,IA-GTPF,60,53,raw_unscreened,9805,1.4935929840244422,4.282680739819537,0.9518637461223856
3,IA-GTPF without conformal calibration,60,53,measured,9805,1.4935929840244422,4.282680739819537,0.9518637461223856
3,IA-GTPF without conformal calibration,60,53,supplier_interpolated,415,8.357908951380969,12.293925107821273,0.8411249663326301
3,IA-GTPF without conformal calibration,60,53,raw_unscreened,9805,1.4935929840244422,4.282680739819537,0.9518637461223856
3,IA-GTPF without graph,60,53,measured,9805,1.4945225025030298,4.339800827016267,0.9505711524526792
3,IA-GTPF without graph,60,53,supplier_interpolated,415,10.944542123556527,16.01672255300949,0.7303367064003241
3,IA-GTPF without graph,60,53,raw_unscreened,9805,1.4945225025030298,4.339800827016267,0.9505711524526792
3,IA-GTPF without quality features and weights,60,53,measured,9805,1.4960132586525268,4.284433893691998,0.9518243280391918
3,IA-GTPF without quality features and weights,60,53,supplier_interpolated,415,7.791196257988915,11.541217370879973,0.8599839663847282
3,IA-GTPF without quality features and weights,60,53,raw_unscreened,9805,1.4960132586525268,4.284433893691998,0.9518243280391918
3,IA-GTPF without weak signal,60,53,measured,9805,1.500005758918577,4.3754331587925,0.9497561401146833
3,IA-GTPF without weak signal,60,53,supplier_interpolated,415,12.388695094629359,18.127265598694947,0.6545866447595232
3,IA-GTPF without weak signal,60,53,raw_unscreened,9805,1.500005758918577,4.3754331587925,0.9497561401146833
3,IA-GTPF without residual,60,53,measured,9805,1.493679829195681,4.282605908767072,0.9518654282720898
3,IA-GTPF without residual,60,53,supplier_interpolated,415,8.35799782089491,12.294056775721131,0.8411215632121688
3,IA-GTPF without residual,60,53,raw_unscreened,9805,1.493679829195681,4.282605908767072,0.9518654282720898
3,IA-GTPF without probabilistic branch in point aggregation,60,53,measured,9805,1.5821913614684175,4.419467269689156,0.9487397485615494
3,IA-GTPF without probabilistic branch in point aggregation,60,53,supplier_interpolated,415,16.368916102525944,23.707863603583924,0.40917431215462907
3,IA-GTPF without probabilistic branch in point aggregation,60,53,raw_unscreened,9805,1.5821913614684175,4.419467269689156,0.9487397485615494
3,IA-GTPF,60,71,measured,9805,1.490241649844633,4.295044351452622,0.9515854171820012
3,IA-GTPF,60,71,supplier_interpolated,415,8.891926031163305,13.043203758431291,0.8211688839616325
3,IA-GTPF,60,71,raw_unscreened,9805,1.490241649844633,4.295044351452622,0.9515854171820012
3,IA-GTPF without conformal calibration,60,71,measured,9805,1.490241649844633,4.295044351452622,0.9515854171820012
3,IA-GTPF without conformal calibration,60,71,supplier_interpolated,415,8.891926031163305,13.043203758431291,0.8211688839616325
3,IA-GTPF without conformal calibration,60,71,raw_unscreened,9805,1.490241649844633,4.295044351452622,0.9515854171820012
3,IA-GTPF without graph,60,71,measured,9805,1.492929542854181,4.329800972553217,0.9507986798600884
3,IA-GTPF without graph,60,71,supplier_interpolated,415,10.341373153161374,15.135147710504002,0.7592047826014374
3,IA-GTPF without graph,60,71,raw_unscreened,9805,1.492929542854181,4.329800972553217,0.9507986798600884
3,IA-GTPF without quality features and weights,60,71,measured,9805,1.4956747567359232,4.286375161754158,0.9517806615558434
3,IA-GTPF without quality features and weights,60,71,supplier_interpolated,415,7.708713496492877,11.43379522795374,0.8625782897030845
3,IA-GTPF without quality features and weights,60,71,raw_unscreened,9805,1.4956747567359232,4.286375161754158,0.9517806615558434
3,IA-GTPF without weak signal,60,71,measured,9805,1.4975928151479285,4.378503112571916,0.9496856097538249
3,IA-GTPF without weak signal,60,71,supplier_interpolated,415,12.306296656741758,18.017817843949896,0.6587450864639792
3,IA-GTPF without weak signal,60,71,raw_unscreened,9805,1.4975928151479285,4.378503112571916,0.9496856097538249
3,IA-GTPF without residual,60,71,measured,9805,1.4926904109311387,4.288783918996832,0.9517264519677441
3,IA-GTPF without residual,60,71,supplier_interpolated,415,8.411984006450174,12.364556057225306,0.8392941874428905
3,IA-GTPF without residual,60,71,raw_unscreened,9805,1.4926904109311387,4.288783918996832,0.9517264519677441
3,IA-GTPF without probabilistic branch in point aggregation,60,71,measured,9805,1.5869634326907582,4.40567020428087,0.9490593061174738
3,IA-GTPF without probabilistic branch in point aggregation,60,71,supplier_interpolated,415,15.385372396000765,22.193722151429586,0.4822324616590552
3,IA-GTPF without probabilistic branch in point aggregation,60,71,raw_unscreened,9805,1.5869634326907582,4.40567020428087,0.9490593061174738
3,IA-GTPF lagged graph context,15,11,measured,9829,1.100323633043847,3.1719046734478686,0.9736093495571752
3,IA-GTPF lagged graph context,15,11,supplier_interpolated,416,13.233050526419788,19.449777901721436,0.6021478222919204
3,IA-GTPF lagged graph context,15,11,raw_unscreened,9829,1.100323633043847,3.1719046734478686,0.9736093495571752
3,IA-GTPF lagged graph context,15,23,measured,9829,1.1010768609452375,3.1530322383782106,0.973922457423371
3,IA-GTPF lagged graph context,15,23,supplier_interpolated,416,12.739542385876204,18.72864677951738,0.6311028970301038
3,IA-GTPF lagged graph context,15,23,raw_unscreened,9829,1.1010768609452375,3.1530322383782106,0.973922457423371
3,IA-GTPF lagged graph context,15,37,measured,9829,1.0994831021331484,3.164451806793309,0.973733221455765
3,IA-GTPF lagged graph context,15,37,supplier_interpolated,416,13.990501054763355,20.534346711531548,0.5565402295696438
3,IA-GTPF lagged graph context,15,37,raw_unscreened,9829,1.0994831021331484,3.164451806793309,0.973733221455765
3,IA-GTPF lagged graph context,15,53,measured,9829,1.100779596438873,3.166879816501061,0.97369289822501
3,IA-GTPF lagged graph context,15,53,supplier_interpolated,416,12.864795616875984,18.889777677858422,0.6247280190355127
3,IA-GTPF lagged graph context,15,53,raw_unscreened,9829,1.100779596438873,3.166879816501061,0.97369289822501
3,IA-GTPF lagged graph context,15,71,measured,9829,1.098682023777406,3.146177799524518,0.9740357151491548
3,IA-GTPF lagged graph context,15,71,supplier_interpolated,416,12.26311470010356,18.030292400414815,0.6581008773930337
3,IA-GTPF lagged graph context,15,71,raw_unscreened,9829,1.098682023777406,3.146177799524518,0.9740357151491548
3,IA-GTPF lagged graph context,60,11,measured,9805,1.4952820854516509,4.35560074567685,0.9502105859454113
3,IA-GTPF lagged graph context,60,11,supplier_interpolated,415,11.37512355167543,16.680565955239874,0.7075200547504804
3,IA-GTPF lagged graph context,60,11,raw_unscreened,9805,1.4952820854516509,4.35560074567685,0.9502105859454113
3,IA-GTPF lagged graph context,60,23,measured,9805,1.4979456534900704,4.354969574659037,0.9502250148887568
3,IA-GTPF lagged graph context,60,23,supplier_interpolated,415,11.352733468456353,16.607366110092634,0.7100814199704459
3,IA-GTPF lagged graph context,60,23,raw_unscreened,9805,1.4979456534900704,4.354969574659037,0.9502250148887568
3,IA-GTPF lagged graph context,60,37,measured,9805,1.5020949627790539,4.358790942964099,0.9501376241510433
3,IA-GTPF lagged graph context,60,37,supplier_interpolated,415,10.585348872636565,15.539078561312802,0.7461804592298376
3,IA-GTPF lagged graph context,60,37,raw_unscreened,9805,1.5020949627790539,4.358790942964099,0.9501376241510433
3,IA-GTPF lagged graph context,60,53,measured,9805,1.5021195557571714,4.4557090889220285,0.9478955825352078
3,IA-GTPF lagged graph context,60,53,supplier_interpolated,415,16.0722035818472,23.455982451672494,0.42166192463763896
3,IA-GTPF lagged graph context,60,53,raw_unscreened,9805,1.5021195557571714,4.4557090889220285,0.9478955825352078
3,IA-GTPF lagged graph context,60,71,measured,9805,1.4981219387395281,4.350370284406875,0.9503300942531211
3,IA-GTPF lagged graph context,60,71,supplier_interpolated,415,11.023602406310877,16.127650223439698,0.7265885355591541
3,IA-GTPF lagged graph context,60,71,raw_unscreened,9805,1.4981219387395281,4.350370284406875,0.9503300942531211
4,IA-GTPF,15,11,measured,10497,1.176713127073782,3.134404529540592,0.987983424852209
4,IA-GTPF,15,11,supplier_interpolated,230,0.7307203851453504,1.0344964683273088,0.09002119472773507
4,IA-GTPF,15,11,raw_unscreened,10497,1.176713127073782,3.134404529540592,0.987983424852209
4,IA-GTPF without conformal calibration,15,11,measured,10497,1.176713127073782,3.134404529540592,0.987983424852209
4,IA-GTPF without conformal calibration,15,11,supplier_interpolated,230,0.7307203851453504,1.0344964683273088,0.09002119472773507
4,IA-GTPF without conformal calibration,15,11,raw_unscreened,10497,1.176713127073782,3.134404529540592,0.987983424852209
4,IA-GTPF without graph,15,11,measured,10497,1.1753081500658333,3.1255237314907496,0.988051422198617
4,IA-GTPF without graph,15,11,supplier_interpolated,230,0.7451114550918495,1.0465991627645288,0.06860475090127238
4,IA-GTPF without graph,15,11,raw_unscreened,10497,1.1753081500658333,3.1255237314907496,0.988051422198617
4,IA-GTPF without quality features and weights,15,11,measured,10497,1.1768773777337722,3.128823304400615,0.9880261809799673
4,IA-GTPF without quality features and weights,15,11,supplier_interpolated,230,0.7610766348139298,1.051030629794371,0.06070070201804634
4,IA-GTPF without quality features and weights,15,11,raw_unscreened,10497,1.1768773777337722,3.128823304400615,0.9880261809799673
4,IA-GTPF without weak signal,15,11,measured,10497,1.1957804261498666,3.16355131455599,0.9877589018280074
4,IA-GTPF without weak signal,15,11,supplier_interpolated,230,0.7408482399587409,1.0457331258971325,0.07014552968581134
4,IA-GTPF without weak signal,15,11,raw_unscreened,10497,1.1957804261498666,3.16355131455599,0.9877589018280074
4,IA-GTPF without residual,15,11,measured,10497,1.1785630423760411,3.137361896972854,0.9879607384422336
4,IA-GTPF without residual,15,11,supplier_interpolated,230,0.728688557064782,1.0328296845802696,0.0929511534910813
4,IA-GTPF without residual,15,11,raw_unscreened,10497,1.1785630423760411,3.137361896972854,0.9879607384422336
4,IA-GTPF without probabilistic branch in point aggregation,15,11,measured,10497,1.1988187787846205,3.158315100151413,0.9877993904829958
4,IA-GTPF without probabilistic branch in point aggregation,15,11,supplier_interpolated,230,0.7068060304935174,1.0157702196397056,0.12266752684221283
4,IA-GTPF without probabilistic branch in point aggregation,15,11,raw_unscreened,10497,1.1988187787846205,3.158315100151413,0.9877993904829958
4,IA-GTPF,15,23,measured,10497,1.1829280657429777,3.145841150750357,0.9878955742010544
4,IA-GTPF,15,23,supplier_interpolated,230,0.7363390905216591,1.0382354516913133,0.08343142982728058
4,IA-GTPF,15,23,raw_unscreened,10497,1.1829280657429777,3.145841150750357,0.9878955742010544
4,IA-GTPF without conformal calibration,15,23,measured,10497,1.1829280657429777,3.145841150750357,0.9878955742010544
4,IA-GTPF without conformal calibration,15,23,supplier_interpolated,230,0.7363390905216591,1.0382354516913133,0.08343142982728058
4,IA-GTPF without conformal calibration,15,23,raw_unscreened,10497,1.1829280657429777,3.145841150750357,0.9878955742010544
4,IA-GTPF without graph,15,23,measured,10497,1.1738693350649092,3.1273220984089374,0.9880376682739911
4,IA-GTPF without graph,15,23,supplier_interpolated,230,0.7430077466599642,1.0459761931637241,0.06971321393291285
4,IA-GTPF without graph,15,23,raw_unscreened,10497,1.1738693350649092,3.1273220984089374,0.9880376682739911
4,IA-GTPF without quality features and weights,15,23,measured,10497,1.1814614391938978,3.1321576367667716,0.9880006468018163
4,IA-GTPF without quality features and weights,15,23,supplier_interpolated,230,0.7569698480874025,1.0444014758873432,0.07251219913144191
4,IA-GTPF without quality features and weights,15,23,raw_unscreened,10497,1.1814614391938978,3.1321576367667716,0.9880006468018163
4,IA-GTPF without weak signal,15,23,measured,10497,1.1830424221184446,3.135582618189885,0.9879743901209992
4,IA-GTPF without weak signal,15,23,supplier_interpolated,230,0.7205437567688178,1.023430738300727,0.10938467117174455
4,IA-GTPF without weak signal,15,23,raw_unscreened,10497,1.1830424221184446,3.135582618189885,0.9879743901209992
4,IA-GTPF without residual,15,23,measured,10497,1.187247327555691,3.1554509565316478,0.9878215088923616
4,IA-GTPF without residual,15,23,supplier_interpolated,230,0.7350883826208583,1.0374476654025635,0.08482183931636744
4,IA-GTPF without residual,15,23,raw_unscreened,10497,1.187247327555691,3.1554509565316478,0.9878215088923616
4,IA-GTPF without probabilistic branch in point aggregation,15,23,measured,10497,1.2042384861268407,3.1680867259624113,0.98772377787545
4,IA-GTPF without probabilistic branch in point aggregation,15,23,supplier_interpolated,230,0.7173753385042776,1.025166195578064,0.10636163253644593
4,IA-GTPF without probabilistic branch in point aggregation,15,23,raw_unscreened,10497,1.2042384861268407,3.1680867259624113,0.98772377787545
4,IA-GTPF,15,37,measured,10497,1.1762788217646636,3.1330649082842035,0.9879936942474546
4,IA-GTPF,15,37,supplier_interpolated,230,0.7379508593897565,1.0430273547891549,0.07495118867060024
4,IA-GTPF,15,37,raw_unscreened,10497,1.1762788217646636,3.1330649082842035,0.9879936942474546
4,IA-GTPF without conformal calibration,15,37,measured,10497,1.1762788217646636,3.1330649082842035,0.9879936942474546
4,IA-GTPF without conformal calibration,15,37,supplier_interpolated,230,0.7379508593897565,1.0430273547891549,0.07495118867060024
4,IA-GTPF without conformal calibration,15,37,raw_unscreened,10497,1.1762788217646636,3.1330649082842035,0.9879936942474546
4,IA-GTPF without graph,15,37,measured,10497,1.1772186124535582,3.1367273759457865,0.9879656077511383
4,IA-GTPF without graph,15,37,supplier_interpolated,230,0.721781063550576,1.033284882117861,0.09215145264400859
4,IA-GTPF without graph,15,37,raw_unscreened,10497,1.1772186124535582,3.1367273759457865,0.9879656077511383
4,IA-GTPF without quality features and weights,15,37,measured,10497,1.1767460684894004,3.1262941264826662,0.9880455311801813
4,IA-GTPF without quality features and weights,15,37,supplier_interpolated,230,0.760700070037439,1.0490118732035383,0.06430553621652513
4,IA-GTPF without quality features and weights,15,37,raw_unscreened,10497,1.1767460684894004,3.1262941264826662,0.9880455311801813
4,IA-GTPF without weak signal,15,37,measured,10497,1.182045934740092,3.1377559499851366,0.9879577139870586
4,IA-GTPF without weak signal,15,37,supplier_interpolated,230,0.7397373984298472,1.0407509780284987,0.07898456656327335
4,IA-GTPF without weak signal,15,37,raw_unscreened,10497,1.182045934740092,3.1377559499851366,0.9879577139870586
4,IA-GTPF without residual,15,37,measured,10497,1.1777855225132001,3.1353524496795515,0.9879761555441813
4,IA-GTPF without residual,15,37,supplier_interpolated,230,0.7366718572165935,1.0419577853412352,0.07684739331212553
4,IA-GTPF without residual,15,37,raw_unscreened,10497,1.1777855225132001,3.1353524496795515,0.9879761555441813
4,IA-GTPF without probabilistic branch in point aggregation,15,37,measured,10497,1.198752093831281,3.157188340503776,0.9878080943024875
4,IA-GTPF without probabilistic branch in point aggregation,15,37,supplier_interpolated,230,0.7230216708894159,1.0333708628578524,0.09200036026111158
4,IA-GTPF without probabilistic branch in point aggregation,15,37,raw_unscreened,10497,1.198752093831281,3.157188340503776,0.9878080943024875
4,IA-GTPF,15,53,measured,10497,1.178356892791054,3.1312965954468774,0.988007243225094
4,IA-GTPF,15,53,supplier_interpolated,230,0.7269820664306694,1.034291356133402,0.09038200648749417
4,IA-GTPF,15,53,raw_unscreened,10497,1.178356892791054,3.1312965954468774,0.988007243225094
4,IA-GTPF without conformal calibration,15,53,measured,10497,1.178356892791054,3.1312965954468774,0.988007243225094
4,IA-GTPF without conformal calibration,15,53,supplier_interpolated,230,0.7269820664306694,1.034291356133402,0.09038200648749417
4,IA-GTPF without conformal calibration,15,53,raw_unscreened,10497,1.178356892791054,3.1312965954468774,0.988007243225094
4,IA-GTPF without graph,15,53,measured,10497,1.1787246627492858,3.129129553025594,0.988023836875034
4,IA-GTPF without graph,15,53,supplier_interpolated,230,0.7425633551089985,1.0506891166168195,0.061311019096417674
4,IA-GTPF without graph,15,53,raw_unscreened,10497,1.1787246627492858,3.129129553025594,0.988023836875034
4,IA-GTPF without quality features and weights,15,53,measured,10497,1.1863594985415757,3.138516885889412,0.9879518725391895
4,IA-GTPF without quality features and weights,15,53,supplier_interpolated,230,0.7553879482794623,1.046336862699877,0.06907154741462795
4,IA-GTPF without quality features and weights,15,53,raw_unscreened,10497,1.1863594985415757,3.138516885889412,0.9879518725391895
4,IA-GTPF without weak signal,15,53,measured,10497,1.1819176264481777,3.1308866298603357,0.9880103833273239
4,IA-GTPF without weak signal,15,53,supplier_interpolated,230,0.7397849724927225,1.042530913897688,0.07583155439838962
4,IA-GTPF without weak signal,15,53,raw_unscreened,10497,1.1819176264481777,3.1308866298603357,0.9880103833273239
4,IA-GTPF without residual,15,53,measured,10497,1.1841422066792195,3.144500013340293,0.9879058927372469
4,IA-GTPF without residual,15,53,supplier_interpolated,230,0.7225099803348769,1.0314963950964937,0.09529147759321233
4,IA-GTPF without residual,15,53,raw_unscreened,10497,1.1841422066792195,3.144500013340293,0.9879058927372469
4,IA-GTPF without probabilistic branch in point aggregation,15,53,measured,10497,1.198914803051784,3.1514469597269144,0.9878523962059962
4,IA-GTPF without probabilistic branch in point aggregation,15,53,supplier_interpolated,230,0.7097038550270393,1.0243840257683479,0.10772474869468252
4,IA-GTPF without probabilistic branch in point aggregation,15,53,raw_unscreened,10497,1.198914803051784,3.1514469597269144,0.9878523962059962
4,IA-GTPF,15,71,measured,10497,1.1757544376119646,3.1343939814060495,0.987983505730243
4,IA-GTPF,15,71,supplier_interpolated,230,0.7422193839158497,1.044491677426747,0.07235198403771748
4,IA-GTPF,15,71,raw_unscreened,10497,1.1757544376119646,3.1343939814060495,0.987983505730243
4,IA-GTPF without conformal calibration,15,71,measured,10497,1.1757544376119646,3.1343939814060495,0.987983505730243
4,IA-GTPF without conformal calibration,15,71,supplier_interpolated,230,0.7422193839158497,1.044491677426747,0.07235198403771748
4,IA-GTPF without conformal calibration,15,71,raw_unscreened,10497,1.1757544376119646,3.1343939814060495,0.987983505730243
4,IA-GTPF without graph,15,71,measured,10497,1.1881288682334044,3.1522912215714713,0.9878458867312956
4,IA-GTPF without graph,15,71,supplier_interpolated,230,0.7502092216939774,1.0556034630060573,0.05250949839623853
4,IA-GTPF without graph,15,71,raw_unscreened,10497,1.1881288682334044,3.1522912215714713,0.9878458867312956
4,IA-GTPF without quality features and weights,15,71,measured,10497,1.1809007131804787,3.135126943197307,0.9879778850833005
4,IA-GTPF without quality features and weights,15,71,supplier_interpolated,230,0.7676941250645904,1.0533785797640327,0.05649931891201654
4,IA-GTPF without quality features and weights,15,71,raw_unscreened,10497,1.1809007131804787,3.135126943197307,0.9879778850833005
4,IA-GTPF without weak signal,15,71,measured,10497,1.188290183425093,3.1506729977100396,0.9878583621191551
4,IA-GTPF without weak signal,15,71,supplier_interpolated,230,0.7323507417899229,1.0387017627352397,0.08260791329593975
4,IA-GTPF without weak signal,15,71,raw_unscreened,10497,1.188290183425093,3.1506729977100396,0.9878583621191551
4,IA-GTPF without residual,15,71,measured,10497,1.1788187557541776,3.1410525726650405,0.9879323967041033
4,IA-GTPF without residual,15,71,supplier_interpolated,230,0.740175317726506,1.0428262810817142,0.07530781415021726
4,IA-GTPF without residual,15,71,raw_unscreened,10497,1.1788187557541776,3.1410525726650405,0.9879323967041033
4,IA-GTPF without probabilistic branch in point aggregation,15,71,measured,10497,1.194159992595441,3.152199530920894,0.9878465937740571
4,IA-GTPF without probabilistic branch in point aggregation,15,71,supplier_interpolated,230,0.7281809006180606,1.0351932549937763,0.08879494668511978
4,IA-GTPF without probabilistic branch in point aggregation,15,71,raw_unscreened,10497,1.194159992595441,3.152199530920894,0.9878465937740571
4,IA-GTPF,60,11,measured,10472,1.6209060427894906,4.508715695367776,0.9751565496821202
4,IA-GTPF,60,11,supplier_interpolated,230,0.7927970923031424,1.2348762095082453,-0.2966420450900247
4,IA-GTPF,60,11,raw_unscreened,10472,1.6209060427894906,4.508715695367776,0.9751565496821202
4,IA-GTPF without conformal calibration,60,11,measured,10472,1.6209060427894906,4.508715695367776,0.9751565496821202
4,IA-GTPF without conformal calibration,60,11,supplier_interpolated,230,0.7927970923031424,1.2348762095082453,-0.2966420450900247
4,IA-GTPF without conformal calibration,60,11,raw_unscreened,10472,1.6209060427894906,4.508715695367776,0.9751565496821202
4,IA-GTPF without graph,60,11,measured,10472,1.6356268302463948,4.5133593268933785,0.9751053496309972
4,IA-GTPF without graph,60,11,supplier_interpolated,230,0.7864254074305391,1.2577960875329177,-0.3452212879218213
4,IA-GTPF without graph,60,11,raw_unscreened,10472,1.6356268302463948,4.5133593268933785,0.9751053496309972
4,IA-GTPF without quality features and weights,60,11,measured,10472,1.6444683281018206,4.552306570530421,0.9746738477963515
4,IA-GTPF without quality features and weights,60,11,supplier_interpolated,230,0.7862010317883608,1.216765614464097,-0.2588880431526992
4,IA-GTPF without quality features and weights,60,11,raw_unscreened,10472,1.6444683281018206,4.552306570530421,0.9746738477963515
4,IA-GTPF without weak signal,60,11,measured,10472,1.655607147082566,4.61395052599561,0.9739833079532099
4,IA-GTPF without weak signal,60,11,supplier_interpolated,230,0.806533340242339,1.2170992230541902,-0.2595784529307761
4,IA-GTPF without weak signal,60,11,raw_unscreened,10472,1.655607147082566,4.61395052599561,0.9739833079532099
4,IA-GTPF without residual,60,11,measured,10472,1.6375374287796438,4.564810438243667,0.9745345295149549
4,IA-GTPF without residual,60,11,supplier_interpolated,230,0.8019237803936394,1.2349267289937342,-0.2967481399818275
4,IA-GTPF without residual,60,11,raw_unscreened,10472,1.6375374287796438,4.564810438243667,0.9745345295149549
4,IA-GTPF without probabilistic branch in point aggregation,60,11,measured,10472,1.6020292831793685,4.393463477029335,0.9764104177253259
4,IA-GTPF without probabilistic branch in point aggregation,60,11,supplier_interpolated,230,0.7673497167040221,1.2292615879172895,-0.2848779443682654
4,IA-GTPF without probabilistic branch in point aggregation,60,11,raw_unscreened,10472,1.6020292831793685,4.393463477029335,0.9764104177253259
4,IA-GTPF,60,23,measured,10472,1.6325462880307908,4.53881849629438,0.9748237036767614
4,IA-GTPF,60,23,supplier_interpolated,230,0.7832294432083968,1.2261317356169976,-0.2783433570381153
4,IA-GTPF,60,23,raw_unscreened,10472,1.6325462880307908,4.53881849629438,0.9748237036767614
4,IA-GTPF without conformal calibration,60,23,measured,10472,1.6325462880307908,4.53881849629438,0.9748237036767614
4,IA-GTPF without conformal calibration,60,23,supplier_interpolated,230,0.7832294432083968,1.2261317356169976,-0.2783433570381153
4,IA-GTPF without conformal calibration,60,23,raw_unscreened,10472,1.6325462880307908,4.53881849629438,0.9748237036767614
4,IA-GTPF without graph,60,23,measured,10472,1.6378472436978926,4.502228976112385,0.9752279831336172
4,IA-GTPF without graph,60,23,supplier_interpolated,230,0.7844572841618372,1.2361269359930167,-0.2992699454654755
4,IA-GTPF without graph,60,23,raw_unscreened,10472,1.6378472436978926,4.502228976112385,0.9752279831336172
4,IA-GTPF without quality features and weights,60,23,measured,10472,1.644697245322491,4.561341618522256,0.9745732174579925
4,IA-GTPF without quality features and weights,60,23,supplier_interpolated,230,0.7796135519822006,1.2109794907011038,-0.2469436508671463
4,IA-GTPF without quality features and weights,60,23,raw_unscreened,10472,1.644697245322491,4.561341618522256,0.9745732174579925
4,IA-GTPF without weak signal,60,23,measured,10472,1.656906546162365,4.613764238393813,0.973985408751344
4,IA-GTPF without weak signal,60,23,supplier_interpolated,230,0.803410555612654,1.2111443626117384,-0.24728321066773185
4,IA-GTPF without weak signal,60,23,raw_unscreened,10472,1.656906546162365,4.613764238393813,0.973985408751344
4,IA-GTPF without residual,60,23,measured,10472,1.6333406204449554,4.54257211731387,0.9747820446626244
4,IA-GTPF without residual,60,23,supplier_interpolated,230,0.7818187424385814,1.2264695681798021,-0.2790478906462228
4,IA-GTPF without residual,60,23,raw_unscreened,10472,1.6333406204449554,4.54257211731387,0.9747820446626244
4,IA-GTPF without probabilistic branch in point aggregation,60,23,measured,10472,1.6236689992282927,4.433471365150118,0.975978837281423
4,IA-GTPF without probabilistic branch in point aggregation,60,23,supplier_interpolated,230,0.7495434775156797,1.224626031593804,-0.2752056437935835
4,IA-GTPF without probabilistic branch in point aggregation,60,23,raw_unscreened,10472,1.6236689992282927,4.433471365150118,0.975978837281423
4,IA-GTPF,60,37,measured,10472,1.6313239531448047,4.523707976581891,0.9749910572152859
4,IA-GTPF,60,37,supplier_interpolated,230,0.795749511962791,1.2394163993934515,-0.30619413335841816
4,IA-GTPF,60,37,raw_unscreened,10472,1.6313239531448047,4.523707976581891,0.9749910572152859
4,IA-GTPF without conformal calibration,60,37,measured,10472,1.6313239531448047,4.523707976581891,0.9749910572152859
4,IA-GTPF without conformal calibration,60,37,supplier_interpolated,230,0.795749511962791,1.2394163993934515,-0.30619413335841816
4,IA-GTPF without conformal calibration,60,37,raw_unscreened,10472,1.6313239531448047,4.523707976581891,0.9749910572152859
4,IA-GTPF without graph,60,37,measured,10472,1.63030015831777,4.474799830222282,0.975528903174919
4,IA-GTPF without graph,60,37,supplier_interpolated,230,0.7799419323736085,1.23530337994032,-0.29753927339382114
4,IA-GTPF without graph,60,37,raw_unscreened,10472,1.63030015831777,4.474799830222282,0.975528903174919
4,IA-GTPF without quality features and weights,60,37,measured,10472,1.6562223095424928,4.563641873669109,0.9745475658669102
4,IA-GTPF without quality features and weights,60,37,supplier_interpolated,230,0.7931883133130888,1.223439379749799,-0.2727355150542652
4,IA-GTPF without quality features and weights,60,37,raw_unscreened,10472,1.6562223095424928,4.563641873669109,0.9745475658669102
4,IA-GTPF without weak signal,60,37,measured,10472,1.6602621533962483,4.624850210960078,0.9738602426133204
4,IA-GTPF without weak signal,60,37,supplier_interpolated,230,0.7953060957010692,1.206909000817643,-0.23857498554079304
4,IA-GTPF without weak signal,60,37,raw_unscreened,10472,1.6602621533962483,4.624850210960078,0.9738602426133204
4,IA-GTPF without residual,60,37,measured,10472,1.6335888932896876,4.531142515255036,0.9749087872112959
4,IA-GTPF without residual,60,37,supplier_interpolated,230,0.7875593593413935,1.224984051534123,-0.2759513666066866
4,IA-GTPF without residual,60,37,raw_unscreened,10472,1.6335888932896876,4.531142515255036,0.9749087872112959
4,IA-GTPF without probabilistic branch in point aggregation,60,37,measured,10472,1.6139222323220261,4.404291930206338,0.9762939931892166
4,IA-GTPF without probabilistic branch in point aggregation,60,37,supplier_interpolated,230,0.7514684055626234,1.2216513690145379,-0.2690181230814659
4,IA-GTPF without probabilistic branch in point aggregation,60,37,raw_unscreened,10472,1.6139222323220261,4.404291930206338,0.9762939931892166
4,IA-GTPF,60,53,measured,10472,1.6348468611693192,4.558092210892664,0.9746094316068024
4,IA-GTPF,60,53,supplier_interpolated,230,0.8107098632060026,1.239337190400163,-0.30602718540397333
4,IA-GTPF,60,53,raw_unscreened,10472,1.6348468611693192,4.558092210892664,0.9746094316068024
4,IA-GTPF without conformal calibration,60,53,measured,10472,1.6348468611693192,4.558092210892664,0.9746094316068024
4,IA-GTPF without conformal calibration,60,53,supplier_interpolated,230,0.8107098632060026,1.239337190400163,-0.30602718540397333
4,IA-GTPF without conformal calibration,60,53,raw_unscreened,10472,1.6348468611693192,4.558092210892664,0.9746094316068024
4,IA-GTPF without graph,60,53,measured,10472,1.6340414041370515,4.484673606455204,0.9754207916541615
4,IA-GTPF without graph,60,53,supplier_interpolated,230,0.7829072919099128,1.2493938752307905,-0.32730887287511834
4,IA-GTPF without graph,60,53,raw_unscreened,10472,1.6340414041370515,4.484673606455204,0.9754207916541615
4,IA-GTPF without quality features and weights,60,53,measured,10472,1.6429719159411924,4.549075603043321,0.974709785154551
4,IA-GTPF without quality features and weights,60,53,supplier_interpolated,230,0.7913620568327728,1.2195247349171334,-0.264603789636372
4,IA-GTPF without quality features and weights,60,53,raw_unscreened,10472,1.6429719159411924,4.549075603043321,0.974709785154551
4,IA-GTPF without weak signal,60,53,measured,10472,1.665290137337898,4.614472960272402,0.9739774159172532
4,IA-GTPF without weak signal,60,53,supplier_interpolated,230,0.805525607007116,1.214726878572456,-0.25467295022108494
4,IA-GTPF without weak signal,60,53,raw_unscreened,10472,1.665290137337898,4.614472960272402,0.9739774159172532
4,IA-GTPF without residual,60,53,measured,10472,1.626635297086977,4.522382421284631,0.9750057115120606
4,IA-GTPF without residual,60,53,supplier_interpolated,230,0.7982699664902126,1.2364371820230873,-0.2999222149298604
4,IA-GTPF without residual,60,53,raw_unscreened,10472,1.626635297086977,4.522382421284631,0.9750057115120606
4,IA-GTPF without probabilistic branch in point aggregation,60,53,measured,10472,1.617912766519367,4.418751322714564,0.9761380829403207
4,IA-GTPF without probabilistic branch in point aggregation,60,53,supplier_interpolated,230,0.7668106349761213,1.2228812540807887,-0.2715745513895276
4,IA-GTPF without probabilistic branch in point aggregation,60,53,raw_unscreened,10472,1.617912766519367,4.418751322714564,0.9761380829403207
4,IA-GTPF,60,71,measured,10472,1.627975741883415,4.523868832780018,0.9749892786234761
4,IA-GTPF,60,71,supplier_interpolated,230,0.8040387695290113,1.250819085617034,-0.33033877941952916
4,IA-GTPF,60,71,raw_unscreened,10472,1.627975741883415,4.523868832780018,0.9749892786234761
4,IA-GTPF without conformal calibration,60,71,measured,10472,1.627975741883415,4.523868832780018,0.9749892786234761
4,IA-GTPF without conformal calibration,60,71,supplier_interpolated,230,0.8040387695290113,1.250819085617034,-0.33033877941952916
4,IA-GTPF without conformal calibration,60,71,raw_unscreened,10472,1.627975741883415,4.523868832780018,0.9749892786234761
4,IA-GTPF without graph,60,71,measured,10472,1.6594799989683309,4.5356528056900345,0.9748588108618024
4,IA-GTPF without graph,60,71,supplier_interpolated,230,0.8128660696725946,1.2586469832664704,-0.34704198086232085
4,IA-GTPF without graph,60,71,raw_unscreened,10472,1.6594799989683309,4.5356528056900345,0.9748588108618024
4,IA-GTPF without quality features and weights,60,71,measured,10472,1.6510380852772253,4.5518983364922985,0.9746783899042445
4,IA-GTPF without quality features and weights,60,71,supplier_interpolated,230,0.7928862436787565,1.2232845969272004,-0.27241349642845325
4,IA-GTPF without quality features and weights,60,71,raw_unscreened,10472,1.6510380852772253,4.5518983364922985,0.9746783899042445
4,IA-GTPF without weak signal,60,71,measured,10472,1.6659468028641768,4.624305412992451,0.9738664006713224
4,IA-GTPF without weak signal,60,71,supplier_interpolated,230,0.792668020315666,1.2017858515392903,-0.22808216977819762
4,IA-GTPF without weak signal,60,71,raw_unscreened,10472,1.6659468028641768,4.624305412992451,0.9738664006713224
4,IA-GTPF without residual,60,71,measured,10472,1.6296316898712946,4.52851095779378,0.9749379232599369
4,IA-GTPF without residual,60,71,supplier_interpolated,230,0.7904090370530888,1.2313183329803328,-0.2891811410024021
4,IA-GTPF without residual,60,71,raw_unscreened,10472,1.6296316898712946,4.52851095779378,0.9749379232599369
4,IA-GTPF without probabilistic branch in point aggregation,60,71,measured,10472,1.6137271384487324,4.406335846474592,0.9762719854128712
4,IA-GTPF without probabilistic branch in point aggregation,60,71,supplier_interpolated,230,0.7797508889425773,1.2477273287860529,-0.3237702824646278
4,IA-GTPF without probabilistic branch in point aggregation,60,71,raw_unscreened,10472,1.6137271384487324,4.406335846474592,0.9762719854128712
4,IA-GTPF lagged graph context,15,11,measured,10497,1.178512482913334,3.1286898803286465,0.9880272021700262
4,IA-GTPF lagged graph context,15,11,supplier_interpolated,230,0.7561953866167669,1.0543959931703404,0.0546758646704516
4,IA-GTPF lagged graph context,15,11,raw_unscreened,10497,1.178512482913334,3.1286898803286465,0.9880272021700262
4,IA-GTPF lagged graph context,15,23,measured,10497,1.1830688909169005,3.1351602313524234,0.987977629785089
4,IA-GTPF lagged graph context,15,23,supplier_interpolated,230,0.751407019316052,1.0480250577914128,0.06606514149040077
4,IA-GTPF lagged graph context,15,23,raw_unscreened,10497,1.1830688909169005,3.1351602313524234,0.987977629785089
4,IA-GTPF lagged graph context,15,37,measured,10497,1.180891150228657,3.139541109025223,0.9879440076878285
4,IA-GTPF lagged graph context,15,37,supplier_interpolated,230,0.7610133735746054,1.0617335174976956,0.041473094896857576
4,IA-GTPF lagged graph context,15,37,raw_unscreened,10497,1.180891150228657,3.139541109025223,0.9879440076878285
4,IA-GTPF lagged graph context,15,53,measured,10497,1.1814278264076299,3.1380700970370796,0.9879553025579441
4,IA-GTPF lagged graph context,15,53,supplier_interpolated,230,0.7510093510356987,1.0509721882908776,0.060805156703730656
4,IA-GTPF lagged graph context,15,53,raw_unscreened,10497,1.1814278264076299,3.1380700970370796,0.9879553025579441
4,IA-GTPF lagged graph context,15,71,measured,10497,1.1816757188359854,3.133205752296307,0.9879926147586274
4,IA-GTPF lagged graph context,15,71,supplier_interpolated,230,0.7525489889730447,1.0521784310020361,0.058648016710459494
4,IA-GTPF lagged graph context,15,71,raw_unscreened,10497,1.1816757188359854,3.133205752296307,0.9879926147586274
4,IA-GTPF lagged graph context,60,11,measured,10472,1.6403485627610404,4.491854247854526,0.975342018573352
4,IA-GTPF lagged graph context,60,11,supplier_interpolated,230,0.800046647067663,1.2223368431226955,-0.2704426262331239
4,IA-GTPF lagged graph context,60,11,raw_unscreened,10472,1.6403485627610404,4.491854247854526,0.975342018573352
4,IA-GTPF lagged graph context,60,23,measured,10472,1.6380748594879588,4.505589974458784,0.9751909837782935
4,IA-GTPF lagged graph context,60,23,supplier_interpolated,230,0.8019482947000919,1.2185823116981833,-0.26265002610201305
4,IA-GTPF lagged graph context,60,23,raw_unscreened,10472,1.6380748594879588,4.505589974458784,0.9751909837782935
4,IA-GTPF lagged graph context,60,37,measured,10472,1.6426654901886033,4.506078099983456,0.9751856079806248
4,IA-GTPF lagged graph context,60,37,supplier_interpolated,230,0.823618553373733,1.2414145384459898,-0.31040911929127546
4,IA-GTPF lagged graph context,60,37,raw_unscreened,10472,1.6426654901886033,4.506078099983456,0.9751856079806248
4,IA-GTPF lagged graph context,60,53,measured,10472,1.6404337893085623,4.500372193154423,0.9752484115810559
4,IA-GTPF lagged graph context,60,53,supplier_interpolated,230,0.8114238771949105,1.2272847157342728,-0.2807486409341071
4,IA-GTPF lagged graph context,60,53,raw_unscreened,10472,1.6404337893085623,4.500372193154423,0.9752484115810559
4,IA-GTPF lagged graph context,60,71,measured,10472,1.6391652257499487,4.491613243414609,0.9753446644844844
4,IA-GTPF lagged graph context,60,71,supplier_interpolated,230,0.793096451937822,1.2163065459786477,-0.2579383009826197
4,IA-GTPF lagged graph context,60,71,raw_unscreened,10472,1.6391652257499487,4.491613243414609,0.9753446644844844
5,IA-GTPF,15,11,measured,10151,1.2299124355881124,3.3611594353303955,0.9890266931139431
5,IA-GTPF,15,11,supplier_interpolated,497,0.8166663533677475,1.1284716111306212,0.02696544301915682
5,IA-GTPF,15,11,raw_unscreened,10152,1.4981816055938717,27.250302543142503,0.5764817736225145
5,IA-GTPF without conformal calibration,15,11,measured,10151,1.2299124355881124,3.3611594353303955,0.9890266931139431
5,IA-GTPF without conformal calibration,15,11,supplier_interpolated,497,0.8166663533677475,1.1284716111306212,0.02696544301915682
5,IA-GTPF without conformal calibration,15,11,raw_unscreened,10152,1.4981816055938717,27.250302543142503,0.5764817736225145
5,IA-GTPF without graph,15,11,measured,10151,1.2338943278168348,3.365644474770299,0.9889973886128204
5,IA-GTPF without graph,15,11,supplier_interpolated,497,0.7777293779562804,1.1257852495667864,0.031592606603206175
5,IA-GTPF without graph,15,11,raw_unscreened,10152,1.5021629237880088,27.25083787633747,0.5764651333968223
5,IA-GTPF without quality features and weights,15,11,measured,10151,1.2261661875895185,3.3550556158024234,0.9890665116763139
5,IA-GTPF without quality features and weights,15,11,supplier_interpolated,497,0.7006833573107819,1.0104472906386537,0.21985682089339753
5,IA-GTPF without quality features and weights,15,11,raw_unscreened,10152,1.4944366830268063,27.249646053937035,0.5765021793992513
5,IA-GTPF without weak signal,15,11,measured,10151,1.2391611487584118,3.400984595964868,0.9887651150921573
5,IA-GTPF without weak signal,15,11,supplier_interpolated,497,0.849933473491819,1.1847278441587301,-0.07246759703031791
5,IA-GTPF without weak signal,15,11,raw_unscreened,10152,1.507432628604863,27.255564890724386,0.5763181853243827
5,IA-GTPF without residual,15,11,measured,10151,1.2287945901707613,3.3510558616391104,0.9890925650138275
5,IA-GTPF without residual,15,11,supplier_interpolated,497,0.872360892756792,1.1906379155674751,-0.08319439765254111
5,IA-GTPF without residual,15,11,raw_unscreened,10152,1.4970643566102115,27.24910692444307,0.5765189368944954
5,IA-GTPF without probabilistic branch in point aggregation,15,11,measured,10151,1.2380624029848473,3.3640665174772186,0.9890077031787653
5,IA-GTPF without probabilistic branch in point aggregation,15,11,supplier_interpolated,497,0.8923523913759654,1.190544970257006,-0.08302528845713941
5,IA-GTPF without probabilistic branch in point aggregation,15,11,raw_unscreened,10152,1.5063313193416978,27.250716138579733,0.5764689175057771
5,IA-GTPF,15,23,measured,10151,1.2344908390178138,3.3803452947468053,0.9889010619453663
5,IA-GTPF,15,23,supplier_interpolated,497,1.0394374887353546,1.3095133495324565,-0.31028825594530485
5,IA-GTPF,15,23,raw_unscreened,10152,1.5027612821369776,27.252847793271766,0.5764026544890024
5,IA-GTPF without conformal calibration,15,23,measured,10151,1.2344908390178138,3.3803452947468053,0.9889010619453663
5,IA-GTPF without conformal calibration,15,23,supplier_interpolated,497,1.0394374887353546,1.3095133495324565,-0.31028825594530485
5,IA-GTPF without conformal calibration,15,23,raw_unscreened,10152,1.5027612821369776,27.252847793271766,0.5764026544890024
5,IA-GTPF without graph,15,23,measured,10151,1.2372837713609959,3.3873084513232534,0.9888552895553535
5,IA-GTPF without graph,15,23,supplier_interpolated,497,0.8095920773188094,1.1438020946366056,0.0003481746472367986
5,IA-GTPF without graph,15,23,raw_unscreened,10152,1.5055522053276227,27.253538906460903,0.5763811699508284
5,IA-GTPF without quality features and weights,15,23,measured,10151,1.224166277427504,3.3633165240933853,0.9890126039325765
5,IA-GTPF without quality features and weights,15,23,supplier_interpolated,497,0.6905268534886175,0.9878789402913841,0.25431665580738205
5,IA-GTPF without quality features and weights,15,23,raw_unscreened,10152,1.4924370734097991,27.25067464728558,0.57647020722156
5,IA-GTPF without weak signal,15,23,measured,10151,1.2352112605712178,3.3834570562315616,0.9888806183862027
5,IA-GTPF without weak signal,15,23,supplier_interpolated,497,0.7604488792877012,1.0961158248135312,0.0819636368101967
5,IA-GTPF without weak signal,15,23,raw_unscreened,10152,1.5034812334452086,27.253193982595594,0.5763918926184532
5,IA-GTPF without residual,15,23,measured,10151,1.2318338015737405,3.354991509966582,0.9890669294897821
5,IA-GTPF without residual,15,23,supplier_interpolated,497,1.1348595970245858,1.4051406707158052,-0.5086433989139838
5,IA-GTPF without residual,15,23,raw_unscreened,10152,1.5001044202117086,27.249706303130523,0.5765003066827916
5,IA-GTPF without probabilistic branch in point aggregation,15,23,measured,10151,1.2477967243134294,3.381615609970714,0.988892718537849
5,IA-GTPF without probabilistic branch in point aggregation,15,23,supplier_interpolated,497,1.312745856369974,1.5844626298705617,-0.9182755420274975
5,IA-GTPF without probabilistic branch in point aggregation,15,23,raw_unscreened,10152,1.516066950020385,27.253114674208774,0.5763943580635514
5,IA-GTPF,15,37,measured,10151,1.2345770990495157,3.386615751856865,0.98885984724222
5,IA-GTPF,15,37,supplier_interpolated,497,0.8547646336652861,1.170930970765677,-0.0476339756013493
5,IA-GTPF,15,37,raw_unscreened,10152,1.5028467967438752,27.253552516493738,0.5763807468521882
5,IA-GTPF without conformal calibration,15,37,measured,10151,1.2345770990495157,3.386615751856865,0.98885984724222
5,IA-GTPF without conformal calibration,15,37,supplier_interpolated,497,0.8547646336652861,1.170930970765677,-0.0476339756013493
5,IA-GTPF without conformal calibration,15,37,raw_unscreened,10152,1.5028467967438752,27.253552516493738,0.5763807468521882
5,IA-GTPF without graph,15,37,measured,10151,1.2360833785629994,3.3736923386329454,0.9889447072403238
5,IA-GTPF without graph,15,37,supplier_interpolated,497,0.9470963839885008,1.2429185133740126,-0.1804084292404038
5,IA-GTPF without graph,15,37,raw_unscreened,10152,1.5043533535970894,27.25199234930332,0.5764292468003724
5,IA-GTPF without quality features and weights,15,37,measured,10151,1.2322860197666843,3.37906065653667,0.9889094962379639
5,IA-GTPF without quality features and weights,15,37,supplier_interpolated,497,0.7166986205601302,1.0637129812013297,0.13543847045007773
5,IA-GTPF without quality features and weights,15,37,raw_unscreened,10152,1.5005590392330521,27.252924365672623,0.5764002741204217
5,IA-GTPF without weak signal,15,37,measured,10151,1.2364413667796736,3.3924748512011123,0.9888212672977594
5,IA-GTPF without weak signal,15,37,supplier_interpolated,497,0.844514933132861,1.1572314196872593,-0.023263354729048613
5,IA-GTPF without weak signal,15,37,raw_unscreened,10152,1.5047100847711004,27.2542015499473,0.5763605699346628
5,IA-GTPF without residual,15,37,measured,10151,1.2308680833461376,3.368967544523113,0.9889756510256535
5,IA-GTPF without residual,15,37,supplier_interpolated,497,0.8556300933265638,1.1716486599664897,-0.04891860472120024
5,IA-GTPF without residual,15,37,raw_unscreened,10152,1.4991378979610681,27.251340495339548,0.5764495097572022
5,IA-GTPF without probabilistic branch in point aggregation,15,37,measured,10151,1.2468991429470047,3.385428388456349,0.9888676574526682
5,IA-GTPF without probabilistic branch in point aggregation,15,37,supplier_interpolated,497,0.9975994603517419,1.3046960772123928,-0.30066574170901816
5,IA-GTPF without probabilistic branch in point aggregation,15,37,raw_unscreened,10152,1.5151683873032207,27.25348103490899,0.5763829690164962
5,IA-GTPF,15,53,measured,10151,1.231788277750535,3.360945188332503,0.9890280919902379
5,IA-GTPF,15,53,supplier_interpolated,497,0.8480051478504221,1.1547143250069254,-0.018816794510686075
5,IA-GTPF,15,53,raw_unscreened,10152,1.5000583181482219,27.250381624523897,0.5764793154879722
5,IA-GTPF without conformal calibration,15,53,measured,10151,1.231788277750535,3.360945188332503,0.9890280919902379
5,IA-GTPF without conformal calibration,15,53,supplier_interpolated,497,0.8480051478504221,1.1547143250069254,-0.018816794510686075
5,IA-GTPF without conformal calibration,15,53,raw_unscreened,10152,1.5000583181482219,27.250381624523897,0.5764793154879722
5,IA-GTPF without graph,15,53,measured,10151,1.2291784631617162,3.353551425073781,0.989076313221788
5,IA-GTPF without graph,15,53,supplier_interpolated,497,1.3407247583215434,1.5906552755002934,-0.9332994555059904
5,IA-GTPF without graph,15,53,raw_unscreened,10152,1.497448250945659,27.24941982272685,0.5765092112723673
5,IA-GTPF without quality features and weights,15,53,measured,10151,1.2298400214956842,3.3670595618119035,0.9889881345599641
5,IA-GTPF without quality features and weights,15,53,supplier_interpolated,497,0.7127982242133979,1.038566936471453,0.17583157314455322
5,IA-GTPF without quality features and weights,15,53,raw_unscreened,10152,1.4981119434744623,27.25130528846724,0.5764506041531565
5,IA-GTPF without weak signal,15,53,measured,10151,1.2388547630831206,3.3992420350622687,0.9887766249683025
5,IA-GTPF without weak signal,15,53,supplier_interpolated,497,0.7518472767088978,1.1220969398762588,0.03792762549323492
5,IA-GTPF without weak signal,15,53,raw_unscreened,10152,1.5071235064750785,27.255070946128555,0.5763335417073623
5,IA-GTPF without residual,15,53,measured,10151,1.2314558929878785,3.3561279468844183,0.989059521513199
5,IA-GTPF without residual,15,53,supplier_interpolated,497,0.904976927059351,1.2197465382482866,-0.136805527807486
5,IA-GTPF without residual,15,53,raw_unscreened,10152,1.4997265201514716,27.249843361459558,0.5764960465043044
5,IA-GTPF without probabilistic branch in point aggregation,15,53,measured,10151,1.2461273763422742,3.3809516583661563,0.9888970797510795
5,IA-GTPF without probabilistic branch in point aggregation,15,53,supplier_interpolated,497,1.0003508774526608,1.300258048365759,-0.29183215271651375
5,IA-GTPF without probabilistic branch in point aggregation,15,53,raw_unscreened,10152,1.5143975729194343,27.2530129535484,0.5763975202243348
5,IA-GTPF,15,71,measured,10151,1.2313576137920068,3.365825487358364,0.9889962050863164
5,IA-GTPF,15,71,supplier_interpolated,497,0.7619005746692054,1.0869303504737473,0.09728549711725087
5,IA-GTPF,15,71,raw_unscreened,10152,1.499627165588855,27.250930816034398,0.5764622444383658
5,IA-GTPF without conformal calibration,15,71,measured,10151,1.2313576137920068,3.365825487358364,0.9889962050863164
5,IA-GTPF without conformal calibration,15,71,supplier_interpolated,497,0.7619005746692054,1.0869303504737473,0.09728549711725087
5,IA-GTPF without conformal calibration,15,71,raw_unscreened,10152,1.499627165588855,27.250930816034398,0.5764622444383658
5,IA-GTPF without graph,15,71,measured,10151,1.2259214720453404,3.3461763925350207,0.9891243064980683
5,IA-GTPF without graph,15,71,supplier_interpolated,497,0.9391842724030104,1.2167097822317219,-0.131152052249911
5,IA-GTPF without graph,15,71,raw_unscreened,10152,1.4941922365591238,27.248578846285277,0.5765353505651042
5,IA-GTPF without quality features and weights,15,71,measured,10151,1.2273358179122391,3.355628042805708,0.9890627804965155
5,IA-GTPF without quality features and weights,15,71,supplier_interpolated,497,0.7028774280690101,1.0073238109379086,0.2246725003767387
5,IA-GTPF without quality features and weights,15,71,raw_unscreened,10152,1.4956057692440106,27.249673646567807,0.5765013217422461
5,IA-GTPF without weak signal,15,71,measured,10151,1.231152710048394,3.3658929034431178,0.9889957642790299
5,IA-GTPF without weak signal,15,71,supplier_interpolated,497,0.791786695615406,1.0881135408039333,0.09531910726123327
5,IA-GTPF without weak signal,15,71,raw_unscreened,10152,1.4994211958984016,27.250830544520486,0.5764653613002524
5,IA-GTPF without residual,15,71,measured,10151,1.2242542439896702,3.349918965246442,0.9890999647830055
5,IA-GTPF without residual,15,71,supplier_interpolated,497,0.7434022098303562,1.0600874358894883,0.1413219470069611
5,IA-GTPF without residual,15,71,raw_unscreened,10152,1.4925242515237063,27.24894653495145,0.5765239221376974
5,IA-GTPF without probabilistic branch in point aggregation,15,71,measured,10151,1.239265202286313,3.3691050687615984,0.988974750959908
5,IA-GTPF without probabilistic branch in point aggregation,15,71,supplier_interpolated,497,0.7938389113452533,1.1161328025155393,0.04812760473599165
5,IA-GTPF without probabilistic branch in point aggregation,15,71,raw_unscreened,10152,1.5075345025300517,27.251388767430978,0.5764480092302022
5,IA-GTPF,60,11,measured,10127,1.8189982863371437,5.59426631526268,0.9696323813327545
5,IA-GTPF,60,11,supplier_interpolated,497,2.28541967559172,2.764347255755731,-4.838915418673185
5,IA-GTPF,60,11,raw_unscreened,10128,2.0878606034307015,27.647664585254603,0.564722098749091
5,IA-GTPF without conformal calibration,60,11,measured,10127,1.8189982863371437,5.59426631526268,0.9696323813327545
5,IA-GTPF without conformal calibration,60,11,supplier_interpolated,497,2.28541967559172,2.764347255755731,-4.838915418673185
5,IA-GTPF without conformal calibration,60,11,raw_unscreened,10128,2.0878606034307015,27.647664585254603,0.564722098749091
5,IA-GTPF without graph,60,11,measured,10127,1.8103430244953047,5.609513610009363,0.9694666205350054
5,IA-GTPF without graph,60,11,supplier_interpolated,497,1.0674860168367177,1.365453953460059,-0.42462678921261365
5,IA-GTPF without graph,60,11,raw_unscreened,10128,2.0791998724536764,27.65013029657537,0.5646444562050436
5,IA-GTPF without quality features and weights,60,11,measured,10127,1.822919164463512,5.649012784572582,0.9690351073866775
5,IA-GTPF without quality features and weights,60,11,supplier_interpolated,497,0.6709838366554203,1.0242546300942208,0.19839049168106038
5,IA-GTPF without quality features and weights,60,11,raw_unscreened,10128,2.091777856767081,27.65847396151332,0.5643816719931429
5,IA-GTPF without weak signal,60,11,measured,10127,1.8381900092893253,5.627117334555968,0.9692746806879188
5,IA-GTPF without weak signal,60,11,supplier_interpolated,497,1.5953462031527619,1.8857659289856457,-1.7172059569085185
5,IA-GTPF without weak signal,60,11,raw_unscreened,10128,2.107047450176056,27.65403600615576,0.5645214555252791
5,IA-GTPF without residual,60,11,measured,10127,1.813651614736515,5.651093230707815,0.9690122953817397
5,IA-GTPF without residual,60,11,supplier_interpolated,497,1.8573313983497066,2.2373248513853596,-2.8247678626120845
5,IA-GTPF without residual,60,11,raw_unscreened,10128,2.0825144794581814,27.659219809623107,0.5643581776031243
5,IA-GTPF without probabilistic branch in point aggregation,60,11,measured,10127,1.8324787626297954,5.494165731997726,0.9707094197891776
5,IA-GTPF without probabilistic branch in point aggregation,60,11,supplier_interpolated,497,2.6709203974432096,3.263244977083793,-7.136663294006135
5,IA-GTPF without probabilistic branch in point aggregation,60,11,raw_unscreened,10128,2.1013332325383307,27.626943320712545,0.5653743150373906
5,IA-GTPF,60,23,measured,10127,1.8228433477831032,5.650701785731285,0.9690165882010922
5,IA-GTPF,60,23,supplier_interpolated,497,1.8935539874252383,2.2572008813719164,-2.893026953974039
5,IA-GTPF,60,23,raw_unscreened,10128,2.09170256178797,27.658869599496086,0.5643692093829895
5,IA-GTPF without conformal calibration,60,23,measured,10127,1.8228433477831032,5.650701785731285,0.9690165882010922
5,IA-GTPF without conformal calibration,60,23,supplier_interpolated,497,1.8935539874252383,2.2572008813719164,-2.893026953974039
5,IA-GTPF without conformal calibration,60,23,raw_unscreened,10128,2.09170256178797,27.658869599496086,0.5643692093829895
5,IA-GTPF without graph,60,23,measured,10127,1.8194798022904057,5.6405918720449835,0.9691273565323973
5,IA-GTPF without graph,60,23,supplier_interpolated,497,2.1407831914554007,2.581204533334107,-4.0908678849350775
5,IA-GTPF without graph,60,23,raw_unscreened,10128,2.088337991762425,27.656672460777344,0.5644384170747546
5,IA-GTPF without quality features and weights,60,23,measured,10127,1.8125940901658395,5.658853939356778,0.9689271254265358
5,IA-GTPF without quality features and weights,60,23,supplier_interpolated,497,0.6675958432012249,1.019638380051594,0.20559981447655018
5,IA-GTPF without quality features and weights,60,23,raw_unscreened,10128,2.081455360822489,27.66063898051065,0.5643134716383906
5,IA-GTPF without weak signal,60,23,measured,10127,1.8371089566076706,5.628073390905651,0.9692642392379475
5,IA-GTPF without weak signal,60,23,supplier_interpolated,497,2.7359446282574056,3.3386454832591337,-7.517018674205623
5,IA-GTPF without weak signal,60,23,raw_unscreened,10128,2.105963338541877,27.653918621886785,0.5645251525062256
5,IA-GTPF without residual,60,23,measured,10127,1.8181878437796588,5.684917169310812,0.9686402388991359
5,IA-GTPF without residual,60,23,supplier_interpolated,497,1.6870826974016047,2.0113463785156687,-2.091154584034464
5,IA-GTPF without residual,60,23,raw_unscreened,10128,2.087047378540934,27.66586569699767,0.5641488026217563
5,IA-GTPF without probabilistic branch in point aggregation,60,23,measured,10127,1.8381922734411253,5.552300792139108,0.9700862793014884
5,IA-GTPF without probabilistic branch in point aggregation,60,23,supplier_interpolated,497,2.6480877099899884,3.236803756467708,-7.005338992118853
5,IA-GTPF without probabilistic branch in point aggregation,60,23,raw_unscreened,10128,2.1070429536824986,27.638244211865015,0.5650186722096219
5,IA-GTPF,60,37,measured,10127,1.8250388146253131,5.634781330483832,0.9691909294290753
5,IA-GTPF,60,37,supplier_interpolated,497,2.0906698857106,2.5550913809335887,-3.988383823492483
5,IA-GTPF,60,37,raw_unscreened,10128,2.09389790077267,27.655630525927446,0.5644712350679139
5,IA-GTPF without conformal calibration,60,37,measured,10127,1.8250388146253131,5.634781330483832,0.9691909294290753
5,IA-GTPF without conformal calibration,60,37,supplier_interpolated,497,2.0906698857106,2.5550913809335887,-3.988383823492483
5,IA-GTPF without conformal calibration,60,37,raw_unscreened,10128,2.09389790077267,27.655630525927446,0.5644712350679139
5,IA-GTPF without graph,60,37,measured,10127,1.8155766189708915,5.618383846668319,0.9693699802710202
5,IA-GTPF without graph,60,37,supplier_interpolated,497,2.7242807831135782,3.35142144551967,-7.582327379029081
5,IA-GTPF without graph,60,37,raw_unscreened,10128,2.0844362138919976,27.652252632522863,0.5645776206298654
5,IA-GTPF without quality features and weights,60,37,measured,10127,1.8180192488517462,5.660286164689108,0.9689113946830429
5,IA-GTPF without quality features and weights,60,37,supplier_interpolated,497,0.6675707221811379,1.0220773000070364,0.20179494468158488
5,IA-GTPF without quality features and weights,60,37,raw_unscreened,10128,2.0868816670434853,27.66109780300361,0.5642990175661488
5,IA-GTPF without weak signal,60,37,measured,10127,1.843626397619175,5.643128436784176,0.9690995835367106
5,IA-GTPF without weak signal,60,37,supplier_interpolated,497,2.71519215066614,3.331386355437009,-7.480022285053494
5,IA-GTPF without weak signal,60,37,raw_unscreened,10128,2.1124846393704644,27.657429893650466,0.564414559311009
5,IA-GTPF without residual,60,37,measured,10127,1.8197412475230605,5.690832408953273,0.968574944364665
5,IA-GTPF without residual,60,37,supplier_interpolated,497,2.432641029889694,3.0039651171742547,-5.895039503711454
5,IA-GTPF without residual,60,37,raw_unscreened,10128,2.088600970837248,27.66711535030852,0.5641094273714835
5,IA-GTPF without probabilistic branch in point aggregation,60,37,measured,10127,1.8436003242850993,5.55074160191037,0.9701030776104795
5,IA-GTPF without probabilistic branch in point aggregation,60,37,supplier_interpolated,497,2.7795292879507225,3.418775514758593,-7.930754643119567
5,IA-GTPF without probabilistic branch in point aggregation,60,37,raw_unscreened,10128,2.1124504951068244,27.637933476614293,0.5650284530966488
5,IA-GTPF,60,53,measured,10127,1.818784093103807,5.659894875554803,0.9689156927742149
5,IA-GTPF,60,53,supplier_interpolated,497,1.9597608371399278,2.3367551058480904,-3.172279450747763
5,IA-GTPF,60,53,raw_unscreened,10128,2.087645193176119,27.66089533681072,0.5643053957942967
5,IA-GTPF without conformal calibration,60,53,measured,10127,1.818784093103807,5.659894875554803,0.9689156927742149
5,IA-GTPF without conformal calibration,60,53,supplier_interpolated,497,1.9597608371399278,2.3367551058480904,-3.172279450747763
5,IA-GTPF without conformal calibration,60,53,raw_unscreened,10128,2.087645193176119,27.66089533681072,0.5643053957942967
5,IA-GTPF without graph,60,53,measured,10127,1.8248202380449872,5.62307435114184,0.9693188160145381
5,IA-GTPF without graph,60,53,supplier_interpolated,497,2.4408198845614315,3.0194726360463138,-5.966412467816662
5,IA-GTPF without graph,60,53,raw_unscreened,10128,2.093679998678515,27.65331219634932,0.564544251439473
5,IA-GTPF without quality features and weights,60,53,measured,10127,1.8257962025454237,5.693688826765258,0.9685433898890645
5,IA-GTPF without quality features and weights,60,53,supplier_interpolated,497,0.6619971059752514,1.0185345740556893,0.2073188338508709
5,IA-GTPF without quality features and weights,60,53,raw_unscreened,10128,2.094653572131293,27.667530041476113,0.5640963604996477
5,IA-GTPF without weak signal,60,53,measured,10127,1.832242872825615,5.555532507001276,0.9700514466245437
5,IA-GTPF without weak signal,60,53,supplier_interpolated,497,2.880678146351855,3.5112409986610817,-8.420376621712789
5,IA-GTPF without weak signal,60,53,raw_unscreened,10128,2.1011027143119563,27.639738798571727,0.5649716261756322
5,IA-GTPF without residual,60,53,measured,10127,1.823883804115861,5.728537329608274,0.9681571480266694
5,IA-GTPF without residual,60,53,supplier_interpolated,497,1.6685447426674822,1.9822938591361627,-2.0025002999178976
5,IA-GTPF without residual,60,53,raw_unscreened,10128,2.09274435437446,27.67501637451392,0.5638604333091505
5,IA-GTPF without probabilistic branch in point aggregation,60,53,measured,10127,1.8333395074916976,5.507099897828004,0.9705713478136433
5,IA-GTPF without probabilistic branch in point aggregation,60,53,supplier_interpolated,497,2.8909497383967824,3.5305646450435177,-8.524349508899977
5,IA-GTPF without probabilistic branch in point aggregation,60,53,raw_unscreened,10128,2.102190556079564,27.629189164368103,0.5653036491660131
5,IA-GTPF,60,71,measured,10127,1.8158431861130515,5.602111446527569,0.9695471494228087
5,IA-GTPF,60,71,supplier_interpolated,497,1.297222701175745,1.5562315664856223,-0.8505270118698263
5,IA-GTPF,60,71,raw_unscreened,10128,2.0847024590458973,27.648922185184855,0.5646824991723247
5,IA-GTPF without conformal calibration,60,71,measured,10127,1.8158431861130515,5.602111446527569,0.9695471494228087
5,IA-GTPF without conformal calibration,60,71,supplier_interpolated,497,1.297222701175745,1.5562315664856223,-0.8505270118698263
5,IA-GTPF without conformal calibration,60,71,raw_unscreened,10128,2.0847024590458973,27.648922185184855,0.5646824991723247
5,IA-GTPF without graph,60,71,measured,10127,1.8150536456561326,5.613751646999924,0.969420466631961
5,IA-GTPF without graph,60,71,supplier_interpolated,497,2.5732706247871144,3.218253669908094,-6.913844902748986
5,IA-GTPF without graph,60,71,raw_unscreened,10128,2.0839132092639217,27.651303753148447,0.5646075029133554
5,IA-GTPF without quality features and weights,60,71,measured,10127,1.8160024217414443,5.612107146954847,0.969438380028007
5,IA-GTPF without quality features and weights,60,71,supplier_interpolated,497,0.6657282796427263,1.02182607522719,0.202187291218332
5,IA-GTPF without quality features and weights,60,71,raw_unscreened,10128,2.084859865676457,27.650770318917015,0.5646243014718519
5,IA-GTPF without weak signal,60,71,measured,10127,1.8371959258741748,5.597191474534548,0.9696006154709663
5,IA-GTPF without weak signal,60,71,supplier_interpolated,497,1.5855698296357623,1.8880387391535032,-1.723759702359255
5,IA-GTPF without weak signal,60,71,raw_unscreened,10128,2.106051399454123,27.64775917702714,0.5647191202856816
5,IA-GTPF without residual,60,71,measured,10127,1.8193862995711718,5.6590774489306215,0.9689246707874217
5,IA-GTPF without residual,60,71,supplier_interpolated,497,1.0133766452300152,1.2697002971126734,-0.2318261822606127
5,IA-GTPF without residual,60,71,raw_unscreened,10128,2.0882449787704176,27.66049548377315,0.564317992100356
5,IA-GTPF without probabilistic branch in point aggregation,60,71,measured,10127,1.8333976620492103,5.5098436374437165,0.9705420167048711
5,IA-GTPF without probabilistic branch in point aggregation,60,71,supplier_interpolated,497,1.870114120748664,2.242365696708946,-2.842022203509504
5,IA-GTPF without probabilistic branch in point aggregation,60,71,raw_unscreened,10128,2.102247835751374,27.629650416126612,0.5652891350860888
5,IA-GTPF lagged graph context,15,11,measured,10151,1.2272479667006044,3.3434296279491442,0.9891421541578403
5,IA-GTPF lagged graph context,15,11,supplier_interpolated,497,0.792957969578428,1.1170800341073643,0.046511262662064734
5,IA-GTPF lagged graph context,15,11,raw_unscreened,10152,1.4955186948164487,27.248251134182873,0.5765455363187788
5,IA-GTPF lagged graph context,15,23,measured,10151,1.2261724454352785,3.336394462062315,0.9891877997311395
5,IA-GTPF lagged graph context,15,23,supplier_interpolated,497,0.9427996284272733,1.2317534287830774,-0.15929656228250022
5,IA-GTPF lagged graph context,15,23,raw_unscreened,10152,1.494441163998112,27.247177333596795,0.5765789106949548
5,IA-GTPF lagged graph context,15,37,measured,10151,1.231141375640487,3.3507323450052753,0.9890946709568263
5,IA-GTPF lagged graph context,15,37,supplier_interpolated,497,0.8710133927723571,1.1676754584575826,-0.04181664870292989
5,IA-GTPF lagged graph context,15,37,raw_unscreened,10152,1.4994114337556679,27.249119424802455,0.5765185483557658
5,IA-GTPF lagged graph context,15,53,measured,10151,1.2297581597705172,3.3512109234665535,0.9890915555612833
5,IA-GTPF lagged graph context,15,53,supplier_interpolated,497,0.814623496866711,1.1602283633796406,-0.028570216526904613
5,IA-GTPF lagged graph context,15,53,raw_unscreened,10152,1.4980280649340332,27.24914935431894,0.5765176180796823
5,IA-GTPF lagged graph context,15,71,measured,10151,1.226638053367186,3.3548701813766963,0.9890677202339845
5,IA-GTPF lagged graph context,15,71,supplier_interpolated,497,1.1243665174040895,1.3732039913811005,-0.44084446479524475
5,IA-GTPF lagged graph context,15,71,raw_unscreened,10152,1.494908325530471,27.249605547838282,0.5765034384417913
5,IA-GTPF lagged graph context,60,11,measured,10127,1.8139357443907012,5.661696804542319,0.9688958971307814
5,IA-GTPF lagged graph context,60,11,supplier_interpolated,497,1.3689517106368576,1.6329992761631515,-1.0376001913719444
5,IA-GTPF lagged graph context,60,11,raw_unscreened,10128,2.0827989159094455,27.66142095916901,0.5642888371834173
5,IA-GTPF lagged graph context,60,23,measured,10127,1.8277052370759639,5.654554393036671,0.9689743252698961
5,IA-GTPF lagged graph context,60,23,supplier_interpolated,497,1.229229026577903,1.4874197069688833,-0.6904956231621275
5,IA-GTPF lagged graph context,60,23,raw_unscreened,10128,2.0965654896856476,27.659806472134548,0.5643396971515576
5,IA-GTPF lagged graph context,60,37,measured,10127,1.8216743844323833,5.656185631486957,0.9689564219763279
5,IA-GTPF lagged graph context,60,37,supplier_interpolated,497,1.0972251951655279,1.3649542205071892,-0.42358420162095856
5,IA-GTPF lagged graph context,60,37,raw_unscreened,10128,2.090531457768331,27.659768107680083,0.564340905681941
5,IA-GTPF lagged graph context,60,53,measured,10127,1.811523230071434,5.574001135389273,0.9698519956914481
5,IA-GTPF lagged graph context,60,53,supplier_interpolated,497,2.2143941306819164,2.7021076664516004,-4.5789476673183
5,IA-GTPF lagged graph context,60,53,raw_unscreened,10128,2.0803833288533613,27.64328021665069,0.5648601406035663
5,IA-GTPF lagged graph context,60,71,measured,10127,1.8231669869054001,5.607123884342643,0.9694926302261672
5,IA-GTPF lagged graph context,60,71,supplier_interpolated,497,2.789298896622936,3.4361263807744025,-8.021634866985185
5,IA-GTPF lagged graph context,60,71,raw_unscreened,10128,2.092027126733695,27.650094812093126,0.564645573621561
